# Alias OBJ Model File
# Exported from SketchUp, (c) 2000-2012 Trimble Navigation Limited
# File units = inches

mtllib Car 1.mtl

g Mesh1 Group1 DodgeDurango1 Model

usemtl _Silver_1
v 61.0775 32.7321 -181.712
vt -7.36409 0.0215454
vn 0.0523474 0.066164 -0.996435
v 61.3048 32.7255 -181.7
vt -7.60021 0.0155563
v 61.1635 32.726 -181.708
vt -7.45342 0.0155563
f 1/1/1 2/2/1 3/3/1

v 61.6159 33.1465 -181.656
vt -7.92313 0.454536
f 4/4/1 2/2/1 1/1/1

v 61.6157 32.7243 -181.684
vt -7.92313 0.0155563
f 2/2/1 4/4/1 5/5/1

vt -2.84217e-14 0.0155563
vn 0.998629 -0.00381499 0.0522094
vt -2.84217e-14 0.454536
v 61.6039 33.1315 -181.429
vt -0.23622 0.454536
v 61.6038 32.7092 -181.457
vt -0.23622 0.0155563
f 5/6/2 4/7/2 6/8/2 7/9/2 

vt -2.84767e-14 0.454536
v 61.616 33.5688 -181.628
vt -5.49778e-17 0.89352
v 61.6041 33.5538 -181.401
vt -0.23622 0.89352
f 4/10/2 8/11/2 9/12/2 6/8/2 

v 61.3111 33.1477 -181.672
vt -7.60661 0.454536
vt -7.92313 0.89352
f 4/4/1 10/13/1 8/14/1

v 61.311 32.9166 -181.687
vt -7.60661 0.21431
f 4/4/1 11/15/1 10/13/1

f 4/4/1 1/1/1 11/15/1

v 60.9821 32.7497 -181.716
vt -7.26498 0.0395088
f 11/15/1 1/1/1 12/16/1

vt 5.65608e-14 -7.14145
vn -0.178452 -0.981122 -0.0745222
vt -2.86499e-16 -7.24217
v 61.0656 32.717 -181.485
vt 0.23622 -7.24217
v 60.9702 32.7347 -181.489
vt 0.23622 -7.14145
f 12/17/3 1/18/3 13/19/3 14/20/3 

vt 3.05571e-15 -7.34615
vn -0.067144 -0.995312 -0.0696168
vt 3.09278e-15 -7.43569
v 61.1516 32.7109 -181.481
vt 0.23622 -7.43569
vt 0.23622 -7.34615
f 1/21/4 3/22/4 15/23/4 13/24/4 

vt -7.45342 -1.7135e-19
vn -0.000347008 -0.997801 -0.066273
vt -7.60021 -2.84219e-14
v 61.2929 32.7104 -181.473
vt -7.60021 -0.23622
vt -7.45342 -0.23622
f 3/25/5 2/26/5 16/27/5 15/28/5 

vt -7.92313 -2.84219e-14
vt -7.92313 -0.23622
f 2/26/5 5/29/5 7/30/5 16/27/5 

vt 7.92313 0.0155563
vn -0.0523474 -0.066164 0.996435
vt 7.45342 0.0155563
vt 7.60021 0.0155563
f 7/31/6 15/32/6 16/33/6

vt 7.92313 0.454536
f 15/32/6 7/31/6 6/34/6

vt 7.36409 0.0215454
f 15/32/6 6/34/6 13/35/6

v 61.2991 32.9016 -181.46
vt 7.60661 0.21431
f 13/35/6 6/34/6 17/36/6

v 61.2992 33.1326 -181.445
vt 7.60661 0.454536
f 17/36/6 6/34/6 18/37/6

v 61.2993 33.3637 -181.43
vt 7.60661 0.694767
f 18/37/6 6/34/6 19/38/6

vt 7.92313 0.89352
f 19/38/6 6/34/6 9/39/6

v 61.2473 33.3639 -181.432
vt 7.55262 0.694767
f 19/38/6 9/39/6 20/40/6

v 61.2237 33.364 -181.434
vt 7.52808 0.694767
f 20/40/6 9/39/6 21/41/6

v 60.7533 33.3737 -181.458
vt 7.03955 0.702923
f 21/41/6 9/39/6 22/42/6

v 60.7997 33.4364 -181.451
vt 7.08771 0.768356
f 22/42/6 9/39/6 23/43/6

v 60.8606 33.4876 -181.444
vt 7.15096 0.821808
f 23/43/6 9/39/6 24/44/6

v 60.9358 33.5252 -181.438
vt 7.22904 0.861183
f 24/44/6 9/39/6 25/45/6

v 61.031 33.5482 -181.431
vt 7.32788 0.885437
f 25/45/6 9/39/6 26/46/6

v 61.2932 33.5549 -181.417
vt 7.60021 0.89352
f 26/46/6 9/39/6 27/47/6

vt 7.92313 -1.14919e-17
vn 0.000347008 0.997801 0.066273
v 61.3051 33.57 -181.644
vt 7.60021 -2.84332e-14
vt 7.60021 -0.23622
vt 7.92313 -0.23622
f 8/48/7 28/49/7 27/50/7 9/51/7 

v 61.1638 33.5706 -181.652
vt -7.45342 0.89352
vt -7.60021 0.89352
f 8/14/1 29/52/1 28/53/1

v 61.0429 33.5632 -181.658
vt -7.32788 0.885437
f 8/14/1 30/54/1 29/52/1

v 60.9477 33.5403 -181.665
vt -7.22904 0.861183
f 8/14/1 31/55/1 30/54/1

v 60.8726 33.5027 -181.671
vt -7.15096 0.821808
f 8/14/1 32/56/1 31/55/1

v 60.8117 33.4515 -181.678
vt -7.08771 0.768356
f 8/14/1 33/57/1 32/56/1

v 60.7653 33.3887 -181.685
vt -7.03955 0.702923
f 8/14/1 34/58/1 33/57/1

v 61.3112 33.3788 -181.657
vt -7.60661 0.694767
f 8/14/1 35/59/1 34/58/1

f 8/14/1 10/13/1 35/59/1

vt 1.05563e-16 0.694767
vn -0.998629 0.00381499 -0.0522094
vt 1.05563e-16 0.454536
vt 0.23622 0.454536
vt 0.23622 0.694767
f 35/60/8 10/61/8 18/62/8 19/63/8 

vt 0 0.454536
vt 0 0.21431
vt 0.23622 0.21431
f 10/64/8 11/65/8 17/66/8 18/62/8 

vt 7.60661 -1.32515e-18
v 61.26 32.9168 -181.69
vt 7.55357 -2.8423e-14
v 61.2481 32.9017 -181.463
vt 7.55357 -0.23622
vt 7.60661 -0.23622
f 11/67/7 36/68/7 37/69/7 17/70/7 

vt -7.55357 0.21431
v 61.2368 32.9169 -181.691
vt -7.52946 0.21431
f 36/71/1 11/15/1 38/72/1

v 60.7882 32.874 -181.718
vt -7.06356 0.167965
f 11/15/1 39/73/1 38/72/1

v 60.845 32.8174 -181.718
vt -7.12262 0.109276
f 11/15/1 40/74/1 39/73/1

v 60.9112 32.7751 -181.718
vt -7.19135 0.0656319
f 11/15/1 41/75/1 40/74/1

f 11/15/1 12/16/1 41/75/1

vt -3.73099e-16 -6.75551
vn -0.334231 -0.939097 -0.0799155
vt 5.64665e-14 -6.83363
vt 0.23622 -6.83363
v 60.8993 32.7601 -181.491
vt 0.23622 -6.75551
f 41/76/9 12/77/9 14/78/9 42/79/9 

vt 7.26498 0.0395088
vt 7.19135 0.0656319
f 14/80/6 17/36/6 42/81/6

f 13/35/6 17/36/6 14/80/6

v 60.8331 32.8023 -181.491
vt 7.12262 0.109276
f 42/81/6 17/36/6 43/82/6

v 60.7763 32.859 -181.491
vt 7.06356 0.167965
f 43/82/6 17/36/6 44/83/6

v 61.2248 32.9018 -181.464
vt 7.52946 0.21431
f 45/84/6 44/83/6 17/36/6

v 60.7334 32.9277 -181.488
vt 7.01897 0.239231
f 44/83/6 45/84/6 46/85/6

v 61.1436 32.9067 -181.468
vt 7.44505 0.219028
f 46/85/6 45/84/6 47/86/6

vt 8.19128e-16 -7.50577
vn 0.0560798 0.996033 0.0690835
v 61.1555 32.9218 -181.695
vt -5.60335e-14 -7.42122
vt -0.23622 -7.42122
vt -0.23622 -7.50577
f 38/87/10 48/88/10 47/89/10 45/90/10 

v 60.7453 32.9428 -181.715
vt -7.01897 0.239231
vt -7.44505 0.219028
f 38/72/1 49/91/1 48/92/1

f 49/91/1 38/72/1 39/73/1

vt 2.85941e-14 -3.5197
vn -0.846801 -0.525949 -0.0794099
vt 1.73441e-16 -3.60376
vt 0.23622 -3.60376
vt 0.23622 -3.5197
f 49/93/11 39/94/11 44/95/11 46/96/11 

vt 6.95341e-17 -4.89196
vn -0.704161 -0.705077 -0.0838105
vt 2.84918e-14 -4.97523
vt 0.23622 -4.97523
vt 0.23622 -4.89196
f 39/97/12 40/98/12 43/99/12 44/100/12 

vt 2.84678e-14 -5.95437
vn -0.535578 -0.840304 -0.0839333
vt 4.65468e-17 -6.0358
vt 0.23622 -6.0358
vt 0.23622 -5.95437
f 40/101/13 41/102/13 42/103/13 43/104/13 

v 60.7184 33.0327 -181.711
vt 5.06455e-17 -1.6903
vn -0.956612 -0.283066 -0.0690511
vt 2.84726e-14 -1.78777
vt 0.23622 -1.78777
v 60.7064 33.0176 -181.484
vt 0.23622 -1.6903
f 50/105/14 49/106/14 46/107/14 51/108/14 

v 61.0659 32.9607 -181.697
vt -7.35194 0.25914
vt -6.99097 0.332588
f 52/109/1 49/91/1 50/110/1

v 61.1017 32.9356 -181.697
vt -7.38911 0.233196
f 53/111/1 49/91/1 52/109/1

f 48/92/1 49/91/1 53/111/1

vt -5.7159e-14 -7.16332
vn 0.245552 0.966315 0.0770641
vt -3.13206e-16 -7.10562
v 61.0897 32.9205 -181.47
vt -0.23622 -7.10562
vt -0.23622 -7.16332
f 48/112/15 53/113/15 54/114/15 47/115/15 

vt -1.34393e-16 -5.92613
vn 0.571764 0.816083 0.084226
vt -2.85554e-14 -5.8808
v 61.0539 32.9456 -181.47
vt -0.23622 -5.8808
vt -0.23622 -5.92613
f 53/116/16 52/117/16 55/118/16 54/119/16 

vt -2.86088e-14 -4.01522
vn 0.817243 0.570598 0.0808218
v 61.0388 32.9993 -181.696
vt -1.8634e-16 -3.96628
v 61.0269 32.9842 -181.469
vt -0.23622 -3.96628
vt -0.23622 -4.01522
f 52/120/17 56/121/17 57/122/17 55/123/17 

vt -7.3238 0.299183
f 52/109/1 50/110/1 56/124/1

v 61.0217 33.0587 -181.693
vt -7.30608 0.360893
f 56/124/1 50/110/1 58/125/1

v 60.7094 33.1529 -181.703
vt -6.98163 0.457535
f 58/125/1 50/110/1 59/126/1

vt -4.85798e-17 -0.063874
vn -0.995879 -0.0705326 -0.0570017
vt -4.86448e-17 -0.189169
vt 0.23622 -0.189169
v 60.6975 33.1378 -181.476
vt 0.23622 -0.063874
f 59/127/18 50/128/18 51/129/18 60/130/18 

vt 6.99097 0.332588
v 61.0098 33.0437 -181.466
vt 7.30608 0.360893
vt 6.98163 0.457535
f 51/131/6 61/132/6 60/133/6

vt 7.3238 0.299183
f 51/131/6 57/134/6 61/132/6

vt 7.35194 0.25914
f 51/131/6 55/135/6 57/134/6

f 46/85/6 55/135/6 51/131/6

vt 7.38911 0.233196
f 46/85/6 54/136/6 55/135/6

f 46/85/6 47/86/6 54/136/6

vt -5.28725e-17 -1.73369
vn 0.95994 0.271711 0.068472
vt -5.27446e-17 -1.66949
vt -0.23622 -1.66949
vt -0.23622 -1.73369
f 56/137/19 58/138/19 61/139/19 57/140/19 

vt 5.08028e-17 -0.113253
vn 0.996553 0.0608443 0.0563938
v 61.0161 33.1462 -181.688
vt -2.83709e-14 -0.0221153
v 61.0042 33.1312 -181.461
vt -0.23622 -0.0221153
vt -0.23622 -0.113253
f 58/141/20 62/142/20 63/143/20 61/144/20 

vt -7.30017 0.451839
f 58/125/1 59/126/1 62/145/1

v 61.0288 33.2594 -181.679
vt -7.31337 0.569546
f 62/145/1 59/126/1 64/146/1

v 60.7155 33.237 -181.697
vt -6.98791 0.54496
f 64/146/1 59/126/1 65/147/1

vt 4.86133e-17 1.04415
vn -0.996038 0.0752844 -0.0473277
vt 4.85696e-17 0.956501
vt 0.23622 0.956501
v 60.7036 33.2219 -181.47
vt 0.23622 1.04415
f 65/148/21 59/149/21 60/150/21 66/151/21 

v 61.0169 33.2444 -181.452
vt 7.31337 0.569546
vt 6.98791 0.54496
f 60/133/6 67/152/6 66/153/6

vt 7.30017 0.451839
f 60/133/6 63/154/6 67/152/6

f 60/133/6 61/132/6 63/154/6

vt -2.83707e-14 1.26275
vn 0.992367 -0.115013 0.0444968
vt 2.84728e-14 1.3812
vt -0.23622 1.3812
vt -0.23622 1.26275
f 62/155/22 64/156/22 67/157/22 63/158/22 

vt 2.84793e-14 3.96616
vn 0.879297 -0.476051 0.0145835
v 61.067 33.3301 -181.673
vt 2.84796e-14 4.04977
v 61.0551 33.315 -181.446
vt -0.23622 4.04977
vt -0.23622 3.96616
f 64/159/23 68/160/23 69/161/23 67/162/23 

v 60.7337 33.3164 -181.691
vt -7.00675 0.627609
vt -7.35298 0.643177
f 64/146/1 70/163/1 68/164/1

f 64/146/1 65/147/1 70/163/1

vt 2.86212e-14 2.16923
vn -0.973574 0.22549 -0.0361738
vt 1.98929e-16 2.08446
vt 0.23622 2.08446
v 60.7217 33.3013 -181.464
vt 0.23622 2.16923
f 70/165/24 65/166/24 66/167/24 71/168/24 

vt 7.00675 0.627609
f 66/153/6 67/152/6 71/169/6

vt 7.35298 0.643177
f 71/169/6 67/152/6 69/170/6

f 71/169/6 69/170/6 22/42/6

v 61.1227 33.352 -181.44
vt 7.42316 0.68187
f 22/42/6 69/170/6 72/171/6

vt 2.81575e-14 6.74969
vn 0.481853 -0.875637 -0.0328289
v 61.1346 33.3671 -181.667
vt -2.86884e-14 6.82983
vt -0.23622 6.82983
vt -0.23622 6.74969
f 68/172/25 73/173/25 72/174/25 69/175/25 

vt -7.42316 0.68187
f 68/164/1 34/58/1 73/176/1

f 68/164/1 70/163/1 34/58/1

vt -5.32788e-17 3.45545
vn -0.915418 0.401935 -0.0214025
vt 2.83687e-14 3.3733
vt 0.23622 3.3733
vt 0.23622 3.45545
f 34/177/26 70/178/26 71/179/26 22/180/26 

vt 0 4.82001
vn -0.804083 0.59451 -0.00276639
vt 0 4.73876
vt 0.23622 4.73876
vt 0.23622 4.82001
f 33/181/27 34/182/27 22/183/27 23/184/27 

vt 7.68727e-17 5.9922
vn -0.644329 0.764561 0.0169177
vt 7.61928e-17 5.90939
vt 0.23622 5.90939
vt 0.23622 5.9922
f 32/185/28 33/186/28 23/187/28 24/188/28 

vt 0 6.84249
vn -0.449355 0.892641 0.0356653
vt 0 6.75504
vt 0.23622 6.75504
vt 0.23622 6.84249
f 31/189/29 32/190/29 24/191/29 25/192/29 

vt -2.13368e-16 7.32777
vn -0.237645 0.969963 0.0519217
vt -2.1049e-16 7.22599
vt 0.23622 7.22599
vt 0.23622 7.32777
f 30/193/30 31/194/30 25/195/30 26/196/30 

vt 5.73465e-14 7.49543
vn -0.0638203 0.995985 0.0627813
vt 4.94588e-16 7.36963
vt 0.23622 7.36963
v 61.1519 33.5555 -181.425
vt 0.23622 7.49543
f 29/197/31 30/198/31 26/199/31 74/200/31 

vt 7.45342 0.89352
f 74/201/6 26/46/6 27/47/6

vt 7.60021 -2.84316e-14
vt 7.45342 -5.68533e-14
vt 7.45342 -0.23622
f 28/202/7 29/203/7 74/204/7 27/50/7 

v 61.2356 33.3791 -181.661
vt -7.52808 0.694767
f 73/176/1 34/58/1 75/205/1

f 75/205/1 34/58/1 35/59/1

v 61.2592 33.379 -181.659
vt -7.55262 0.694767
f 35/59/1 76/206/1 75/205/1

vt -7.55262 -2.84211e-14
vt -7.60661 5.90845e-19
vt -7.60661 -0.23622
vt -7.55262 -0.23622
f 76/207/5 35/208/5 19/209/5 20/210/5 

vt -7.52808 2.36809e-18
vt -7.55262 -2.84193e-14
vt -7.52808 -0.23622
f 75/211/5 76/212/5 20/210/5 21/213/5 

vt -2.91605e-14 7.4509
vn 0.121497 -0.990812 -0.0594078
vt -7.49238e-16 7.55661
vt -0.23622 7.55661
vt -0.23622 7.4509
f 73/214/32 75/215/32 21/216/32 72/217/32 

f 22/42/6 72/171/6 21/41/6

vt 7.55357 -2.84233e-14
vt 7.52946 -1.58292e-18
vt 7.52946 -0.23622
f 36/218/7 38/219/7 45/220/7 37/69/7 

vt 7.55357 0.21431
f 37/221/6 45/84/6 17/36/6

g Mesh2 Group1 DodgeDurango1 Model

v 59.6051 33.5765 -181.733
vt -5.83449 0.89352
v 59.7565 33.5759 -181.725
vt -5.99174 0.89352
v 59.9079 33.5754 -181.717
vt -6.149 0.89352
v 59.9078 33.2204 -181.741
vt -6.149 0.524551
v 59.9078 33.0591 -181.752
vt -6.149 0.356838
v 59.919 32.9967 -181.755
vt -6.1607 0.292004
v 59.9528 32.9502 -181.756
vt -6.19582 0.243809
v 60.0064 32.9212 -181.755
vt -6.25154 0.213905
v 60.0772 32.9114 -181.752
vt -6.32505 0.203938
v 60.1485 32.9208 -181.748
vt -6.39909 0.214058
v 60.2023 32.9498 -181.743
vt -6.45498 0.244419
v 60.2361 32.9962 -181.738
vt -6.4901 0.292763
v 60.2474 33.0578 -181.734
vt -6.50181 0.356838
v 60.2475 33.2191 -181.723
vt -6.50181 0.524551
v 60.2476 33.5741 -181.699
vt -6.50181 0.89352
v 60.399 33.5735 -181.692
vt -6.65906 0.89352
v 60.5504 33.5729 -181.684
vt -6.81631 0.89352
v 60.5503 33.2267 -181.707
vt -6.81631 0.533665
v 60.5502 33.0694 -181.717
vt -6.81631 0.370094
v 60.5431 33.0026 -181.722
vt -6.80898 0.300629
v 60.5219 32.9266 -181.728
vt -6.78696 0.221573
v 60.4969 32.8773 -181.733
vt -6.76103 0.170227
v 60.457 32.8295 -181.738
vt -6.71954 0.120373
v 60.4071 32.7879 -181.743
vt -6.66774 0.0768814
v 60.3523 32.757 -181.748
vt -6.61086 0.0446129
v 60.2881 32.7359 -181.753
vt -6.54421 0.022377
v 60.21 32.7233 -181.758
vt -6.46306 0.0089798
v 60.1282 32.7171 -181.763
vt -6.37807 0.00224686
v 60.0529 32.7153 -181.767
vt -6.29988 3.55271e-15
v 59.9374 32.7228 -181.772
vt -6.17987 0.00733948
v 59.8397 32.7443 -181.776
vt -6.07837 0.0293541
v 59.7772 32.7721 -181.777
vt -6.01348 0.0580215
v 59.7176 32.8148 -181.778
vt -5.95155 0.102104
v 59.6671 32.869 -181.777
vt -5.89914 0.158245
v 59.6322 32.9315 -181.774
vt -5.86279 0.223072
v 59.6118 33.0002 -181.771
vt -5.84157 0.294415
v 59.605 33.073 -181.767
vt -5.83449 0.370094
v 59.605 33.2303 -181.756
vt -5.83449 0.533665
f 77/222/1 78/223/1 79/224/1 80/225/1 81/226/1 82/227/1 83/228/1 84/229/1 85/230/1 86/231/1 87/232/1 88/233/1 89/234/1 90/235/1 91/236/1 92/237/1 93/238/1 94/239/1 95/240/1 96/241/1 97/242/1 98/243/1 99/244/1 100/245/1 101/246/1 102/247/1 103/248/1 104/249/1 105/250/1 106/251/1 107/252/1 108/253/1 109/254/1 110/255/1 111/256/1 112/257/1 113/258/1 114/259/1 

vt 5.99174 -2.84255e-14
vt 5.83449 -2.84255e-14
v 59.5932 33.5614 -181.506
vt 5.83449 -0.23622
v 59.7446 33.5609 -181.498
vt 5.99174 -0.23622
f 78/260/7 77/261/7 115/262/7 116/263/7 

vt 2.84217e-14 0.89352
vt 2.84217e-14 0.533665
v 59.5931 33.2153 -181.529
vt 0.23622 0.533665
vt 0.23622 0.89352
f 77/264/8 114/265/8 117/266/8 115/267/8 

vt 2.85027e-14 0.533665
vt 8.09698e-17 0.370094
v 59.5931 33.0579 -181.54
vt 0.23622 0.370094
f 114/268/8 113/269/8 118/270/8 117/266/8 

vt -8.1323e-17 -0.174684
vn -0.994324 -0.0890935 -0.0581525
vt -8.14216e-17 -0.250694
v 59.5998 32.9851 -181.544
vt 0.23622 -0.250694
vt 0.23622 -0.174684
f 113/271/33 112/272/33 119/273/33 118/274/33 

vt 8.45797e-17 -1.38357
vn -0.957266 -0.280873 -0.0689399
vt 8.4887e-17 -1.458
v 59.6202 32.9164 -181.548
vt 0.23622 -1.458
vt 0.23622 -1.38357
f 112/275/34 111/276/34 120/277/34 119/278/34 

vt 0 -2.67237
vn -0.871253 -0.484605 -0.0779492
vt 2.84217e-14 -2.74669
v 59.6552 32.8539 -181.55
vt 0.23622 -2.74669
vt 0.23622 -2.67237
f 111/279/35 110/280/35 121/281/35 120/282/35 

vt 2.83097e-14 -3.91007
vn -0.730187 -0.678139 -0.0833892
vt -1.12995e-16 -3.98687
v 59.7057 32.7997 -181.551
vt 0.23622 -3.98687
vt 0.23622 -3.91007
f 110/283/36 109/284/36 122/285/36 121/286/36 

vt -3.56061e-17 -4.78937
vn -0.579405 -0.810672 -0.0842681
vt -3.59766e-17 -4.86538
v 59.7653 32.7571 -181.551
vt 0.23622 -4.86538
vt 0.23622 -4.78937
f 109/287/37 108/288/37 123/289/37 122/290/37 

vt 4.13059e-16 -5.47723
vn -0.40384 -0.911172 -0.0817182
vt 2.88392e-14 -5.54818
v 59.8277 32.7293 -181.549
vt 0.23622 -5.54818
vt 0.23622 -5.47723
f 108/291/38 107/292/38 124/293/38 123/294/38 

vt 2.89191e-14 -5.93402
vn -0.212025 -0.974317 -0.0758341
vt 2.89274e-14 -6.03787
v 59.9254 32.7077 -181.545
vt 0.23622 -6.03787
vt 0.23622 -5.93402
f 107/295/39 106/296/39 125/297/39 124/298/39 

vt 2.829e-14 -6.1679
vn -0.0613018 -0.995708 -0.0693362
vt -2.8556e-14 -6.28814
v 60.041 32.7002 -181.54
vt 0.23622 -6.28814
vt 0.23622 -6.1679
f 106/299/40 105/300/40 126/301/40 125/302/40 

vt 2.85168e-14 6.29729
vn 0.0283392 -0.997499 -0.0647459
vt 9.62925e-17 6.3755
v 60.1163 32.7021 -181.536
vt -0.23622 6.3755
vt -0.23622 6.29729
f 105/303/41 104/304/41 127/305/41 126/306/41 

vt -1.47109e-15 6.35833
vn 0.0785174 -0.994986 -0.061943
vt -1.49069e-15 6.44359
v 60.1981 32.7082 -181.531
vt -0.23622 6.44359
vt -0.23622 6.35833
f 104/307/42 103/308/42 128/309/42 127/310/42 

vt 0 6.3782
vn 0.162329 -0.985096 -0.0568832
vt -2.84217e-14 6.46045
v 60.2762 32.7208 -181.526
vt -0.23622 6.46045
vt -0.23622 6.3782
f 103/311/43 102/312/43 129/313/43 128/314/43 

vt -2.84935e-14 6.21497
vn 0.315693 -0.947729 -0.0463451
vt 2.83492e-14 6.28523
v 60.3404 32.742 -181.521
vt -0.23622 6.28523
vt -0.23622 6.21497
f 102/315/44 101/316/44 130/317/44 129/318/44 

vt 2.83752e-14 5.77196
vn 0.492476 -0.869742 -0.0318794
vt -4.68805e-17 5.83735
v 60.3952 32.7728 -181.516
vt -0.23622 5.83735
vt -0.23622 5.77196
f 101/319/45 100/320/45 131/321/45 130/322/45 

vt -1.43912e-16 5.1561
vn 0.64184 -0.766646 -0.017187
vt -2.85667e-14 5.22374
v 60.4451 32.8145 -181.511
vt -0.23622 5.22374
vt -0.23622 5.1561
f 100/323/46 99/324/46 132/325/46 131/326/46 

vt -2.84217e-14 4.39058
vn 0.767403 -0.641161 -0.00225823
vt 0 4.45544
v 60.485 32.8623 -181.506
vt -0.23622 4.45544
vt -0.23622 4.39058
f 99/327/47 98/328/47 133/329/47 132/330/47 

vt 0 3.19958
vn 0.891262 -0.453179 0.0167308
vt 0 3.25711
v 60.51 32.9116 -181.501
vt -0.23622 3.25711
vt -0.23622 3.19958
f 98/331/48 97/332/48 134/333/48 133/334/48 

vt -9.77729e-17 2.03443
vn 0.96192 -0.271391 0.0325137
vt -9.80901e-17 2.11649
v 60.5312 32.9875 -181.495
vt -0.23622 2.11649
vt -0.23622 2.03443
f 97/335/49 96/336/49 135/337/49 134/338/49 

vt -4.75097e-17 1.01439
vn 0.993065 -0.108634 0.044957
vt -2.84693e-14 1.08425
v 60.5383 33.0543 -181.49
vt -0.23622 1.08425
vt -0.23622 1.01439
f 96/339/50 95/340/50 136/341/50 135/342/50 

vt -2.85163e-14 0.370094
vt -5.6938e-14 0.533665
v 60.5384 33.2117 -181.48
vt -0.23622 0.533665
vt -0.23622 0.370094
f 95/343/2 94/344/2 137/345/2 136/346/2 

vt -5.68434e-14 0.533665
vt -2.84217e-14 0.89352
v 60.5385 33.5578 -181.457
f 94/347/2 93/348/2 138/12/2 137/345/2 

vt 6.81631 -2.84255e-14
vt 6.65906 -2.84255e-14
v 60.3871 33.5584 -181.465
vt 6.65906 -0.23622
vt 6.81631 -0.23622
f 93/349/7 92/350/7 139/351/7 138/352/7 

vt 6.65906 -2.84241e-14
vt 6.50181 -2.84241e-14
v 60.2357 33.559 -181.473
vt 6.50181 -0.23622
f 92/353/7 91/354/7 140/355/7 139/351/7 

vt 2.84668e-14 0.89352
vt 4.51154e-17 0.524551
v 60.2356 33.2041 -181.496
vt 0.23622 0.524551
f 91/356/8 90/357/8 141/358/8 140/267/8 

vt 2.84668e-14 0.356838
v 60.2355 33.0427 -181.507
vt 0.23622 0.356838
f 90/357/8 89/359/8 142/360/8 141/358/8 

vt 2.85134e-14 1.51963
vn -0.982304 0.183093 -0.0394475
vt 9.15593e-17 1.4545
v 60.2242 32.9811 -181.512
vt 0.23622 1.4545
vt 0.23622 1.51963
f 89/361/51 88/362/51 143/363/51 142/364/51 

vt 1.11324e-16 4.05125
vn -0.807748 0.589518 -0.00329042
vt 5.69541e-14 3.9915
v 60.1904 32.9348 -181.516
vt 0.23622 3.9915
vt 0.23622 4.05125
f 88/365/52 87/366/52 144/367/52 143/368/52 

vt 5.69842e-14 5.78891
vn -0.476342 0.878629 0.0333171
vt 2.85613e-14 5.7253
v 60.1366 32.9058 -181.521
vt 0.23622 5.7253
vt 0.23622 5.78891
f 87/369/53 86/370/53 145/371/53 144/372/53 

vt 2.85856e-14 6.36911
vn -0.134914 0.989124 0.0585909
vt 2.85837e-14 6.29439
v 60.0653 32.8963 -181.526
vt 0.23622 6.29439
vt 0.23622 6.36911
f 86/373/54 85/374/54 146/375/54 145/376/54 

vt -2.8585e-14 -6.24029
vn 0.134529 0.98824 0.0726873
vt -2.85831e-14 -6.16611
v 59.9945 32.9061 -181.529
vt -0.23622 -6.16611
vt -0.23622 -6.24029
f 85/377/55 84/378/55 147/379/55 146/380/55 

vt -2.833e-14 -5.40729
vn 0.472527 0.877391 0.0830835
vt 9.09177e-17 -5.34405
v 59.9409 32.9351 -181.529
vt -0.23622 -5.34405
vt -0.23622 -5.40729
f 84/381/56 83/382/56 148/383/56 147/384/56 

vt -5.3197e-17 -3.452
vn 0.807265 0.584573 0.0812256
vt 2.83688e-14 -3.39236
v 59.9071 32.9816 -181.528
vt -0.23622 -3.39236
vt -0.23622 -3.452
f 83/385/57 82/386/57 149/387/57 148/388/57 

vt 2.85086e-14 -0.80704
vn 0.982807 0.173497 0.0631519
vt -2.8335e-14 -0.741158
v 59.8958 33.044 -181.525
vt -0.23622 -0.741158
vt -0.23622 -0.80704
f 82/389/58 81/390/58 150/391/58 149/392/58 

vt -2.84644e-14 0.356838
vt -4.26672e-17 0.524551
v 59.8959 33.2054 -181.514
vt -0.23622 0.524551
vt -0.23622 0.356838
f 81/393/2 80/394/2 151/395/2 150/396/2 

vt 4.26672e-17 0.524551
vt -2.8379e-14 0.89352
v 59.896 33.5603 -181.49
f 80/397/2 79/398/2 152/12/2 151/395/2 

vt 6.149 -2.84241e-14
vt 5.99174 -2.84241e-14
vt 6.149 -0.23622
f 79/399/7 78/400/7 116/263/7 152/401/7 

vt 5.99174 0.89352
vt 5.83449 0.89352
vt 5.83449 0.533665
vt 5.83449 0.370094
vt 5.84157 0.294415
vt 5.86279 0.223072
vt 5.89914 0.158245
vt 5.95155 0.102104
vt 6.01348 0.0580215
vt 6.07837 0.0293541
vt 6.17987 0.00733948
vt 6.29988 1.28856e-18
vt 6.37807 0.00224686
vt 6.46306 0.0089798
vt 6.54421 0.022377
vt 6.61086 0.0446129
vt 6.66774 0.0768814
vt 6.71954 0.120373
vt 6.76103 0.170227
vt 6.78696 0.221573
vt 6.80898 0.300629
vt 6.81631 0.370094
vt 6.81631 0.533665
vt 6.81631 0.89352
vt 6.65906 0.89352
vt 6.50181 0.89352
vt 6.50181 0.524551
vt 6.50181 0.356838
vt 6.4901 0.292763
vt 6.45498 0.244419
vt 6.39909 0.214058
vt 6.32505 0.203938
vt 6.25154 0.213905
vt 6.19582 0.243809
vt 6.1607 0.292004
vt 6.149 0.356838
vt 6.149 0.524551
vt 6.149 0.89352
f 116/402/6 115/403/6 117/404/6 118/405/6 119/406/6 120/407/6 121/408/6 122/409/6 123/410/6 124/411/6 125/412/6 126/413/6 127/414/6 128/415/6 129/416/6 130/417/6 131/418/6 132/419/6 133/420/6 134/421/6 135/422/6 136/423/6 137/424/6 138/425/6 139/426/6 140/427/6 141/428/6 142/429/6 143/430/6 144/431/6 145/432/6 146/433/6 147/434/6 148/435/6 149/436/6 150/437/6 151/438/6 152/439/6 

g Mesh3 Group1 DodgeDurango1 Model

v 57.5444 33.1621 -181.869
vt -3.69422 0.454536
v 57.5185 32.7399 -181.898
vt -3.66744 0.0155563
v 57.3591 32.7405 -181.907
vt -3.5019 0.0155563
f 153/440/1 154/441/1 155/442/1

v 57.7026 32.809 -181.884
vt -3.8586 0.0881424
f 154/441/1 153/440/1 156/443/1

v 57.7273 32.8788 -181.878
vt -3.88423 0.160732
f 156/443/1 153/440/1 157/444/1

v 57.792 33.0614 -181.863
vt -3.95139 0.350842
f 157/444/1 153/440/1 158/445/1

v 57.846 33.2129 -181.85
vt -4.00739 0.508507
f 158/445/1 153/440/1 159/446/1

v 57.7297 33.5837 -181.831
vt -3.88653 0.89352
f 159/446/1 153/440/1 160/447/1

vt 2.84512e-14 2.37798
vn -0.914564 0.403884 -0.0212282
vt 2.79857e-17 1.89872
v 57.5325 33.147 -181.642
vt 0.23622 1.89872
v 57.7178 33.5686 -181.604
vt 0.23622 2.37798
f 160/448/59 153/449/59 161/450/59 162/451/59 

vt 2.79858e-17 1.89873
vn -0.914563 0.403887 -0.0212279
vt 2.84482e-14 1.41947
v 57.3472 32.7255 -181.68
vt 0.23622 1.41947
vt 0.23622 1.89873
f 153/452/60 155/453/60 163/454/60 161/455/60 

vt -3.5019 -2.84218e-14
vt -3.66744 -2.84218e-14
v 57.5066 32.7248 -181.671
vt -3.66744 -0.23622
vt -3.5019 -0.23622
f 155/456/5 154/457/5 164/458/5 163/459/5 

v 57.6779 32.7393 -181.89
vt -3.83298 -2.84218e-14
v 57.666 32.7242 -181.663
vt -3.83298 -0.23622
f 154/457/5 165/460/5 166/461/5 164/458/5 

vt -3.83298 0.0155563
f 156/443/1 165/462/1 154/441/1

vt -2.84217e-14 1.29057
vn 0.941563 -0.33574 0.0271714
vt -2.84217e-14 1.36755
v 57.6907 32.794 -181.657
vt -0.23622 1.36755
vt -0.23622 1.29057
f 165/463/61 156/464/61 167/465/61 166/466/61 

vt -2.84217e-14 1.36766
vn 0.941553 -0.335769 0.027169
vt -2.84217e-14 1.44464
v 57.7154 32.8637 -181.651
vt -0.23622 1.44464
vt -0.23622 1.36766
f 156/467/62 157/468/62 168/469/62 167/470/62 

vt -3.88423 -2.8418e-14
v 57.8997 32.8781 -181.869
vt -4.06338 3.71296e-18
v 57.8878 32.863 -181.642
vt -4.06338 -0.23622
vt -3.88423 -0.23622
f 157/471/5 169/472/5 170/473/5 168/474/5 

v 58.2484 33.1594 -181.832
vt -4.42537 0.454536
vt -4.06338 0.160732
f 171/475/1 169/476/1 157/444/1

v 58.0722 32.8775 -181.86
vt -4.24252 0.160732
f 171/475/1 172/477/1 169/476/1

v 58.097 32.8075 -181.863
vt -4.26825 0.0881424
f 171/475/1 173/478/1 172/477/1

v 58.4325 32.7364 -181.85
vt -4.61679 0.0155563
f 174/479/1 173/478/1 171/475/1

v 58.4306 32.7364 -181.851
vt -4.61477 0.0155563
f 175/480/1 173/478/1 174/479/1

v 58.2771 32.737 -181.859
vt -4.45538 0.0155563
f 176/481/1 173/478/1 175/480/1

v 58.1217 32.7376 -181.867
vt -4.29396 0.0155563
f 173/478/1 176/481/1 177/482/1

vt -4.29396 -2.84216e-14
vt -4.45538 7.9482e-20
v 58.2652 32.7219 -181.632
vt -4.45538 -0.23622
v 58.1098 32.7225 -181.64
vt -4.29396 -0.23622
f 177/483/5 176/484/5 178/485/5 179/486/5 

vt -4.45538 3.57827e-19
vt -4.61477 2.84221e-14
v 58.4186 32.7214 -181.624
vt -4.61477 -0.23622
f 176/487/5 175/488/5 180/489/5 178/485/5 

v 58.5317 32.9042 -181.834
vt -7.63945e-17 2.59238
vn -0.856028 0.516819 -0.010654
vt -2.84964e-14 2.38847
vt 0.23622 2.38847
v 58.5197 32.8892 -181.607
vt 0.23622 2.59238
f 181/490/63 175/491/63 180/492/63 182/493/63 

v 59.0924 32.7339 -181.816
vt -5.30225 0.0155563
v 59.0925 32.9051 -181.805
vt -5.30225 0.193569
v 59.0926 33.0764 -181.793
vt -5.30225 0.371582
v 59.0741 33.0765 -181.794
vt -5.2831 0.371582
v 58.885 33.2484 -181.793
vt -5.08666 0.549564
v 58.9348 33.2395 -181.791
vt -5.13831 0.540512
v 58.9651 33.2365 -181.789
vt -5.16985 0.537495
v 59.005 33.2363 -181.787
vt -5.21122 0.537495
v 59.0926 33.236 -181.783
vt -5.30225 0.537495
v 59.0926 33.3224 -181.777
vt -5.30225 0.627365
v 59.0927 33.4089 -181.771
vt -5.30225 0.717236
v 59.0014 33.4092 -181.776
vt -5.20741 0.717236
v 58.9599 33.4094 -181.778
vt -5.16431 0.717236
v 58.8903 33.4041 -181.782
vt -5.09204 0.711502
v 58.8471 33.3878 -181.785
vt -5.04715 0.694309
v 58.8245 33.361 -181.788
vt -5.02377 0.666412
v 58.817 33.3247 -181.791
vt -5.01597 0.628582
v 58.8218 33.2984 -181.793
vt -5.0209 0.601288
v 58.836 33.2753 -181.793
vt -5.03572 0.577312
v 58.8578 33.2578 -181.793
vt -5.05833 0.559216
v 58.885 33.2484 -181.793
v 59.0657 33.0765 -181.795
vt -5.2744 0.371582
v 59.0264 33.0717 -181.797
vt -5.23351 0.366497
v 58.9913 33.0572 -181.8
vt -5.19713 0.351246
v 58.9655 33.0336 -181.803
vt -5.17034 0.326565
v 58.9364 32.9924 -181.807
vt -5.14005 0.283627
v 58.8857 32.912 -181.815
vt -5.0875 0.199856
v 58.7744 32.7351 -181.833
vt -4.9719 0.0155563
v 58.6025 32.7358 -181.842
vt -4.79333 0.0155563
vt -4.71972 0.190388
v 58.5776 32.9805 -181.827
vt -4.76743 0.269855
v 58.5936 33.0027 -181.824
vt -4.78406 0.293041
v 58.6202 33.0327 -181.821
vt -4.81165 0.32431
v 58.6483 33.0607 -181.818
vt -4.84082 0.353485
v 58.6688 33.0769 -181.815
vt -4.86215 0.370392
v 58.701 33.0923 -181.813
vt -4.89558 0.386562
v 58.748 33.1077 -181.809
vt -4.94434 0.402718
v 58.6874 33.1229 -181.811
vt -4.8814 0.418293
v 58.6412 33.1415 -181.813
vt -4.83345 0.437469
v 58.5867 33.1782 -181.813
vt -4.77678 0.47546
v 58.5452 33.2246 -181.812
vt -4.7337 0.523479
v 58.5191 33.2805 -181.81
vt -4.7065 0.581532
v 58.5104 33.3461 -181.806
vt -4.69743 0.649616
v 58.5218 33.4206 -181.8
vt -4.70929 0.72715
v 58.5561 33.4828 -181.794
vt -4.74489 0.791943
v 58.609 33.5299 -181.788
vt -4.79985 0.841156
v 58.6764 33.5593 -181.783
vt -4.86982 0.871944
v 58.7676 33.5745 -181.777
vt -4.96456 0.888126
v 58.8921 33.5792 -181.77
vt -5.09384 0.89352
v 59.0506 33.5786 -181.762
vt -5.25851 0.89352
v 59.3994 33.5773 -181.744
vt -5.62079 0.89352
v 59.3993 33.155 -181.772
vt -5.62079 0.454536
v 59.3991 32.7327 -181.8
vt -5.62079 0.0155563
v 59.2458 32.7333 -181.808
vt -5.46152 0.0155563
f 183/494/1 184/495/1 185/496/1 186/497/1 187/498/1 188/499/1 189/500/1 190/501/1 191/502/1 192/503/1 193/504/1 194/505/1 195/506/1 196/507/1 197/508/1 198/509/1 199/510/1 200/511/1 201/512/1 202/513/1 203/498/1 204/514/1 205/515/1 206/516/1 207/517/1 208/518/1 209/519/1 210/520/1 211/521/1 174/479/1 175/480/1 181/522/1 212/523/1 213/524/1 214/525/1 215/526/1 216/527/1 217/528/1 218/529/1 219/530/1 220/531/1 221/532/1 222/533/1 223/534/1 224/535/1 225/536/1 226/537/1 227/538/1 228/539/1 229/540/1 230/541/1 231/542/1 232/543/1 233/544/1 234/545/1 235/546/1 

vt 3.67917e-17 0.193569
vt 2.84585e-14 0.0155563
v 59.0805 32.7188 -181.589
vt 0.23622 0.0155563
v 59.0806 32.8901 -181.578
vt 0.23622 0.193569
f 184/547/8 183/548/8 236/549/8 237/550/8 

vt -5.30225 -2.84218e-14
vt -5.46152 -9.27642e-20
v 59.2338 32.7182 -181.581
vt -5.46152 -0.23622
vt -5.30225 -0.23622
f 183/551/5 235/552/5 238/553/5 236/554/5 

vt -5.46152 9.31331e-20
vt -5.62079 9.31331e-20
v 59.3872 32.7177 -181.573
vt -5.62079 -0.23622
f 235/555/5 234/556/5 239/557/5 238/553/5 

vt 0 0.0155563
v 59.3873 33.1399 -181.545
f 234/558/2 233/64/2 240/8/2 239/9/2 

vt -7.80041e-17 0.454536
vt -7.80041e-17 0.89352
v 59.3875 33.5622 -181.517
f 233/559/2 232/560/2 241/12/2 240/8/2 

vt 5.62079 6.30903e-18
vt 5.25851 -2.84154e-14
v 59.0387 33.5636 -181.535
vt 5.25851 -0.23622
vt 5.62079 -0.23622
f 232/561/7 231/562/7 242/563/7 241/564/7 

vt 5.25851 -2.84101e-14
vt 5.09384 2.84333e-14
v 58.8802 33.5642 -181.543
vt 5.09384 -0.23622
f 231/565/7 230/566/7 243/567/7 242/563/7 

vt -2.97465e-14 5.12666
vn -0.0412843 0.997093 0.0640389
vt -1.29115e-15 4.99727
v 58.7557 33.5595 -181.55
vt 0.23622 4.99727
vt 0.23622 5.12666
f 230/568/64 229/569/64 244/570/64 243/571/64 

vt 3.06915e-16 5.04322
vn -0.167789 0.9842 0.0565369
vt 2.87228e-14 4.94711
v 58.6645 33.5442 -181.556
vt 0.23622 4.94711
vt 0.23622 5.04322
f 229/572/65 228/573/65 245/574/65 244/575/65 

vt 2.83798e-14 4.80858
vn -0.401872 0.914838 0.0396337
vt 2.83804e-14 4.73213
v 58.5971 33.5149 -181.562
vt 0.23622 4.73213
vt 0.23622 4.80858
f 228/576/66 227/577/66 246/578/66 245/579/66 

vt 2.84716e-14 4.13688
vn -0.665924 0.745878 0.0145427
vt 4.93545e-17 4.06311
v 58.5442 33.4677 -181.567
vt 0.23622 4.06311
vt 0.23622 4.13688
f 227/580/67 226/581/67 247/582/67 246/583/67 

vt 7.5131e-17 2.97873
vn -0.875081 0.483778 -0.013849
vt 7.45674e-17 2.9048
v 58.5099 33.4055 -181.573
vt 0.23622 2.9048
vt 0.23622 2.97873
f 226/584/68 225/585/68 248/586/68 247/587/68 

vt 3.30576e-17 1.43108
vn -0.987087 0.154692 -0.0415847
vt 3.29743e-17 1.35264
v 58.4984 33.331 -181.579
vt 0.23622 1.35264
vt 0.23622 1.43108
f 225/588/69 224/589/69 249/590/69 248/591/69 

vt 0 0.0238015
vn -0.989934 -0.127943 -0.0605015
vt 0 -0.0448844
v 58.5071 33.2655 -181.583
vt 0.23622 -0.0448844
vt 0.23622 0.0238015
f 224/592/70 223/593/70 250/594/70 249/595/70 

vt 7.21329e-17 -1.47069
vn -0.904398 -0.419976 -0.075399
vt 7.25499e-17 -1.53481
v 58.5333 33.2095 -181.585
vt 0.23622 -1.53481
vt 0.23622 -1.47069
f 223/596/71 222/597/71 251/598/71 250/599/71 

vt 0 -2.77125
vn -0.743598 -0.663441 -0.0831177
vt 0 -2.83576
v 58.5748 33.1632 -181.586
vt 0.23622 -2.83576
vt 0.23622 -2.77125
f 222/600/72 221/601/72 252/602/72 251/603/72 

vt 2.97629e-17 -3.70298
vn -0.556352 -0.826678 -0.0841198
vt 2.84518e-14 -3.77121
v 58.6293 33.1264 -181.586
vt 0.23622 -3.77121
vt 0.23622 -3.70298
f 221/604/73 220/605/73 253/606/73 252/607/73 

vt 2.83766e-14 -4.32536
vn -0.371165 -0.925034 -0.080922
vt 2.83761e-14 -4.377
v 58.6755 33.1078 -181.584
vt 0.23622 -4.377
vt 0.23622 -4.32536
f 220/608/74 219/609/74 254/610/74 253/611/74 

vt 2.87037e-14 -4.63798
vn -0.240231 -0.967667 -0.0768743
vt 2.85636e-16 -4.70281
v 58.7361 33.0926 -181.582
vt 0.23622 -4.70281
vt 0.23622 -4.63798
f 219/612/75 218/613/75 255/614/75 254/615/75 

vt 3.27229e-16 4.82006
vn -0.313773 0.948359 0.0464878
vt 3.24002e-16 4.7687
v 58.6891 33.0772 -181.586
vt 0.23622 4.7687
vt 0.23622 4.82006
f 218/616/76 217/617/76 256/618/76 255/619/76 

vt -3.90079e-17 4.57544
vn -0.434515 0.899907 0.0369274
vt -3.87415e-17 4.53831
v 58.6569 33.0618 -181.589
vt 0.23622 4.53831
vt 0.23622 4.57544
f 217/620/77 216/621/77 257/622/77 256/623/77 

vt 0 4.04055
vn -0.62001 0.784351 0.0195094
vt 2.84217e-14 4.01333
v 58.6364 33.0456 -181.591
vt 0.23622 4.01333
vt 0.23622 4.04055
f 216/624/78 215/625/78 258/626/78 257/627/78 

vt 2.84217e-14 3.6723
vn -0.70603 0.708112 0.00992802
vt 2.84217e-14 3.63105
v 58.6083 33.0176 -181.594
vt 0.23622 3.63105
vt 0.23622 3.6723
f 215/628/79 214/629/79 259/630/79 258/631/79 

vt 2.85108e-14 3.42699
vn -0.748519 0.663097 0.00470688
vt 2.85103e-14 3.38528
v 58.5817 32.9877 -181.597
vt 0.23622 3.38528
vt 0.23622 3.42699
f 214/632/80 213/633/80 260/634/80 259/635/80 

vt 2.83809e-14 3.02665
vn -0.811241 0.584699 -0.00379387
vt -4.07118e-17 2.99811
v 58.5657 32.9654 -181.6
vt 0.23622 2.99811
vt 0.23622 3.02665
f 213/636/81 212/637/81 261/638/81 260/639/81 

vt 0 2.68503
vn -0.856033 0.516811 -0.0106549
vt 0 2.59234
vt 0.23622 2.59234
vt 0.23622 2.68503
f 212/640/82 181/641/82 182/642/82 261/643/82 

vt 5.30225 0.193569
vt 5.30225 0.0155563
vt 5.46152 0.0155563
vt 5.62079 0.0155563
vt 5.62079 0.454536
vt 5.62079 0.89352
vt 5.25851 0.89352
vt 5.09384 0.89352
vt 4.96456 0.888126
vt 4.86982 0.871944
vt 4.79985 0.841156
vt 4.74489 0.791943
vt 4.70929 0.72715
vt 4.69743 0.649616
vt 4.7065 0.581532
vt 4.7337 0.523479
vt 4.77678 0.47546
vt 4.83345 0.437469
vt 4.8814 0.418293
vt 4.94434 0.402718
vt 4.89558 0.386562
vt 4.86215 0.370392
vt 4.84082 0.353485
vt 4.81165 0.32431
vt 4.78406 0.293041
vt 4.76743 0.269855
vt 4.71972 0.190388
vt 4.61477 0.0155563
v 58.4206 32.7214 -181.624
vt 4.61679 0.0155563
v 58.5906 32.7207 -181.615
vt 4.79333 0.0155563
v 58.7625 32.72 -181.606
vt 4.9719 0.0155563
v 58.8738 32.8969 -181.588
vt 5.0875 0.199856
v 58.9244 32.9773 -181.58
vt 5.14005 0.283627
v 58.9536 33.0185 -181.576
vt 5.17034 0.326565
v 58.9794 33.0421 -181.573
vt 5.19713 0.351246
v 59.0144 33.0567 -181.57
vt 5.23351 0.366497
v 59.0538 33.0614 -181.568
vt 5.2744 0.371582
v 58.8731 33.2333 -181.566
vt 5.08666 0.549564
v 58.8459 33.2427 -181.567
vt 5.05833 0.559216
v 58.8241 33.2602 -181.567
vt 5.03572 0.577312
v 58.8098 33.2833 -181.566
vt 5.0209 0.601288
v 58.8051 33.3096 -181.564
vt 5.01597 0.628582
v 58.8126 33.346 -181.561
vt 5.02377 0.666412
v 58.8351 33.3727 -181.559
vt 5.04715 0.694309
v 58.8784 33.3891 -181.555
vt 5.09204 0.711502
v 58.9479 33.3943 -181.551
vt 5.16431 0.717236
v 58.9894 33.3942 -181.549
vt 5.20741 0.717236
v 59.0807 33.3938 -181.544
vt 5.30225 0.717236
v 59.0807 33.3074 -181.55
vt 5.30225 0.627365
v 59.0807 33.2209 -181.556
vt 5.30225 0.537495
v 58.9931 33.2213 -181.56
vt 5.21122 0.537495
v 58.9532 33.2214 -181.562
vt 5.16985 0.537495
v 58.9229 33.2244 -181.564
vt 5.13831 0.540512
v 58.8731 33.2333 -181.566
v 59.0622 33.0614 -181.567
vt 5.2831 0.371582
v 59.0806 33.0613 -181.566
vt 5.30225 0.371582
f 237/644/6 236/645/6 238/646/6 239/647/6 240/648/6 241/649/6 242/650/6 243/651/6 244/652/6 245/653/6 246/654/6 247/655/6 248/656/6 249/657/6 250/658/6 251/659/6 252/660/6 253/661/6 254/662/6 255/663/6 256/664/6 257/665/6 258/666/6 259/667/6 260/668/6 261/669/6 182/670/6 180/671/6 262/672/6 263/673/6 264/674/6 265/675/6 266/676/6 267/677/6 268/678/6 269/679/6 270/680/6 271/681/6 272/682/6 273/683/6 274/684/6 275/685/6 276/686/6 277/687/6 278/688/6 279/689/6 280/690/6 281/691/6 282/692/6 283/693/6 284/694/6 285/695/6 286/696/6 287/681/6 288/697/6 289/698/6 

vt 4.45538 0.0155563
f 262/672/6 178/699/6 180/671/6

v 58.2364 33.1443 -181.605
vt 4.42537 0.454536
f 178/699/6 262/672/6 290/700/6

vt 6.98969e-17 -1.83106
vn 0.915529 0.395321 0.0743467
vt 6.69989e-17 -1.35216
vt -0.23622 -1.35216
vt -0.23622 -1.83106
f 174/701/83 171/702/83 290/703/83 262/704/83 

vt -1.33998e-16 -1.35218
vn 0.915528 0.395325 0.0743469
v 58.0642 33.5824 -181.814
vt -1.28202e-16 -0.873274
v 58.0523 33.5673 -181.587
vt -0.23622 -0.873274
vt -0.23622 -1.35218
f 171/705/84 291/706/84 292/707/84 290/708/84 

v 57.9537 33.2125 -181.844
vt -4.11926 0.508507
vt -4.23396 0.89352
f 171/475/1 293/709/1 291/710/1

v 58.0074 33.0606 -181.851
vt -4.17514 0.350842
f 171/475/1 294/711/1 293/709/1

f 171/475/1 157/444/1 294/711/1

v 57.8997 33.061 -181.857
vt -4.06327 0.350842
f 294/711/1 157/444/1 295/712/1

f 157/444/1 158/445/1 295/712/1

vt 4.06327 -2.84171e-14
vt 3.95139 -2.84171e-14
v 57.7801 33.0463 -181.636
vt 3.95139 -0.23622
v 57.8878 33.0459 -181.63
vt 4.06327 -0.23622
f 295/713/7 158/714/7 296/715/7 297/716/7 

vt -2.84217e-14 1.65297
vn 0.940932 -0.337515 0.0270204
vt -2.84217e-14 1.82028
v 57.834 33.1978 -181.623
vt -0.23622 1.82028
vt -0.23622 1.65297
f 158/717/85 159/718/85 298/719/85 296/720/85 

v 57.8999 33.3643 -181.837
vt 0 1.98759
v 57.888 33.3493 -181.61
vt -0.23622 1.98759
f 159/718/85 299/721/85 300/722/85 298/719/85 

vt -4.06338 0.666172
f 159/446/1 160/447/1 299/723/1

f 291/710/1 299/723/1 160/447/1

f 291/710/1 293/709/1 299/723/1

vt 8.97425e-17 -0.729635
vn -0.941365 -0.329759 -0.0713506
vt 9.09768e-17 -0.896912
v 57.9417 33.1974 -181.617
vt 0.23622 -0.896912
vt 0.23622 -0.729635
f 299/724/86 293/725/86 301/726/86 300/727/86 

vt -3.03254e-17 -0.896825
vn -0.941372 -0.329738 -0.0713496
vt 2.8391e-14 -1.0641
v 57.9955 33.0455 -181.624
vt 0.23622 -1.0641
vt 0.23622 -0.896825
f 293/728/87 294/729/87 302/730/87 301/731/87 

vt 4.17514 -2.84239e-14
vt 4.06327 -2.84239e-14
vt 4.17514 -0.23622
f 294/732/7 295/733/7 297/716/7 302/734/7 

vt 3.95139 0.350842
vt 4.17514 0.350842
vt 4.06327 0.350842
f 296/735/6 302/736/6 297/737/6

vt 3.88423 0.160732
f 296/735/6 168/738/6 302/736/6

vt 3.69422 0.454536
f 161/739/6 168/738/6 296/735/6

vt 3.8586 0.0881424
f 161/739/6 167/740/6 168/738/6

vt 3.66744 0.0155563
f 161/739/6 164/741/6 167/740/6

vt 3.5019 0.0155563
f 164/741/6 161/739/6 163/742/6

vt 3.83298 0.0155563
f 167/740/6 164/741/6 166/743/6

vt 4.00739 0.508507
f 161/739/6 296/735/6 298/744/6

vt 3.88653 0.89352
f 161/739/6 298/744/6 162/745/6

vt 4.06338 0.666172
f 162/745/6 298/744/6 300/746/6

vt 4.23396 0.89352
f 300/746/6 292/747/6 162/745/6

vt 4.11926 0.508507
f 301/748/6 292/747/6 300/746/6

f 301/748/6 290/700/6 292/747/6

f 302/736/6 290/700/6 301/748/6

f 168/738/6 290/700/6 302/736/6

vt 4.06338 0.160732
f 170/749/6 290/700/6 168/738/6

v 58.0603 32.8624 -181.633
vt 4.24252 0.160732
f 303/750/6 290/700/6 170/749/6

v 58.085 32.7925 -181.636
vt 4.26825 0.0881424
f 304/751/6 290/700/6 303/750/6

vt 4.29396 0.0155563
f 179/752/6 290/700/6 304/751/6

f 178/699/6 290/700/6 179/752/6

vt -2.83589e-14 -1.34241
vn -0.941405 -0.329645 -0.0713452
vt 2.84849e-14 -1.41942
vt 0.23622 -1.41942
vt 0.23622 -1.34241
f 173/753/88 177/754/88 179/755/88 304/756/88 

vt 1.24928e-16 -1.26552
vn -0.941395 -0.329674 -0.0713465
vt -2.8296e-14 -1.34253
vt 0.23622 -1.34253
vt 0.23622 -1.26552
f 172/757/89 173/758/89 304/759/89 303/760/89 

vt -4.24252 3.71296e-18
vt -4.24252 -0.23622
f 169/472/5 172/761/5 303/762/5 170/473/5 

v 57.8851 33.568 -181.595
vt 4.06025 0.89352
f 162/745/6 292/747/6 305/763/6

vt 4.23396 -8.54928e-18
v 57.897 33.583 -181.822
vt 4.06025 -8.54928e-18
vt 4.06025 -0.23622
vt 4.23396 -0.23622
f 291/764/7 306/765/7 305/766/7 292/767/7 

vt -4.06025 0.89352
f 291/710/1 160/447/1 306/768/1

vt 4.06025 -2.65803e-18
vt 3.88653 -2.84244e-14
vt 3.88653 -0.23622
f 306/769/7 160/770/7 162/771/7 305/766/7 

vt -4.61679 1.52534e-19
vt -4.79333 -2.84216e-14
vt -4.79333 -0.23622
vt -4.61679 -0.23622
f 174/772/5 211/773/5 263/774/5 262/775/5 

vt -4.79333 -2.84219e-14
vt -4.9719 -1.99127e-19
vt -4.9719 -0.23622
f 211/776/5 210/777/5 264/778/5 263/774/5 

vt -8.14497e-17 2.65513
vn 0.845789 -0.533441 0.00901246
vt -2.85051e-14 2.87269
vt -0.23622 2.87269
vt -0.23622 2.65513
f 210/779/90 209/780/90 265/781/90 264/782/90 

vt -2.83384e-14 2.87273
vn 0.845784 -0.533449 0.00901168
vt 2.85059e-14 2.97161
vt -0.23622 2.97161
vt -0.23622 2.87273
f 209/783/91 208/784/91 266/785/91 265/786/91 

vt 2.84217e-14 3.1946
vn 0.815832 -0.578271 0.00446192
vt 0 3.24714
vt -0.23622 3.24714
vt -0.23622 3.1946
f 208/787/92 207/788/92 267/789/92 266/790/92 

vt -1.58861e-16 4.02412
vn 0.676321 -0.736485 -0.0133728
vt -1.59684e-16 4.06055
vt -0.23622 4.06055
vt -0.23622 4.02412
f 207/791/93 206/792/93 268/793/93 267/794/93 

vt -4.66305e-17 4.92868
vn 0.385831 -0.921661 -0.0409294
vt -2.84687e-14 4.96813
vt -0.23622 4.96813
vt -0.23622 4.92868
f 206/795/94 205/796/94 269/797/94 268/798/94 

vt -2.9415e-14 5.23874
vn 0.122872 -0.990648 -0.0593247
vt -2.94228e-14 5.27995
vt -0.23622 5.27995
vt -0.23622 5.23874
f 205/799/95 204/800/95 270/801/95 269/802/95 

vt -2.84217e-14 -3.57211
vn 0.687296 0.721502 0.0840152
vt 2.84217e-14 -3.31341
vt -0.23622 -3.31341
vt -0.23622 -3.57211
f 204/803/96 187/804/96 271/805/96 270/806/96 

vt -2.83691e-14 -3.4006
vn -0.67076 -0.736883 -0.0841678
vt 5.45988e-17 -3.66568
vt 0.23622 -3.66568
vt 0.23622 -3.4006
f 187/807/97 186/808/97 288/809/97 271/810/97 

vt -5.2831 7.72881e-18
vt -5.30225 7.72881e-18
vt -5.2831 -0.23622
f 186/811/5 185/812/5 289/554/5 288/813/5 

vt 3.67917e-17 0.371582
vt 0.23622 0.371582
f 185/814/8 184/547/8 237/550/8 289/815/8 

vt -2.82668e-14 -4.96786
vn 0.172732 0.982163 0.0742908
vt 2.85751e-14 -4.91542
vt -0.23622 -4.91542
vt -0.23622 -4.96786
f 188/816/98 187/817/98 271/818/98 286/819/98 

vt 2.85859e-14 -4.63766
vn 0.322379 0.943261 0.0795693
vt 1.63256e-16 -4.60773
vt -0.23622 -4.60773
vt -0.23622 -4.63766
f 187/820/99 202/821/99 272/822/99 271/823/99 

vt 2.24675e-16 -3.59967
vn 0.624302 0.776614 0.0843653
vt 2.23671e-16 -3.57071
vt -0.23622 -3.57071
vt -0.23622 -3.59967
f 202/824/100 201/825/100 273/826/100 272/827/100 

vt 8.21523e-17 -2.15616
vn 0.849688 0.521296 0.0792526
vt -2.83398e-14 -2.12798
vt -0.23622 -2.12798
vt -0.23622 -2.15616
f 201/828/101 200/829/101 274/830/101 273/831/101 

vt -2.83863e-14 -0.301859
vn 0.982749 0.17382 0.0631703
vt 2.84571e-14 -0.274122
vt -0.23622 -0.274122
vt -0.23622 -0.301859
f 200/832/102 199/833/102 275/834/102 274/835/102 

vt 2.83151e-14 1.6282
vn 0.978 -0.20516 0.0377562
vt -2.85285e-14 1.66683
vt -0.23622 1.66683
vt -0.23622 1.6282
f 199/836/103 198/837/103 276/838/103 275/839/103 

vt -2.83762e-14 3.73825
vn 0.765046 -0.64397 -0.00256862
vt 4.57011e-17 3.77465
vt -0.23622 3.77465
vt -0.23622 3.73825
f 198/840/104 197/841/104 277/842/104 276/843/104 

vt -1.95812e-16 4.96156
vn 0.356893 -0.933145 -0.0432122
vt -1.97553e-16 5.00963
vt -0.23622 5.00963
vt -0.23622 4.96156
f 197/844/105 196/845/105 278/846/105 277/847/105 

vt 4.46766e-16 5.13236
vn 0.0786321 -0.994978 -0.0619364
vt 4.53107e-16 5.20485
vt -0.23622 5.20485
vt -0.23622 5.13236
f 196/848/106 195/849/106 279/850/106 278/851/106 

vt -5.16431 -8.04602e-18
vt -5.20741 -5.68515e-14
vt -5.20741 -0.23622
vt -5.16431 -0.23622
f 195/852/5 194/853/5 280/854/5 279/855/5 

vt -5.20741 -5.68422e-14
vt -5.30225 1.18102e-18
f 194/856/5 193/857/5 281/554/5 280/854/5 

vt 3.67917e-17 0.717236
vt 2.84585e-14 0.627365
vt 0.23622 0.627365
vt 0.23622 0.717236
f 193/858/8 192/859/8 282/860/8 281/861/8 

vt 3.67917e-17 0.537495
vt 0.23622 0.537495
f 192/859/8 191/862/8 283/863/8 282/860/8 

vt 5.30225 -4.51269e-18
vt 5.21122 -2.84262e-14
vt 5.21122 -0.23622
vt 5.30225 -0.23622
f 191/864/7 190/865/7 284/866/7 283/867/7 

vt 5.21122 -2.84127e-14
vt 5.16985 9.03085e-18
vt 5.16985 -0.23622
f 190/868/7 189/869/7 285/870/7 284/866/7 

vt 2.82509e-16 -5.09516
vn 0.0954501 0.992903 0.0709439
vt -2.81409e-14 -5.06348
vt -0.23622 -5.06348
vt -0.23622 -5.09516
f 189/871/107 188/872/107 286/873/107 285/874/107 

vt -4.61679 3.57933e-19
f 175/488/5 174/875/5 262/775/5 180/489/5 

g Mesh4 Group1 DodgeDurango1 Model

v 57.2624 33.5855 -181.856
vt -3.4011 0.89352
v 57.2622 33.1632 -181.884
vt -3.4011 0.454536
v 57.2621 32.7409 -181.912
vt -3.4011 0.0155563
v 57.1194 32.7414 -181.919
vt -3.25292 0.0155563
v 56.9768 32.742 -181.927
vt -3.10474 0.0155563
v 56.9768 32.975 -181.911
vt -3.10474 0.257813
v 56.9769 33.2081 -181.896
vt -3.10474 0.500069
v 56.7915 32.9757 -181.921
vt -2.9122 0.257813
v 56.606 32.7434 -181.946
vt -2.71967 0.0155563
v 56.4624 32.7439 -181.953
vt -2.57048 0.0155563
v 56.3188 32.7445 -181.961
vt -2.4213 0.0155563
v 56.3189 33.1668 -181.933
vt -2.4213 0.454536
v 56.3191 33.5891 -181.905
vt -2.4213 0.89352
v 56.4627 33.5885 -181.897
vt -2.57048 0.89352
v 56.6063 33.588 -181.89
vt -2.71967 0.89352
v 56.6062 33.3537 -181.905
vt -2.71967 0.649956
v 56.6062 33.1194 -181.921
vt -2.71967 0.406391
v 56.7926 33.353 -181.896
vt -2.91325 0.649956
v 56.9791 33.5865 -181.87
vt -3.10682 0.89352
v 57.1207 33.586 -181.863
vt -3.25396 0.89352
f 307/876/1 308/877/1 309/878/1 310/879/1 311/880/1 312/881/1 313/882/1 314/883/1 315/884/1 316/885/1 317/886/1 318/887/1 319/888/1 320/889/1 321/890/1 322/891/1 323/892/1 324/893/1 325/894/1 326/895/1 

vt -2.84453e-14 0.454536
vt -2.35999e-17 0.89352
v 57.2505 33.5704 -181.629
v 57.2503 33.1481 -181.657
f 308/896/2 307/897/2 327/12/2 328/8/2 

vt 3.4011 -1.91027e-18
vt 3.25396 -1.91027e-18
v 57.1088 33.5709 -181.636
vt 3.25396 -0.23622
vt 3.4011 -0.23622
f 307/898/7 326/899/7 329/900/7 327/901/7 

vt 3.10682 -1.91027e-18
v 56.9671 33.5715 -181.643
vt 3.10682 -0.23622
f 326/899/7 325/902/7 330/903/7 329/900/7 

vt 2.7537e-17 2.63253
vn -0.78158 0.623804 0.000360955
vt 2.58213e-17 2.32141
v 56.7807 33.3379 -181.669
vt 0.23622 2.32141
vt 0.23622 2.63253
f 325/904/108 324/905/108 331/906/108 330/907/108 

vt 0 2.32143
vn -0.781574 0.623812 0.000361765
vt 2.84217e-14 2.01031
v 56.5942 33.1043 -181.694
vt 0.23622 2.01031
vt 0.23622 2.32143
f 324/908/109 323/909/109 332/910/109 331/911/109 

vt -2.84406e-14 0.406391
vt -2.84406e-14 0.649956
v 56.5943 33.3386 -181.678
vt -0.23622 0.649956
vt -0.23622 0.406391
f 323/912/2 322/913/2 333/914/2 332/915/2 

vt -2.84217e-14 0.649956
vt 0 0.89352
v 56.5944 33.5729 -181.663
f 322/916/2 321/917/2 334/12/2 333/914/2 

vt 2.71967 -1.33204e-19
vt 2.57048 -1.33204e-19
v 56.4508 33.5734 -181.67
vt 2.57048 -0.23622
vt 2.71967 -0.23622
f 321/918/7 320/919/7 335/920/7 334/921/7 

vt 2.57048 2.64592e-18
vt 2.4213 -2.84191e-14
v 56.3071 33.574 -181.678
vt 2.4213 -0.23622
f 320/922/7 319/923/7 336/924/7 335/920/7 

vt 2.84385e-14 0.89352
vt 1.68011e-17 0.454536
v 56.307 33.1517 -181.706
f 319/925/8 318/926/8 337/62/8 336/267/8 

v 56.3068 32.7294 -181.734
f 318/64/8 317/558/8 338/549/8 337/62/8 

vt -2.4213 -7.53182e-20
vt -2.57048 -7.53182e-20
v 56.4505 32.7289 -181.727
vt -2.57048 -0.23622
vt -2.4213 -0.23622
f 317/927/5 316/928/5 339/929/5 338/930/5 

vt -2.57048 -3.13606e-19
vt -2.71967 -2.8422e-14
v 56.5941 32.7283 -181.719
vt -2.71967 -0.23622
f 316/931/5 315/932/5 340/933/5 339/929/5 

vt -2.84458e-14 1.70433
vn 0.781577 -0.623809 -0.000361443
vt -2.58122e-17 2.01378
v 56.7796 32.9607 -181.694
vt -0.23622 2.01378
vt -0.23622 1.70433
f 315/934/110 314/935/110 341/936/110 340/937/110 

vt -2.84492e-14 2.32323
v 56.965 33.193 -181.669
vt -0.23622 2.32323
f 314/935/110 313/938/110 342/939/110 341/936/110 

vt 2.84433e-14 0.500069
vt 2.15435e-17 0.257812
v 56.9649 32.96 -181.684
vt 0.23622 0.257812
vt 0.23622 0.500069
f 313/940/8 312/941/8 343/942/8 342/943/8 

vt 2.84433e-14 0.0155563
v 56.9648 32.7269 -181.7
f 312/941/8 311/944/8 344/549/8 343/942/8 

vt -3.10474 -2.84218e-14
vt -3.25292 -2.84218e-14
v 57.1075 32.7264 -181.692
vt -3.25292 -0.23622
vt -3.10474 -0.23622
f 311/945/5 310/946/5 345/947/5 344/948/5 

vt -3.25292 -2.84215e-14
vt -3.4011 -2.84215e-14
v 57.2502 32.7258 -181.685
vt -3.4011 -0.23622
f 310/949/5 309/950/5 346/951/5 345/947/5 

vt -2.84925e-14 0.0155563
vt -2.84925e-14 0.454536
f 309/952/2 308/953/2 328/8/2 346/9/2 

vt 3.4011 0.454536
vt 3.4011 0.89352
vt 3.25396 0.89352
vt 3.10682 0.89352
vt 2.91325 0.649956
vt 2.71967 0.406391
vt 2.71967 0.649956
vt 2.71967 0.89352
vt 2.57048 0.89352
vt 2.4213 0.89352
vt 2.4213 0.454536
vt 2.4213 0.0155563
vt 2.57048 0.0155563
vt 2.71967 0.0155563
vt 2.9122 0.257813
vt 3.10474 0.500069
vt 3.10474 0.257812
vt 3.10474 0.0155563
vt 3.25292 0.0155563
vt 3.4011 0.0155563
f 328/954/6 327/955/6 329/956/6 330/957/6 331/958/6 332/959/6 333/960/6 334/961/6 335/962/6 336/963/6 337/964/6 338/965/6 339/966/6 340/967/6 341/968/6 342/969/6 343/970/6 344/971/6 345/972/6 346/973/6 

g Mesh5 Group1 DodgeDurango1 Model

v 55.1641 33.3697 -181.98
vt -1.22174 0.660851
v 55.1976 33.4441 -181.973
vt -1.25654 0.73838
v 55.2445 33.5043 -181.967
vt -1.30515 0.801109
v 55.3048 33.5503 -181.961
vt -1.36781 0.84919
v 55.3789 33.5823 -181.955
vt -1.44476 0.882759
v 55.4805 33.6009 -181.948
vt -1.55025 0.902496
v 55.6232 33.6067 -181.94
vt -1.6985 0.909073
v 55.7752 33.5959 -181.933
vt -1.85643 0.898426
v 55.8926 33.5647 -181.929
vt -1.97839 0.866489
v 56.0055 33.4989 -181.927
vt -2.09567 0.7985
v 56.0875 33.4085 -181.929
vt -2.18083 0.70488
v 56.1373 33.2969 -181.934
vt -2.23265 0.589077
v 56.1539 33.1674 -181.942
vt -2.24993 0.454536
v 56.1387 33.0434 -181.951
vt -2.23413 0.325611
v 56.093 32.9346 -181.96
vt -2.18675 0.212284
v 56.0197 32.8459 -181.97
vt -2.11066 0.119789
v 55.9216 32.7824 -181.979
vt -2.00872 0.0533752
v 55.7948 32.7444 -181.988
vt -1.87703 0.0133438
v 55.6356 32.7321 -181.998
vt -1.71167 3.55271e-15
v 55.5028 32.7398 -182.004
vt -1.57371 0.0073967
v 55.3893 32.7615 -182.009
vt -1.45582 0.0295868
v 55.2776 32.803 -182.012
vt -1.33984 0.0722427
v 55.1503 32.8697 -182.014
vt -1.20762 0.141045
v 55.1504 32.9826 -182.007
vt -1.20762 0.258453
v 55.1505 33.2311 -181.99
vt -1.20762 0.516754
v 55.3853 33.2302 -181.978
vt -1.45156 0.516754
v 55.6202 33.2293 -181.965
vt -1.69551 0.516754
v 55.6202 33.1412 -181.971
vt -1.69551 0.425156
v 55.6201 33.0531 -181.977
vt -1.69551 0.333557
v 55.5182 33.0535 -181.983
vt -1.58967 0.333557
v 55.4163 33.0539 -181.988
vt -1.48382 0.333557
v 55.4163 32.9988 -181.991
vt -1.48382 0.27634
v 55.4163 32.9738 -181.993
vt -1.48382 0.250332
v 55.4729 32.9473 -181.992
vt -1.54266 0.223053
v 55.5228 32.9299 -181.99
vt -1.59447 0.205112
v 55.5705 32.9201 -181.989
vt -1.64401 0.19516
v 55.6206 32.9167 -181.986
vt -1.69601 0.191841
v 55.7166 32.9311 -181.98
vt -1.79572 0.207184
v 55.7888 32.9751 -181.973
vt -1.87074 0.25322
v 55.8341 33.0537 -181.966
vt -1.91774 0.335072
v 55.8492 33.1718 -181.957
vt -1.93341 0.457859
v 55.8343 33.2841 -181.951
vt -1.91792 0.574535
v 55.7896 33.3616 -181.948
vt -1.87148 0.654949
v 55.7198 33.4068 -181.948
vt -1.79897 0.701664
v 55.6297 33.4221 -181.952
vt -1.70531 0.717236
v 55.5683 33.4159 -181.956
vt -1.64153 0.710564
v 55.5188 33.3969 -181.96
vt -1.59019 0.690556
v 55.4817 33.3657 -181.964
vt -1.55162 0.657963
v 55.4572 33.323 -181.968
vt -1.52616 0.613541
v 55.3106 33.3463 -181.974
vt -1.37395 0.637196
f 347/974/1 348/975/1 349/976/1 350/977/1 351/978/1 352/979/1 353/980/1 354/981/1 355/982/1 356/983/1 357/984/1 358/985/1 359/986/1 360/987/1 361/988/1 362/989/1 363/990/1 364/991/1 365/992/1 366/993/1 367/994/1 368/995/1 369/996/1 370/997/1 371/998/1 372/999/1 373/1000/1 374/1001/1 375/1002/1 376/1003/1 377/1004/1 378/1005/1 379/1006/1 380/1007/1 381/1008/1 382/1009/1 383/1010/1 384/1011/1 385/1012/1 386/1013/1 387/1014/1 388/1015/1 389/1016/1 390/1017/1 391/1018/1 392/1019/1 393/1020/1 394/1021/1 395/1022/1 396/1023/1 

vt 3.82292e-17 1.18823
vn -0.910894 0.412131 -0.0204878
vt -2.83845e-14 1.10325
v 55.1522 33.3546 -181.753
vt 0.23622 1.10325
v 55.1857 33.429 -181.746
vt 0.23622 1.18823
f 348/1024/111 347/1025/111 397/1026/111 398/1027/111 

vt -2.85597e-14 -1.10576
vn -0.153699 -0.98538 -0.0735045
vt 2.82665e-14 -1.2598
v 55.2987 33.3313 -181.747
vt 0.23622 -1.2598
vt 0.23622 -1.10576
f 347/1028/112 396/1029/112 399/1030/112 397/1031/112 

vt 2.84062e-14 -1.2598
vn -0.153695 -0.985381 -0.0735043
vt 2.84045e-14 -1.41384
v 55.4453 33.308 -181.741
vt 0.23622 -1.41384
f 396/1032/113 395/1033/113 400/1034/113 399/1030/113 

vt -2.84217e-14 1.29113
vn 0.86628 -0.499407 0.0123488
vt 2.84217e-14 1.34232
v 55.4698 33.3506 -181.737
vt -0.23622 1.34232
vt -0.23622 1.29113
f 395/1035/114 394/1036/114 401/1037/114 400/1038/114 

vt 2.8405e-14 1.60982
vn 0.644288 -0.764596 -0.0169223
vt -1.70956e-17 1.66032
v 55.5069 33.3818 -181.733
vt -0.23622 1.66032
vt -0.23622 1.60982
f 394/1039/115 393/1040/115 402/1041/115 401/1042/115 

vt 1.51942e-17 1.7324
vn 0.362283 -0.931085 -0.0427923
vt 5.68591e-14 1.7875
v 55.5564 33.4009 -181.729
vt -0.23622 1.7875
vt -0.23622 1.7324
f 393/1043/116 392/1044/116 403/1045/116 402/1046/116 

vt 5.70624e-14 1.70655
vn 0.103556 -0.992783 -0.0604812
vt -2.81942e-14 1.77068
v 55.6178 33.4071 -181.725
vt -0.23622 1.77068
vt -0.23622 1.70655
f 392/1047/117 391/1048/117 404/1049/117 403/1050/117 

vt 2.82233e-14 -1.56458
vn -0.164125 -0.983665 -0.0739384
vt 5.66341e-14 -1.65953
v 55.7079 33.3917 -181.722
vt 0.23622 -1.65953
vt 0.23622 -1.56458
f 391/1051/118 390/1052/118 405/1053/118 404/1054/118 

vt 5.68088e-14 -1.13228
vn -0.541138 -0.836729 -0.083988
vt 2.83857e-14 -1.21853
v 55.7777 33.3465 -181.721
vt 0.23622 -1.21853
vt 0.23622 -1.13228
f 390/1055/119 389/1056/119 406/1057/119 405/1058/119 

vt 2.84517e-14 -0.368913
vn -0.864915 -0.495765 -0.0783572
vt -2.8391e-14 -0.461777
v 55.8224 33.269 -181.724
vt 0.23622 -0.461777
vt 0.23622 -0.368913
f 389/1059/120 388/1060/120 407/1061/120 406/1062/120 

vt -2.84083e-14 0.317231
vn -0.989995 -0.127483 -0.0604742
vt 2.84352e-14 0.199532
v 55.8373 33.1567 -181.73
vt 0.23622 0.199532
vt 0.23622 0.317231
f 388/1063/121 387/1064/121 408/1065/121 407/1066/121 

vt 2.84217e-14 0.698884
vn -0.990554 0.130074 -0.0434015
vt 0 0.575101
v 55.8222 33.0386 -181.739
vt 0.23622 0.575101
vt 0.23622 0.698884
f 387/1067/122 386/1068/122 409/1069/122 408/1070/122 

vt 4.60353e-17 1.24559
vn -0.86582 0.500205 -0.0122716
vt 4.4907e-17 1.1512
v 55.7769 32.9601 -181.747
vt 0.23622 1.1512
vt 0.23622 1.24559
f 386/1071/123 385/1072/123 410/1073/123 409/1074/123 

vt 1.2409e-17 1.72688
vn -0.52203 0.852428 0.0291772
vt 1.19114e-17 1.63887
v 55.7046 32.9161 -181.753
vt 0.23622 1.63887
vt 0.23622 1.72688
f 385/1075/124 384/1076/124 411/1077/124 410/1078/124 

vt -2.04816e-17 1.80634
vn -0.15154 0.986774 0.0575614
vt 2.84024e-14 1.70546
v 55.6086 32.9017 -181.759
vt 0.23622 1.70546
vt 0.23622 1.80634
f 384/1079/125 383/1080/125 412/1081/125 411/1082/125 

vt -2.85372e-14 -1.68035
vn 0.0639452 0.995533 0.0694635
vt -2.85337e-14 -1.62824
v 55.5586 32.9051 -181.762
vt -0.23622 -1.62824
vt -0.23622 -1.68035
f 383/1083/126 382/1084/126 413/1085/126 412/1086/126 

vt -2.84651e-14 -1.57336
vn 0.197043 0.977502 0.0752585
vt -4.21272e-17 -1.52283
v 55.5109 32.9148 -181.764
vt -0.23622 -1.52283
vt -0.23622 -1.57336
f 382/1087/127 381/1088/127 414/1089/127 413/1090/127 

vt 1.69077e-17 -1.4396
vn 0.327064 0.941635 0.0797075
vt 1.63582e-17 -1.38477
v 55.461 32.9323 -181.765
vt -0.23622 -1.38477
vt -0.23622 -1.4396
f 381/1091/128 380/1092/128 415/1093/128 414/1094/128 

vt 7.63426e-17 -1.30571
vn 0.420381 0.903627 0.0820861
vt 7.3431e-17 -1.24086
v 55.4044 32.9587 -181.766
vt -0.23622 -1.24086
vt -0.23622 -1.30571
f 380/1095/129 379/1096/129 416/1097/129 415/1098/129 

vt -1.02961e-17 0.250332
vt 2.84114e-14 0.27634
v 55.4044 32.9837 -181.765
vt -0.23622 0.27634
vt -0.23622 0.250332
f 379/1099/2 378/1100/2 417/1101/2 416/1102/2 

vt 2.84217e-14 0.27634
vt -2.84217e-14 0.333557
v 55.4044 33.0388 -181.761
vt -0.23622 0.333557
f 378/1103/2 377/1104/2 418/1105/2 417/1101/2 

vt -1.48382 -2.8424e-14
vt -1.58967 -2.8424e-14
v 55.5063 33.0384 -181.756
vt -1.58967 -0.23622
vt -1.48382 -0.23622
f 377/1106/5 376/1107/5 419/1108/5 418/1109/5 

vt -1.58967 -2.8426e-14
vt -1.69551 -4.28321e-18
v 55.6082 33.038 -181.75
vt -1.69551 -0.23622
f 376/1110/5 375/1111/5 420/1112/5 419/1108/5 

vt -3.52949e-17 0.333557
vt 2.83864e-14 0.425156
v 55.6082 33.1261 -181.744
vt -0.23622 0.425156
f 375/1113/2 374/1114/2 421/1115/2 420/1105/2 

vt 2.84217e-14 0.425156
vt 0 0.516754
v 55.6083 33.2142 -181.739
vt -0.23622 0.516754
f 374/1116/2 373/1117/2 422/1118/2 421/1115/2 

vt 1.69551 7.79295e-18
vt 1.45156 -2.84139e-14
v 55.3734 33.2151 -181.751
vt 1.45156 -0.23622
vt 1.69551 -0.23622
f 373/1119/7 372/1120/7 423/1121/7 422/1122/7 

vt 1.45156 -2.842e-14
vt 1.20762 1.70356e-18
v 55.1385 33.216 -181.763
vt 1.20762 -0.23622
f 372/1123/7 371/1124/7 424/1125/7 423/1121/7 

vt 1.67591e-17 0.516754
vt 1.67591e-17 0.258453
v 55.1385 32.9676 -181.78
vt 0.23622 0.258453
vt 0.23622 0.516754
f 371/1126/8 370/1127/8 425/1128/8 424/1129/8 

vt 0 0.258453
vt 0 0.141045
v 55.1384 32.8546 -181.787
vt 0.23622 0.141045
f 370/1130/8 369/1131/8 426/1132/8 425/1128/8 

vt -1.81529e-17 -1.00615
vn -0.461285 -0.883371 -0.08289
vt -2.01404e-17 -1.1552
v 55.2657 32.7879 -181.785
vt 0.23622 -1.1552
vt 0.23622 -1.00615
f 369/1133/130 368/1134/130 427/1135/130 426/1136/130 

vt 1.34667e-17 -1.23255
vn -0.345038 -0.935154 -0.0802214
vt 2.84363e-14 -1.35612
v 55.3773 32.7465 -181.782
vt 0.23622 -1.35612
vt 0.23622 -1.23255
f 368/1137/131 367/1138/131 428/1139/131 427/1140/131 

vt 2.84354e-14 -1.42522
vn -0.185061 -0.979877 -0.0747867
vt 1.47586e-17 -1.54519
v 55.4908 32.7247 -181.777
vt 0.23622 -1.54519
vt 0.23622 -1.42522
f 367/1141/132 366/1142/132 429/1143/132 428/1144/132 

vt -1.52972e-16 -1.57106
vn -0.0538116 -0.996166 -0.0689732
vt -5.70098e-14 -1.70922
v 55.6236 32.7171 -181.771
vt 0.23622 -1.70922
vt 0.23622 -1.57106
f 366/1145/133 365/1146/133 430/1147/133 429/1148/133 

vt 5.71387e-14 1.70612
vn 0.0799763 -0.994876 -0.0618589
vt -2.80978e-14 1.87203
v 55.7829 32.7293 -181.762
vt -0.23622 1.87203
vt -0.23622 1.70612
f 365/1149/134 364/1150/134 431/1151/134 430/1152/134 

vt -2.84105e-14 1.79977
vn 0.290109 -0.955778 -0.0482236
vt 1.19811e-17 1.93741
v 55.9097 32.7673 -181.752
vt -0.23622 1.93741
vt -0.23622 1.79977
f 364/1153/135 363/1154/135 432/1155/135 431/1156/135 

vt -3.82991e-17 1.71215
vn 0.54486 -0.838091 -0.0270258
vt -4.02426e-17 1.83381
v 56.0078 32.8308 -181.743
vt -0.23622 1.83381
vt -0.23622 1.71215
f 363/1157/136 362/1158/136 433/1159/136 432/1160/136 

vt 0 1.43346
vn 0.770965 -0.636875 -0.00178649
vt -2.84217e-14 1.55323
v 56.0811 32.9195 -181.733
vt -0.23622 1.55323
vt -0.23622 1.43346
f 362/1161/137 361/1162/137 434/1163/137 433/1164/137 

vt -2.84217e-14 1.03938
vn 0.921207 -0.388416 0.0226043
vt -2.84217e-14 1.16222
v 56.1268 33.0284 -181.724
vt -0.23622 1.16222
vt -0.23622 1.03938
f 361/1165/138 360/1166/138 435/1167/138 434/1168/138 

vt -2.84061e-14 0.594838
vn 0.991178 -0.125107 0.0437641
vt -2.8406e-14 0.724727
v 56.142 33.1523 -181.715
vt -0.23622 0.724727
vt -0.23622 0.594838
f 360/1169/139 359/1170/139 436/1171/139 435/1172/139 

vt -2.84374e-14 0.164331
vn 0.990543 0.123276 0.0602235
vt -2.84373e-14 0.299976
v 56.1254 33.2818 -181.707
vt -0.23622 0.299976
vt -0.23622 0.164331
f 359/1173/140 358/1174/140 437/1175/140 436/1176/140 

vt -2.84896e-14 -0.374285
vn 0.911661 0.404092 0.0747259
vt -2.8488e-14 -0.247416
v 56.0756 33.3934 -181.702
vt -0.23622 -0.247416
vt -0.23622 -0.374285
f 358/1177/141 357/1178/141 438/1179/141 437/1180/141 

vt -2.84422e-14 -0.946027
vn 0.738963 0.668587 0.0832159
vt -1.96577e-17 -0.819469
v 55.9936 33.4838 -181.7
vt -0.23622 -0.819469
vt -0.23622 -0.946027
f 357/1181/142 356/1182/142 439/1183/142 438/1184/142 

vt 4.34922e-17 -1.41259
vn 0.501139 0.861327 0.08352
vt 4.10582e-17 -1.27702
v 55.8807 33.5496 -181.702
vt -0.23622 -1.27702
vt -0.23622 -1.41259
f 356/1185/143 355/1186/143 440/1187/143 439/1188/143 

vt 0 -1.69437
vn 0.253302 0.964291 0.0773368
vt 0 -1.56829
v 55.7633 33.5808 -181.706
vt -0.23622 -1.56829
vt -0.23622 -1.69437
f 355/1189/144 354/1190/144 441/1191/144 440/1192/144 

vt -5.38611e-16 -1.79179
vn 0.0675184 0.995285 0.0696347
vt -4.92792e-16 -1.63351
v 55.6113 33.5916 -181.713
vt -0.23622 -1.63351
vt -0.23622 -1.79179
f 354/1193/145 353/1194/145 442/1195/145 441/1196/145 

vt -1.66212e-17 1.73712
vn -0.0439099 0.99699 0.0638941
vt 2.84065e-14 1.58872
v 55.4685 33.5858 -181.721
vt 0.23622 1.58872
vt 0.23622 1.73712
f 353/1197/146 352/1198/146 443/1199/146 442/1200/146 

vt 2.85533e-14 1.68979
vn -0.18332 0.981483 0.0555406
vt 1.22647e-16 1.58247
v 55.367 33.5672 -181.728
vt 0.23622 1.58247
vt 0.23622 1.68979
f 352/1201/147 351/1202/147 444/1203/147 443/1204/147 

vt 0 1.67721
vn -0.398956 0.916103 0.0398709
vt 2.84217e-14 1.59325
v 55.2929 33.5352 -181.734
vt 0.23622 1.59325
vt 0.23622 1.67721
f 351/1205/148 350/1206/148 445/1207/148 444/1208/148 

vt 2.84061e-14 1.6021
vn -0.607671 0.793916 0.0207928
vt -1.48761e-17 1.52312
v 55.2325 33.4892 -181.74
vt 0.23622 1.52312
vt 0.23622 1.6021
f 350/1209/149 349/1210/149 446/1211/149 445/1212/149 

vt 1.14569e-17 1.43266
vn -0.789168 0.614178 -0.000676871
vt 1.10302e-17 1.35331
vt 0.23622 1.35331
vt 0.23622 1.43266
f 349/1213/150 348/1214/150 398/1215/150 446/1216/150 

vt 1.25654 0.73838
vt 1.22174 0.660851
vt 1.37395 0.637196
vt 1.52616 0.613541
vt 1.55162 0.657963
vt 1.59019 0.690556
vt 1.64153 0.710564
vt 1.70531 0.717236
vt 1.79897 0.701664
vt 1.87148 0.654949
vt 1.91792 0.574535
vt 1.93341 0.457859
vt 1.91774 0.335072
vt 1.87074 0.25322
vt 1.79572 0.207184
vt 1.69601 0.191841
vt 1.64401 0.19516
vt 1.59447 0.205112
vt 1.54266 0.223053
vt 1.48382 0.250332
vt 1.48382 0.27634
vt 1.48382 0.333557
vt 1.58967 0.333557
vt 1.69551 0.333557
vt 1.69551 0.425156
vt 1.69551 0.516754
vt 1.45156 0.516754
vt 1.20762 0.516754
vt 1.20762 0.258453
vt 1.20762 0.141045
vt 1.33984 0.0722427
vt 1.45582 0.0295868
vt 1.57371 0.0073967
vt 1.71167 1.06594e-14
vt 1.87703 0.0133438
vt 2.00872 0.0533752
vt 2.11066 0.119789
vt 2.18675 0.212284
vt 2.23413 0.325611
vt 2.24993 0.454536
vt 2.23265 0.589077
vt 2.18083 0.70488
vt 2.09567 0.7985
vt 1.97839 0.866489
vt 1.85643 0.898426
vt 1.6985 0.909073
vt 1.55025 0.902496
vt 1.44476 0.882759
vt 1.36781 0.84919
vt 1.30515 0.801109
f 398/1217/6 397/1218/6 399/1219/6 400/1220/6 401/1221/6 402/1222/6 403/1223/6 404/1224/6 405/1225/6 406/1226/6 407/1227/6 408/1228/6 409/1229/6 410/1230/6 411/1231/6 412/1232/6 413/1233/6 414/1234/6 415/1235/6 416/1236/6 417/1237/6 418/1238/6 419/1239/6 420/1240/6 421/1241/6 422/1242/6 423/1243/6 424/1244/6 425/1245/6 426/1246/6 427/1247/6 428/1248/6 429/1249/6 430/1250/6 431/1251/6 432/1252/6 433/1253/6 434/1254/6 435/1255/6 436/1256/6 437/1257/6 438/1258/6 439/1259/6 440/1260/6 441/1261/6 442/1262/6 443/1263/6 444/1264/6 445/1265/6 446/1266/6 

g Mesh6 Group1 DodgeDurango1 Model

v 54.3372 32.7503 -182.065
vt -0.36311 0.0137215
v 54.64 32.7473 -182.049
vt -0.67762 0.0118484
v 54.4877 32.7365 -182.058
vt -0.51939 7.10543e-15
f 447/1267/1 448/1268/1 449/1269/1

v 54.7636 32.7811 -182.04
vt -0.805984 0.0473824
f 448/1268/1 447/1267/1 450/1270/1

v 54.2138 32.7904 -182.068
vt -0.234921 0.0548744
f 450/1270/1 447/1267/1 451/1271/1

vt 2.84217e-14 -0.206903
vn -0.305579 -0.948879 -0.0790598
vt 2.84217e-14 -0.341536
v 54.3253 32.7352 -181.838
vt 0.23622 -0.341536
v 54.2019 32.7753 -181.842
vt 0.23622 -0.206903
f 451/1272/151 447/1273/151 452/1274/151 453/1275/151 

vt 2.84829e-14 -0.360518
vn -0.0876895 -0.993644 -0.0705854
vt 8.75618e-17 -0.5174
v 54.4758 32.7215 -181.831
vt 0.23622 -0.5174
vt 0.23622 -0.360518
f 447/1276/152 449/1277/152 454/1278/152 452/1279/152 

vt 1.80991e-17 0.51794
vn 0.0742238 -0.995301 -0.0621894
vt 2.36129e-17 0.676613
v 54.6281 32.7323 -181.822
vt -0.23622 0.676613
vt -0.23622 0.51794
f 449/1280/153 448/1281/153 455/1282/153 454/1283/153 

vt 3.96547e-17 0.656221
vn 0.266087 -0.962654 -0.0499422
vt -5.67963e-14 0.789413
v 54.7517 32.766 -181.813
vt -0.23622 0.789413
vt -0.23622 0.656221
f 448/1284/154 450/1285/154 456/1286/154 455/1287/154 

vt -5.68598e-14 0.716732
vn 0.510668 -0.859246 -0.0302268
v 54.8625 32.8395 -182.031
vt -2.84402e-14 0.836273
v 54.8506 32.8244 -181.804
vt -0.23622 0.836273
vt -0.23622 0.716732
f 450/1288/155 457/1289/155 458/1290/155 456/1291/155 

vt -0.908691 0.108547
f 450/1270/1 451/1271/1 457/1292/1

v 54.1169 32.854 -182.069
vt -0.134212 0.120686
f 457/1292/1 451/1271/1 459/1293/1

vt -2.84226e-14 -0.0463308
vn -0.546578 -0.833181 -0.0840382
vt 2.84202e-14 -0.166635
vt 0.23622 -0.166635
v 54.105 32.839 -181.842
vt 0.23622 -0.0463308
f 459/1294/156 451/1295/156 453/1296/156 460/1297/156 

vt 0.234921 0.0548744
vt 0.908691 0.108547
vt 0.134212 0.120686
f 453/1298/6 458/1299/6 460/1300/6

vt 0.805984 0.0473824
f 453/1298/6 456/1301/6 458/1299/6

vt 0.36311 0.0137215
f 452/1302/6 456/1301/6 453/1298/6

vt 0.67762 0.0118484
f 452/1302/6 455/1303/6 456/1301/6

vt 0.51939 1.42121e-14
f 455/1303/6 452/1302/6 454/1304/6

v 54.9289 32.9095 -181.794
vt 0.989937 0.197296
f 460/1300/6 458/1299/6 461/1305/6

vt -2.84303e-14 0.693647
vn 0.736354 -0.676567 -0.00624037
v 54.9408 32.9246 -182.021
vt -9.31272e-18 0.813968
vt -0.23622 0.813968
vt -0.23622 0.693647
f 457/1306/157 462/1307/157 461/1308/157 458/1309/157 

vt -0.989937 0.197296
f 457/1292/1 459/1293/1 462/1310/1

v 54.4979 32.931 -182.044
vt -0.529877 0.202209
f 462/1310/1 459/1293/1 463/1311/1

v 54.0459 32.9387 -182.067
vt -0.0603867 0.208382
f 463/1311/1 459/1293/1 464/1312/1

vt -2.84206e-14 0.120525
vn -0.764187 -0.639681 -0.0826217
vt -2.84193e-14 0.00589096
vt 0.23622 0.00589096
v 54.0339 32.9236 -181.841
vt 0.23622 0.120525
f 464/1313/158 459/1314/158 460/1315/158 465/1316/158 

v 54.4859 32.9159 -181.817
vt 0.529877 0.202209
vt 0.0603867 0.208382
f 460/1300/6 466/1317/6 465/1318/6

f 460/1300/6 461/1305/6 466/1317/6

v 54.5713 32.9296 -181.812
vt 0.618515 0.216782
f 461/1305/6 467/1319/6 466/1317/6

v 54.9798 33.0204 -181.784
vt 1.04282 0.312725
f 467/1319/6 461/1305/6 468/1320/6

vt -2.2667e-17 0.591689
vn 0.907739 -0.419066 0.0198616
v 54.9917 33.0354 -182.011
vt -2.84456e-14 0.718656
vt -0.23622 0.718656
vt -0.23622 0.591689
f 462/1321/159 469/1322/159 468/1323/159 461/1324/159 

v 54.5832 32.9447 -182.039
vt -0.618515 0.216782
vt -1.04282 0.312725
f 462/1310/1 470/1325/1 469/1326/1

f 470/1325/1 462/1310/1 463/1311/1

vt -1.98422e-17 0.645489
vn -0.161658 0.985204 0.0569256
vt -1.69987e-17 0.555661
vt 0.23622 0.555661
vt 0.23622 0.645489
f 470/1327/160 463/1328/160 466/1329/160 467/1330/160 

vt 8.83247e-17 -0.491815
vn 0.156233 0.984974 0.0736106
v 54.4109 32.9451 -182.048
vt -2.83484e-14 -0.400397
v 54.399 32.93 -181.821
vt -0.23622 -0.400397
vt -0.23622 -0.491815
f 463/1331/161 471/1332/161 472/1333/161 466/1334/161 

vt -0.439579 0.21648
f 463/1311/1 464/1312/1 471/1335/1

v 54.0023 33.0471 -182.063
vt -0.0150986 0.320885
f 471/1335/1 464/1312/1 473/1336/1

vt -2.84215e-14 0.292033
vn -0.926516 -0.369069 -0.0731808
vt -2.84208e-14 0.170757
vt 0.23622 0.170757
v 53.9904 33.032 -181.836
vt 0.23622 0.292033
f 473/1337/162 464/1338/162 465/1339/162 474/1340/162 

vt 0.439579 0.21648
vt 0.0150986 0.320885
f 465/1318/6 472/1341/6 474/1342/6

f 465/1318/6 466/1317/6 472/1341/6

v 54.3342 32.9714 -181.822
vt 0.372295 0.259296
f 474/1342/6 472/1341/6 475/1343/6

vt -2.8399e-14 -0.254636
vn 0.536426 0.839762 0.0839419
v 54.3462 32.9865 -182.049
vt -2.84025e-14 -0.174884
vt -0.23622 -0.174884
vt -0.23622 -0.254636
f 471/1344/163 476/1345/163 475/1346/163 472/1347/163 

vt -0.372295 0.259296
f 471/1335/1 473/1336/1 476/1348/1

v 54.3059 33.0634 -182.046
vt -0.330467 0.339073
f 476/1348/1 473/1336/1 477/1349/1

v 53.9878 33.182 -182.054
vt -1.18329e-30 0.461128
f 477/1349/1 473/1336/1 478/1350/1

vt 5.68434e-14 0.458479
vn -0.992928 -0.103013 -0.0590034
vt -2.84214e-14 0.317425
vt 0.23622 0.317425
v 53.9759 33.167 -181.827
vt 0.23622 0.458479
f 478/1351/164 473/1352/164 474/1353/164 479/1354/164 

v 54.294 33.0483 -181.819
vt 0.330467 0.339073
vt 4.91733e-18 0.461128
f 474/1342/6 480/1355/6 479/1356/6

f 474/1342/6 475/1343/6 480/1355/6

vt -2.84159e-14 0.0567668
vn 0.884594 0.459959 0.0770135
vt 2.84269e-14 0.146844
vt -0.23622 0.146844
vt -0.23622 0.0567668
f 476/1357/165 477/1358/165 480/1359/165 475/1360/165 

vt 2.84194e-14 0.300401
vn 0.992528 0.106679 0.0592258
v 54.2925 33.1838 -182.038
vt -2.84239e-14 0.426336
v 54.2806 33.1688 -181.811
vt -0.23622 0.426336
vt -0.23622 0.300401
f 477/1361/166 481/1362/166 482/1363/166 480/1364/166 

vt -0.316525 0.464233
f 477/1349/1 478/1350/1 481/1365/1

v 54.0211 33.3634 -182.041
vt -0.0345573 0.649796
f 481/1365/1 478/1350/1 483/1366/1

vt 0 0.645388
vn -0.982225 0.183525 -0.0394148
vt 5.68434e-14 0.453582
vt 0.23622 0.453582
v 54.0092 33.3483 -181.814
vt 0.23622 0.645388
f 483/1367/167 478/1368/167 479/1369/167 484/1370/167 

vt 0.316525 0.464233
vt 0.0345573 0.649796
f 479/1356/6 482/1371/6 484/1372/6

f 479/1356/6 480/1355/6 482/1371/6

v 54.2947 33.2723 -181.804
vt 0.331078 0.571869
f 484/1372/6 482/1371/6 485/1373/6

vt -2.84217e-14 0.502458
vn 0.989578 -0.137474 0.0428589
v 54.3066 33.2873 -182.031
vt 2.84217e-14 0.611073
vt -0.23622 0.611073
vt -0.23622 0.502458
f 481/1374/168 486/1375/168 485/1376/168 482/1377/168 

vt -0.331078 0.571869
f 481/1365/1 483/1366/1 486/1378/1

v 54.3486 33.3585 -182.024
vt -0.374737 0.646011
f 486/1378/1 483/1366/1 487/1379/1

v 54.4147 33.3997 -182.017
vt -0.443321 0.68906
f 487/1379/1 483/1366/1 488/1380/1

v 54.121 33.4991 -182.026
vt -0.138226 0.791241
f 488/1380/1 483/1366/1 489/1381/1

vt 2.84193e-14 0.719897
vn -0.805252 0.592925 -0.00293306
vt -5.94596e-19 0.54453
vt 0.23622 0.54453
v 54.1091 33.484 -181.799
vt 0.23622 0.719897
f 489/1382/169 483/1383/169 484/1384/169 490/1385/169 

v 54.4028 33.3846 -181.791
vt 0.443321 0.68906
vt 0.138226 0.791241
f 484/1372/6 491/1386/6 490/1387/6

v 54.3367 33.3434 -181.797
vt 0.374737 0.646011
f 484/1372/6 492/1388/6 491/1386/6

f 484/1372/6 485/1373/6 492/1388/6

vt 2.84217e-14 0.660774
vn 0.860343 -0.509589 0.0113608
vt -2.84217e-14 0.746816
vt -0.23622 0.746816
vt -0.23622 0.660774
f 486/1389/170 487/1390/170 492/1391/170 485/1392/170 

vt -2.8429e-14 0.660832
vn 0.530605 -0.847144 -0.0283758
vt -8.67945e-18 0.741807
vt -0.23622 0.741807
vt -0.23622 0.660832
f 487/1393/171 488/1394/171 491/1395/171 492/1396/171 

vt 4.84836e-18 0.547007
vn 0.158059 -0.985774 -0.0571526
v 54.5007 33.4131 -182.012
vt 2.84275e-14 0.637481
v 54.4888 33.3981 -181.785
vt -0.23622 0.637481
vt -0.23622 0.547007
f 488/1397/172 493/1398/172 494/1399/172 491/1400/172 

vt -0.53265 0.703411
f 488/1380/1 489/1381/1 493/1401/1

v 54.8744 33.4942 -181.987
vt -0.920822 0.789146
f 493/1401/1 489/1381/1 495/1402/1

v 54.7137 33.5813 -181.99
vt -0.753792 0.879093
f 495/1402/1 489/1381/1 496/1403/1

v 54.2823 33.5835 -182.012
vt -0.305775 0.879616
f 496/1403/1 489/1381/1 497/1404/1

vt 0 0.680832
vn -0.465591 0.884337 0.0342609
vt 2.84217e-14 0.491404
vt 0.23622 0.491404
v 54.2704 33.5684 -181.785
vt 0.23622 0.680832
f 497/1405/173 489/1406/173 490/1407/173 498/1408/173 

v 54.7017 33.5663 -181.763
vt 0.753792 0.879093
vt 0.305775 0.879616
f 490/1387/6 499/1409/6 498/1410/6

v 54.8625 33.4791 -181.76
vt 0.920822 0.789146
f 490/1387/6 500/1411/6 499/1409/6

vt 0.53265 0.703411
f 490/1387/6 494/1412/6 500/1411/6

f 490/1387/6 491/1386/6 494/1412/6

v 54.5717 33.3837 -181.782
vt 0.618774 0.688839
f 501/1413/6 500/1411/6 494/1412/6

v 54.9633 33.3404 -181.764
vt 1.02554 0.645386
f 501/1413/6 502/1414/6 500/1411/6

v 54.6365 33.3414 -181.781
vt 0.686062 0.645123
f 503/1415/6 502/1414/6 501/1413/6

v 54.6782 33.2668 -181.784
vt 0.729462 0.567749
f 504/1416/6 502/1414/6 503/1415/6

v 54.9968 33.1561 -181.775
vt 1.06045 0.453945
f 504/1416/6 505/1417/6 502/1414/6

v 54.6921 33.1556 -181.791
vt 0.743927 0.452217
f 506/1418/6 505/1417/6 504/1416/6

v 54.6782 33.0454 -181.799
vt 0.729546 0.337574
f 507/1419/6 505/1417/6 506/1418/6

f 507/1419/6 468/1320/6 505/1417/6

v 54.6367 32.9714 -181.806
vt 0.686405 0.260498
f 508/1420/6 468/1320/6 507/1419/6

f 467/1319/6 468/1320/6 508/1420/6

v 54.6486 32.9865 -182.033
vt 2.84305e-14 0.71814
vn -0.540361 0.840985 0.0274543
vt 7.92732e-18 0.637392
vt 0.23622 0.637392
vt 0.23622 0.71814
f 509/1421/174 470/1422/174 467/1423/174 508/1424/174 

vt -0.686405 0.260498
f 469/1326/1 470/1325/1 509/1425/1

v 54.6901 33.0605 -182.026
vt -0.729546 0.337574
f 469/1326/1 509/1425/1 510/1426/1

vt 2.84275e-14 0.650891
vn -0.871247 0.490668 -0.01319
vt 2.84272e-14 0.562563
vt 0.23622 0.562563
vt 0.23622 0.650891
f 510/1427/175 509/1428/175 508/1429/175 507/1430/175 

v 54.704 33.1707 -182.017
vt 5.20249e-18 0.541297
vn -0.99082 0.127981 -0.0435544
vt 2.84268e-14 0.425755
vt 0.23622 0.425755
vt 0.23622 0.541297
f 511/1431/176 510/1432/176 507/1433/176 506/1434/176 

v 55.0088 33.1712 -182.001
vt -1.06045 0.453945
vt -0.743927 0.452217
f 512/1435/1 510/1426/1 511/1436/1

f 469/1326/1 510/1426/1 512/1435/1

vt -2.8429e-14 0.43951
vn 0.990892 -0.127403 0.0435966
vt 2.84143e-14 0.581827
vt -0.23622 0.581827
vt -0.23622 0.43951
f 469/1437/177 512/1438/177 505/1439/177 468/1440/177 

vt 2.84367e-14 0.25635
vn 0.982492 0.17524 0.063251
v 54.9752 33.3555 -181.991
vt -2.84072e-14 0.450947
vt -0.23622 0.450947
vt -0.23622 0.25635
f 512/1441/178 513/1442/178 502/1443/178 505/1444/178 

v 54.6901 33.2819 -182.011
vt -0.729462 0.567749
vt -1.02554 0.645386
f 512/1435/1 514/1445/1 513/1446/1

f 512/1435/1 511/1436/1 514/1445/1

vt 2.84268e-14 0.472725
vn -0.990935 -0.120178 -0.0600384
vt 5.20233e-18 0.356291
vt 0.23622 0.356291
vt 0.23622 0.472725
f 514/1447/179 511/1448/179 506/1449/179 504/1450/179 

v 54.6484 33.3565 -182.008
vt 1.09165e-17 0.227026
vn -0.87114 -0.484807 -0.0779567
vt 2.84333e-14 0.138312
vt 0.23622 0.138312
vt 0.23622 0.227026
f 515/1451/180 514/1452/180 504/1453/180 503/1454/180 

vt -0.686062 0.645123
f 513/1446/1 514/1445/1 515/1455/1

v 54.5836 33.3988 -182.009
vt -0.618774 0.688839
f 513/1446/1 515/1455/1 516/1456/1

vt 0 -0.143593
vn -0.544354 -0.834638 -0.084018
vt 0 -0.223835
vt 0.23622 -0.223835
vt 0.23622 -0.143593
f 516/1457/181 515/1458/181 503/1459/181 501/1460/181 

vt -2.83719e-14 -0.407837
vn -0.166941 -0.983182 -0.0740542
vt 5.79078e-17 -0.495186
vt 0.23622 -0.495186
vt 0.23622 -0.407837
f 493/1461/182 516/1462/182 501/1463/182 494/1464/182 

f 495/1402/1 516/1456/1 493/1401/1

f 513/1446/1 516/1456/1 495/1402/1

vt -2.84041e-14 -0.0821714
vn 0.807383 0.584411 0.081221
vt -2.84059e-14 0.095687
vt -0.23622 0.095687
vt -0.23622 -0.0821714
f 513/1465/183 495/1466/183 500/1467/183 502/1468/183 

vt -2.8415e-14 -0.436585
vn 0.473785 0.87671 0.0831044
vt 5.51587e-18 -0.246875
vt -0.23622 -0.246875
vt -0.23622 -0.436585
f 495/1469/184 496/1470/184 499/1471/184 500/1472/184 

vt 9.76375e-18 -0.629268
vn 0.134086 0.988302 0.0726682
v 54.5001 33.611 -181.999
vt 6.89034e-18 -0.405415
v 54.4882 33.5959 -181.772
vt -0.23622 -0.405415
vt -0.23622 -0.629268
f 496/1473/185 517/1474/185 518/1475/185 499/1476/185 

vt -0.531956 0.909073
f 496/1403/1 497/1404/1 517/1477/1

vt -7.14536e-18 0.644904
vn -0.128625 0.989938 0.0589754
vt -4.10724e-18 0.416813
vt 0.23622 0.416813
vt 0.23622 0.644904
f 517/1478/186 497/1479/186 498/1480/186 518/1481/186 

vt 0.531956 0.909073
f 498/1410/6 499/1409/6 518/1482/6

g Mesh7 Component_16_1 DodgeDurango1 Model

usemtl _PaleTurquoise_1
v 69.4228 31.0209 -8.29573
vt -11.8356 1.63439
vn -0.419935 -0.0613582 -0.905478
v 67.425 32.5347 -7.47176
vt -9.67722 3.15202
vn -0.39885 -0.0750065 -0.913943
v 69.6289 32.1301 -8.48069
vt -12.101 2.74638
vn -0.426793 -0.078185 -0.900963
f 519/1483/187 520/1484/188 521/1485/189

v 68.7542 30.0643 -7.9371
vt -11.0895 0.704391
vn -0.404729 -0.0457301 -0.913293
vt -9.68699 3.17807
vt -11.8467 1.66229
f 522/1486/190 520/1487/188 519/1488/187

v 67.2849 29.3594 -7.27301
vt -9.49058 0.0170455
vn -0.390236 -0.0403645 -0.919829
vt -9.69783 3.19488
vt -11.1027 0.722502
f 523/1489/191 520/1490/188 522/1491/190

v 65.7779 29.3197 -6.64216
vt -7.8627 -0.0185679
vn -0.386766 -0.0395972 -0.921328
vt -9.70224 3.19903
vt -9.49647 0.0210947
f 524/1492/192 520/1493/188 523/1494/191

v 64.5285 29.848 -6.1368
vt -6.51325 0.509944
vn -0.37335 -0.0507605 -0.926301
vt -9.70086 3.19857
vt -7.86081 -0.0187364
f 525/1495/193 520/1496/188 524/1497/192

vt -6.52172 0.506349
v 59.454 32.3968 -4.29561
vt -1.12593 3.06028
vn -0.367968 -0.0781079 -0.926552
vt -9.7064 3.19843
f 525/1498/193 526/1499/194 520/1500/188

vt -1.12696 3.06522
vt -6.52367 0.513236
v 59.1353 29.848 -4.03386
vt -0.734997 0.513236
vn -0.362828 -0.0501993 -0.930503
f 526/1501/194 525/1502/193 527/1503/195

usemtl _Black_7
v 58.3464 29.848 -6.27405
vt 0 2.24019
vn 0 -1 -0
v 63.8034 29.848 -8.19576
vt -5.457 4.16191
vn -0.175327 -0.982572 0.0617425
vt -6.18208 2.10295
vt -0.788896 -1.06581e-14
f 528/1504/196 529/1505/197 525/1506/197 527/1507/196 

vt -0.744105 0.528289
vn -0.332161 0 -0.943223
v 60.5654 30.2889 -7.05548
vt -3.09667 0.969147
vt -6.52959 0.528289
f 528/1508/198 530/1509/198 529/1510/198

v 60.0906 30.4819 -6.88828
vt -2.5933 1.16217
f 530/1509/198 528/1508/198 531/1511/198

v 59.6829 30.789 -6.7447
vt -2.16104 1.46923
f 531/1511/198 528/1508/198 532/1512/198

v 59.3701 31.1891 -6.63453
vt -1.82936 1.86939
f 532/1512/198 528/1508/198 533/1513/198

v 58.7119 32.3968 -6.40276
vt -1.1316 3.07705
f 533/1513/198 528/1508/198 534/1514/198

vt 0.262041 0.63413
vn -0.932507 0.150305 0.328388
vt 0.120993 3.21218
vn -0.940315 0.0784648 0.331137
vt -2.113 3.21218
vt -2.113 0.63413
f 527/1515/199 526/1516/200 534/1517/200 528/1518/199 

vt 0.120993 3.08402
v 59.4244 33.9579 -4.40888
vt 0.00431291 4.64519
vn -0.942843 -0.0283809 0.332027
v 58.7211 33.9579 -6.40598
vt -2.113 4.64519
vt -2.113 3.08402
f 526/1519/200 535/1520/201 536/1521/201 534/1522/200 

usemtl _PaleTurquoise_1
vt -1.13987 4.62117
vn -0.375356 -0.100001 -0.92147
v 67.3755 33.7227 -7.61227
vt -9.71201 4.38531
vn -0.378323 -0.111751 -0.918904
vt -1.12476 3.05572
f 535/1523/202 537/1524/203 526/1525/194

vt -1.13979 4.59491
v 67.326 34.9108 -7.75279
vt -9.71902 5.55521
vn -0.383423 -0.116631 -0.916179
vt -9.71189 4.35787
f 535/1526/202 538/1527/204 537/1528/203

vt -9.71914 5.56577
vt -1.13963 4.60797
v 59.3338 34.9389 -4.4799
vt -1.08274 5.59401
vn -0.377313 -0.10149 -0.920508
f 538/1529/204 535/1530/202 539/1531/205

usemtl _Black_7
vt 0.00431291 4.55716
vt -0.0927662 5.54006
vn -0.941352 -0.0629419 0.331503
v 58.6627 34.9389 -6.38543
vt -2.113 5.54006
vt -2.113 4.55716
f 535/1532/201 539/1533/206 540/1534/206 536/1535/201 

vt 0.0927662 -1.06113
vn 0.0030724 0.999995 -0.00108196
vt 0.525125 -9.68675
vn 0.17925 0.981776 -0.0631238
v 66.7986 34.9108 -9.25051
vt 2.113 -9.68675
vt 2.113 -1.06113
f 539/1536/207 538/1537/208 541/1538/208 540/1539/207 

vt 0.525125 -6.94635
v 68.6058 34.3653 -8.2401
vt 0.559665 -8.42001
vn 0.548185 0.813773 -0.193046
v 68.0898 34.3653 -9.70524
vt 2.113 -8.42001
vt 2.113 -6.94635
f 538/1540/208 542/1541/209 543/1542/209 541/1543/208 

usemtl _PaleTurquoise_1
vt -11.0848 4.97284
vn -0.407492 -0.117264 -0.905649
vt -9.69472 3.1279
vt -9.70589 4.32521
vt -9.71706 5.52253
f 542/1544/210 520/1545/188 537/1546/203 538/1547/204 

v 69.3168 33.4986 -8.46184
vt -11.8165 4.09023
vn -0.421887 -0.0977902 -0.901359
vt -9.68392 3.12031
vt -11.078 4.96226
f 544/1548/211 520/1549/188 542/1550/210

vt -12.0991 2.72985
vt -9.67539 3.13593
vt -11.8091 4.10342
f 521/1551/189 520/1552/188 544/1553/211

usemtl _Black_7
vt 0.446739 0.144492
vn 0.94321 -0.00523237 -0.332157
v 69.0755 32.1301 -10.0523
vt 2.113 0.144492
v 68.7919 33.4986 -9.95247
vt 2.113 1.54571
vn 0.843952 0.446559 -0.297203
vt 0.532633 1.54571
f 521/1554/212 545/1555/212 546/1556/213 544/1557/213 

vt 0.340747 4.3242
vn 0.851058 -0.431135 -0.299705
v 68.8341 31.0209 -9.96735
vt 2.113 4.3242
vt 2.113 5.4625
vt 0.446739 5.4625
f 519/1558/214 547/1559/214 545/1560/212 521/1561/212 

vt 0.224582 7.44166
vn 0.578127 -0.79014 -0.203591
v 68.1269 30.0643 -9.7183
vt 2.113 7.44166
vt 2.113 8.65712
vt 0.340747 8.65712
f 522/1562/215 548/1563/215 547/1564/214 519/1565/214 

v 66.6117 29.3594 -9.18472
vt 2.113 8.72158
vn 0.204826 -0.976137 -0.0721307
vt 2.113 10.4758
vt 0.224582 10.4758
vt 0.0862194 8.72158
f 549/1566/216 548/1567/215 522/1568/215 523/1569/216 

vt -9.50693 0.0396297
v 66.1085 29.901 -9.00752
vt -8.97347 0.581283
vt -11.1133 0.744522
f 549/1570/198 550/1571/198 548/1572/198

f 549/1570/198 529/1510/198 550/1571/198

v 65.0733 29.3197 -8.64295
vt -7.8759 7.10543e-15
f 529/1510/198 549/1570/198 551/1573/198

vt 2.113 7.87357
vn -0.164058 -0.984757 0.0577738
vt 2.113 9.50509
vt 0.0862194 9.50509
vt -0.00823416 7.87357
f 551/1574/217 549/1575/216 523/1576/216 524/1577/217 

vt -2.113 -5.8854
vt -2.113 -7.33164
vt 0.00823416 -7.33164
vt 0.0698994 -5.8854
f 529/1578/197 551/1579/217 524/1580/217 525/1581/197 

v 61.0749 30.223 -7.23491
vt -3.63685 0.90331
f 529/1510/198 552/1582/198 550/1571/198

f 529/1510/198 530/1509/198 552/1582/198

vt 2.113 -3.50085
vn 0 1 -0
vt 2.113 -2.95667
vn 0.227618 0.970446 -0.080157
v 60.8596 30.2889 -6.22018
vt 1.22742 -2.95667
vn 0.0538389 0.866682 -0.495948
v 61.3691 30.223 -6.39961
vt 1.22742 -3.50085
vn -0.149424 0.893102 -0.424314
f 552/1583/218 530/1584/219 553/1585/220 554/1586/221 

vt 2.113 -2.54438
vt 2.113 -2.00527
vn 0.445493 0.881433 -0.156883
v 60.3848 30.4819 -6.05298
vt 1.22742 -2.00527
vn 0.248335 0.787121 -0.564597
vt 1.22742 -2.54438
f 530/1587/219 531/1588/222 555/1589/223 553/1590/220 

vt 2.113 -1.44113
vt 2.113 -0.910918
vn 0.641677 0.732931 -0.22597
v 59.9771 30.789 -5.90941
vt 1.22742 -0.910918
vn 0.423383 0.654427 -0.626476
vt 1.22742 -1.44113
f 531/1591/222 532/1592/224 556/1593/225 555/1594/223 

vt 2.113 -0.24789
vt 2.113 0.271863
vn 0.800947 0.528135 -0.282058
v 59.6642 31.1891 -5.79924
vt 1.22742 0.271863
vn 0.565411 0.4715 -0.676755
vt 1.22742 -0.24789
f 532/1595/224 533/1596/226 557/1597/227 556/1598/225 

vt 2.113 0.959242
v 59.1734 31.6551 -6.56527
vt 2.113 1.46976
vn 0.906231 0.277305 -0.319134
v 59.4676 31.6551 -5.72998
vt 1.22742 1.46976
vn 0.659246 0.24754 -0.710013
vt 1.22742 0.959242
f 533/1599/226 558/1600/228 559/1601/229 557/1602/227 

vt -1.62086 2.33539
f 533/1513/198 534/1514/198 558/1603/198

v 59.1063 32.1552 -6.54165
vt -1.54974 2.83547
f 558/1603/198 534/1514/198 560/1604/198

v 59.1734 32.6553 -6.56527
vt -1.62086 3.33556
f 560/1604/198 534/1514/198 561/1605/198

vt -1.1413 4.63819
f 561/1605/198 534/1514/198 536/1606/198

v 59.3701 33.1213 -6.63453
vt -1.82936 3.80156
f 561/1605/198 536/1606/198 562/1607/198

v 59.6829 33.5215 -6.7447
vt -2.16104 4.20172
f 562/1607/198 536/1606/198 563/1608/198

v 60.0906 33.8285 -6.88828
vt -2.5933 4.50878
f 563/1608/198 536/1606/198 564/1609/198

v 60.5654 34.0215 -7.05548
vt -3.09667 4.7018
f 564/1609/198 536/1606/198 565/1610/198

vt -1.07943 5.61914
f 565/1610/198 536/1606/198 540/1611/198

v 61.0749 34.0874 -7.23491
vt -3.63685 4.76764
f 565/1610/198 540/1611/198 566/1612/198

v 62.7635 34.0913 -7.82956
vt -5.42711 4.7716
f 566/1612/198 540/1611/198 567/1613/198

v 62.8209 34.2273 -7.84976
vt -5.48792 4.90752
f 567/1613/198 540/1611/198 568/1614/198

v 62.9122 34.344 -7.88189
vt -5.58466 5.02423
f 568/1614/198 540/1611/198 569/1615/198

v 63.0311 34.4335 -7.92377
vt -5.71074 5.11379
f 569/1615/198 540/1611/198 570/1616/198

v 63.1695 34.4898 -7.97254
vt -5.85755 5.17009
f 570/1616/198 540/1611/198 571/1617/198

v 63.3182 34.509 -8.02487
vt -6.01511 5.18929
f 571/1617/198 540/1611/198 572/1618/198

vt -9.70501 5.59104
f 572/1618/198 540/1611/198 541/1619/198

v 63.4668 34.4898 -8.0772
vt -6.17266 5.17009
f 541/1619/198 573/1620/198 572/1618/198

v 63.6052 34.4335 -8.12597
vt -6.31947 5.11379
f 541/1619/198 574/1621/198 573/1620/198

v 66.1085 34.4094 -9.00752
vt -8.97347 5.08967
f 541/1619/198 575/1622/198 574/1621/198

vt -11.074 5.0456
f 543/1623/198 575/1622/198 541/1619/198

v 66.703 34.3326 -9.21686
vt -9.60368 5.01286
f 543/1623/198 576/1624/198 575/1622/198

v 67.2569 34.1074 -9.41192
vt -10.1909 4.78766
f 543/1623/198 577/1625/198 576/1624/198

v 67.7326 33.7492 -9.57943
vt -10.6952 4.42943
f 543/1623/198 578/1626/198 577/1625/198

vt -11.8183 4.1789
f 546/1627/198 578/1626/198 543/1623/198

v 68.0976 33.2823 -9.70796
vt -11.0822 3.96257
f 546/1627/198 579/1628/198 578/1626/198

v 68.327 32.7386 -9.78876
vt -11.3255 3.4189
f 546/1627/198 580/1629/198 579/1628/198

v 68.4053 32.1552 -9.81632
vt -11.4084 2.83547
f 546/1627/198 581/1630/198 580/1629/198

vt -12.119 2.81032
f 545/1631/198 581/1630/198 546/1627/198

v 68.327 31.5718 -9.78876
vt -11.3255 2.25205
f 545/1631/198 582/1632/198 581/1630/198

v 68.0976 31.0281 -9.70796
vt -11.0822 1.70838
f 545/1631/198 583/1633/198 582/1632/198

vt -11.8631 1.70115
f 547/1634/198 583/1633/198 545/1631/198

v 67.7326 30.5613 -9.57943
vt -10.6952 1.24152
f 547/1634/198 584/1635/198 583/1633/198

v 67.2569 30.203 -9.41192
vt -10.1909 0.883287
f 547/1634/198 585/1636/198 584/1635/198

f 548/1572/198 585/1636/198 547/1634/198

v 66.703 29.9778 -9.21686
vt -9.60368 0.658092
f 548/1572/198 586/1637/198 585/1636/198

f 548/1572/198 550/1571/198 586/1637/198

vt -2.113 9.61275
vn -0.227618 0.970446 0.080157
vt -2.113 8.97788
v 66.4027 29.901 -8.17223
vt -1.22742 8.97788
v 66.9971 29.9778 -8.38156
vt -1.22742 9.61275
vn -0.352722 0.866682 -0.352776
f 586/1638/230 550/1639/218 587/1640/221 588/1641/231 

vt 2.113 -8.83723
v 65.5141 29.9778 -8.79819
vt 2.113 -8.20235
v 65.8083 29.9778 -7.9629
vt 1.22742 -8.20235
vt 1.22742 -8.83723
f 550/1642/218 589/1643/219 590/1644/220 587/1645/221 

vt -8.34325 0.658092
f 550/1571/198 552/1582/198 589/1646/198

v 64.9602 30.203 -8.60312
vt -7.75599 0.883287
f 589/1646/198 552/1582/198 591/1647/198

v 64.4845 30.5613 -8.43562
vt -7.25169 1.24152
f 552/1582/198 592/1648/198 591/1647/198

v 61.5844 30.2889 -7.41433
vt -4.17703 0.969147
f 592/1648/198 552/1582/198 593/1649/198

vt -2.113 4.2636
vt -2.113 3.71942
vt -1.22742 3.71942
v 61.8786 30.2889 -6.57904
vt -1.22742 4.2636
f 593/1650/230 552/1651/218 554/1652/221 594/1653/231 

f 553/1509/220 594/1649/231 554/1582/221

f 594/1649/231 553/1509/220 555/1511/223

v 62.3534 30.4819 -6.74624
vt -4.6804 1.16217
vn -0.547316 0.787121 -0.284404
f 594/1649/231 555/1511/223 595/1654/232

f 595/1654/232 555/1511/223 556/1512/225

v 62.7611 30.789 -6.88982
vt -5.11265 1.46923
vn -0.722511 0.654427 -0.222943
f 595/1654/232 556/1512/225 596/1655/233

f 596/1655/233 556/1512/225 557/1513/227

v 63.0739 31.1891 -6.99999
vt -5.44433 1.86939
vn -0.864704 0.4715 -0.173132
f 596/1655/233 557/1513/227 597/1656/234

v 61.3691 31.2388 -6.39961
vt -3.63685 1.91907
vn -0.149424 -0.893102 -0.424314
f 597/1656/234 557/1513/227 598/1657/235

v 61.1274 31.27 -6.31451
vt -3.38064 1.95029
vn -0.352722 -0.866682 -0.352776
f 598/1657/235 557/1513/227 599/1658/236

f 599/1658/236 557/1513/227 559/1603/229

v 60.9022 31.3616 -6.23521
vt -3.1419 2.04184
vn -0.547316 -0.787121 -0.284404
f 599/1658/236 559/1603/229 600/1659/237

v 60.7089 31.5072 -6.16711
vt -2.93689 2.18748
vn -0.722511 -0.654427 -0.222943
f 600/1659/237 559/1603/229 601/1660/238

v 60.5605 31.697 -6.11486
vt -2.77957 2.37727
vn -0.864704 -0.4715 -0.173132
f 601/1660/238 559/1603/229 602/1661/239

v 59.4005 32.1552 -5.70636
vn 0.692204 -8.88372e-16 -0.721702
f 602/1661/239 559/1603/229 603/1604/240

vt 2.113 2.08392
vt 2.113 2.58904
vn 0.943223 -9.95236e-16 -0.332161
vt 1.22742 2.58904
vt 1.22742 2.08392
f 558/1662/228 560/1663/241 603/1664/240 559/1665/229 

vt 2.113 3.02542
vt 2.113 3.53054
vn 0.906231 -0.277305 -0.319134
v 59.4676 32.6553 -5.72998
vt 1.22742 3.53054
vn 0.659246 -0.24754 -0.710013
vt 1.22742 3.02542
f 560/1666/241 561/1667/242 604/1668/243 603/1669/240 

vt 2.113 3.70667
vt 2.113 4.21719
vn 0.800947 -0.528135 -0.282058
v 59.6642 33.1213 -5.79924
vt 1.22742 4.21719
vn 0.565411 -0.4715 -0.676755
vt 1.22742 3.70667
f 561/1670/242 562/1671/244 605/1672/245 604/1673/243 

vt 2.113 4.09427
vt 2.113 4.61403
vn 0.641677 -0.732931 -0.22597
v 59.9771 33.5215 -5.90941
vt 1.22742 4.61403
vn 0.423383 -0.654427 -0.626476
vt 1.22742 4.09427
f 562/1674/244 563/1675/246 606/1676/247 605/1677/245 

vt 2.113 4.19507
vt 2.113 4.72528
vn 0.445493 -0.881433 -0.156883
v 60.3848 33.8285 -6.05298
vt 1.22742 4.72528
vn 0.248335 -0.787121 -0.564597
vt 1.22742 4.19507
f 563/1678/246 564/1679/248 607/1680/249 606/1681/247 

vt 2.113 4.03571
vt 2.113 4.57482
vn 0.227618 -0.970446 -0.080157
v 60.8596 34.0215 -6.22018
vt 1.22742 4.57482
vn 0.0538389 -0.866682 -0.495948
vt 1.22742 4.03571
f 564/1682/248 565/1683/250 608/1684/251 607/1685/249 

vt 2.113 3.64276
vt 2.113 4.18694
vn -4.05434e-16 -1 1.433e-16
v 61.3691 34.0874 -6.39961
vt 1.22742 4.18694
vt 1.22742 3.64276
f 565/1686/250 566/1687/252 609/1688/235 608/1689/251 

vt -2.113 -3.03333
v 61.5844 34.0215 -7.41433
vt -2.113 -3.57751
vn -0.227618 -0.970446 0.080157
v 61.8786 34.0215 -6.57904
vt -1.22742 -3.57751
vt -1.22742 -3.03333
f 566/1690/252 610/1691/253 611/1692/236 609/1693/235 

vt -4.17703 4.7018
f 567/1613/198 610/1694/198 566/1612/198

v 62.744 33.9455 -7.82267
vt -5.40637 4.62574
f 612/1695/198 610/1694/198 567/1613/198

v 62.0592 33.8285 -7.58153
vt -4.6804 4.50878
f 612/1695/198 613/1696/198 610/1694/198

v 62.7635 33.7996 -7.82956
vt -5.42711 4.47989
f 614/1697/198 613/1696/198 612/1695/198

v 62.8209 33.6637 -7.84976
vt -5.48792 4.34397
f 615/1698/198 613/1696/198 614/1697/198

v 62.9122 33.547 -7.88189
vt -5.58466 4.22726
f 616/1699/198 613/1696/198 615/1698/198

v 62.4669 33.5215 -7.72511
vt -5.11265 4.20172
f 616/1699/198 617/1700/198 613/1696/198

v 63.0311 33.4574 -7.92377
vt -5.71074 4.1377
f 618/1701/198 617/1700/198 616/1699/198

v 63.1695 33.4011 -7.97254
vt -5.85755 4.0814
f 619/1702/198 617/1700/198 618/1701/198

v 62.7798 33.1213 -7.83528
vt -5.44433 3.80156
f 619/1702/198 620/1703/198 617/1700/198

v 63.3182 33.3819 -8.02487
vt -6.01511 4.0622
f 621/1704/198 620/1703/198 619/1702/198

v 64.1195 33.2823 -8.30708
vt -6.86473 3.96257
f 622/1705/198 620/1703/198 621/1704/198

v 63.8901 32.7386 -8.22628
vt -6.62148 3.4189
f 623/1706/198 620/1703/198 622/1705/198

v 62.9765 32.6553 -7.90454
vt -5.65284 3.33556
f 623/1706/198 624/1707/198 620/1703/198

v 63.8118 32.1552 -8.19873
vt -6.53851 2.83547
f 625/1708/198 624/1707/198 623/1706/198

v 63.0435 32.1552 -7.92816
vt -5.72395 2.83547
f 625/1708/198 626/1709/198 624/1707/198

v 62.9765 31.6551 -7.90454
vt -5.65284 2.33539
f 625/1708/198 627/1710/198 626/1709/198

v 63.8901 31.5718 -8.22628
vt -6.62148 2.25205
f 628/1711/198 627/1710/198 625/1708/198

v 62.7798 31.1891 -7.83528
f 628/1711/198 629/1656/198 627/1710/198

v 64.1195 31.0281 -8.30708
vt -6.86473 1.70838
f 630/1712/198 629/1656/198 628/1711/198

v 62.4669 30.789 -7.72511
f 630/1712/198 631/1655/198 629/1656/198

f 592/1648/198 631/1655/198 630/1712/198

v 62.0592 30.4819 -7.58153
f 592/1648/198 632/1654/198 631/1655/198

f 592/1648/198 593/1649/198 632/1654/198

vt -2.113 4.78622
vn -0.445493 0.881433 0.156883
vt -2.113 4.24711
vt -1.22742 4.24711
vt -1.22742 4.78622
f 632/1713/254 593/1714/230 594/1715/231 595/1716/232 

vt -2.113 5.01891
vn -0.641677 0.732931 0.22597
vt -2.113 4.4887
vt -1.22742 4.4887
vt -1.22742 5.01891
f 631/1717/255 632/1718/254 595/1719/232 596/1720/233 

vt -2.113 4.91357
vn -0.800947 0.528135 0.282058
vt -2.113 4.39381
vt -1.22742 4.39381
vt -1.22742 4.91357
f 629/1721/256 631/1722/255 596/1723/233 597/1724/234 

vt -2.113 4.44043
vn -0.906231 0.277305 0.319134
vt -2.113 3.92991
vt -1.22742 3.92991
v 63.2706 31.6551 -7.06924
vt -1.22742 4.44043
vn -0.958672 0.24754 -0.140254
f 627/1725/257 629/1726/256 597/1727/234 633/1728/258 

v 61.6107 31.27 -6.48471
vt -3.89305 1.95029
f 597/1656/234 634/1729/251 633/1710/258

f 634/1729/251 597/1656/234 598/1657/235

vt 1.22742 4.10041
vt 1.22742 3.84231
v 61.2621 31.2388 -6.70335
vt 1.54945 3.84231
vn 1.70562e-15 -1 -6.04656e-16
v 61.5038 31.27 -6.78846
vt 1.54945 4.10041
f 634/1730/251 598/1731/235 635/1732/259 636/1733/250 

vt -1.22742 -3.37796
vt -1.22742 -3.11986
v 61.0205 31.27 -6.61825
vt -1.54945 -3.11986
vt -1.54945 -3.37796
f 598/1734/235 599/1735/236 637/1736/253 635/1737/259 

vt -1.22742 -2.45824
vt -1.22742 -2.20254
v 60.7953 31.3616 -6.53895
vt -1.54945 -2.20254
vn -0.445493 -0.881433 0.156883
vt -1.54945 -2.45824
f 599/1738/236 600/1739/237 638/1740/260 637/1741/253 

vt -1.22742 -1.37894
vt -1.22742 -1.12747
v 60.6019 31.5072 -6.47086
vt -1.54945 -1.12747
vn -0.641677 -0.732931 0.22597
vt -1.54945 -1.37894
f 600/1742/237 601/1743/238 639/1744/261 638/1745/260 

vt -1.22742 -0.190006
vt -1.22742 0.0565081
v 60.4535 31.697 -6.4186
vt -1.54945 0.0565081
vn -0.800947 -0.528135 0.282058
vt -1.54945 -0.190006
f 601/1746/238 602/1747/239 640/1748/262 639/1749/261 

vt -1.22742 1.03475
v 60.4672 31.918 -6.08201
vt -1.22742 1.27689
vn -0.958672 -0.24754 -0.140254
v 60.3602 31.918 -6.38575
vt -1.54945 1.27689
vn -0.906231 -0.277305 0.319134
vt -1.54945 1.03475
f 602/1750/239 641/1751/263 642/1752/264 640/1753/262 

vt -2.68068 2.59829
f 602/1661/239 603/1604/240 641/1754/263

v 60.4354 32.1552 -6.07081
vt -2.64695 2.83547
vn -0.991682 1.90187e-15 -0.128712
f 641/1754/263 603/1604/240 643/1755/265

f 643/1755/265 603/1604/240 604/1605/243

v 60.4672 32.3924 -6.08201
vt -2.68068 3.07266
f 643/1755/265 604/1605/243 644/1756/258

v 60.5605 32.6134 -6.11486
vt -2.77957 3.29368
f 644/1756/258 604/1605/243 645/1757/234

v 60.7089 32.8032 -6.16711
vt -2.93689 3.48347
f 645/1757/234 604/1605/243 646/1758/233

f 646/1758/233 604/1605/243 605/1607/245

v 60.9022 32.9488 -6.23521
vt -3.1419 3.62911
f 646/1758/233 605/1607/245 647/1759/232

v 61.1274 33.0404 -6.31451
vt -3.38064 3.72066
f 647/1759/232 605/1607/245 648/1760/231

v 61.3691 33.0716 -6.39961
vt -3.63685 3.75188
f 648/1760/231 605/1607/245 649/1761/221

v 63.0739 33.1213 -6.99999
f 650/1703/239 649/1761/221 605/1607/245

v 61.6107 33.0404 -6.48471
vt -3.89305 3.72066
f 650/1703/239 651/1762/220 649/1761/221

v 61.8359 32.9488 -6.56401
vt -4.13179 3.62911
f 650/1703/239 652/1763/223 651/1762/220

v 62.0293 32.8032 -6.63211
vt -4.33681 3.48347
f 650/1703/239 653/1764/225 652/1763/223

v 63.2706 32.6553 -7.06924
f 654/1707/263 653/1764/225 650/1703/239

v 62.1777 32.6134 -6.68436
vt -4.49412 3.29368
f 654/1707/263 655/1765/227 653/1764/225

v 62.271 32.3924 -6.71721
vt -4.59301 3.07266
f 654/1707/263 656/1766/229 655/1765/227

v 63.3377 32.1552 -7.09287
vn -0.991682 8.88372e-16 -0.128712
f 657/1709/266 656/1766/229 654/1707/263

v 62.3028 32.1552 -6.72842
vt -4.62674 2.83547
vn 0.692204 0 -0.721702
f 657/1709/266 658/1767/267 656/1766/229

v 62.271 31.918 -6.71721
vt -4.59301 2.59829
f 657/1709/266 659/1768/243 658/1767/267

v 62.1777 31.697 -6.68436
vt -4.49412 2.37727
f 657/1709/266 660/1769/245 659/1768/243

f 633/1710/258 660/1769/245 657/1709/266

v 62.0293 31.5072 -6.63211
vt -4.33681 2.18748
f 633/1710/258 661/1770/247 660/1769/245

v 61.8359 31.3616 -6.56401
vt -4.13179 2.04184
f 633/1710/258 662/1771/249 661/1770/247

f 633/1710/258 634/1729/251 662/1771/249

vt 1.22742 4.58894
vt 1.22742 4.33325
vt 1.54945 4.33325
v 61.729 31.3616 -6.86776
vt 1.54945 4.58894
f 662/1772/249 634/1773/251 636/1774/250 663/1775/248 

v 61.2621 33.0716 -6.70335
v 61.5038 33.0404 -6.78846
v 61.729 32.9488 -6.86776
v 61.9223 32.8032 -6.93585
v 62.0707 32.6134 -6.98811
v 62.164 32.3924 -7.02096
v 62.1958 32.1552 -7.03216
v 62.164 31.918 -7.02096
v 62.0707 31.697 -6.98811
v 61.9223 31.5072 -6.93585
v 60.3284 32.1552 -6.37455
v 60.3602 32.3924 -6.38575
v 60.4535 32.6134 -6.4186
v 60.6019 32.8032 -6.47086
v 60.7953 32.9488 -6.53895
v 61.0205 33.0404 -6.61825
f 664/1761/198 665/1762/198 666/1763/198 667/1764/198 668/1765/198 669/1766/198 670/1767/198 671/1768/198 672/1769/198 673/1770/198 663/1771/198 636/1729/198 635/1657/198 637/1658/198 638/1659/198 639/1660/198 640/1661/198 642/1754/198 674/1755/198 675/1756/198 676/1757/198 677/1758/198 678/1759/198 679/1760/198 

vt 1.22742 -3.15622
vt 1.22742 -3.41432
vt 1.54945 -3.41432
vt 1.54945 -3.15622
vn -4.33395e-16 1 1.53785e-16
f 649/1776/221 651/1777/220 665/1778/219 664/1779/268 

vt 1.22742 -2.30281
vt 1.22742 -2.55851
vt 1.54945 -2.55851
vt 1.54945 -2.30281
f 651/1780/220 652/1781/223 666/1782/222 665/1783/219 

vt 1.22742 -1.26673
vt 1.22742 -1.51821
vt 1.54945 -1.51821
vt 1.54945 -1.26673
f 652/1784/223 653/1785/225 667/1786/224 666/1787/222 

vt 1.22742 -0.0855606
vt 1.22742 -0.332074
vt 1.54945 -0.332074
vt 1.54945 -0.0855606
f 653/1788/225 655/1789/227 668/1790/226 667/1791/224 

vt 1.22742 1.17101
vt 1.22742 0.928872
vt 1.54945 0.928872
vt 1.54945 1.17101
f 655/1792/227 656/1793/229 669/1794/228 668/1795/226 

vt 1.22742 2.39539
vt 1.22742 2.15582
vt 1.54945 2.15582
vn 0.943223 0 -0.332161
vt 1.54945 2.39539
f 656/1796/229 658/1797/267 670/1798/269 669/1799/228 

vt 1.22742 3.45864
vt 1.22742 3.21907
vt 1.54945 3.21907
vt 1.54945 3.45864
f 658/1800/267 659/1801/243 671/1802/242 670/1803/269 

vt 1.22742 4.24756
vt 1.22742 4.00542
vt 1.54945 4.00542
vt 1.54945 4.24756
f 659/1804/243 660/1805/245 672/1806/244 671/1807/242 

vt 1.22742 4.69821
vt 1.22742 4.4517
vt 1.54945 4.4517
vt 1.54945 4.69821
f 660/1808/245 661/1809/247 673/1810/246 672/1811/244 

vt 1.22742 4.80236
vt 1.22742 4.55089
vt 1.54945 4.55089
vt 1.54945 4.80236
f 661/1812/247 662/1813/249 663/1814/248 673/1815/246 

vt -1.22742 3.80595
vt -1.22742 4.06405
vt -1.54945 4.06405
vt -1.54945 3.80595
f 648/1816/231 649/1817/221 664/1818/268 679/1819/230 

vt -1.22742 4.23298
vt -1.22742 4.48868
vt -1.54945 4.48868
vt -1.54945 4.23298
f 647/1820/232 648/1821/231 679/1822/230 678/1823/254 

vt -1.22742 4.41162
vt -1.22742 4.6631
vt -1.54945 4.6631
vt -1.54945 4.41162
f 646/1824/233 647/1825/232 678/1826/254 677/1827/255 

vt -1.22742 4.30963
vt -1.22742 4.55614
vt -1.54945 4.55614
vt -1.54945 4.30963
f 645/1828/234 646/1829/233 677/1830/255 676/1831/256 

vt -1.22742 3.89954
vt -1.22742 4.14167
vt -1.54945 4.14167
vt -1.54945 3.89954
f 644/1832/258 645/1833/234 676/1834/256 675/1835/257 

vt -1.22742 3.1799
vt -1.22742 3.41947
vt -1.54945 3.41947
vt -1.54945 3.1799
vn -0.943223 2.13065e-15 0.332161
f 643/1836/265 644/1837/258 675/1838/257 674/1839/270 

vt -1.22742 2.19499
vt -1.22742 2.43456
vt -1.54945 2.43456
vt -1.54945 2.19499
f 641/1840/263 643/1841/265 674/1842/270 642/1843/264 

vt -2.113 3.61312
vn -0.943223 9.95236e-16 0.332161
vt -2.113 3.10801
vt -1.22742 3.10801
vt -1.22742 3.61312
f 626/1844/271 627/1845/257 633/1846/258 657/1847/266 

vt -2.113 2.50645
vt -2.113 2.00134
vt -1.22742 2.00134
vt -1.22742 2.50645
f 624/1848/264 626/1849/271 657/1850/266 654/1851/263 

vt -2.113 1.24652
vt -2.113 0.735998
vt -1.22742 0.735998
vt -1.22742 1.24652
f 620/1852/262 624/1853/264 654/1854/263 650/1855/239 

vt -2.113 -0.0276764
vt -2.113 -0.547429
vt -1.22742 -0.547429
v 62.7611 33.5215 -6.88982
vt -1.22742 -0.0276764
f 617/1856/261 620/1857/262 650/1858/239 680/1859/238 

f 650/1703/239 606/1608/247 680/1700/238

f 650/1703/239 605/1607/245 606/1608/247

f 680/1700/238 606/1608/247 607/1609/249

v 62.3534 33.8285 -6.74624
f 680/1700/238 607/1609/249 681/1696/237

f 681/1696/237 607/1609/249 608/1610/251

f 681/1696/237 608/1610/251 611/1694/236

f 611/1694/236 608/1610/251 609/1612/235

vt -2.113 -2.21667
vt -2.113 -2.75578
vt -1.22742 -2.75578
vt -1.22742 -2.21667
f 610/1860/253 613/1861/260 681/1862/237 611/1863/236 

vt -2.113 -1.20455
vt -2.113 -1.73476
vt -1.22742 -1.73476
vt -1.22742 -1.20455
f 613/1864/260 617/1865/261 680/1866/238 681/1867/237 

vt 2.113 -3.6718
vt 2.113 -3.06542
v 64.4137 31.0281 -7.47179
vt 1.22742 -3.06542
v 64.7787 30.5613 -7.60032
vt 1.22742 -3.6718
f 592/1868/224 630/1869/226 682/1870/227 683/1871/225 

vt 2.113 -1.24424
vt 2.113 -0.648632
v 64.1843 31.5718 -7.39099
vt 1.22742 -0.648632
vt 1.22742 -1.24424
f 630/1872/226 628/1873/228 684/1874/229 682/1875/227 

vt 2.113 1.29735
vt 2.113 1.88665
vn 0.943223 3.30811e-15 -0.332161
v 64.106 32.1552 -7.36343
vt 1.22742 1.88665
vn 0.692204 2.9529e-15 -0.721702
vt 1.22742 1.29735
f 628/1876/228 625/1877/272 685/1878/273 684/1879/229 

vt 2.113 3.72781
vt 2.113 4.31711
v 64.1843 32.7386 -7.39099
vt 1.22742 4.31711
vt 1.22742 3.72781
f 625/1880/272 623/1881/242 686/1882/243 685/1883/273 

vt 2.113 5.82506
vt 2.113 6.42067
v 64.4137 33.2823 -7.47179
vt 1.22742 6.42067
vt 1.22742 5.82506
f 623/1884/242 622/1885/244 687/1886/245 686/1887/243 

vt 2.113 7.43156
v 64.4845 33.7492 -8.43562
vt 2.113 8.03793
v 64.7787 33.7492 -7.60032
vt 1.22742 8.03793
vt 1.22742 7.43156
f 622/1888/244 688/1889/246 689/1890/247 687/1891/245 

v 63.4668 33.4011 -8.0772
vt -6.17266 4.0814
vt -7.25169 4.42943
f 622/1705/198 690/1892/198 688/1893/198

f 690/1892/198 622/1705/198 621/1704/198

vt -2.113 6.6211
vt -2.113 6.46238
v 63.5321 33.3819 -7.41738
vt -1.46894 6.46238
v 63.6807 33.4011 -7.46972
vt -1.46894 6.6211
f 690/1894/230 621/1895/218 691/1896/221 692/1897/231 

vt 2.113 -5.47946
vt 2.113 -5.32074
v 63.3835 33.4011 -7.36505
vt 1.46894 -5.32074
vt 1.46894 -5.47946
f 621/1898/218 619/1899/219 693/1900/220 691/1901/221 

vt 2.113 -4.00792
vt 2.113 -3.85068
v 63.245 33.4574 -7.31628
vt 1.46894 -3.85068
vt 1.46894 -4.00792
f 619/1902/219 618/1903/222 694/1904/223 693/1905/220 

vt 2.113 -2.25942
vt 2.113 -2.10478
v 63.1261 33.547 -7.27441
vt 1.46894 -2.10478
vt 1.46894 -2.25942
f 618/1906/222 616/1907/224 695/1908/225 694/1909/223 

vt 2.113 -0.309229
vt 2.113 -0.157634
v 63.0348 33.6637 -7.24227
vt 1.46894 -0.157634
vt 1.46894 -0.309229
f 616/1910/224 615/1911/226 696/1912/227 695/1913/225 

vt 2.113 1.72383
vt 2.113 1.87273
v 62.9775 33.7996 -7.22207
vt 1.46894 1.87273
vt 1.46894 1.72383
f 615/1914/226 614/1915/228 697/1916/229 696/1917/227 

vt 2.113 3.67116
vt 2.113 3.81849
v 62.9579 33.9455 -7.21518
vt 1.46894 3.81849
vt 1.46894 3.67116
f 614/1918/228 612/1919/269 698/1920/267 697/1921/229 

vt 2.113 5.34085
vt 2.113 5.48817
v 62.9775 34.0913 -7.22207
vt 1.46894 5.48817
vt 1.46894 5.34085
f 612/1922/269 567/1923/242 699/1924/243 698/1925/267 

vt 2.113 6.572
vt 2.113 6.72091
v 63.0348 34.2273 -7.24227
vt 1.46894 6.72091
vt 1.46894 6.572
f 567/1926/242 568/1927/244 700/1928/245 699/1929/243 

vt 2.113 7.28047
vt 2.113 7.43207
v 63.1261 34.344 -7.27441
vt 1.46894 7.43207
vt 1.46894 7.28047
f 568/1930/244 569/1931/246 701/1932/247 700/1933/245 

vt 2.113 7.46248
vt 2.113 7.61713
v 63.245 34.4335 -7.31628
vt 1.46894 7.61713
vt 1.46894 7.46248
f 569/1934/246 570/1935/248 702/1936/249 701/1937/247 

vt 2.113 7.1631
vt 2.113 7.32034
v 63.3835 34.4898 -7.36505
vt 1.46894 7.32034
vt 1.46894 7.1631
f 570/1938/248 571/1939/250 703/1940/251 702/1941/249 

vt 2.113 6.44002
vt 2.113 6.59874
v 63.5321 34.509 -7.41738
vt 1.46894 6.59874
vt 1.46894 6.44002
f 571/1942/250 572/1943/196 704/1944/235 703/1945/251 

vt -2.113 -5.3431
vt -2.113 -5.50182
v 63.6807 34.4898 -7.46972
vt -1.46894 -5.50182
vt -1.46894 -5.3431
f 572/1946/196 573/1947/253 705/1948/236 704/1949/235 

vt -2.113 -3.91234
vt -2.113 -4.06958
v 63.8192 34.4335 -7.51848
vt -1.46894 -4.06958
vt -1.46894 -3.91234
f 573/1950/253 574/1951/260 706/1952/237 705/1953/236 

vt -2.113 -2.19042
v 63.7242 34.344 -8.16785
vt -2.113 -2.34506
v 63.9381 34.344 -7.56036
vt -1.46894 -2.34506
vt -1.46894 -2.19042
f 574/1954/260 707/1955/261 708/1956/238 706/1957/237 

vt -6.44555 5.02423
f 575/1622/198 707/1958/198 574/1621/198

v 65.5141 34.3326 -8.79819
vt -8.34325 5.01286
f 709/1959/198 707/1958/198 575/1622/198

v 63.8154 34.2273 -8.19998
vt -6.54229 4.90752
f 709/1959/198 710/1960/198 707/1958/198

v 64.9602 34.1074 -8.60312
vt -7.75599 4.78766
f 711/1961/198 710/1960/198 709/1959/198

v 63.8728 34.0913 -8.22018
vt -6.6031 4.7716
f 711/1961/198 712/1962/198 710/1960/198

v 63.8923 33.9455 -8.22707
vt -6.62384 4.62574
f 711/1961/198 713/1963/198 712/1962/198

v 63.8728 33.7996 -8.22018
vt -6.6031 4.47989
f 711/1961/198 714/1964/198 713/1963/198

f 688/1893/198 714/1964/198 711/1961/198

v 63.8154 33.6637 -8.19998
vt -6.54229 4.34397
f 688/1893/198 715/1965/198 714/1964/198

v 63.7242 33.547 -8.16785
vt -6.44555 4.22726
f 688/1893/198 716/1966/198 715/1965/198

v 63.6052 33.4574 -8.12597
vt -6.31947 4.1377
f 688/1893/198 717/1967/198 716/1966/198

f 688/1893/198 690/1892/198 717/1967/198

vt -2.113 7.382
vt -2.113 7.22476
vt -1.46894 7.22476
v 63.8192 33.4574 -7.51848
vt -1.46894 7.382
f 717/1968/254 690/1969/230 692/1970/231 718/1971/232 

v 64.1063 33.9455 -7.61958
vn -0.991682 0 -0.128712
v 64.0867 33.7996 -7.61269
v 64.0293 33.6637 -7.59249
v 63.9381 33.547 -7.56036
v 64.0293 34.2273 -7.59249
v 64.0867 34.0913 -7.61269
f 719/1963/274 720/1964/258 721/1965/234 722/1966/233 718/1967/232 692/1892/231 691/1704/221 693/1702/220 694/1701/223 695/1699/225 696/1698/227 697/1697/229 698/1695/267 699/1613/243 700/1614/245 701/1615/247 702/1616/249 703/1617/251 704/1618/235 705/1620/236 706/1621/237 708/1958/238 723/1960/239 724/1962/263 

vt -2.113 5.51226
vn -0.943223 0 0.332161
vt -2.113 5.36493
vt -1.46894 5.36493
vt -1.46894 5.51226
f 713/1972/275 714/1973/257 720/1974/258 719/1975/274 

vt -2.113 6.78602
vt -2.113 6.63712
vt -1.46894 6.63712
vt -1.46894 6.78602
f 714/1976/257 715/1977/256 721/1978/234 720/1979/258 

vt -2.113 7.51943
vt -2.113 7.36784
vt -1.46894 7.36784
vt -1.46894 7.51943
f 715/1980/256 716/1981/255 722/1982/233 721/1983/234 

vt -2.113 7.70277
vt -2.113 7.54813
vt -1.46894 7.54813
vt -1.46894 7.70277
f 716/1984/255 717/1985/254 718/1986/232 722/1987/233 

vt -2.113 3.7944
vt -2.113 3.64708
vt -1.46894 3.64708
vt -1.46894 3.7944
f 712/1988/264 713/1989/275 719/1990/274 724/1991/263 

vt -2.113 1.80762
vt -2.113 1.65872
vt -1.46894 1.65872
vt -1.46894 1.80762
f 710/1992/262 712/1993/264 724/1994/263 723/1995/239 

vt -2.113 -0.245
vt -2.113 -0.396594
vt -1.46894 -0.396594
vt -1.46894 -0.245
f 707/1996/261 710/1997/262 723/1998/239 708/1999/238 

vt 2.113 8.47706
vt 2.113 9.09564
v 65.2544 34.1074 -7.76783
vt 1.22742 9.09564
vt 1.22742 8.47706
f 688/2000/246 711/2001/248 725/2002/249 689/2003/247 

vt 2.113 8.95599
vt 2.113 9.58495
v 65.8083 34.3326 -7.9629
vt 1.22742 9.58495
vt 1.22742 8.95599
f 711/2004/248 709/2005/250 726/2006/251 725/2007/249 

vt 2.113 8.88844
vt 2.113 9.52332
vn -3.63493e-16 -1 1.25824e-16
v 66.4027 34.4094 -8.17223
vt 1.22742 9.52332
vt 1.22742 8.88844
f 709/2008/250 575/2009/276 727/2010/235 726/2011/251 

vt -2.113 -8.29178
vt -2.113 -8.92666
v 66.9971 34.3326 -8.38156
vt -1.22742 -8.92666
vt -1.22742 -8.29178
f 575/2012/276 576/2013/253 728/2014/236 727/2015/235 

vt -2.113 -7.17219
vt -2.113 -7.80116
v 67.5511 34.1074 -8.57663
vt -1.22742 -7.80116
vt -1.22742 -7.17219
f 576/2016/253 577/2017/260 729/2018/237 728/2019/236 

vt -2.113 -5.53547
vt -2.113 -6.15406
v 68.0267 33.7492 -8.74413
vt -1.22742 -6.15406
vt -1.22742 -5.53547
f 577/2020/260 578/2021/261 730/2022/238 729/2023/237 

vt -2.113 -3.41488
vt -2.113 -4.02126
v 68.3917 33.2823 -8.87267
vt -1.22742 -4.02126
vt -1.22742 -3.41488
f 578/2024/261 579/2025/262 731/2026/239 730/2027/238 

vt -2.113 -0.909083
vt -2.113 -1.50469
v 68.6211 32.7386 -8.95347
vt -1.22742 -1.50469
vt -1.22742 -0.909083
f 579/2028/262 580/2029/264 732/2030/263 731/2031/239 

vt -2.113 1.7903
vt -2.113 1.201
v 68.6994 32.1552 -8.98103
vt -1.22742 1.201
vt -1.22742 1.7903
f 580/2032/264 581/2033/275 733/2034/274 732/2035/263 

vt -2.113 4.41346
vt -2.113 3.82416
v 68.6211 31.5718 -8.95347
vt -1.22742 3.82416
vt -1.22742 4.41346
f 581/2036/275 582/2037/257 734/2038/258 733/2039/274 

vt -2.113 6.68112
vt -2.113 6.08551
v 68.3917 31.0281 -8.87267
vt -1.22742 6.08551
vt -1.22742 6.68112
f 582/2040/257 583/2041/256 735/2042/234 734/2043/258 

vt -2.113 8.3874
vt -2.113 7.78102
v 68.0267 30.5613 -8.74413
vt -1.22742 7.78102
vt -1.22742 8.3874
f 583/2044/256 584/2045/255 736/2046/233 735/2047/234 

vt -2.113 9.43821
vt -2.113 8.81963
v 67.5511 30.203 -8.57663
vt -1.22742 8.81963
vt -1.22742 9.43821
f 584/2048/255 585/2049/254 737/2050/232 736/2051/233 

vt -2.113 9.83159
vt -2.113 9.20263
vt -1.22742 9.20263
vt -1.22742 9.83159
f 585/2052/254 586/2053/230 588/2054/231 737/2055/232 

v 65.2544 30.203 -7.76783
f 588/1637/231 738/1647/223 737/1636/232

f 588/1637/231 590/1646/220 738/1647/223

f 590/1646/220 588/1637/231 587/1571/221

vt 2.113 -7.55452
vt 2.113 -6.92555
vt 1.22742 -6.92555
vt 1.22742 -7.55452
f 589/2056/219 591/2057/222 738/2058/223 590/2059/220 

vt 2.113 -5.81149
vt 2.113 -5.19291
vt 1.22742 -5.19291
vt 1.22742 -5.81149
f 591/2060/222 592/2061/224 683/2062/225 738/2063/223 

f 737/1636/232 738/1647/223 683/1648/225

f 737/1636/232 683/1648/225 736/1635/233

f 736/1635/233 683/1648/225 682/1712/227

f 736/1635/233 682/1712/227 735/1633/234

f 735/1633/234 682/1712/227 684/1711/229

v 66.4027 31.4585 -8.17223
vt -8.97347 2.13872
f 735/1633/234 684/1711/229 739/2064/198

v 66.219 31.4822 -8.10753
vt -8.77867 2.16246
f 739/2064/198 684/1711/229 740/2065/198

v 66.0478 31.5518 -8.04723
vt -8.59715 2.23207
f 740/2065/198 684/1711/229 741/2066/198

v 65.9007 31.6625 -7.99546
vt -8.44128 2.3428
f 741/2066/198 684/1711/229 742/2067/198

f 742/2067/198 684/1711/229 685/1708/273

v 65.7879 31.8068 -7.95573
vt -8.32167 2.4871
f 742/2067/198 685/1708/273 743/2068/198

v 65.717 31.9749 -7.93075
vt -8.24649 2.65514
f 743/2068/198 685/1708/273 744/2069/198

v 65.6928 32.1552 -7.92224
vt -8.22084 2.83547
f 744/2069/198 685/1708/273 745/2070/198

f 745/2070/198 685/1708/273 686/1706/243

v 65.717 32.3355 -7.93075
vt -8.24649 3.01581
f 745/2070/198 686/1706/243 746/2071/198

v 65.7879 32.5036 -7.95573
vt -8.32167 3.18385
f 746/2071/198 686/1706/243 747/2072/198

v 65.9007 32.6479 -7.99546
vt -8.44128 3.32815
f 747/2072/198 686/1706/243 748/2073/198

v 66.0478 32.7586 -8.04723
vt -8.59715 3.43888
f 748/2073/198 686/1706/243 749/2074/198

f 749/2074/198 686/1706/243 687/1705/245

v 66.219 32.8282 -8.10753
vt -8.77867 3.50849
f 749/2074/198 687/1705/245 750/2075/198

v 66.4027 32.852 -8.17223
vt -8.97347 3.53223
f 750/2075/198 687/1705/245 751/2076/198

f 731/1628/239 751/2076/198 687/1705/245

v 66.5864 32.8282 -8.23693
vt -9.16826 3.50849
f 731/1628/239 752/2077/198 751/2076/198

v 66.7576 32.7586 -8.29722
vt -9.34978 3.43888
f 731/1628/239 753/2078/198 752/2077/198

f 732/1629/263 753/2078/198 731/1628/239

v 66.9047 32.6479 -8.349
vt -9.50565 3.32815
f 732/1629/263 754/2079/198 753/2078/198

v 67.0175 32.5036 -8.38873
vt -9.62526 3.18385
f 732/1629/263 755/2080/198 754/2079/198

v 67.0884 32.3355 -8.4137
vt -9.70045 3.01581
f 732/1629/263 756/2081/198 755/2080/198

f 733/1630/274 756/2081/198 732/1629/263

v 67.1126 32.1552 -8.42222
vt -9.72609 2.83547
f 733/1630/274 757/2082/198 756/2081/198

v 67.0884 31.9749 -8.4137
vt -9.70045 2.65514
f 733/1630/274 758/2083/198 757/2082/198

v 67.0175 31.8068 -8.38873
vt -9.62526 2.4871
f 733/1630/274 759/2084/198 758/2083/198

v 66.9047 31.6625 -8.349
vt -9.50565 2.3428
f 733/1630/274 760/2085/198 759/2084/198

f 734/1632/258 760/2085/198 733/1630/274

v 66.7576 31.5518 -8.29722
vt -9.34978 2.23207
f 734/1632/258 761/2086/198 760/2085/198

v 66.5864 31.4822 -8.23693
vt -9.16826 2.16246
f 734/1632/258 762/2087/198 761/2086/198

f 734/1632/258 739/2064/198 762/2087/198

f 739/2064/198 734/1632/258 735/1633/234

vt -1.22742 9.36254
vt -1.22742 9.1663
vn 1.13941e-15 1 -4.05434e-16
v 66.5364 31.4585 -7.79255
vt -0.82489 9.1663
v 66.7201 31.4822 -7.85725
vt -0.82489 9.36254
f 762/2088/230 739/2089/277 763/2090/221 764/2091/231 

vt 1.22742 -8.6488
vt 1.22742 -8.45257
v 66.3527 31.4822 -7.72785
vt 0.82489 -8.45257
vt 0.82489 -8.6488
f 739/2092/277 740/2093/219 765/2094/220 763/2095/221 

vt 1.22742 -7.42244
vt 1.22742 -7.22803
v 66.1815 31.5518 -7.66755
vt 0.82489 -7.22803
vt 0.82489 -7.42244
f 740/2096/219 741/2097/222 766/2098/223 765/2099/220 

vt 1.22742 -5.71614
vt 1.22742 -5.52494
v 66.0344 31.6625 -7.61578
vt 0.82489 -5.52494
vt 0.82489 -5.71614
f 741/2100/222 742/2101/224 767/2102/225 766/2103/223 

vt 1.22742 -3.58305
vt 1.22742 -3.39562
v 65.9216 31.8068 -7.57605
vt 0.82489 -3.39562
vt 0.82489 -3.58305
f 742/2104/224 743/2105/226 768/2106/227 767/2107/225 

vt 1.22742 -1.12846
vt 1.22742 -0.94436
v 65.8507 31.9749 -7.55107
vt 0.82489 -0.94436
vt 0.82489 -1.12846
f 743/2108/226 744/2109/228 769/2110/229 768/2111/227 

vt 1.22742 1.46764
vt 1.22742 1.64979
vn 0.943223 1.00925e-14 -0.332161
v 65.8265 32.1552 -7.54256
vt 0.82489 1.64979
vn 0.692204 9.00884e-15 -0.721702
vt 0.82489 1.46764
f 744/2112/228 745/2113/278 770/2114/279 769/2115/229 

vt 1.22742 3.96467
vt 1.22742 4.14682
v 65.8507 32.3355 -7.55107
vt 0.82489 4.14682
vt 0.82489 3.96467
f 745/2116/278 746/2117/242 771/2118/243 770/2119/279 

vt 1.22742 6.12079
vt 1.22742 6.30489
v 65.9216 32.5036 -7.57605
vt 0.82489 6.30489
vt 0.82489 6.12079
f 746/2120/242 747/2121/244 772/2122/245 771/2123/243 

vt 1.22742 7.76176
vt 1.22742 7.94918
v 66.0344 32.6479 -7.61578
vt 0.82489 7.94918
vt 0.82489 7.76176
f 747/2124/244 748/2125/246 773/2126/247 772/2127/245 

vt 1.22742 8.80909
vt 1.22742 9.00029
v 66.1815 32.7586 -7.66755
vt 0.82489 9.00029
vt 0.82489 8.80909
f 748/2128/246 749/2129/248 774/2130/249 773/2131/247 

vt 1.22742 9.25847
vt 1.22742 9.45288
v 66.3527 32.8282 -7.72785
vt 0.82489 9.45288
vt 0.82489 9.25847
f 749/2132/248 750/2133/250 775/2134/251 774/2135/249 

vt 1.22742 9.13866
vt 1.22742 9.33489
vn -1.73148e-14 -1 6.10248e-15
v 66.5364 32.852 -7.79255
vt 0.82489 9.33489
vt 0.82489 9.13866
f 750/2136/250 751/2137/280 776/2138/235 775/2139/251 

vt -1.22742 -8.48021
vt -1.22742 -8.67644
v 66.7201 32.8282 -7.85725
vt -0.82489 -8.67644
vt -0.82489 -8.48021
f 751/2140/280 752/2141/253 777/2142/236 776/2143/235 

vt -1.22742 -7.30427
vt -1.22742 -7.49868
v 66.8914 32.7586 -7.91755
vt -0.82489 -7.49868
vt -0.82489 -7.30427
f 752/2144/253 753/2145/260 778/2146/237 777/2147/236 

vt -1.22742 -5.63082
vt -1.22742 -5.82202
v 67.0384 32.6479 -7.96932
vt -0.82489 -5.82202
vt -0.82489 -5.63082
f 753/2148/260 754/2149/261 779/2150/238 778/2151/237 

vt -1.22742 -3.50364
vt -1.22742 -3.69106
v 67.1512 32.5036 -8.00905
vt -0.82489 -3.69106
vt -0.82489 -3.50364
f 754/2152/261 755/2153/262 780/2154/239 779/2155/238 

vt -1.22742 -1.02486
vt -1.22742 -1.20896
v 67.2221 32.3355 -8.03402
vt -0.82489 -1.20896
vt -0.82489 -1.02486
f 755/2156/262 756/2157/264 781/2158/263 780/2159/239 

vt -1.22742 1.62001
vt -1.22742 1.43786
vn -0.943223 -7.86377e-15 0.332161
v 67.2463 32.1552 -8.04254
vt -0.82489 1.43786
vn -0.991682 -7.01939e-15 -0.128712
vt -0.82489 1.62001
f 756/2160/264 757/2161/281 782/2162/282 781/2163/263 

vt -1.22742 4.1766
vt -1.22742 3.99445
v 67.2221 31.9749 -8.03402
vt -0.82489 3.99445
vt -0.82489 4.1766
f 757/2164/281 758/2165/257 783/2166/258 782/2167/282 

vt -1.22742 6.38539
vt -1.22742 6.20129
v 67.1512 31.8068 -8.00905
vt -0.82489 6.20129
vt -0.82489 6.38539
f 758/2168/257 759/2169/256 784/2170/234 783/2171/258 

vt -1.22742 8.0572
vt -1.22742 7.86977
v 67.0384 31.6625 -7.96932
vt -0.82489 7.86977
vt -0.82489 8.0572
f 759/2172/256 760/2173/255 785/2174/233 784/2175/234 

vt -1.22742 9.10618
vt -1.22742 8.91498
v 66.8914 31.5518 -7.91755
vt -0.82489 8.91498
vt -0.82489 9.10618
f 760/2176/255 761/2177/254 786/2178/232 785/2179/233 

vt -1.22742 9.52911
vt -1.22742 9.33471
vt -0.82489 9.33471
vt -0.82489 9.52911
f 761/2180/254 762/2181/230 764/2182/231 786/2183/232 

f 772/2072/245 773/2073/247 774/2074/249 775/2075/251 776/2076/235 777/2077/236 778/2078/237 779/2079/238 780/2080/239 781/2081/263 782/2082/282 783/2083/258 784/2084/234 785/2085/233 786/2086/232 764/2087/231 763/2064/221 765/2065/220 766/2066/223 767/2067/225 768/2068/227 769/2069/229 770/2070/279 771/2071/243 

f 731/1628/239 687/1705/245 689/1893/247

f 731/1628/239 689/1893/247 730/1626/238

f 730/1626/238 689/1893/247 725/1961/249

f 730/1626/238 725/1961/249 729/1625/237

f 729/1625/237 725/1961/249 726/1959/251

f 729/1625/237 726/1959/251 728/1624/236

f 728/1624/236 726/1959/251 727/1622/235

vt 0.532633 -4.52956
vt 2.113 -4.52956
vt 2.113 -3.38712
vt 0.559665 -3.38712
f 544/2184/213 546/2185/213 543/2186/209 542/2187/209 

usemtl _PaleTurquoise_1
vt -1.12609 3.03272
vt -9.7123 4.36902
vt -9.70655 3.17167
f 526/2188/194 537/2189/203 520/2190/188

g Mesh8 Component_16_2 DodgeDurango1 Model

v 8.08357 32.1301 -8.48069
vn 0.426793 -0.078185 -0.900963
v 10.2876 32.5347 -7.47176
vn 0.39885 -0.0750065 -0.913943
v 8.28971 31.0209 -8.29573
vn 0.419935 -0.0613582 -0.905478
f 787/1485/283 788/1484/284 789/1483/285

v 8.39569 33.4986 -8.46184
vn 0.421887 -0.0977902 -0.901359
f 790/1553/286 788/1552/284 787/1551/283

v 9.10673 34.3653 -8.2401
vn 0.407492 -0.117264 -0.905649
f 791/1550/287 788/1549/284 790/1548/286

v 10.3865 34.9108 -7.75279
vn 0.383423 -0.116631 -0.916179
v 10.337 33.7227 -7.61227
vn 0.378323 -0.111751 -0.918904
f 792/1547/288 793/1546/289 788/1545/284 791/1544/287 

v 18.2882 33.9579 -4.40888
vn 0.375356 -0.100001 -0.92147
f 793/1528/289 792/1527/288 794/1526/290

v 18.3788 34.9389 -4.4799
vn 0.377313 -0.10149 -0.920508
f 795/1531/291 794/1530/290 792/1529/288

usemtl _Black_7
v 18.9914 33.9579 -6.40598
vn 0.942843 -0.0283809 0.332027
v 19.0498 34.9389 -6.38543
vn 0.941352 -0.0629419 0.331503
f 796/1535/292 797/1534/293 795/1533/293 794/1532/292 

vn 0.332161 0 -0.943223
v 17.1471 34.0215 -7.05548
f 797/1611/294 796/1606/294 798/1610/294

v 17.6219 33.8285 -6.88828
f 798/1610/294 796/1606/294 799/1609/294

v 18.0296 33.5215 -6.7447
f 799/1609/294 796/1606/294 800/1608/294

v 18.3424 33.1213 -6.63453
f 800/1608/294 796/1606/294 801/1607/294

v 18.5391 32.6553 -6.56527
f 801/1607/294 796/1606/294 802/1605/294

v 19.0006 32.3968 -6.40276
f 796/1606/294 803/1514/294 802/1605/294

vn 0.940315 0.0784648 0.331137
v 18.2585 32.3968 -4.29561
f 803/1522/295 796/1521/292 794/1520/292 804/1519/295 

usemtl _PaleTurquoise_1
vn 0.367968 -0.0781079 -0.926552
f 804/1525/296 793/1524/289 794/1523/290

f 788/2190/284 793/2189/289 804/2188/296

v 13.184 29.848 -6.1368
vn 0.37335 -0.0507605 -0.926301
f 788/1500/284 804/1499/296 805/1498/297

v 18.5772 29.848 -4.03386
vn 0.362828 -0.0501993 -0.930503
f 806/1503/298 805/1502/297 804/1501/296

usemtl _Black_7
vn 0.175327 -0.982572 0.0617425
v 13.9091 29.848 -8.19576
v 19.3661 29.848 -6.27405
f 806/1507/196 805/1506/299 807/1505/299 808/1504/196 

v 11.9346 29.3197 -6.64216
vn 0.164058 -0.984757 0.0577738
v 12.6392 29.3197 -8.64295
f 805/1581/299 809/1580/300 810/1579/300 807/1578/299 

usemtl _PaleTurquoise_1
vn 0.386766 -0.0395972 -0.921328
f 809/1497/301 788/1496/284 805/1495/297

v 10.4276 29.3594 -7.27301
vn 0.390236 -0.0403645 -0.919829
f 811/1494/302 788/1493/284 809/1492/301

v 8.95836 30.0643 -7.9371
vn 0.404729 -0.0457301 -0.913293
f 812/1491/303 788/1490/284 811/1489/302

f 789/1488/285 788/1487/284 812/1486/303

usemtl _Black_7
vn -0.851058 -0.431135 -0.299705
v 8.87838 31.0209 -9.96735
v 9.58561 30.0643 -9.7183
vn -0.578127 -0.79014 -0.203591
f 789/1565/304 813/1564/304 814/1563/305 812/1562/305 

vn -0.94321 -0.00523237 -0.332157
v 8.63704 32.1301 -10.0523
f 787/1561/306 815/1560/306 813/1559/304 789/1558/304 

vn -0.843952 0.446559 -0.297203
v 8.92063 33.4986 -9.95247
f 790/1557/307 816/1556/307 815/1555/306 787/1554/306 

vn -0.548185 0.813773 -0.193046
v 9.62269 34.3653 -9.70524
f 791/2187/308 817/2186/308 816/2185/307 790/2184/307 

v 10.914 34.9108 -9.25051
vn -0.17925 0.981776 -0.0631238
f 818/1543/309 817/1542/308 791/1541/308 792/1540/309 

v 11.604 34.4094 -9.00752
f 818/1619/294 819/1622/294 817/1623/294

v 14.1073 34.4335 -8.12597
f 820/1621/294 819/1622/294 818/1619/294

v 13.9884 34.344 -8.16785
f 820/1621/294 821/1958/294 819/1622/294

v 13.8933 34.4335 -7.51848
vn 0.547316 -0.787121 -0.284404
v 13.7744 34.344 -7.56036
vn 0.722511 -0.654427 -0.222943
vn 0.641677 -0.732931 0.22597
vn 0.445493 -0.881433 0.156883
f 822/1957/310 823/1956/311 821/1955/312 820/1954/313 

v 13.6258 34.0913 -7.61269
vn 0.958672 -0.24754 -0.140254
v 13.6832 34.2273 -7.59249
vn 0.864704 -0.4715 -0.173132
v 14.0318 34.4898 -7.46972
vn 0.352722 -0.866682 -0.352776
v 14.1804 34.509 -7.41738
vn 0.149424 -0.893102 -0.424314
v 14.329 34.4898 -7.36505
vn -0.0538389 -0.866682 -0.495948
v 14.4675 34.4335 -7.31628
vn -0.248335 -0.787121 -0.564597
v 14.5864 34.344 -7.27441
vn -0.423383 -0.654427 -0.626476
v 14.6777 34.2273 -7.24227
vn -0.565411 -0.4715 -0.676755
v 14.735 34.0913 -7.22207
vn -0.659246 -0.24754 -0.710013
v 14.7546 33.9455 -7.21518
vn -0.692204 0 -0.721702
v 14.735 33.7996 -7.22207
vn -0.659246 0.24754 -0.710013
v 14.6777 33.6637 -7.24227
vn -0.565411 0.4715 -0.676755
v 14.5864 33.547 -7.27441
vn -0.423383 0.654427 -0.626476
v 14.4675 33.4574 -7.31628
vn -0.248335 0.787121 -0.564597
v 14.329 33.4011 -7.36505
vn -0.0538389 0.866682 -0.495948
v 14.1804 33.3819 -7.41738
vn 0.149424 0.893102 -0.424314
v 14.0318 33.4011 -7.46972
vn 0.352722 0.866682 -0.352776
v 13.8933 33.4574 -7.51848
vn 0.547316 0.787121 -0.284404
v 13.7744 33.547 -7.56036
vn 0.722511 0.654427 -0.222943
v 13.6832 33.6637 -7.59249
vn 0.864704 0.4715 -0.173132
v 13.6258 33.7996 -7.61269
vn 0.958672 0.24754 -0.140254
v 13.6063 33.9455 -7.61958
vn 0.991682 0 -0.128712
f 824/1962/314 825/1960/315 823/1958/311 822/1621/310 826/1620/316 827/1618/317 828/1617/318 829/1616/319 830/1615/320 831/1614/321 832/1613/322 833/1695/323 834/1697/324 835/1698/325 836/1699/326 837/1701/327 838/1702/328 839/1704/329 840/1892/330 841/1967/331 842/1966/332 843/1965/333 844/1964/334 845/1963/335 

v 13.8397 34.0913 -8.22018
vn 0.906231 -0.277305 0.319134
v 13.8971 34.2273 -8.19998
vn 0.800947 -0.528135 0.282058
f 825/1995/315 824/1994/314 846/1993/336 847/1992/337 

v 13.8202 33.9455 -8.22707
vn 0.943223 0 0.332161
f 824/1991/314 845/1990/335 848/1989/338 846/1988/336 

v 13.8397 33.7996 -8.22018
vn 0.906231 0.277305 0.319134
f 845/1975/335 844/1974/334 849/1973/339 848/1972/338 

v 13.8971 33.6637 -8.19998
vn 0.800947 0.528135 0.282058
f 844/1979/334 843/1978/333 850/1977/340 849/1976/339 

v 13.9884 33.547 -8.16785
vn 0.641677 0.732931 0.22597
f 843/1983/333 842/1982/332 851/1981/341 850/1980/340 

v 14.1073 33.4574 -8.12597
vn 0.445493 0.881433 0.156883
f 842/1987/332 841/1986/331 852/1985/342 851/1984/341 

v 14.2458 33.4011 -8.0772
vn 0.227618 0.970446 0.080157
f 841/1971/331 840/1970/330 853/1969/343 852/1968/342 

v 14.3944 33.3819 -8.02487
f 840/1897/330 839/1896/329 854/1895/218 853/1894/343 

v 14.543 33.4011 -7.97254
vn -0.227618 0.970446 -0.080157
f 839/1901/329 838/1900/328 855/1899/344 854/1898/218 

v 14.6814 33.4574 -7.92377
vn -0.445493 0.881433 -0.156883
f 838/1905/328 837/1904/327 856/1903/345 855/1902/344 

v 14.8004 33.547 -7.88189
vn -0.641677 0.732931 -0.22597
f 837/1909/327 836/1908/326 857/1907/346 856/1906/345 

v 14.8916 33.6637 -7.84976
vn -0.800947 0.528135 -0.282058
f 836/1913/326 835/1912/325 858/1911/347 857/1910/346 

v 14.949 33.7996 -7.82956
vn -0.906231 0.277305 -0.319134
f 835/1917/325 834/1916/324 859/1915/348 858/1914/347 

v 14.9685 33.9455 -7.82267
vn -0.943223 0 -0.332161
f 834/1921/324 833/1920/323 860/1919/349 859/1918/348 

v 14.949 34.0913 -7.82956
vn -0.906231 -0.277305 -0.319134
f 833/1925/323 832/1924/322 861/1923/350 860/1922/349 

v 14.8916 34.2273 -7.84976
vn -0.800947 -0.528135 -0.282058
f 832/1929/322 831/1928/321 862/1927/351 861/1926/350 

v 14.8004 34.344 -7.88189
vn -0.641677 -0.732931 -0.22597
f 831/1933/321 830/1932/320 863/1931/352 862/1930/351 

v 14.6814 34.4335 -7.92377
vn -0.445493 -0.881433 -0.156883
f 830/1937/320 829/1936/319 864/1935/353 863/1934/352 

v 14.543 34.4898 -7.97254
vn -0.227618 -0.970446 -0.080157
f 829/1941/319 828/1940/318 865/1939/354 864/1938/353 

v 14.3944 34.509 -8.02487
f 828/1945/318 827/1944/317 866/1943/196 865/1942/354 

v 14.2458 34.4898 -8.0772
vn 0.227618 -0.970446 0.080157
f 827/1949/317 826/1948/316 867/1947/355 866/1946/196 

f 826/1953/316 822/1952/310 820/1951/313 867/1950/355 

f 867/1620/294 820/1621/294 818/1619/294

f 866/1618/294 867/1620/294 818/1619/294

f 818/1619/294 797/1611/294 866/1618/294

vn -0.0030724 0.999995 -0.00108196
f 797/1539/356 818/1538/309 792/1537/309 795/1536/356 

f 866/1618/294 797/1611/294 865/1617/294

f 865/1617/294 797/1611/294 864/1616/294

f 864/1616/294 797/1611/294 863/1615/294

f 863/1615/294 797/1611/294 862/1614/294

f 862/1614/294 797/1611/294 861/1613/294

v 16.6376 34.0874 -7.23491
f 861/1613/294 797/1611/294 868/1612/294

f 868/1612/294 797/1611/294 798/1610/294

v 16.8529 34.0215 -6.22018
v 16.3434 34.0874 -6.39961
vn 4.05434e-16 -1 1.433e-16
f 869/1689/318 870/1688/317 868/1687/357 798/1686/354 

v 15.8339 34.0215 -6.57904
f 870/1612/317 869/1610/318 871/1694/316

v 15.3591 33.8285 -6.74624
f 871/1694/316 869/1610/318 872/1696/310

v 17.3277 33.8285 -6.05298
f 869/1610/318 873/1609/319 872/1696/310

f 873/1685/319 869/1684/318 798/1683/354 799/1682/353 

v 17.7354 33.5215 -5.90941
f 874/1681/320 873/1680/319 799/1679/353 800/1678/352 

v 14.9514 33.5215 -6.88982
f 873/1609/319 874/1608/320 875/1700/311

v 14.6386 33.1213 -6.99999
f 875/1700/311 874/1608/320 876/1703/315

v 18.0483 33.1213 -5.79924
f 874/1608/320 877/1607/321 876/1703/315

f 877/1677/321 874/1676/320 800/1675/352 801/1674/351 

v 18.245 32.6553 -5.72998
f 878/1673/322 877/1672/321 801/1671/351 802/1670/350 

v 17.0037 32.8032 -6.16711
f 877/1607/321 878/1605/322 879/1758/332

v 17.152 32.6134 -6.11486
f 879/1758/332 878/1605/322 880/1757/333

v 17.2453 32.3924 -6.08201
f 880/1757/333 878/1605/322 881/1756/334

v 17.2771 32.1552 -6.07081
vn 0.991682 1.90187e-15 -0.128712
f 881/1756/334 878/1605/322 882/1755/358

v 18.312 32.1552 -5.70636
vn -0.692204 -8.88372e-16 -0.721702
f 878/1605/322 883/1604/359 882/1755/358

v 18.6062 32.1552 -6.54165
vn -0.943223 -9.95236e-16 -0.332161
f 883/1669/359 878/1668/322 802/1667/350 884/1666/360 

f 802/1605/294 803/1514/294 884/1604/294

v 18.5391 31.6551 -6.56527
f 884/1604/294 803/1514/294 885/1603/294

v 18.3424 31.1891 -6.63453
f 885/1603/294 803/1514/294 886/1513/294

f 803/1514/294 808/1508/294 886/1513/294

vn 0.932507 0.150305 0.328388
f 808/1518/361 803/1517/295 804/1516/295 806/1515/361 

v 18.0296 30.789 -6.7447
f 886/1513/294 808/1508/294 887/1512/294

v 17.6219 30.4819 -6.88828
f 887/1512/294 808/1508/294 888/1511/294

v 17.1471 30.2889 -7.05548
f 888/1511/294 808/1508/294 889/1509/294

f 807/1510/294 889/1509/294 808/1508/294

v 16.6376 30.223 -7.23491
f 890/1582/294 889/1509/294 807/1510/294

v 16.3434 30.223 -6.39961
v 16.8529 30.2889 -6.22018
f 891/1586/329 892/1585/328 889/1584/344 890/1583/218 

v 15.8339 30.2889 -6.57904
f 891/1582/329 893/1649/330 892/1509/328

v 16.1281 30.2889 -7.41433
f 893/1653/330 891/1652/329 890/1651/218 894/1650/343 

v 13.228 30.5613 -8.43562
f 894/1649/294 890/1582/294 895/1648/294

v 12.7523 30.203 -8.60312
f 896/1647/294 895/1648/294 890/1582/294

v 12.4582 30.203 -7.76783
v 12.9338 30.5613 -7.60032
f 897/2063/327 898/2062/326 895/2061/346 896/2060/345 

v 10.1615 30.203 -8.57663
f 898/1648/326 897/1647/327 899/1636/331

v 10.7154 29.9778 -8.38156
f 899/1636/331 897/1647/327 900/1637/330

v 11.9042 29.9778 -7.9629
f 897/1647/327 901/1646/328 900/1637/330

v 12.1984 29.9778 -8.79819
f 901/2059/328 897/2058/327 896/2057/345 902/2056/344 

f 896/1647/294 890/1582/294 902/1646/294

v 11.604 29.901 -9.00752
f 902/1646/294 890/1582/294 903/1571/294

f 903/1571/294 890/1582/294 807/1510/294

v 11.1008 29.3594 -9.18472
f 903/1571/294 807/1510/294 904/1570/294

f 810/1573/294 904/1570/294 807/1510/294

vn -0.204826 -0.976137 -0.0721307
f 809/1577/300 811/1576/362 904/1575/362 810/1574/300 

f 811/1569/362 812/1568/305 814/1567/305 904/1566/362 

f 814/1572/294 903/1571/294 904/1570/294

v 11.0095 29.9778 -9.21686
f 905/1637/294 903/1571/294 814/1572/294

v 11.3098 29.901 -8.17223
f 900/1641/330 906/1640/329 903/1639/218 905/1638/343 

f 906/1571/329 900/1637/330 901/1646/328

f 906/1645/329 901/1644/328 902/1643/344 903/1642/218 

v 10.4556 30.203 -9.41192
f 899/2055/331 900/2054/330 905/2053/343 907/2052/342 

f 907/1636/294 905/1637/294 814/1572/294

f 813/1634/294 907/1636/294 814/1572/294

v 9.97995 30.5613 -9.57943
f 908/1635/294 907/1636/294 813/1634/294

v 9.6858 30.5613 -8.74413
f 909/2051/332 899/2050/331 907/2049/342 908/2048/341 

f 909/1635/332 898/1648/326 899/1636/331

v 13.2988 31.0281 -7.47179
f 910/1712/325 898/1648/326 909/1635/332

v 13.593 31.0281 -8.30708
f 898/1871/326 910/1870/325 911/1869/347 895/1868/346 

v 13.5283 31.5718 -7.39099
v 13.8224 31.5718 -8.22628
f 910/1875/325 912/1874/324 913/1873/348 911/1872/347 

v 9.32081 31.0281 -8.87267
f 912/1711/324 910/1712/325 914/1633/333

f 914/1633/333 910/1712/325 909/1635/332

v 9.61496 31.0281 -9.70796
f 914/2047/333 909/2046/332 908/2045/341 915/2044/340 

f 915/1633/294 908/1635/294 813/1634/294

f 815/1631/294 915/1633/294 813/1634/294

v 9.38552 31.5718 -9.78876
f 916/1632/294 915/1633/294 815/1631/294

v 9.09137 31.5718 -8.95347
f 917/2043/334 914/2042/333 915/2041/340 916/2040/339 

v 11.3098 31.4585 -8.17223
f 914/1633/333 917/1632/334 918/2064/294

v 11.1261 31.4822 -8.23693
f 919/2087/294 918/2064/294 917/1632/334

v 10.9924 31.4822 -7.85725
v 11.1761 31.4585 -7.79255
vn -1.13941e-15 1 -4.05434e-16
f 920/2091/330 921/2090/329 918/2089/363 919/2088/343 

v 11.8618 32.3355 -7.55107
v 11.886 32.1552 -7.54256
vn -0.692204 9.00884e-15 -0.721702
v 11.8618 31.9749 -7.55107
v 11.7909 31.8068 -7.57605
v 11.6781 31.6625 -7.61578
v 11.5311 31.5518 -7.66755
v 11.3598 31.4822 -7.72785
v 10.8212 31.5518 -7.91755
v 10.6741 31.6625 -7.96932
v 10.5613 31.8068 -8.00905
v 10.4904 31.9749 -8.03402
v 10.4662 32.1552 -8.04254
vn 0.991682 -7.01939e-15 -0.128712
v 10.4904 32.3355 -8.03402
v 10.5613 32.5036 -8.00905
v 10.6741 32.6479 -7.96932
v 10.8212 32.7586 -7.91755
v 10.9924 32.8282 -7.85725
v 11.1761 32.852 -7.79255
v 11.3598 32.8282 -7.72785
v 11.5311 32.7586 -7.66755
v 11.6781 32.6479 -7.61578
v 11.7909 32.5036 -7.57605
f 922/2071/322 923/2070/364 924/2069/324 925/2068/325 926/2067/326 927/2066/327 928/2065/328 921/2064/329 920/2087/330 929/2086/331 930/2085/332 931/2084/333 932/2083/334 933/2082/365 934/2081/314 935/2080/315 936/2079/311 937/2078/310 938/2077/316 939/2076/317 940/2075/318 941/2074/319 942/2073/320 943/2072/321 

v 11.9955 32.3355 -7.93075
v 12.0197 32.1552 -7.92224
vn -0.943223 1.00925e-14 -0.332161
f 923/2119/364 922/2118/322 944/2117/350 945/2116/366 

v 11.9246 32.5036 -7.95573
f 922/2123/322 943/2122/321 946/2121/351 944/2120/350 

v 11.8118 32.6479 -7.99546
f 943/2127/321 942/2126/320 947/2125/352 946/2124/351 

v 11.6648 32.7586 -8.04723
f 942/2131/320 941/2130/319 948/2129/353 947/2128/352 

v 11.4935 32.8282 -8.10753
f 941/2135/319 940/2134/318 949/2133/354 948/2132/353 

v 11.3098 32.852 -8.17223
vn 1.73148e-14 -1 6.10248e-15
f 940/2139/318 939/2138/317 950/2137/367 949/2136/354 

v 11.1261 32.8282 -8.23693
f 939/2143/317 938/2142/316 951/2141/355 950/2140/367 

v 10.9549 32.7586 -8.29722
f 938/2147/316 937/2146/310 952/2145/313 951/2144/355 

v 10.8078 32.6479 -8.349
f 937/2151/310 936/2150/311 953/2149/312 952/2148/313 

v 10.695 32.5036 -8.38873
f 936/2155/311 935/2154/315 954/2153/337 953/2152/312 

v 10.6241 32.3355 -8.4137
f 935/2159/315 934/2158/314 955/2157/336 954/2156/337 

v 10.5999 32.1552 -8.42222
vn 0.943223 -7.86377e-15 0.332161
f 934/2163/314 933/2162/365 956/2161/368 955/2160/336 

v 10.6241 31.9749 -8.4137
f 933/2167/365 932/2166/334 957/2165/339 956/2164/368 

v 10.695 31.8068 -8.38873
f 932/2171/334 931/2170/333 958/2169/340 957/2168/339 

v 10.8078 31.6625 -8.349
f 931/2175/333 930/2174/332 959/2173/341 958/2172/340 

v 10.9549 31.5518 -8.29722
f 930/2179/332 929/2178/331 960/2177/342 959/2176/341 

f 929/2183/331 920/2182/330 919/2181/343 960/2180/342 

f 960/2086/294 919/2087/294 917/1632/334

f 959/2085/294 960/2086/294 917/1632/334

v 9.01311 32.1552 -8.98103
f 961/1630/335 959/2085/294 917/1632/334

f 958/2084/294 959/2085/294 961/1630/335

f 957/2083/294 958/2084/294 961/1630/335

f 956/2082/294 957/2083/294 961/1630/335

f 955/2081/294 956/2082/294 961/1630/335

v 9.09137 32.7386 -8.95347
f 962/1629/314 955/2081/294 961/1630/335

f 954/2080/294 955/2081/294 962/1629/314

f 953/2079/294 954/2080/294 962/1629/314

f 952/2078/294 953/2079/294 962/1629/314

v 9.32081 33.2823 -8.87267
f 963/1628/315 952/2078/294 962/1629/314

f 951/2077/294 952/2078/294 963/1628/315

f 950/2076/294 951/2077/294 963/1628/315

v 13.2988 33.2823 -7.47179
f 964/1705/321 950/2076/294 963/1628/315

f 950/2076/294 964/1705/321 949/2075/294

f 949/2075/294 964/1705/321 948/2074/294

v 13.5283 32.7386 -7.39099
f 964/1705/321 965/1706/322 948/2074/294

v 13.593 33.2823 -8.30708
v 13.8224 32.7386 -8.22628
f 965/1887/322 964/1886/321 966/1885/351 967/1884/350 

v 12.9338 33.7492 -7.60032
v 13.228 33.7492 -8.43562
f 964/1891/321 968/1890/320 969/1889/352 966/1888/351 

f 968/1893/320 964/1705/321 963/1628/315

v 9.6858 33.7492 -8.74413
f 970/1626/311 968/1893/320 963/1628/315

v 12.4582 34.1074 -7.76783
f 971/1961/319 968/1893/320 970/1626/311

v 12.7523 34.1074 -8.60312
f 968/2003/320 971/2002/319 972/2001/353 969/2000/352 

v 11.9042 34.3326 -7.9629
v 12.1984 34.3326 -8.79819
f 971/2007/319 973/2006/318 974/2005/354 972/2004/353 

v 10.1615 34.1074 -8.57663
f 973/1959/318 971/1961/319 975/1625/310

f 975/1625/310 971/1961/319 970/1626/311

v 9.97995 33.7492 -9.57943
v 10.4556 34.1074 -9.41192
f 975/2023/310 970/2022/311 976/2021/312 977/2020/313 

v 9.61496 33.2823 -9.70796
f 970/2027/311 963/2026/315 978/2025/337 976/2024/312 

v 9.38552 32.7386 -9.78876
f 963/2031/315 962/2030/314 979/2029/336 978/2028/337 

v 9.30726 32.1552 -9.81632
f 962/2035/314 961/2034/335 980/2033/338 979/2032/336 

f 961/2039/335 917/2038/334 916/2037/339 980/2036/338 

f 980/1630/294 916/1632/294 815/1631/294

f 816/1627/294 980/1630/294 815/1631/294

f 979/1629/294 980/1630/294 816/1627/294

f 978/1628/294 979/1629/294 816/1627/294

f 976/1626/294 978/1628/294 816/1627/294

f 817/1623/294 976/1626/294 816/1627/294

f 977/1625/294 976/1626/294 817/1623/294

v 11.0095 34.3326 -9.21686
f 981/1624/294 977/1625/294 817/1623/294

v 10.7154 34.3326 -8.38156
f 982/2019/316 975/2018/310 977/2017/313 981/2016/355 

f 982/1624/316 973/1959/318 975/1625/310

v 11.3098 34.4094 -8.17223
f 983/1622/317 973/1959/318 982/1624/316

vn 3.63493e-16 -1 1.25824e-16
f 973/2011/318 983/2010/317 819/2009/369 974/2008/354 

f 983/2015/317 982/2014/316 981/2013/355 819/2012/369 

f 819/1622/294 981/1624/294 817/1623/294

f 819/1622/294 821/1958/294 974/1959/294

f 821/1958/294 847/1960/294 974/1959/294

f 823/1999/311 825/1998/315 847/1997/337 821/1996/312 

f 974/1959/294 847/1960/294 972/1961/294

f 847/1960/294 846/1962/294 972/1961/294

f 846/1962/294 848/1963/294 972/1961/294

f 848/1963/294 849/1964/294 972/1961/294

f 972/1961/294 849/1964/294 969/1893/294

f 849/1964/294 850/1965/294 969/1893/294

f 850/1965/294 851/1966/294 969/1893/294

f 851/1966/294 852/1967/294 969/1893/294

f 852/1967/294 853/1892/294 969/1893/294

f 969/1893/294 853/1892/294 966/1705/294

f 854/1704/294 966/1705/294 853/1892/294

v 14.9327 33.1213 -7.83528
f 854/1704/294 984/1703/294 966/1705/294

f 855/1702/294 984/1703/294 854/1704/294

v 15.2456 33.5215 -7.72511
f 985/1700/294 984/1703/294 855/1702/294

f 875/1859/311 876/1858/315 984/1857/337 985/1856/312 

v 14.4419 32.6553 -7.06924
v 14.7361 32.6553 -7.90454
f 876/1855/315 986/1854/314 987/1853/336 984/1852/337 

v 15.6832 32.8032 -6.63211
f 876/1703/315 988/1764/326 986/1707/314

v 15.8766 32.9488 -6.56401
f 989/1763/327 988/1764/326 876/1703/315

v 15.9836 32.9488 -6.86776
v 15.7902 32.8032 -6.93585
f 990/1787/345 991/1786/346 988/1785/326 989/1784/327 

v 16.6921 33.0404 -6.61825
v 16.9172 32.9488 -6.53895
v 17.1106 32.8032 -6.47086
v 17.259 32.6134 -6.4186
v 17.3523 32.3924 -6.38575
v 17.3841 32.1552 -6.37455
v 17.3523 31.918 -6.38575
v 17.259 31.697 -6.4186
v 17.1106 31.5072 -6.47086
v 16.9172 31.3616 -6.53895
v 16.6921 31.27 -6.61825
v 16.4504 31.2388 -6.70335
v 16.2087 31.27 -6.78846
v 15.9836 31.3616 -6.86776
v 15.7902 31.5072 -6.93585
v 15.6418 31.697 -6.98811
v 15.5485 31.918 -7.02096
v 15.5167 32.1552 -7.03216
v 15.5485 32.3924 -7.02096
v 15.6418 32.6134 -6.98811
v 16.2087 33.0404 -6.78846
v 16.4504 33.0716 -6.70335
f 992/1760/294 993/1759/294 994/1758/294 995/1757/294 996/1756/294 997/1755/294 998/1754/294 999/1661/294 1000/1660/294 1001/1659/294 1002/1658/294 1003/1657/294 1004/1729/294 1005/1771/294 1006/1770/294 1007/1769/294 1008/1768/294 1009/1767/294 1010/1766/294 1011/1765/294 991/1764/294 990/1763/294 1012/1762/294 1013/1761/294 

v 16.5851 33.0404 -6.31451
v 16.8103 32.9488 -6.23521
f 993/1823/342 992/1822/343 1014/1821/330 1015/1820/331 

vn 4.33395e-16 1 1.53785e-16
v 16.3434 33.0716 -6.39961
f 992/1819/343 1013/1818/370 1016/1817/329 1014/1816/330 

v 16.1018 33.0404 -6.48471
f 1013/1779/370 1012/1778/344 1017/1777/328 1016/1776/329 

f 1012/1783/344 990/1782/345 989/1781/327 1017/1780/328 

f 1017/1762/328 989/1763/327 876/1703/315

f 1016/1761/329 1017/1762/328 876/1703/315

f 877/1607/321 1016/1761/329 876/1703/315

f 1016/1761/329 877/1607/321 1014/1760/330

f 1014/1760/330 877/1607/321 1015/1759/331

f 1015/1759/331 877/1607/321 879/1758/332

f 994/1827/341 993/1826/342 1015/1825/331 879/1824/332 

f 995/1831/340 994/1830/341 879/1829/332 880/1828/333 

f 996/1835/339 995/1834/340 880/1833/333 881/1832/334 

vn 0.943223 2.13065e-15 0.332161
f 997/1839/371 996/1838/339 881/1837/334 882/1836/358 

v 17.2453 31.918 -6.08201
f 998/1843/336 997/1842/371 882/1841/358 1018/1840/314 

f 882/1755/358 883/1604/359 1018/1754/314

v 17.152 31.697 -6.11486
f 1018/1754/314 883/1604/359 1019/1661/315

v 18.245 31.6551 -5.72998
f 883/1604/359 1020/1603/324 1019/1661/315

f 1020/1665/324 883/1664/359 884/1663/360 885/1662/348 

v 18.0483 31.1891 -5.79924
f 1021/1602/325 1020/1601/324 885/1600/348 886/1599/347 

v 16.5851 31.27 -6.31451
f 1020/1603/324 1021/1513/325 1022/1658/316

v 16.3434 31.2388 -6.39961
f 1022/1658/316 1021/1513/325 1023/1657/317

v 14.6386 31.1891 -6.99999
f 1023/1657/317 1021/1513/325 1024/1656/333

v 14.9514 30.789 -6.88982
f 1024/1656/333 1021/1513/325 1025/1655/332

v 17.7354 30.789 -5.90941
f 1021/1513/325 1026/1512/326 1025/1655/332

f 1026/1598/326 1021/1597/325 886/1596/347 887/1595/346 

v 17.3277 30.4819 -6.05298
f 1027/1594/327 1026/1593/326 887/1592/346 888/1591/345 

v 15.3591 30.4819 -6.74624
f 1026/1512/326 1027/1511/327 1028/1654/331

f 1028/1654/331 1027/1511/327 893/1649/330

f 1027/1511/327 892/1509/328 893/1649/330

f 892/1590/328 1027/1589/327 888/1588/345 889/1587/344 

v 15.6533 30.4819 -7.58153
f 1028/1716/331 893/1715/330 894/1714/343 1029/1713/342 

f 1029/1654/294 894/1649/294 895/1648/294

v 15.2456 30.789 -7.72511
f 1030/1655/294 1029/1654/294 895/1648/294

f 1025/1720/332 1028/1719/331 1029/1718/342 1030/1717/341 

f 1025/1655/332 1026/1512/326 1028/1654/331

v 14.9327 31.1891 -7.83528
f 1024/1724/333 1025/1723/332 1030/1722/341 1031/1721/340 

f 1031/1656/294 1030/1655/294 911/1712/294

f 911/1712/294 1030/1655/294 895/1648/294

f 913/1711/294 1031/1656/294 911/1712/294

v 14.7361 31.6551 -7.90454
f 1032/1710/294 1031/1656/294 913/1711/294

v 14.4419 31.6551 -7.06924
f 1033/1728/334 1024/1727/333 1031/1726/340 1032/1725/339 

v 16.1018 31.27 -6.48471
f 1033/1710/334 1034/1729/318 1024/1656/333

v 15.8766 31.3616 -6.56401
f 1035/1771/319 1034/1729/318 1033/1710/334

f 1005/1775/353 1004/1774/354 1034/1773/318 1035/1772/319 

vn -1.70562e-15 -1 -6.04656e-16
f 1004/1733/354 1003/1732/372 1023/1731/317 1034/1730/318 

f 1003/1737/372 1002/1736/355 1022/1735/316 1023/1734/317 

v 16.8103 31.3616 -6.23521
f 1002/1741/355 1001/1740/313 1036/1739/310 1022/1738/316 

v 17.0037 31.5072 -6.16711
f 1001/1745/313 1000/1744/312 1037/1743/311 1036/1742/310 

f 1000/1749/312 999/1748/337 1019/1747/315 1037/1746/311 

f 999/1753/337 998/1752/336 1018/1751/314 1019/1750/315 

f 1019/1661/315 1020/1603/324 1037/1660/311

f 1037/1660/311 1020/1603/324 1036/1659/310

f 1036/1659/310 1020/1603/324 1022/1658/316

f 1023/1657/317 1024/1656/333 1034/1729/318

v 15.6832 31.5072 -6.63211
f 1006/1815/352 1005/1814/353 1035/1813/319 1038/1812/320 

f 1038/1770/320 1035/1771/319 1033/1710/334

v 15.5348 31.697 -6.68436
f 1039/1769/321 1038/1770/320 1033/1710/334

f 1007/1811/351 1006/1810/352 1038/1809/320 1039/1808/321 

v 15.4416 31.918 -6.71721
f 1008/1807/350 1007/1806/351 1039/1805/321 1040/1804/322 

v 14.3748 32.1552 -7.09287
vn 0.991682 8.88372e-16 -0.128712
f 1040/1768/322 1039/1769/321 1041/1709/373

f 1041/1709/373 1039/1769/321 1033/1710/334

v 14.669 32.1552 -7.92816
vn 0.943223 9.95236e-16 0.332161
f 1041/1847/373 1033/1846/334 1032/1845/339 1042/1844/374 

v 13.9007 32.1552 -8.19873
f 1042/1709/294 1032/1710/294 1043/1708/294

f 1043/1708/294 1032/1710/294 913/1711/294

v 13.6065 32.1552 -7.36343
vn -0.692204 2.9529e-15 -0.721702
vn -0.943223 3.30811e-15 -0.332161
f 912/1879/324 1044/1878/375 1043/1877/376 913/1876/348 

v 11.8118 31.6625 -7.99546
f 1044/1708/375 912/1711/324 1045/2067/294

v 11.6648 31.5518 -8.04723
f 1045/2067/294 912/1711/324 1046/2066/294

v 11.4935 31.4822 -8.10753
f 1046/2066/294 912/1711/324 1047/2065/294

f 1047/2065/294 912/1711/324 918/2064/294

f 918/2064/294 912/1711/324 914/1633/333

f 921/2095/329 928/2094/328 1047/2093/344 918/2092/363 

f 928/2099/328 927/2098/327 1046/2097/345 1047/2096/344 

f 927/2103/327 926/2102/326 1045/2101/346 1046/2100/345 

v 11.9246 31.8068 -7.95573
f 926/2107/326 925/2106/325 1048/2105/347 1045/2104/346 

v 11.9955 31.9749 -7.93075
f 925/2111/325 924/2110/324 1049/2109/348 1048/2108/347 

f 924/2115/324 923/2114/364 945/2113/366 1049/2112/348 

f 945/2070/294 1044/1708/375 1049/2069/294

f 965/1706/322 1044/1708/375 945/2070/294

f 1044/1883/375 965/1882/322 967/1881/350 1043/1880/376 

f 967/1706/294 987/1707/294 1043/1708/294

f 984/1703/294 987/1707/294 967/1706/294

f 966/1705/294 984/1703/294 967/1706/294

f 987/1707/294 1042/1709/294 1043/1708/294

f 986/1851/314 1041/1850/373 1042/1849/374 987/1848/336 

v 15.4416 32.3924 -6.71721
f 986/1707/314 1050/1766/324 1041/1709/373

v 15.5348 32.6134 -6.68436
f 1051/1765/325 1050/1766/324 986/1707/314

f 1011/1795/347 1010/1794/348 1050/1793/324 1051/1792/325 

v 15.4097 32.1552 -6.72842
f 1010/1799/348 1009/1798/349 1052/1797/323 1050/1796/324 

f 1009/1803/349 1008/1802/350 1040/1801/322 1052/1800/323 

f 1052/1767/323 1040/1768/322 1041/1709/373

f 1050/1766/324 1052/1767/323 1041/1709/373

f 991/1791/346 1011/1790/347 1051/1789/325 988/1788/326 

f 988/1764/326 1051/1765/325 986/1707/314

f 944/2071/294 965/1706/322 945/2070/294

f 946/2072/294 965/1706/322 944/2071/294

f 947/2073/294 965/1706/322 946/2072/294

f 948/2074/294 965/1706/322 947/2073/294

f 1049/2069/294 1044/1708/375 1048/2068/294

f 1048/2068/294 1044/1708/375 1045/2067/294

v 15.6533 33.8285 -7.58153
f 872/1867/310 875/1866/311 985/1865/312 1053/1864/313 

f 872/1696/310 873/1609/319 875/1700/311

f 1053/1696/294 985/1700/294 857/1699/294

f 857/1699/294 985/1700/294 856/1701/294

f 856/1701/294 985/1700/294 855/1702/294

f 858/1698/294 1053/1696/294 857/1699/294

f 859/1697/294 1053/1696/294 858/1698/294

f 860/1695/294 1053/1696/294 859/1697/294

v 16.1281 34.0215 -7.41433
f 1054/1694/294 1053/1696/294 860/1695/294

f 871/1863/316 872/1862/310 1053/1861/313 1054/1860/355 

f 870/1693/317 871/1692/316 1054/1691/355 868/1690/357 

f 868/1612/294 1054/1694/294 861/1613/294

f 861/1613/294 1054/1694/294 860/1695/294

g Mesh9 DodgeDurango1 Model

usemtl Durango
v 64.2793 35.4961 -4.88746
vt -12.4588 36.4176
vn 0.290229 0.235957 0.927411
v 59.399 36.6828 -3.8711
vt -17.6295 37.6489
vn 0.257564 0.465807 0.846572
v 59.5276 35.6458 -3.8711
vt -17.4991 36.5729
vn 0.209875 0.0260256 0.977382
f 1055/2191/377 1056/2192/378 1057/2193/379

vt -19.9034 26.0759
vt -14.7623 24.7265
v 65.4673 36.0733 -5.54385
vt -13.3804 25.3829
vn 0.363085 0.690151 0.625988
f 1056/2194/378 1055/2195/377 1058/2196/380

v 67.4035 35.2342 -6.09372
vt -12.9485 30.0252
vn 0.562612 0.428899 0.706762
vt -15.0229 30.9268
vt -16.4215 30.3066
f 1059/2197/381 1058/2198/380 1055/2199/377

vt -20.3063 12.6792
v 68.7649 35.35 -7.71003
vt -18.1191 12.8676
vn 0.651416 0.566041 0.505228
vt -22.1099 14.0442
f 1059/2200/381 1060/2201/382 1058/2202/380

vt -18.8759 34.2041
vt -21.0678 34.0823
v 68.97 34.7611 -7.79417
vt -18.6711 33.5844
vn 0.810873 0.204053 0.548496
f 1060/2203/382 1059/2204/381 1061/2205/383

usemtl _PaleTurquoise_1
vt -21.0031 34.5087
vn 0.590445 0.110773 0.79944
v 68.9972 30.4506 -6.86098
vt -19.3188 29.4938
vn 0.761136 0.0832455 0.643228
vt -18.6059 34.0127
vn 0.742099 0.146284 0.654133
f 1059/2206/384 1062/2207/385 1061/2208/386

vt -16.5601 30.2961
vt -18.3476 35.2752
v 67.4185 30.4506 -5.59473
vt -18.6592 30.2961
vn 0.45415 0.0923692 0.886124
f 1062/2209/385 1059/2210/384 1063/2211/387

vt -16.1388 34.8002
vn 0.269523 0.0678692 0.960599
vt -12.8407 29.5416
vt -12.6651 34.5273
f 1055/2212/388 1063/2213/387 1059/2214/384

vt -12.6958 29.6362
vt -15.9972 34.8928
v 64.5976 30.4506 -4.50234
vt -15.8336 29.6362
vn 0.208135 0.0496281 0.97684
f 1063/2215/387 1055/2216/388 1064/2217/389

vt -10.7082 34.8666
v 59.0569 31.2045 -3.79519
vt -16.2296 30.3993
vn 0.156615 0.0162742 0.987526
vt -10.4362 29.6145
f 1055/2218/388 1065/2219/390 1064/2220/389

vt -17.9702 32.7168
vt -12.4361 37.1684
vt -17.4763 37.3236
vn 0.208996 -0.00543321 0.977901
f 1065/2221/390 1055/2222/388 1057/2223/391

usemtl _Silver_1
vt -21.4789 37.6813
vn 0.371186 0.00604774 0.928539
v 58.0829 32.9155 -3.34343
vt -23.0727 34.8484
vn -0.046468 -0.0120929 0.998847
vt -21.9599 33.0731
vn 0.371521 -0.0554333 0.926768
f 1057/2224/392 1066/2225/393 1065/2226/394

vt -21.7037 37.794
v 58.3064 34.7524 -3.37684
vt -23.0699 36.8669
vn -0.181772 0.00289404 0.983336
vt -23.2966 34.9607
f 1057/2227/392 1067/2228/395 1066/2229/393

vt -22.1399 35.4874
vt -20.7738 36.4146
v 58.1843 35.9242 -3.37684
vt -22.2585 36.7036
vn 0.00911621 -0.105293 0.994399
f 1067/2230/395 1057/2231/392 1068/2232/396

vt -22.287 36.5479
vt -20.8024 36.2588
vt -20.9272 37.3355
vn 0.37034 0.00656658 0.928873
f 1068/2233/396 1057/2234/392 1056/2235/397

vt -21.4896 38.3549
v 57.6866 36.7598 -3.1692
vt -23.4092 38.4348
vn -0.00975886 -0.345936 0.938207
vt -22.8499 37.568
f 1056/2236/397 1069/2237/398 1068/2238/396

vt -23.3961 38.7426
vt -21.4765 38.6626
v 58.8751 37.693 -3.63514
vt -22.0721 39.7107
vn 0.275606 0.11572 0.95428
f 1069/2239/398 1056/2240/397 1070/2241/399

usemtl Durango
v 60.0442 37.8521 -4.80431
vt -26.1916 36.8223
vn 0.493896 0.626691 0.602764
vt -27.9063 36.6542
vn 0.497008 0.640203 0.585768
vt -27.3453 35.5873
vn 0.681568 0.188245 0.707128
f 1071/2242/400 1070/2243/401 1056/2244/402

v 58.5049 38.4561 -4.66138
vt -26.2091 13.7136
vn 0.224435 0.896845 0.381181
vt -26.5519 12.3758
vt -24.8517 12.6548
f 1072/2245/403 1070/2246/401 1071/2247/400

vt -26.135 13.5532
v 57.4272 38.1832 -3.37814
vt -27.8297 13.0741
vn 0.167073 0.89887 0.405116
vt -26.4714 12.2138
f 1072/2248/403 1073/2249/404 1070/2250/401

v 48.7027 39.1014 -4.07307
vt -29.8966 -6.495
vn 0.0480487 0.934731 0.352093
vt -21.4156 -9.87043
vt -19.9684 -8.86695
f 1074/2251/405 1073/2252/404 1072/2253/403

vt -17.6419 -4.08735
vt -26.5301 -2.00869
v 47.85 38.4477 -2.68744
vt -27.5876 -3.48843
vn 0.0282295 0.891899 0.451352
f 1073/2254/404 1074/2255/405 1075/2256/406

v 38.9006 39.2153 -3.94022
vt -34.5498 -4.96245
vn 1.73715e-18 0.906923 0.421297
vt -25.3223 -6.79214
vt -24.3844 -5.2339
f 1076/2257/407 1075/2258/406 1074/2259/405

vt -24.9439 -5.53383
vt -34.1935 -3.81936
vn 2.38858e-18 0.906923 0.421297
v 38.9006 38.4477 -2.47593
vt -34.2294 -5.53383
vn -1.73483e-18 0.885701 0.464256
f 1075/2260/406 1076/2261/408 1077/2262/409

vt -32.9386 -5.22447
vn 3.04001e-18 0.906923 0.421297
v 29.9511 38.4477 -2.68744
vt -42.1882 -6.93895
vn -0.0282295 0.891899 0.451352
vt -32.9027 -6.93895
f 1076/2263/410 1078/2264/411 1077/2265/409

vt -41.7812 -9.06431
vt -32.5537 -7.23462
v 29.0984 39.1014 -4.07307
vt -42.7191 -7.50606
vn -0.0480487 0.934731 0.352093
f 1078/2266/411 1076/2267/410 1079/2268/412

v 37.5817 39.9904 -5.9066
vt -33.879 -8.37099
vn -0.0446575 0.946383 0.319946
vt -42.5904 -10.8221
vt -32.4263 -10.5082
f 1080/2269/413 1079/2270/412 1076/2271/410

vt -39.8411 -18.8522
vt -31.3727 -15.6609
v 29.273 39.7426 -6.19285
vt -39.9539 -16.5507
vn -0.0648813 0.959517 0.274076
f 1079/2272/412 1080/2273/413 1081/2274/414

v 36.4389 41.9985 -12.7113
vt -33.5055 -8.36598
vn -0.0426031 0.970632 0.236768
vt -39.98 -16.3984
vt -31.398 -15.5159
f 1082/2275/415 1081/2276/414 1080/2277/413

vt -38.6141 -18.5546
vt -32.4884 -10.2531
v 27.547 41.7499 -13.4427
vt -41.7011 -11.1681
vn -0.058805 0.974136 0.218178
f 1081/2278/414 1082/2279/415 1083/2280/416

v 35.5929 43.5891 -23.9914
vt -34.1338 -8.52905
vn -0.0374346 0.991951 0.120962
vt -39.2623 -21.4407
vt -30.1703 -19.6951
f 1084/2281/417 1083/2282/416 1082/2283/415

vt -39.5227 -21.0521
vt -34.2757 -8.18817
v 27.547 43.3438 -24.4429
vt -42.4607 -9.90345
vn -0.0471395 0.992728 0.110763
f 1083/2284/416 1084/2285/417 1085/2286/418

v 35.3109 45.0283 -42.7445
vt -39.6314 1.1348
vn -0.0243604 0.994019 0.106459
vt -39.1751 -19.5551
vt -31.3737 -16.5429
f 1086/2287/419 1085/2288/418 1084/2289/417

vt -40.613 -16.9732
vt -39.732 3.70299
v 27.547 44.6466 -40.8471
vt -46.5828 -0.982229
vn -0.0347906 0.991814 0.122856
f 1085/2290/418 1086/2291/419 1087/2292/420

v 27.4687 45.0283 -43.1621
vt -46.12 19.1927
vn -0.0181908 0.986415 0.163262
vt -45.9113 16.7667
vt -37.9741 19.1927
f 1088/2293/421 1087/2294/420 1086/2295/419

v 19.6266 45.0283 -44.4905
vt -55.4046 14.0356
vn -0.0626358 0.984153 0.165888
vt -46.6733 11.6487
vt -47.1544 14.0356
f 1089/2296/422 1087/2297/420 1088/2298/421

vt -55.4741 13.736
v 19.2893 44.0388 -38.829
vt -54.7708 7.80591
vn -0.0706703 0.989546 0.125717
vt -46.7162 11.4485
f 1089/2299/422 1090/2300/423 1087/2301/420

v 14.9502 44.8684 -47.231
vt -57.2011 -11.6353
vn -0.11003 0.985101 0.132168
vt -48.2649 -15.7696
vt -51.6333 -10.8385
f 1091/2302/424 1090/2303/423 1089/2304/422

vt -52.6855 -8.14324
vt -60.5501 -2.21908
v 11.0316 43.2412 -36.811
vt -59.4674 -13.8387
vn -0.120442 0.987699 0.0997252
f 1090/2305/423 1091/2306/424 1092/2307/425

vt -43.4259 -37.1734
vt -49.6539 -27.3043
v 11.7541 44.7085 -49.9714
vt -53.9151 -28.274
vn -0.189234 0.976975 0.0985404
f 1092/2308/425 1091/2309/424 1093/2310/426

vt 57.6539 42.2365
vn 0.174854 0.929132 -0.325792
v 13.5305 44.1909 -49.6685
vt 60.3539 40.908
vn 0.24549 0.910478 -0.332812
vt 62.0128 41.9229
vn 0.315834 0.887289 -0.336107
f 1091/2311/427 1094/2312/428 1093/2313/429

vt 61.2313 15.8383
v 19.5626 44.4555 -46.9852
vt 56.5926 14.5652
vn 0.066934 0.964055 -0.257135
vt 63.3973 13.7495
f 1091/2314/427 1095/2315/430 1094/2316/428

vt 55.2828 18.6368
vn 0.0381153 0.98297 -0.179769
vt 56.3833 16.2197
vt 60.8668 17.962
f 1089/2317/431 1095/2318/430 1091/2319/427

vt 53.5808 -4.56409
v 30.0235 44.773 -45.5936
vt 42.7974 -5.7475
vn 0.00160747 0.9929 -0.118944
vt 53.6493 -7.21903
f 1089/2320/431 1096/2321/432 1095/2322/430

vt 47.1544 -2.08815
vn 0.0101537 0.995533 -0.0938668
vt 44.9628 -5.0294
vt 55.4046 -2.08815
f 1088/2323/433 1096/2324/432 1089/2325/431

vt 37.9741 -6.98286
vn -0.000862455 0.997934 -0.064247
vt 43.6078 -9.65547
vt 46.12 -6.98286
f 1086/2326/434 1096/2327/432 1088/2328/433

vt 33.4351 -18.378
v 38.9006 44.9386 -44.9569
vt 29.3023 -19.8124
vn -1.10346e-13 0.998901 -0.0468613
vt 38.1468 -22.4623
f 1086/2329/434 1097/2330/435 1096/2331/432

vt 36.1002 -7.46911
vt 39.2876 -4.47263
v 38.9006 45.006 -42.7445
vt 35.6399 -5.21994
vn -8.67379e-19 0.999538 -0.0304098
f 1097/2332/435 1086/2333/434 1098/2334/436

v 35.8802 44.459 -42.7445
vt -36.7083 46.338
vn 0.57122 0.665814 0.479999
vt -33.5755 46.9054
vn 0 0 1
vt -37.2988 46.9286
vn 0.48898 0.48898 0.722355
f 1099/2335/437 1098/2336/438 1086/2337/439

vt -22.4037 -23.0766
vn -0.238208 0.969485 0.0579231
v 38.9006 44.3163 -27.9351
vt -6.74627 -23.8819
vn -9.5095e-18 0.995672 0.0929348
vt -21.6235 -19.9899
vn 2.82061e-17 0.998917 0.0465196
f 1099/2338/440 1100/2339/441 1098/2340/442

vt -6.05037 -17.3731
vt -21.721 -16.8887
v 36.1622 43.1716 -23.9914
vt -2.71726 -21.2591
vn -0.205398 0.970805 0.123893
f 1100/2341/441 1099/2342/440 1101/2343/443

vt 10.7754 57.8005
vt -8.64008 56.2777
vn 0.630705 0.774197 0.0532076
vt -8.59381 55.5469
vn 0.578135 0.813521 0.0627968
f 1099/2344/437 1084/2345/444 1101/2346/445

vt -8.02722 58.0008
vt 11.4061 59.2756
vt 11.3697 60.11
f 1084/2347/444 1099/2348/437 1086/2349/439

vt -21.5488 53.2391
vn 0.564378 0.819725 0.0976127
vt -9.96147 55.2876
vt -10.0303 56.0166
f 1082/2350/446 1101/2351/445 1084/2352/444

vt -10.4562 54.4499
vt -22.0193 52.2693
v 37.0083 41.619 -12.7113
vt -21.9424 51.5638
vn 0.551224 0.826836 0.111773
f 1101/2353/445 1082/2354/446 1102/2355/447

vt -26.2496 49.0601
vt -26.4061 49.7524
vt -32.8982 46.0897
vn 0.54837 0.822555 0.150646
f 1102/2356/447 1082/2357/446 1080/2358/448

vt -28.2762 -20.8568
v 38.9006 40.0327 -5.76404
vt -26.9114 -20.6767
vn -2.32935e-18 0.953723 0.300686
vt -30.4977 -13.9221
vn -0.102602 0.97202 0.211305
f 1080/2359/413 1103/2360/449 1102/2361/450

vt -30.0584 -10.3003
vt -28.3513 -12.2404
vn 3.4743e-18 0.906923 0.421297
vt -28.6858 -10.1945
vn 0 0.953723 0.300686
f 1080/2362/413 1076/2363/451 1103/2364/452

vt -37.7418 -1.43591
v 40.2194 39.9904 -5.9066
vt -36.0347 0.504202
vn 0.0446575 0.946383 0.319946
vt -37.4073 0.610031
f 1076/2365/407 1104/2366/453 1103/2367/452

vt -24.5008 -8.19973
vt -33.2122 -5.7486
vt -34.665 -7.88579
f 1074/2368/405 1104/2369/453 1076/2370/451

vt -35.1818 -7.11198
vt -26.7135 -10.3032
v 48.5281 39.7426 -6.19285
vt -26.6006 -8.00174
vn 0.0648813 0.959517 0.274076
f 1104/2371/453 1074/2372/405 1105/2373/454

vt -19.7628 -8.51943
vt -29.2888 -3.97511
vt -29.7127 -6.24006
f 1072/2374/403 1105/2375/454 1074/2376/405

vt -31.0047 -3.12694
vt -22.0286 -8.67897
v 60.8962 38.6738 -6.58992
vt -18.9754 -7.73936
vn 0.143271 0.931807 0.333481
f 1105/2377/454 1072/2378/403 1106/2379/455

vt -22.2117 14.848
vt -25.3861 14.4908
vt -23.9782 13.5
f 1106/2380/455 1072/2381/403 1071/2382/400

v 61.9119 37.7406 -6.84915
vt -24.1437 28.7924
vn 0.708629 0.450933 0.542683
vt -25.0371 29.9419
vn 0.701686 0.565578 0.433311
vt -27.0153 28.9298
vn 0.703414 0.340481 0.623924
f 1107/2383/456 1106/2384/457 1071/2385/458

v 64.5933 39.3738 -14.9487
vt -16.6253 30.9423
vn 0.753202 0.572363 0.324171
vt -26.0863 29.9957
vt -25.3608 28.7335
f 1108/2386/459 1106/2387/457 1107/2388/456

vt -26.1098 34.3674
vt -16.6388 35.2077
v 63.3797 40.9129 -14.5223
vt -17.5951 37.0556
vn 0.79041 0.544013 0.281605
f 1106/2389/457 1108/2390/459 1109/2391/460

vt -17.2367 37.2595
vt -16.4634 35.3279
v 66.6496 40.6154 -25.1504
vt -5.7045 36.8862
vn 0.799912 0.562631 0.208774
f 1109/2392/460 1108/2393/459 1110/2394/461

v 69.0896 38.6765 -19.4761
vt -10.2374 12.0664
vn 0.443469 0.880123 0.169465
vt -6.3037 17.5085
vn 0.382576 0.91208 0.147464
vt -16.6011 14.0235
vn 0.29231 0.932657 0.211438
f 1111/2395/462 1110/2396/463 1108/2397/464

vt -5.80039 21.142
vt -10.6349 16.4817
v 70.2698 39.712 -30.2684
vt 0.400112 18.9707
vn 0.545894 0.830624 0.109833
f 1110/2398/463 1111/2399/462 1112/2400/465

v 71.688 37.5996 -23.3583
vt -6.11271 20.5829
vn 0.600134 0.789343 0.129525
vt 0.474285 24.4496
vt -10.678 22.554
f 1113/2401/466 1112/2402/465 1111/2403/462

vt 0.612989 28.8986
vt -6.30722 25.6659
v 72.3338 38.4291 -35.3864
vt 6.15212 26.9353
vn 0.721691 0.689105 0.0655434
f 1112/2404/465 1113/2405/466 1114/2406/467

v 72.6267 33.7634 -24.3221
vt -5.30548 33.9783
vn 0.978444 0.198083 0.0584015
vt 6.12255 38.9407
vn 0.983081 0.178479 0.0411942
vt -6.37018 38.0584
vn 0.968745 0.231757 0.0884393
f 1115/2407/468 1114/2408/469 1113/2409/470

v 73.1404 33.7634 -37.6661
vt 8.49374 34.5879
vn 0.989625 0.14261 0.0174843
vt 6.09868 39.4844
vt -5.3577 34.5879
f 1116/2410/471 1114/2411/469 1115/2412/468

vt 8.45933 34.4907
v 72.5346 38.7036 -48.8636
vt 20.0606 39.6834
vn 0.989692 0.142558 0.0136983
vt 6.07983 39.3949
f 1116/2413/471 1117/2414/472 1114/2415/469

v 73.2479 32.7149 -41.1485
vt 12.03 33.6966
vn 0.992449 0.12163 0.0158658
vt 20.0352 39.949
vt 8.41831 34.7912
f 1118/2416/473 1117/2417/472 1116/2418/471

vt 12.0885 33.4969
v 73.3868 33.0135 -47.998
vt 19.1945 33.8103
vn 0.99669 0.0811353 -0.00518898
vt 20.0681 39.7818
f 1118/2419/473 1119/2420/474 1117/2421/472

v 73.4847 31.021 -43.9196
vt 14.9638 32.0492
vn 0.997182 0.0740231 0.0122325
vt 19.1905 34.1262
vt 12.0844 33.8149
f 1120/2422/475 1119/2423/474 1118/2424/473

v 73.6176 28.3092 -46.3572
vt 17.4402 29.4318
vn 0.99937 -0.00179971 -0.0354538
vt 19.1422 34.3172
vt 14.9117 32.248
f 1121/2425/476 1119/2426/474 1120/2427/475

vt 18.935 34.3713
vt 17.2202 29.4903
v 73.4733 27.4715 -48.6378
vt 19.5904 28.6211
vn 0.998179 -0.0439667 -0.0413037
f 1119/2428/474 1121/2429/476 1122/2430/477

v 73.0927 22.5019 -48.3572
vt 19.4382 23.6909
vn 0.950546 -0.301514 -0.0745042
vt 19.7155 28.8616
vt 17.3462 29.7332
f 1123/2431/478 1122/2432/477 1121/2433/476

vt 19.4783 23.6651
v 73.0927 22.7705 -49.5365
vt 20.7014 23.9447
vn 0.905294 -0.414173 -0.0943585
vt 19.7623 28.8354
f 1123/2434/478 1124/2435/479 1122/2436/477

vt 18.6072 21.184
v 72.8081 22.4859 -49.5365
vt 19.8655 21.1608
vn 0.698106 -0.698106 -0.159045
vt 19.7999 21.5732
f 1123/2437/478 1125/2438/480 1124/2439/479

vt 19.7349 17.0445
vn 0.838514 0.503108 -0.209228
vt 18.4765 17.0637
v 72.9789 22.2012 -49.5365
vt 19.692 16.7028
f 1125/2440/481 1123/2441/481 1126/2442/481

vt 19.4948 22.9842
vn 0.958189 -0.214011 -0.18993
v 71.568 18.0882 -51.0762
vt 22.3309 18.1498
vn 0.991109 0.00784549 -0.132817
vt 20.7191 22.6549
vn 0.946942 -0.321263 -0.00952615
f 1123/2443/482 1127/2444/483 1126/2445/484

vt 20.6934 19.713
vt 17.491 24.313
v 72.125 16.9528 -49.3441
vt 18.8096 18.5297
vn 0.979514 0.15456 -0.129087
f 1127/2446/483 1123/2447/482 1128/2448/485

v 73.7741 22.3633 -45.6286
vt 15.5176 24.0632
vn 0.962601 -0.0552849 -0.265224
vt 19.6755 18.4076
vn 0.955595 -0.10119 -0.276765
vt 18.4347 24.2081
vn 0.974731 -0.0391072 -0.219932
f 1129/2449/486 1128/2450/487 1123/2451/488

v 73.1173 17.6784 -46.4618
vt 16.1073 19.069
vn 0.948537 -0.0784079 -0.306807
vt 19.2687 18.314
vt 15.0754 23.9434
f 1130/2452/489 1128/2453/487 1129/2454/486

usemtl _DimGray_
v 73.2801 16.5006 -49.3441
vt 13.1508 -5.58443
vn 0.359165 0.917324 -0.171806
vt 13.9925 -4.61133
vn 0.305091 0.945271 -0.115681
vt 11.1419 -3.04994
vn 0.343041 0.876142 -0.338671
f 1131/2455/490 1128/2456/491 1130/2457/492

v 73.318 16.5006 -126.507
vt 100.577 4.3891
vn 0.250123 0.959954 0.126205
vt 20.5389 5.67572
vt 20.5395 4.3891
f 1132/2458/493 1128/2459/491 1131/2460/490

vt 20.5235 2.26563
vt 100.535 -0.172011
v 71.3823 16.8801 -126.507
vt 100.564 1.87389
vn 0.188948 0.963634 0.188964
f 1128/2461/491 1132/2462/493 1133/2463/494

vt 45.2615 88.9552
v 73.0856 17.8029 -129.568
vt 46.4124 92.2172
vn 0.178474 0.910218 0.373697
vt 43.4497 89.9058
f 1132/2464/493 1134/2465/495 1133/2466/494

usemtl Durango
vt 100.168 17.2418
vn 0.998048 -0.0513642 -0.0355277
v 73.1173 14.7179 -129.568
vt 103.35 15.3926
vn 0.997631 -0.0645926 -0.0236725
vt 103.352 18.5927
vn 0.997398 0.0102452 -0.0713636
f 1132/2467/496 1135/2468/497 1134/2469/498

vt 103.752 15.6004
vt 100.577 17.4613
vt 20.5395 17.4613
vn 0.997506 -0.0679829 0.0189851
f 1135/2470/497 1132/2471/496 1131/2472/499

vt 103.751 15.5989
vt 20.5384 17.4557
v 73.1173 14.7179 -46.4618
vt 17.5487 15.5989
vn 0.998564 -0.0455258 0.0282297
f 1135/2473/497 1131/2474/499 1136/2475/500

vt 17.6289 15.4888
vt 20.6233 17.3379
vt 17.6289 18.5597
vn 0.998409 -2.95889e-18 0.0563786
f 1136/2476/500 1131/2477/499 1130/2478/501

usemtl _DimGray_
vt 1.91616 18.5597
vn -9.99915e-19 -0.0878908 0.99613
v 59.0503 17.6784 -46.4618
vt -12.6749 18.5597
vn 0.448602 -0.0785508 0.890273
v 59.0503 14.7179 -46.4618
vt -12.6749 15.4888
vn 0.707107 -1.20777e-16 0.707107
vt 1.91616 15.4888
f 1130/2479/502 1137/2480/503 1138/2481/504 1136/2482/438 

v 59.0503 22.3633 -45.6286
vt -12.6749 20.1358
vn 0.448299 -0.224472 0.86524
vt -12.6749 15.2002
vt 1.91616 15.2002
vt 2.59739 20.1358
vn -1.82375e-18 -0.25112 0.967956
f 1139/2483/505 1137/2484/503 1130/2485/502 1129/2486/506 

v 59.0503 14.4978 -13.5666
vt -16.5721 15.2606
vn 0.728132 -0.248655 -0.638745
vt 17.5487 15.4888
vt 17.5487 18.5597
vt 16.6845 23.4191
v 59.0503 27.2662 -43.9401
vt 14.9331 28.5047
vn 0.454466 -0.4518 0.767684
v 59.0503 29.5557 -41.8821
vt 12.7984 30.8795
vn 0.450994 -0.686292 0.570621
v 59.0503 30.9857 -39.5426
vt 10.3718 32.3628
vn 0.450163 -0.815136 0.364563
v 59.0503 31.8709 -36.6026
vt 7.32217 33.281
vn 0.45106 -0.882969 0.130038
v 59.0503 31.8709 -25.3367
vt -4.36339 33.281
vn 0.44803 -0.891983 -0.060304
v 59.0503 31.4624 -22.3295
vt -7.48269 32.8573
vn 0.449876 -0.863811 -0.226808
v 59.0503 30.3728 -19.5897
vt -10.3246 31.727
vn 0.450502 -0.777512 -0.438775
v 59.0503 28.917 -17.6709
vt -12.3149 30.217
vn 0.450349 -0.634046 -0.628627
v 59.0503 27.8132 -16.8184
vt -13.1992 29.072
vn 0.45604 -0.376593 -0.806354
v 59.0503 25.7869 -16.3732
vt -13.6609 26.9702
vn 0.447345 -0.168166 -0.878409
v 59.0503 22.6906 -15.867
vt -14.186 23.7586
vn 0.447264 -0.159048 -0.880147
v 59.0503 18.0431 -14.9467
vt -15.1406 18.9379
vn 0.339918 -0.384213 -0.858392
f 1140/2487/507 1138/2488/504 1137/2489/503 1139/2490/505 1141/2491/508 1142/2492/509 1143/2493/510 1144/2494/511 1145/2495/512 1146/2496/513 1147/2497/514 1148/2498/515 1149/2499/516 1150/2500/517 1151/2501/518 1152/2502/519 

v 18.7508 14.7179 -46.4618
vt 54.476 17.652
vn 4.89125e-19 -0.999978 -0.00668846
vt 12.6749 17.652
vt 12.6749 -16.4696
v 38.9006 14.4978 -13.5666
vt 33.5755 -16.4696
v 18.7508 14.4978 -13.5666
vt 54.476 -16.4696
f 1153/2503/520 1138/2504/520 1140/2505/520 1154/2506/520 1155/2507/520 

vt -33.5755 20.7811
vn -8.60407e-18 -0.997958 0.0638668
vt -12.6749 20.7811
vn 0.0839742 -0.984414 0.154524
v 69.288 16.038 -9.31823
vt -2.05583 25.4684
vn 0.0785485 -0.99482 0.0645286
f 1154/2508/521 1140/2509/522 1156/2510/523

v 70.4371 16.3956 -13.5666
vt -15.9368 -1.65241
vn 0.164277 -0.985661 -0.0385371
vt -19.9547 -3.85077
vt -13.2393 -13.3186
f 1157/2511/524 1156/2512/523 1140/2513/522

usemtl Durango
vt -16.2748 17.5315
vn 0.933453 -0.247334 0.25979
v 69.7317 17.7415 -9.75059
vt -20.2913 18.9525
vn 0.937595 -0.214406 0.273763
vt -20.8392 17.1539
vn 0.920243 -0.213896 0.327721
f 1157/2514/525 1158/2515/526 1156/2516/527

vt -20.1078 19.0889
vt -16.1078 17.622
v 71.4116 18.0431 -14.9467
vt -14.4443 19.4175
vn 0.934259 -0.213437 0.285665
f 1158/2517/526 1157/2518/525 1159/2519/528

usemtl _DimGray_
vt -0.146937 4.79423
vn -6.47705e-19 -0.431729 -0.902003
vt 0.863915 2.56503
vn 0.0305947 -0.509114 -0.860155
vt 12.6749 4.79423
f 1159/2520/529 1157/2521/530 1152/2522/519

vt 11.5754 7.93955
vt 11.6681 11.8846
vt -0.210855 10.0514
f 1140/2523/507 1152/2524/519 1157/2525/530

vt 12.6749 15.6362
vt 12.6749 20.5505
v 72.4828 22.6906 -15.867
vt -1.25804 20.5505
vn -6.80141e-19 -0.177826 -0.984062
vt -0.146937 15.6362
f 1152/2526/519 1151/2527/518 1160/2528/531 1159/2529/529 

vt 12.6749 21.1583
vt 12.6749 24.4126
v 73.0073 25.7869 -16.3732
vt -1.80208 24.4126
vn -3.6762e-19 -0.188029 -0.982164
vt -1.25804 21.1583
f 1151/2530/518 1150/2531/517 1161/2532/532 1160/2533/531 

vt 12.6749 23.411
vt 12.6749 25.5629
v 73.3241 27.8132 -16.8184
vt -2.13067 25.5629
vn -3.22686e-19 -0.423157 -0.906056
vt -1.80208 23.411
f 1150/2534/517 1149/2535/516 1162/2536/533 1161/2537/532 

vt 12.6749 14.9416
vt 12.6749 16.3883
v 73.3241 28.917 -17.6709
vt -2.13067 16.3883
vn 0 -0.710135 -0.704066
vt -2.13067 14.9416
f 1149/2538/516 1148/2539/515 1163/2540/534 1162/2541/533 

vt 12.6749 8.45259
vt 12.6749 10.9509
v 73.3241 30.3728 -19.5897
vt -2.13067 10.9509
vn 4.09476e-19 -0.870893 -0.491473
vt -2.13067 8.45259
f 1148/2542/515 1147/2543/514 1164/2544/535 1163/2545/534 

vt 12.6749 2.1313
vt 12.6749 5.18971
v 73.4 31.4624 -22.3295
vt -2.20941 5.18971
vn -6.30685e-20 -0.967215 -0.253959
vt -2.13067 2.1313
f 1147/2546/514 1146/2547/513 1165/2548/536 1164/2549/535 

vt 12.6749 -2.99207
vt 12.6749 0.155881
v 73.5139 31.8709 -25.3367
vt -2.32752 0.155881
vn -4.69407e-19 -0.997722 -0.0674527
vt -2.20941 -2.99207
f 1146/2550/513 1145/2551/512 1166/2552/537 1165/2553/536 

vt 12.6749 -4.36339
vt 12.6749 7.32217
v 73.9971 31.8709 -36.6026
vt -2.82877 7.32217
vn 0 -0.989329 0.145702
vt -2.32752 -4.36339
f 1145/2554/512 1144/2555/511 1167/2556/538 1166/2557/537 

vt -12.6749 2.58343
vt -12.6749 -0.601391
v 73.9971 30.9857 -39.5426
vt 2.82877 -0.601391
vn 0 -0.912861 0.40827
vt 2.82877 2.58343
f 1144/2558/511 1143/2559/510 1168/2560/539 1167/2561/538 

vt -12.6749 8.0296
vt -12.6749 5.18549
v 73.9971 29.5557 -41.8821
vt 2.82877 5.18549
vn -1.59759e-18 -0.768931 0.639332
vt 2.82877 8.0296
f 1143/2562/510 1142/2563/509 1169/2564/540 1168/2565/539 

vt -12.6749 14.4091
vt -12.6749 11.216
v 74.0062 27.2662 -43.9401
vt 2.83821 11.216
vn -2.45203e-18 -0.507205 0.861826
vt 2.82877 14.4091
f 1142/2566/509 1141/2567/508 1170/2568/541 1169/2569/540 

vt -12.6749 22.0887
vt -12.6749 16.71
vt 2.59739 16.71
vt 2.83821 22.0887
f 1141/2570/508 1139/2571/505 1129/2572/506 1170/2573/541 

usemtl Durango
vt 15.5701 23.1625
vt 18.4873 23.3064
vt 13.8122 28.2516
vn 0.983766 0.0376253 -0.175469
f 1129/2574/486 1123/2575/488 1170/2576/542

vt 14.2258 28.6526
vt 18.9021 23.7085
vt 16.765 29.735
vn 0.987172 0.0800039 -0.138169
f 1170/2577/542 1123/2578/488 1121/2579/543

vt 14.5127 27.8671
vt 17.0495 28.9551
vt 12.393 30.2553
vn 0.981384 0.151332 -0.118252
f 1170/2580/542 1121/2581/543 1169/2582/544

vt 12.321 29.7334
vt 16.9746 28.423
vt 14.4856 31.2741
vn 0.968605 0.219491 -0.116742
f 1169/2583/544 1121/2584/543 1120/2585/545

vt 12.3891 29.5591
vt 14.5495 31.1056
vt 9.97847 31.0684
vn 0.956596 0.27149 -0.105909
f 1169/2586/544 1120/2587/545 1168/2588/546

vt 9.98285 29.5462
vt 14.5539 29.5847
vt 11.7262 31.4321
vn 0.937864 0.333481 -0.095926
f 1168/2589/546 1120/2590/545 1118/2591/547

vt 10.0314 29.435
vt 11.7673 31.3276
vt 6.99749 30.4038
vn 0.925905 0.374812 -0.0470793
f 1168/2592/546 1118/2593/547 1167/2594/548

vt 7.0385 29.6046
vt 11.8046 30.5476
vt 8.21704 31.719
vn 0.914626 0.404289 -0.00320131
f 1167/2595/548 1118/2596/547 1116/2597/549

vt 7.43667 28.9653
vt 8.50075 31.1396
vt -4.25963 28.9653
vn 0.911463 0.407873 0.0536229
f 1167/2598/548 1116/2599/549 1166/2600/550

vt -4.27063 29.3551
vt 8.49374 31.5059
vt -5.3577 31.5059
vn 0.916711 0.393249 0.0706833
f 1166/2601/550 1116/2602/549 1115/2603/551

vt -4.12465 29.6778
vt -5.25914 31.804
vt -7.24121 29.2188
vn 0.922994 0.368216 0.111797
f 1166/2604/550 1115/2605/551 1165/2606/552

vt -7.23183 29.175
vt -5.25296 31.7625
v 72.4816 33.2795 -20.7601
vt -8.94477 31.2184
vn 0.92305 0.355131 0.147852
f 1165/2607/552 1115/2608/551 1171/2609/553

vt -6.36828 38.0606
vt -8.99769 33.4664
vn 0.967158 0.227271 0.11381
vt -5.30164 33.981
f 1113/2610/470 1171/2611/554 1115/2612/468

v 70.5056 36.0442 -11.4338
vt -18.7238 35.9533
vn 0.947953 0.209219 0.240024
vt -8.86391 32.989
vt -6.30164 37.621
f 1172/2613/555 1171/2614/554 1113/2615/470

vt -18.6974 36.3817
v 72.2772 31.9889 -17.5149
vt -12.1885 32.0817
vn 0.969821 0.141468 0.198581
vt -8.82766 33.4502
f 1172/2616/555 1173/2617/556 1171/2618/554

vt -11.9036 32.9815
vt -18.4645 37.2017
v 71.3541 32.3743 -13.7372
vt -15.9372 33.3827
vn 0.968093 0.0866267 0.235142
f 1173/2619/556 1172/2620/555 1174/2621/557

v 70.2027 33.6306 -8.91743
vt -21.1539 34.6286
vn 0.933979 0.18322 0.306778
vt -16.0154 33.3197
vt -18.5356 37.1435
f 1175/2622/558 1174/2623/557 1172/2624/555

v 70.6283 30.5007 -10.0932
vt -19.8271 31.6306
vn 0.967338 0.0272927 0.252015
vt -15.9743 33.5766
vt -21.1139 34.8812
f 1176/2625/559 1174/2626/557 1175/2627/558

vt -19.7652 31.4239
v 71.6991 28.4847 -13.8213
vt -15.7453 29.3259
vn 0.959955 0.0366714 0.277742
vt -15.9144 33.3737
f 1176/2628/559 1177/2629/560 1174/2630/557

v 70.7679 28.2686 -10.9012
vt -18.5994 29.7698
vn 0.952625 -0.0491081 0.300157
vt -15.4203 29.9942
vt -19.4424 32.0878
f 1178/2631/561 1177/2632/560 1176/2633/559

vt -18.2921 20.5705
vn 0.861801 0.345309 0.371566
vt -11.6145 19.9934
vn 0.897113 0.255973 0.360092
vt -15.1168 20.8443
vn 0.766619 0.574406 0.286972
f 1178/2634/562 1162/2635/563 1177/2636/564

vt -11.3877 26.7482
vt -18.0727 27.2331
v 70.8817 27.8132 -10.9012
vt -18.0276 26.7482
vn 0.912386 0.12007 0.391324
f 1162/2637/563 1178/2638/562 1179/2639/565

vt -17.5281 27.047
v 69.1869 28.2686 -7.73952
vt -21.1947 27.047
vn 0.824477 -0.153149 0.544778
vt -17.4753 26.5629
f 1178/2640/562 1180/2641/566 1179/2642/565

usemtl _Goldenrod_
vt -17.5281 30.2237
vn 0.889078 -0.10396 0.445795
vt -22.0978 32.4987
vn 0.790598 -0.133622 0.597578
vt -21.1947 30.2237
vn 0.806831 -0.158929 0.569004
f 1178/2643/567 1062/2644/568 1180/2645/569

vt -22.079 32.5264
vt -17.5098 30.2503
vt -18.3237 32.5787
vn 0.888372 -0.106171 0.44668
f 1062/2646/568 1178/2647/567 1176/2648/570

usemtl _PaleTurquoise_1
vt -19.6045 35.477
vn 0.825423 0.0506712 0.562236
vt -22.0721 32.1748
vt -18.3168 32.2269
vn 0.892044 -0.0475272 0.449442
f 1175/2649/571 1062/2650/385 1176/2651/572

vt -18.3948 33.9236
vt -19.097 29.403
vt -16.6738 32.7379
f 1061/2652/386 1062/2653/385 1175/2654/571

usemtl Durango
vt -18.9364 28.3569
vt -16.5342 31.0789
vt -20.5922 29.6319
vn 0.78968 0.3925 0.47154
f 1175/2655/558 1172/2656/555 1061/2657/573

vt -21.1252 33.2942
vt -17.0404 34.664
vn 0.638819 0.700618 0.317875
vt -21.3006 33.9228
f 1061/2658/383 1172/2659/574 1060/2660/382

v 67.2905 37.1581 -9.1415
vt -19.5455 18.9504
vn 0.384426 0.864447 0.323957
vt -19.8476 16.1274
vt -15.6615 17.2113
f 1181/2661/575 1060/2662/382 1172/2663/574

vt -17.9316 13.8025
vt -17.951 16.6416
vt -21.9342 14.9383
f 1060/2664/382 1181/2665/575 1058/2666/380

vt -21.112 6.3665
vn 0.233551 0.893463 0.383637
vt -18.7896 2.75665
vt -15.1493 5.10531
f 1107/2667/576 1058/2668/380 1181/2669/575

vt -15.7181 2.92113
vt -18.5237 6.16971
vt -22.1695 4.1086
f 1058/2670/380 1107/2671/576 1056/2672/378

vt -23.9709 37.9882
vt -26.8435 38.1047
vt -28.0104 36.8822
vn 0.735957 0.124932 0.665401
f 1107/2673/456 1071/2674/458 1056/2675/577

vt -16.5929 0.074724
vt -14.9449 6.90678
vt -22.4168 1.87093
f 1181/2676/575 1108/2677/464 1107/2678/576

vt -16.577 14.6101
vt -20.4086 8.71846
vt -10.1825 12.7559
f 1108/2679/464 1181/2680/575 1111/2681/462

vt -17.4009 12.3539
vt -10.4333 17.8903
vt -20.9536 14.6968
f 1172/2682/574 1111/2683/462 1181/2684/575

vt -10.6645 23.5362
vt -18.2963 18.9584
vt -6.05802 21.6634
f 1111/2685/462 1172/2686/574 1113/2687/466

usemtl _Goldenrod_
v 67.3426 28.2686 -5.82803
vt -20.5309 31.8728
vn 0.530912 -0.121711 0.838641
vt -17.7757 31.8728
vt -18.5682 34.1888
f 1182/2688/578 1180/2689/569 1062/2690/568

usemtl Durango
vt -17.7757 32.6952
vt -20.5309 32.6952
vn 0.592593 -0.340521 0.729985
v 69.1869 27.8132 -8.00522
vt -17.5774 32.1854
vn 0.774724 0.0796164 0.627267
f 1180/2691/566 1182/2692/579 1183/2693/580

v 67.3426 27.8132 -6.01781
vt -20.6577 31.6824
vn 0.540696 0.0858502 0.836826
vt -17.8454 31.6824
vt -20.802 32.1734
f 1184/2694/581 1183/2695/580 1182/2696/579

vt -20.6577 20.3414
v 68.0266 25.7577 -5.30793
vt -20.7148 17.9775
vn 0.594047 0.202508 0.778523
vt -17.8454 20.3414
f 1184/2697/581 1185/2698/582 1183/2699/580

vt -15.7379 18.2996
v 64.8199 25.7577 -3.45453
vt -19.3339 15.9479
vn 0.350262 0.296663 0.88843
vt -15.4921 15.9479
f 1184/2700/581 1186/2701/583 1185/2702/582

v 64.5976 27.8132 -4.77359
vt -16.9105 13.6669
vn 0.261414 0.228515 0.937786
vt -17.2654 11.1481
vt -13.7844 13.6669
f 1187/2703/584 1186/2704/583 1184/2705/581

v 57.8437 27.1119 -2.68744
vt -20.0329 10.7876
vn 0.0609961 0.783134 0.618854
vt -12.8106 9.11292
vt -12.7161 11.6549
f 1188/2706/585 1186/2707/583 1187/2708/584

vt -13.6397 5.36075
vt -20.8271 7.17952
v 55.8663 25.7577 -0.987007
vt -23.2731 5.36075
vn 0.159004 0.351358 0.92264
f 1186/2709/583 1188/2710/585 1189/2711/586

v 47.9176 26.6976 -1.71682
vt -25.5875 -3.11612
vn 0.0128253 0.880224 0.474384
vt -17.3887 -4.6269
vt -15.2549 -2.45031
f 1190/2712/587 1189/2713/586 1188/2714/585

vt -18.8821 -9.60719
vt -27.0087 -7.74695
v 46.1251 25.7577 -1.42109e-14
vt -29.038 -9.60719
vn 0.0352614 0.396775 0.917238
f 1189/2715/586 1190/2716/587 1191/2717/588

vt -26.0817 -13.9424
vt -24.2225 -11.9122
v 38.9006 25.7577 -1.42109e-14
vt -33.5755 -13.9424
vn 3.91068e-18 0.666842 0.745199
f 1191/2718/588 1190/2719/587 1192/2720/589

v 38.9006 26.6976 -1.71682
vt -33.5755 -11.9122
vn 8.42655e-18 0.885942 0.463796
f 1192/2720/589 1190/2719/587 1193/2721/590

vt -33.5755 -13.3322
vt -24.2225 -13.3322
v 38.9006 27.0772 -2.47593
vt -33.5755 -12.4519
vn 0 0.913819 0.406123
f 1193/2722/590 1190/2723/587 1194/2724/591

v 47.9176 27.0772 -2.68744
vt -24.8691 -15.0942
vn 0.000738729 0.91603 0.40111
vt -34.2246 -15.0942
vt -24.8927 -16.175
f 1195/2725/592 1194/2726/591 1190/2727/587

usemtl _Silver_1
v 47.2769 27.9785 -2.33522
vt -25.5419 37.0701
vn 0.0457518 0.131307 0.990285
vt -34.2246 36.072
vn -4.34037e-18 -0.379721 0.925101
vt -24.8691 36.072
vn 0.061776 -0.345976 0.936207
f 1196/2728/593 1194/2729/594 1195/2730/595

vt -34.4394 36.872
vn -3.4723e-18 -0.379721 0.925101
vt -25.7598 37.8962
v 38.9006 28.0163 -2.05547
vt -34.4531 37.9392
vn 1.50442e-16 0.0798497 0.996807
f 1194/2731/596 1196/2732/593 1197/2733/597

v 40.3529 29.4606 -2.99022
vt -33.0432 12.5361
vn 0.326459 0.71133 0.622442
vt -34.5837 10.7809
vn 1.56439e-16 0.0798497 0.996807
vt -25.8904 10.7349
f 1198/2734/598 1197/2735/599 1196/2736/593

v 40.2026 29.7005 -2.98024
vt -40.4027 27.8118
vn 0.819562 0.154865 0.551665
vt -42.02 26.0284
vn 1.59938e-16 0.0798497 0.996807
vt -40.2551 27.5578
f 1199/2737/600 1197/2738/601 1198/2739/598

vt -42.3421 31.0885
v 38.9006 32.957 -1.82817
vt -44.1413 34.4686
vn 6.39373e-17 0.0132123 0.999913
vt -43.9975 29.3403
vn 1.43944e-16 0.0798497 0.996807
f 1199/2740/600 1200/2741/602 1197/2742/603

vt -44.1984 34.4112
vn 5.32811e-17 0.0132123 0.999913
vt -42.3957 31.033
v 40.2554 31.817 -2.98375
vt -42.3514 33.2286
vn 0.859016 -0.268236 0.436052
f 1200/2743/604 1199/2744/600 1201/2745/605

vt -25.3566 32.3668
vt -25.3566 30.1708
v 40.1674 29.7005 -3.51045
vt -24.8054 30.1708
vn 0.962236 0.264608 -0.0639117
v 40.2202 31.817 -3.51395
vt -24.8054 32.3668
vn 0.946606 -0.316203 -0.0628734
f 1201/2746/605 1199/2747/600 1202/2748/606 1203/2749/607 

vt -25.3566 44.3471
vt -25.3566 44.0533
v 40.3177 29.4606 -3.52043
vt -24.8054 44.0533
vn 0.482834 0.875125 -0.0320699
vt -24.8054 44.3471
f 1199/2750/600 1198/2751/598 1204/2752/608 1202/2753/606 

vt -32.069 -27.5425
v 51.7778 29.4606 -3.74906
vt -20.2184 -26.7554
vn -0.0153892 0.840639 0.541378
v 51.7426 29.4606 -4.27927
vt -20.255 -26.2054
vn -0.067606 0.997702 0.00449026
vt -32.1055 -26.9925
f 1198/2754/598 1205/2755/609 1206/2756/610 1204/2757/608 

vt -33.8239 9.39734
vt -26.7027 7.47507
vt -21.9472 9.39734
f 1198/2758/598 1196/2759/593 1205/2760/609

vt -21.2053 6.8679
vt -25.9254 4.86044
v 56.2741 28.3211 -2.95995
vt -16.5753 5.32452
vn 0.0761499 0.153953 0.985139
f 1205/2761/609 1196/2762/593 1207/2763/611

vt -26.4206 34.9808
vt -17.7586 36.34
vt -27.1127 35.9656
f 1195/2764/595 1207/2765/611 1196/2766/593

vt -18.0303 37.1596
vt -26.6874 35.7694
v 57.3883 27.4914 -3.39737
vt -16.8378 36.2324
vn 0.213182 -0.247625 0.945111
f 1207/2767/611 1195/2768/595 1208/2769/612

usemtl Durango
vt -14.2222 -10.3821
vn 0.0242828 0.654174 0.755954
vt -24.0408 -11.2904
vt -13.745 -11.2144
f 1208/2770/613 1195/2771/592 1188/2772/585

vt -23.9638 -16.9146
vt -13.6772 -15.7349
vt -23.9727 -15.8336
f 1190/2773/587 1188/2774/585 1195/2775/592

vt -6.82211 -9.894
v 58.5126 27.8132 -3.6251
vt -6.38246 -8.56617
vn 0.105829 0.448254 0.88762
vt -7.45771 -9.17534
f 1188/2776/585 1209/2777/614 1208/2778/613

vt -18.8513 0.104826
vt -11.566 1.20626
vt -17.9892 1.20626
f 1188/2779/585 1187/2780/584 1209/2781/614

vt -17.9892 29.072
vt -11.566 29.072
v 58.5126 28.2686 -3.6251
vt -17.9892 29.5445
vn 0.181225 -0.10535 0.977783
f 1209/2782/614 1187/2783/584 1210/2784/615

vt -17.4041 35.6869
vt -10.9829 35.1895
v 64.5976 28.2686 -4.62177
vt -11.0083 35.6869
vn 0.310337 -0.322065 0.894408
f 1210/2785/615 1187/2786/584 1211/2787/616

vt -16.9105 33.7864
vt -13.7844 33.7864
vt -16.9755 34.2801
f 1187/2788/584 1184/2789/581 1211/2790/616

vt -13.6258 35.0467
vt -16.7359 35.0467
vt -13.5466 34.541
f 1182/2791/579 1211/2792/616 1184/2793/581

usemtl _Goldenrod_
vt -16.7857 32.8186
vn 0.296875 -0.0725718 0.952155
vt -16.7359 30.5525
vn 0.230709 -0.0183822 0.972849
vt -13.6258 30.5525
f 1064/2794/617 1211/2795/618 1182/2796/578

v 58.8653 30.4677 -3.79368
vt -16.0426 33.1309
vn 0.142115 -0.00229344 0.989848
vt -10.0363 30.8466
vt -10.0515 33.1131
f 1212/2797/619 1211/2798/618 1064/2799/617

vt -11.0083 28.2967
vt -17.0148 30.5805
vt -17.4041 28.2967
vn 0.161437 0.0496616 0.985633
f 1211/2800/618 1212/2801/619 1210/2802/620

usemtl _Silver_1
vt -21.885 31.5947
vn 0.37589 -0.0262298 0.926293
v 57.3422 28.65 -3.16036
vt -23.5959 29.7092
vn 0.0833143 0.120414 0.989222
vt -22.2897 29.3136
vn 0.344008 -0.0839273 0.935208
f 1212/2803/621 1213/2804/622 1210/2805/623

vt -22.0071 31.7082
v 57.6773 30.4691 -3.30871
vt -23.3381 31.7096
vn -0.14578 0.0516926 0.987966
vt -23.718 29.8227
f 1212/2806/621 1214/2807/624 1213/2808/622

vt -21.8203 34.352
vt -23.3359 33.5857
vt -22.0048 33.5842
f 1065/2809/394 1214/2810/624 1212/2811/621

vt -21.3022 33.4858
vt -22.413 35.2624
vt -22.8191 32.7222
f 1065/2812/394 1066/2813/393 1214/2814/624

v 56.945 31.8151 -4.09227
vt 4.89041 29.6016
vn -0.724039 -0.240388 0.646514
vt 5.9913 28.1963
vt 6.29726 30.7505
f 1215/2815/625 1214/2816/624 1066/2817/393

v 56.721 30.4682 -4.07739
vt 4.78881 28.2578
vn -0.677344 0.41621 0.606609
vt 6.06148 28.2587
vt 4.96022 29.6638
f 1216/2818/626 1214/2819/624 1215/2820/625

vt 4.79028 26.0351
vt 5.88848 24.1193
vt 6.06295 26.0361
f 1216/2821/626 1213/2822/622 1214/2823/624

v 55.8623 30.0192 -4.02036
vt -11.3914 17.0923
vn -0.177352 0.771756 0.610688
vt -9.73019 15.5402
vt -10.5228 17.6013
f 1217/2824/627 1213/2825/622 1216/2826/626

vt -15.8663 12.5707
vt -15.4344 10.4951
vt -14.3274 10.8972
f 1217/2827/627 1207/2828/611 1213/2829/622

vt -19.7237 11.8719
vt -15.0456 10.4812
vt -15.4928 12.5536
f 1205/2830/609 1207/2831/611 1217/2832/627

vt 25.3566 -17.5841
vt 25.3566 -13.2987
v 55.8271 30.0192 -4.55056
vt 24.8055 -13.2987
vn -0.302725 0.952866 0.0201069
vt 24.8055 -17.5841
f 1205/2833/609 1217/2834/627 1218/2835/628 1206/2836/610 

vt 25.3566 -1.18729
vt 25.3566 -0.180492
v 56.6858 30.4682 -4.60759
vt 24.8054 -0.180493
vn -0.807701 0.587147 0.0536474
vt 24.8054 -1.18729
f 1217/2837/627 1216/2838/626 1219/2839/629 1218/2840/628 

vt 25.3566 28.6296
vt 25.3566 30.046
v 56.9098 31.8151 -4.62247
vt 24.8054 30.046
vn -0.889156 -0.453777 0.0590577
vt 24.8054 28.6296
f 1216/2841/626 1215/2842/625 1220/2843/630 1219/2844/629 

vt 25.3566 29.6835
v 56.3477 32.1145 -4.05259
vt 25.3566 30.3778
vn -0.109182 -0.881181 0.459999
v 56.3124 32.1145 -4.5828
vt 24.8054 30.3778
vn -0.229248 -0.973249 0.0152267
vt 24.8054 29.6835
f 1215/2845/625 1221/2846/631 1222/2847/632 1220/2848/630 

vt -9.92282 42.3889
vt -8.62315 43.6577
vt -10.5252 42.734
f 1215/2849/625 1066/2850/393 1221/2851/631

vt -18.7195 40.2903
vt -17.028 41.559
v 48.5793 32.957 -2.07489
vt -26.973 41.6248
vn 0.0783822 0.015279 0.996806
f 1221/2852/631 1066/2853/393 1223/2854/633

vt -17.2826 3.01128
v 56.7056 33.6873 -4.07635
vt -18.5932 4.25305
vn -0.259296 0.827088 0.498689
vt -27.2276 3.07809
f 1066/2855/393 1224/2856/634 1223/2857/633

vt -3.12876 25.8733
v 57.0751 34.2958 -4.1009
vt -4.38501 27.3503
vn -0.748735 0.185681 0.636332
vt -4.73429 26.6992
f 1066/2858/393 1225/2859/635 1224/2860/634

vt 2.93698 33.7574
vt 1.45583 33.2822
vt 2.75848 31.846
f 1067/2861/395 1225/2862/635 1066/2863/393

vt 2.0084 36.7614
v 57.0223 36.0948 -4.0974
vt 0.48126 38.154
vn -0.669818 -0.397574 0.62712
vt 0.526783 36.2876
f 1067/2864/395 1226/2865/636 1225/2866/635

vt 1.56036 39.28
vt 3.0857 37.8855
vt 2.97848 39.1028
f 1226/2867/636 1067/2868/395 1068/2869/396

vt 4.54141 48.2687
vt 3.41977 47.4816
vt 4.83459 47.2797
f 1069/2870/398 1226/2871/636 1068/2872/396

vt -0.147515 49.1696
v 56.5736 36.3858 -4.06759
vt -1.59915 48.675
vn -0.24999 -0.88347 0.396214
vt -1.19832 48.2901
f 1069/2873/398 1227/2874/637 1226/2875/636

v 56.3111 37.1653 -2.94303
vt -7.22916 47.2458
vn 0.0735177 -0.286232 0.955336
vt -7.29215 45.802
vt -5.92396 46.4948
f 1228/2876/638 1227/2877/637 1069/2878/398

vt -14.0753 45.3121
v 52.0318 36.7528 -3.76592
vt -18.5522 44.5556
vn -0.0145153 -0.951443 0.307481
vt -13.8635 43.8826
f 1228/2879/638 1229/2880/639 1227/2881/637

v 47.2127 37.3842 -2.33522
vt -25.3759 41.6898
vn 0.0355263 -0.360314 0.932154
vt -20.3555 40.1364
vt -15.9301 41.1513
f 1230/2882/640 1229/2883/639 1228/2884/638

vt -26.7691 42.3366
v 40.6589 36.7528 -3.01054
vt -33.5057 41.0136
vn 0.323659 -0.814387 0.481682
vt -21.6832 41.0136
f 1230/2885/640 1231/2886/641 1229/2887/639

vt -32.3597 44.6156
vt -25.5791 45.6906
v 38.9006 37.3842 -2.14909
vt -34.2031 45.6906
vn -4.33682e-18 -0.147122 0.989118
f 1231/2888/641 1230/2889/640 1232/2890/642

vt -25.5791 29.1577
vt -34.1955 30.3118
vn 0 0.297973 0.954574
vt -34.2031 29.1577
vn -1.28039e-17 -0.147122 0.989118
f 1230/2891/640 1077/2892/643 1232/2893/644

vt -34.2294 29.9888
vt -25.6134 28.8315
vt -24.9439 29.9888
vn 0.0567381 0.299036 0.952554
f 1077/2894/643 1230/2895/640 1075/2896/645

vt -17.5024 30.0175
vt -26.2746 31.4011
vt -26.9606 30.2536
f 1228/2897/638 1075/2898/645 1230/2899/640

vt -26.4741 29.7648
vt -17.7051 28.3611
vt -16.5146 29.4752
vn 0.152208 0.242661 0.958096
f 1075/2900/645 1228/2901/638 1073/2902/646

vt -20.1862 35.5219
vt -21.4164 34.4518
vt -18.6632 35.0066
f 1073/2903/646 1228/2904/638 1070/2905/399

vt -18.4767 33.8092
vt -21.2291 33.2504
vt -19.7858 32.821
f 1070/2906/399 1228/2907/638 1069/2908/398

vt -32.9385 29.8703
v 30.5884 37.3842 -2.33522
vt -41.555 28.7162
vn -0.0355263 -0.360314 0.932154
vt -32.9309 28.7162
vn -4.54333e-18 -0.147122 0.989118
f 1077/2909/643 1233/2910/647 1232/2911/648

vt -41.5188 28.3522
vt -32.9027 29.5095
vt -42.1882 29.5095
vn -0.0567381 0.299036 0.952554
f 1233/2912/647 1077/2913/643 1078/2914/649

vt -40.6947 30.0428
v 21.49 37.1653 -2.94303
vt -49.4668 28.6591
vn -0.0735177 -0.286232 0.955336
vt -40.0086 28.8953
f 1078/2915/649 1234/2916/650 1233/2917/647

vt -49.2241 26.6198
vt -40.4551 28.0235
v 20.3739 38.1832 -3.37814
vt -50.4146 27.7339
vn -0.152208 0.242661 0.958096
f 1234/2918/650 1078/2919/649 1235/2920/651

usemtl Durango
vt -40.0929 -9.4779
vt -48.9811 -11.5566
vn -0.167073 0.89887 0.405116
vt -39.0355 -10.9576
f 1079/2921/412 1235/2922/652 1078/2923/411

vt -43.0217 -27.9991
vt -34.5407 -24.6236
v 19.2962 38.4561 -4.66138
vt -44.469 -26.9956
vn -0.224435 0.896845 0.381181
f 1235/2924/652 1079/2925/412 1236/2926/653

vt -35.3292 -21.4387
vt -44.8553 -25.983
vt -34.9054 -23.7036
f 1081/2927/414 1236/2928/653 1079/2929/412

vt -40.1206 -33.3643
vt -31.1445 -27.8123
v 16.9049 38.6738 -6.58992
vt -43.1738 -32.4247
vn -0.143271 0.931807 0.333481
f 1236/2930/653 1081/2931/414 1237/2932/654

vt -38.0941 -15.3013
vt -46.4375 -25.9286
vt -34.0947 -22.2363
f 1083/2933/416 1237/2934/654 1081/2935/414

vt -49.5643 -21.0722
vt -40.4143 -11.1308
v 20.9842 41.4263 -13.9825
vt -47.1723 -12.1767
vn -0.076695 0.974871 0.209152
f 1237/2936/654 1083/2937/416 1238/2938/655

vt -39.7169 -15.2302
vt -41.7644 -28.0298
vt -35.276 -25.8698
f 1085/2939/418 1238/2940/655 1083/2941/416

vt -41.518 -28.3249
vt -39.5588 -15.5115
v 19.9319 42.9321 -24.8703
vt -46.9885 -18.2627
vn -0.0725134 0.991364 0.109264
f 1238/2942/655 1085/2943/418 1239/2944/656

vt -43.4653 -12.813
vt -39.9928 -30.9274
vt -33.3711 -26.5773
f 1087/2945/420 1239/2946/656 1085/2947/418

vt -41.8667 -28.7487
vt -44.3521 -10.4728
vt -50.3658 -16.952
f 1239/2948/656 1087/2949/420 1090/2950/423

vt -51.0433 -31.541
vt -35.8602 -34.4054
vt -46.1658 -24.149
f 1092/2951/425 1239/2952/656 1090/2953/423

vt -35.2886 -34.4596
vt -50.5109 -31.8114
v 12.3168 42.3306 -25.2977
vt -41.3231 -39.6133
vn -0.0847352 0.989488 0.117189
f 1239/2954/656 1092/2955/425 1240/2956/657

v 9.37281 41.478 -36.5884
vt -19.0389 -11.095
vn -0.747857 0.648548 0.14176
vt -6.96502 -9.8765
vn -0.775237 0.60614 0.177768
vt -18.948 -8.57509
vn -0.69631 0.707723 0.119503
f 1241/2957/658 1240/2958/659 1092/2959/660

v 11.1515 40.6154 -25.1504
vt -8.24299 0.0337048
vn -0.799912 0.562631 0.208774
vt -8.14632 2.18781
vt -20.2342 1.11708
f 1242/2960/661 1240/2961/659 1241/2962/658

vt -12.877 0.787793
v 14.4214 40.9129 -14.5223
vt -1.34481 1.16034
vn -0.79041 0.544013 0.281605
vt -12.6894 2.93588
f 1242/2963/661 1243/2964/662 1240/2965/659

v 13.2078 39.3738 -14.9487
vt -2.11082 -0.999613
vn -0.753202 0.572363 0.324171
vt -1.3375 0.932015
vt -12.8697 0.558688
f 1244/2966/663 1243/2967/662 1242/2968/661

vt -13.2383 4.92245
vt -3.76723 4.08212
vn -0.701686 0.565578 0.433311
vt -12.282 6.77035
f 1244/2969/663 1237/2970/664 1243/2971/662

vt -4.95596 -8.217
vt -14.417 -7.27037
v 15.8892 37.7406 -6.84915
vt -5.68147 -9.47918
vn -0.708629 0.450933 0.542683
f 1237/2972/664 1244/2973/663 1245/2974/665

vt -37.0344 -33.1292
vn -0.29231 0.932657 0.211438
v 10.5106 37.1581 -9.1415
vt -35.3864 -39.9613
vn -0.384426 0.864447 0.323957
vt -29.5626 -38.1651
vn -0.233551 0.893463 0.383637
f 1244/2975/666 1246/2976/667 1245/2977/668

vt -13.0174 -44.9082
vt -16.8491 -39.0166
v 8.71155 38.6765 -19.4761
vt -23.2435 -40.8708
vn -0.443469 0.880123 0.169465
f 1246/2978/667 1244/2979/666 1247/2980/669

vt -26.1013 -37.1424
vn -0.382576 0.91208 0.147464
vt -22.1676 -42.5846
vt -15.8039 -40.6274
f 1242/2981/670 1247/2982/669 1244/2983/666

vt -9.82853 -41.213
vt -14.663 -36.5526
v 7.5313 39.712 -30.2684
vt -20.8635 -38.7239
vn -0.545894 0.830624 0.109833
f 1247/2984/669 1242/2985/670 1248/2986/671

vt -26.565 -34.4201
vn -0.511743 0.852458 0.106931
vt -20.906 -38.6573
vt -14.7042 -36.4898
f 1241/2987/672 1248/2988/671 1242/2989/670

vt -10.4359 -32.5362
vt -16.6405 -29.1478
v 6.57954 40.2806 -42.726
vt -23.3627 -31.4453
vn -0.71782 0.693469 0.0619187
f 1248/2990/671 1241/2991/672 1249/2992/673

vt -25.7006 -26.185
vt -18.9122 -24.0911
v 7.44711 42.0107 -50.9113
vt -33.8836 -23.1596
vn -0.709651 0.700771 0.0729048
f 1249/2993/673 1241/2994/672 1250/2995/674

vt -17.9787 -11.3411
vt -17.9175 -8.82029
vt -32.9597 -10.5795
vn -0.687591 0.717378 0.112192
f 1241/2996/658 1092/2997/660 1250/2998/675

vt -32.0721 -17.0145
vt -17.0489 -15.1002
v 10.0383 44.5486 -52.7119
vt -33.5047 -13.0661
vn -0.658806 0.745306 0.102437
f 1250/2999/675 1092/3000/660 1251/3001/676

vt -29.8299 -41.8662
vt -42.2648 -35.9843
vt -45.5609 -36.6253
vn -0.240904 0.96594 0.0944733
f 1092/3002/425 1093/3003/426 1251/3004/677

vt 55.0908 50.6041
vt 53.695 49.2498
vt 58.4225 50.1857
vn 0.309687 0.918072 -0.247464
f 1093/3005/429 1094/3006/428 1251/3007/678

usemtl interior
v 13.101 44.0611 -51.7341
vt 48.7668 51.1345
vn 0.0664193 0.997724 -0.0116375
vt 51.1602 53.5111
vn 0.548596 0.824068 0.141261
vt 46.6676 51.7673
vn 0.0855131 0.993105 -0.0801857
f 1252/3008/679 1251/3009/680 1094/3010/681

v 10.8132 45.1066 -55.8546
vt -45.0313 60.4479
vn 0.917084 0.0725069 -0.392047
vt -47.1511 57.7807
vt -44.7124 55.4506
f 1253/3011/682 1251/3012/680 1252/3013/679

vt 12.3376 41.9567
v 13.3158 53.7351 -63.7963
vt 20.9494 50.9307
vn 0.95035 -0.310768 0.0160594
vt 8.98036 41.3763
f 1253/3014/682 1254/3015/683 1251/3016/680

vt 40.4369 32.9797
vt 32.4456 23.4489
v 13.4946 54.9238 -66.8647
vt 43.593 34.2927
vn 0.564269 -0.708566 -0.423715
f 1254/3017/683 1253/3018/682 1255/3019/684

v 8.9432 46.6606 -58.9442
vt 71.1912 27.8504
vn 0.475942 -0.637589 -0.605771
vt 71.2789 40.627
vt 67.8961 25.4477
f 1256/3020/685 1255/3021/684 1253/3022/682

v 11.3419 53.2765 -66.038
vt 72.7795 37.4194
vn 0.378615 -0.759932 -0.528351
vt 71.3116 39.9662
vt 71.1047 27.191
f 1257/3023/686 1255/3024/684 1256/3025/685

vt 70.7273 28.833
vt 71.872 26.1254
v 13.0982 58.1206 -72.3619
vt 74.736 34.0871
vn 0.425984 -0.798213 -0.425904
f 1255/3026/684 1257/3027/686 1258/3028/687

usemtl Durango
v 11.6768 53.8709 -64.7638
vt -40.0648 27.4914
vn -0.912196 0.405299 0.0602569
vt -47.8469 32.3035
vn -0.903051 0.425113 0.0614602
vt -41.4044 26.8183
vn -0.915909 0.39756 0.0552798
f 1259/3029/688 1258/3030/689 1257/3031/690

vt -49.181 30.1551
vt -41.4461 25.2675
v 13.6704 59.1753 -71.5629
vt -48.3066 31.3682
vn -0.868683 0.489695 0.0747598
f 1258/3032/689 1259/3033/688 1260/3034/691

vt -71.5509 30.125
vn -0.306471 0.772272 0.556481
v 15.5607 60.3202 -71.9936
vt -72.608 40.9
vn -0.457991 0.780835 0.424901
vt -73.948 38.9873
vn -0.407158 0.822026 0.398115
f 1259/3035/692 1261/3036/693 1260/3037/694

vt -71.0739 50.6523
vt -71.5033 39.8342
vt -69.5372 39.6065
vn -0.371254 0.757191 0.537431
f 1261/3038/693 1259/3039/692 1254/3040/695

v 8.29462 44.5681 -54.9242
vt -70.2503 27.3839
vn -0.423319 0.739043 0.52404
vt -69.6059 41.59
vt -71.5739 41.8003
f 1262/3041/696 1254/3042/695 1259/3043/692

vt -65.2923 21.1563
vt -61.3582 7.49061
vt -58.4365 7.46164
vn -0.543399 0.718233 0.434579
f 1254/3044/695 1262/3045/696 1251/3046/697

vt -58.7108 -1.91657
vn -0.489607 0.7785 0.392713
vt -58.4861 2.2776
vt -61.4078 2.30971
f 1250/3047/698 1251/3048/698 1262/3049/698

v 8.22192 44.6712 -58.9337
vt -32.2894 20.9477
vn -0.927414 0.373676 0.0164051
vt -23.9936 18.0006
vn -0.934564 0.354741 0.0273807
vt -28.13 20.8334
vn -0.936015 0.350998 0.0259993
f 1263/3050/699 1250/3051/700 1262/3052/701

vt -32.4857 20.3683
v 6.93443 41.5195 -61.4207
vt -35.1053 16.8664
vn -0.930928 0.364665 0.0197981
vt -24.1931 17.4123
f 1263/3053/699 1264/3054/702 1250/3055/700

vt -33.8411 15.6027
vt -31.246 19.1228
v 6.57554 41.0492 -76.0899
vt -49.0601 15.0774
vn -0.914558 0.404424 0.00497196
f 1264/3056/702 1263/3057/699 1265/3058/703

v 8.22192 44.6712 -91.5963
vt -64.3649 15.3233
vn -0.887444 0.460792 0.0107126
vt -48.2807 11.1964
vt -30.4853 15.3233
f 1266/3059/704 1265/3060/703 1263/3061/699

vt -48.5831 10.0363
vt -64.6594 14.1938
v 6.06596 40.0227 -81.2223
vt -53.909 8.85812
vn -0.876286 0.481596 0.0137348
f 1265/3062/703 1266/3063/704 1267/3064/705

v 6.14252 40.4883 -85.5188
vt -60.896 5.1442
vn -0.895938 0.443021 0.0320455
vt -56.4469 4.59095
vt -67.102 10.1144
v 6.30035 41.4482 -94.3762
vt -70.068 6.28474
vn -0.884448 0.466127 0.0218386
v 6.16373 40.6173 -86.7094
vt -62.1289 5.29752
v 6.18837 40.6076 -86.0068
vt -61.3997 5.28599
vn -0.87216 0.487796 0.0373215
f 1268/3065/706 1267/3066/705 1266/3067/704 1269/3068/707 1270/3069/706 1271/3070/708 

v 5.8388 39.6676 -83.7478
vt -58.1736 11.6768
vn -0.863294 0.504658 0.00669748
vt -55.5483 12.0781
vt -60.0006 12.6044
v 6.05918 40.2251 -84.4671
vt -58.9128 12.3069
vn -0.917389 0.397096 0.0266863
f 1272/3071/709 1267/3072/705 1268/3073/706 1273/3074/710 

v 5.21328 38.8461 -83.6443
vt -54.9567 -9.72852
vn -0.863901 0.503634 -0.00522134
v 5.31256 39.0513 -80.2856
vt -51.475 -9.46138
vt -52.4596 -8.19626
vt -55.0749 -8.6587
v 5.7527 39.5578 -83.5873
vt -54.9069 -8.80173
vn -0.796339 0.604703 -0.0133911
v 5.37791 39.0642 -83.5873
vt -54.9004 -9.44452
f 1274/3075/711 1275/3076/711 1267/3077/705 1272/3078/709 1276/3079/712 1277/3080/712 

v 4.9831 38.3147 -84.1313
vt -56.848 9.62232
vn -0.963469 0.267778 0.00479021
v 5.26655 38.7036 -48.8636
vt -20.2654 10.0615
vn -0.973583 0.22828 0.00490475
vt -52.8578 10.454
vt -56.342 10.2224
v 5.20631 38.8299 -83.6447
vt -56.3425 10.2041
vn -0.918638 0.395088 0.0030259
f 1278/3081/713 1279/3082/714 1275/3083/711 1274/3084/711 1280/3085/715 

v 4.92742 38.2383 -91.0597
vt -64.2561 30.2435
v 4.90253 38.2041 -94.1568
vt -67.4687 30.2077
vn -0.920986 0.389552 0.00579274
v 4.35471 34.2012 -94.1568
vt -67.4724 26.017
vn -0.99737 0.0723794 0.00371946
vt -20.4865 30.7306
vt -57.0694 30.3234
v 4.93197 37.9521 -84.3617
vt -57.3087 29.9438
vn -0.990744 0.135589 0.00646723
v 4.92733 37.9203 -84.4079
vt -57.3567 29.9106
v 4.81616 37.1686 -85.6769
vt -58.6736 29.1235
v 4.79504 37.1769 -89.0863
vt -62.2101 29.1322
v 4.86521 37.7626 -90.6182
vt -63.7987 29.7455
v 4.88193 37.8998 -90.9325
vt -64.1245 29.8891
f 1281/3086/713 1282/3087/716 1283/3088/717 1279/3089/714 1278/3090/713 1284/3091/718 1285/3092/718 1286/3093/718 1287/3094/718 1288/3095/718 1289/3096/718 

v 4.99117 38.3873 -91.158
vt -64.1363 9.70428
vt -67.2471 9.49748
vt -64.0346 9.53605
f 1290/3097/711 1282/3098/716 1281/3099/713

v 5.15351 38.5964 -91.3665
vt -62.9644 -10.0537
vt -65.8538 -10.5647
vt -62.7453 -10.3261
f 1291/3100/709 1282/3101/716 1290/3102/711

vt -61.2345 12.7502
vt -69.1794 13.6892
vt -68.9941 10.0228
vt -66.0935 10.4662
v 5.20177 38.713 -91.4418
vt -66.1702 10.5979
v 5.53527 39.4849 -91.4632
vt -66.1822 11.4703
v 5.59109 39.6054 -91.3375
vt -66.0503 11.6065
v 5.86058 40.1851 -90.6994
vt -65.3805 12.2617
v 6.10102 40.642 -89.2329
vt -63.8528 12.7781
f 1270/3103/706 1269/3104/707 1282/3105/716 1291/3106/709 1292/3107/710 1293/3108/710 1294/3109/710 1295/3110/710 1296/3111/710 

v 5.2474 40.6422 -120.144
vt -95.8121 12.7363
vn -0.877222 0.479928 0.0123007
vt -68.8762 9.98097
vn -0.975187 0.22105 0.0121007
vt -69.0641 13.6472
vn -0.851236 0.524673 0.0107416
f 1297/3112/719 1282/3113/720 1269/3114/721

v 4.65067 38.2041 -125.121
vt -99.6976 23.6614
vn -0.984864 0.173146 0.00801066
vt -67.5784 23.6614
vt -94.5303 26.2553
v 5.03526 39.8846 -124.975
vt -99.5427 25.4493
vn -0.967208 0.253971 0.00264495
v 4.99056 39.6788 -124.699
vt -99.2563 25.2303
vn -0.974916 0.222431 0.00792975
v 4.79924 38.8374 -124.618
vt -99.1743 24.3351
v 4.70039 38.4156 -124.94
vt -99.5091 23.8864
f 1298/3115/722 1282/3116/720 1297/3117/719 1299/3118/723 1300/3119/724 1301/3120/724 1302/3121/724 

v 4.59378 38.2041 -132.115
vt -106.952 31.1166
v 4.5647 38.2041 -135.691
vt -110.661 31.1166
vn -0.977507 0.210855 0.00446318
v 4.12912 34.7024 -135.695
vt -110.669 27.4563
vn -0.993545 0.113212 0.00715944
vt -67.5784 31.1166
vt -99.6976 31.1166
v 4.61451 37.9283 -125.35
vt -99.9347 30.8283
vn -0.992321 0.123423 0.00807132
v 4.50686 37.1491 -126.669
vt -101.305 30.0138
v 4.48031 37.1587 -130.079
vt -104.841 30.0238
v 4.55385 37.8722 -131.948
vt -106.78 30.7696
v 4.57798 38.0737 -132.064
vt -106.899 30.9802
f 1303/3122/722 1304/3123/725 1305/3124/726 1282/3125/720 1298/3126/722 1306/3127/727 1307/3128/727 1308/3129/727 1309/3130/727 1310/3131/727 

v 4.71049 38.7248 -132.371
vt -107.216 24.2153
vt -110.661 23.6614
vt -106.952 23.6614
f 1311/3132/723 1304/3133/725 1303/3134/722

vt -98.7974 20.191
vt -93.7872 21.0109
v 5.39922 41.0083 -135.687
vt -109.91 21.4071
vn -0.958453 0.285237 -0.00264271
vt -109.911 18.3724
vt -106.468 18.9359
v 4.71898 38.7531 -132.387
vt -106.484 18.9666
v 4.95373 39.5423 -132.352
vt -106.449 19.8206
v 5.16239 40.2506 -131.577
vt -105.645 20.5871
v 5.29698 40.716 -130.153
vt -104.169 21.0908
v 5.28845 40.716 -127.066
vt -100.967 21.0908
v 5.17599 40.3518 -125.583
vt -99.4289 20.6967
f 1299/3135/723 1297/3136/719 1312/3137/728 1304/3138/725 1311/3139/723 1313/3140/728 1314/3141/728 1315/3142/728 1316/3143/728 1317/3144/728 1318/3145/728 

v 6.47971 42.3889 -128.649
vt -103.316 -4.14112
vn -0.792904 0.609155 0.0152869
vt -110.624 -5.92528
vn -0.81154 0.584211 0.00998942
vt -94.5036 -6.39847
f 1319/3146/729 1312/3147/730 1297/3148/719

vt -111.229 -2.92765
vt -103.912 -1.18212
v 6.66949 42.8288 -135.615
vt -111.132 -0.625902
vn -0.820276 0.571802 0.0137647
f 1312/3149/730 1319/3150/729 1320/3151/731

vt -103.808 0.0697074
vn -0.831842 0.554843 0.0137256
v 8.57969 45.6579 -135.038
vt -110.401 4.15508
vn -0.832079 0.554562 0.010259
vt -111.029 0.619486
vn -0.829901 0.557769 0.0126162
f 1319/3152/732 1321/3153/733 1320/3154/734

vt -103.43 0.353292
v 8.52286 45.5012 -130.101
vt -104.916 4.22283
vn -0.839757 0.542846 0.0112361
vt -110.036 4.4177
f 1319/3155/732 1322/3156/735 1321/3157/733

v 6.42403 41.9619 -119.411
vt -94.858 0.321682
vn -0.811516 0.584172 0.013616
vt -105.889 4.73628
vt -104.436 0.854243
f 1323/3158/736 1322/3159/735 1319/3160/732

vt -104.695 6.84642
vt -93.6196 2.54386
v 8.23718 44.7133 -97.5948
vt -70.9796 5.88858
vn -0.856675 0.515838 0.00429096
f 1322/3161/735 1323/3162/736 1324/3163/737

vt -93.7099 3.2361
vt -67.7439 2.61452
vt -71.0676 6.56491
f 1323/3164/736 1269/3165/721 1324/3166/737

vt -68.1323 -11.6696
vt -94.0959 -10.9583
vt -94.8724 -12.7855
f 1269/3167/721 1323/3168/736 1297/3169/719

vt -105.042 -8.51895
vt -96.2686 -10.9228
vt -95.4667 -9.10655
f 1319/3170/729 1297/3171/719 1323/3172/736

vt -70.6934 6.68805
vt -67.3581 2.74748
v 8.22956 44.6922 -94.5955
vt -67.5824 6.66265
vn -0.859458 0.511205 0.00140168
f 1324/3173/737 1269/3174/721 1325/3175/738

vt -67.3581 2.74745
vt -64.4714 6.63721
vt -67.5824 6.66262
vn -0.859458 0.511205 0.00140083
f 1269/3176/707 1266/3177/704 1325/3178/739

v 14.211 61.1899 -93.299
vt -66.131 39.7049
vn -0.940117 0.340852 -1.42936e-08
v 15.0402 63.477 -96.008
vt -68.941 42.2283
vn -0.936083 0.351729 0.0059024
vt -67.4759 21.5026
vn -0.940117 0.340853 -1.59974e-08
vt -64.3649 21.4793
f 1326/3179/740 1327/3180/741 1325/3181/742 1266/3182/742 

v 14.4715 61.9083 -92.7287
vt -65.5395 40.4976
vn -0.910201 0.414094 0.00779851
vt -68.941 42.2284
f 1328/3183/743 1327/3184/741 1326/3179/740

vt -66.6519 38.2572
v 14.9119 62.5158 -82.463
vt -55.9969 38.9364
vn -0.886184 0.462461 0.0284359
vt -70.0415 40.0112
f 1328/3185/743 1329/3186/744 1327/3187/741

vt -55.2742 25.0528
vt -65.9251 24.3134
v 14.3812 61.6592 -83.1974
vt -56.0395 24.0103
vn -0.840299 0.540205 0.0455732
f 1329/3188/744 1328/3189/743 1330/3190/745

usemtl interior
vt 67.3535 -13.1092
vn 0.695607 -0.716493 0.0526151
v 16.1601 62.7979 -83.1974
vt 57.417 -11.3981
vn 0.358422 -0.928983 -0.0923278
vt 57.4748 -13.5882
vn 0.526323 -0.843861 -0.104324
f 1328/3191/746 1331/3192/747 1330/3193/748

vt 69.1782 -0.970377
v 16.1601 63.477 -96.008
vt 72.4605 1.58153
vn 0.718192 -0.694403 0.0447827
vt 59.1998 0.476773
f 1328/3194/746 1332/3195/749 1331/3196/747

vt 49.974 20.9999
vn 0.872523 -0.380335 0.306674
vt 53.1874 23.699
vt 49.4647 21.8477
f 1326/3197/750 1332/3198/749 1328/3199/746

vt 31.6586 20.9255
vn 0.754145 0.541688 0.371268
vt 39.2237 41.2236
vt 35.83 38.755
f 1266/3200/751 1332/3201/749 1326/3202/750

vt 17.4461 49.4955
vt 8.70173 29.6769
v 10.8132 44.2212 -94.9127
vt 13.0664 29.2027
vn 0.867592 0.488128 -0.0949452
f 1332/3203/749 1266/3204/751 1333/3205/752

vt 61.5274 75.369
v 10.8132 43.968 -62.4969
vt 31.4853 71.3343
vn 0.44931 0.892031 -0.0490089
vt 65.0785 72.7873
f 1266/3206/751 1334/3207/753 1333/3208/752

vt 34.1812 72.5232
vt 64.3649 75.3082
vt 30.4853 75.3082
vn 0.471668 0.807989 -0.353105
f 1334/3209/753 1266/3210/751 1263/3211/754

usemtl _DimGray_
vt -30.4853 21.4793
vn -0.940117 0.340853 -2.41632e-08
v 8.41903 45.2148 -60.3619
vt -31.9668 22.0791
f 1263/3212/755 1335/3213/755 1266/3182/755

vt -30.4962 23.6743
f 1263/3212/755 1256/3214/755 1335/3213/755

v 8.53537 45.5357 -58.7243
vt -30.2681 22.4332
f 1256/3214/755 1263/3212/755 1336/3215/755

usemtl interior
vt 64.6349 43.1413
vn 0.739403 -0.251529 -0.624513
vt 60.835 42.6926
vt 65.0089 42.2373
f 1336/3216/756 1253/3217/682 1263/3218/754

vt 65.4982 34.4467
vt 61.8085 32.7097
vt 65.6046 33.1893
f 1256/3219/685 1253/3220/682 1336/3221/756

usemtl Durango
vt -32.2371 22.3669
vn -0.939872 0.340446 0.0271483
vt -28.305 21.2973
vn -0.932831 0.358399 0.0371046
vt -32.4523 23.6103
vn -0.92459 0.377974 0.0476392
f 1336/3222/757 1262/3223/758 1256/3224/759

vt -32.2578 22.2281
vn -0.941786 0.335229 0.0256984
vt -28.0984 22.1145
vt -32.0318 23.1799
f 1263/3225/760 1262/3226/758 1336/3227/757

vt -40.2932 28.1639
vt -34.4441 20.0275
vt -30.324 17.6662
f 1259/3228/688 1256/3229/759 1262/3230/758

vt -34.4673 20.0137
vt -40.3152 28.151
vt -41.6559 27.4801
f 1256/3231/759 1259/3232/688 1257/3233/690

usemtl _DimGray_
v 9.14774 47.2247 -60.4741
vt -32.0831 24.2967
vt -37.8543 30.9738
f 1337/3234/755 1256/3214/755 1257/3235/755

v 8.84126 46.3794 -59.9337
vt -31.5226 23.3641
f 1256/3214/755 1337/3234/755 1338/3236/755

vt -71.2416 45.9418
vn -0.220216 0.491986 0.842291
v 6.98176 46.3794 -60.5466
vt -73.399 44.861
vn -0.288929 0.194265 0.937433
vt -71.3681 44.861
vn -0.32563 0.0377205 0.944745
f 1337/3237/761 1339/3238/762 1338/3239/763

vt -71.7515 51.6107
vt -69.5348 52.5638
v 7.09563 47.4801 -61.0021
vt -71.7298 52.8518
vn -0.0354462 0.837224 0.54571
f 1339/3240/762 1337/3241/761 1340/3242/764

v 9.27215 47.5679 -61.8285
vt -55.4381 57.8674
vn 0.14047 0.955293 -0.260161
vt -57.8284 57.5123
vt -55.871 56.4783
vn 0.055976 0.96662 0.250026
f 1341/3243/765 1340/3244/764 1337/3245/766

vt -58.4414 55.9876
vt -56.0558 56.3735
v 7.21576 47.7575 -62.1955
vt -58.0651 57.2078
vn 0.323209 0.743204 -0.585819
f 1340/3246/764 1341/3247/765 1342/3248/767

vt 71.1529 51.7747
vt 68.9863 51.5771
v 8.41903 45.2148 -61.7283
vt 69.8416 49.1236
vn 0.205085 -0.537264 -0.8181
f 1342/3249/767 1341/3250/765 1343/3251/768

v 8.48067 45.3848 -63.0313
vt -34.7356 22.2667
vt -33.3841 22.0791
vt -33.488 24.6753
f 1344/3252/755 1343/3253/755 1341/3254/755

f 1266/3182/755 1343/3253/755 1344/3252/755

f 1266/3182/755 1335/3213/755 1343/3253/755

v 7.2095 45.2148 -60.8123
vt 66.4473 32.434
vn -0.277331 -0.821806 0.497716
vt 65.1927 33.3841
vt 65.1927 31.9668
vn -0.218906 -0.778795 0.587842
f 1345/3255/769 1343/3256/768 1335/3257/770

v 5.59897 46.0324 -62.9398
vt 33.3896 79.7768
vn 0.0685911 -0.995399 0.0669042
vt 31.8164 76.8821
vt 33.3901 76.8821
f 1346/3258/771 1343/3259/768 1345/3260/769

v 5.16743 48.4127 -63.012
vt 76.7542 50.2076
vn 0.280848 0.918264 -0.279135
vt 73.1313 46.8871
vt 76.3147 47.736
f 1347/3261/772 1343/3262/768 1346/3263/771

vt 72.9312 47.0851
vt 76.5572 50.4021
vt 74.27 49.7224
f 1343/3264/768 1347/3265/772 1342/3266/767

vt -28.3334 81.2241
vt -29.3933 83.3618
vt -29.2345 80.3193
f 1342/3267/767 1347/3268/772 1340/3269/764

vt -72.2468 46.7492
v 1.3037 48.192 -63.0604
vt -76.2314 46.2597
vn -0.408111 0.611841 0.677566
vt -70.0103 44.6804
f 1347/3270/772 1348/3271/773 1340/3272/764

vt -78.254 31.9582
vt -74.325 32.7828
v 0.8112 48.3544 -63.741
vt -78.9016 32.565
vn -0.474649 0.714517 0.513978
f 1348/3273/773 1347/3274/772 1349/3275/774

vt -72.901 47.9701
v 6.14217 46.411 -62.8489
vt -72.3297 48.3628
vn 0.518944 -0.354149 0.777995
v 6.17612 47.1683 -62.8432
vt -72.294 49.1483
vn 0.658885 -0.0175696 0.752038
v 6.17612 49.5178 -62.8432
vt -72.294 51.5853
vn 0.54778 0.313612 0.775618
v 5.39528 50.1718 -62.9738
vt -73.1152 52.2637
vn 0.143437 0.722994 0.6758
v 0.759574 50.1291 -63.7496
vt -77.9905 52.2195
vn -0.36519 0.718807 0.591568
v 0.114528 49.5784 -63.8575
vt -78.6688 51.6482
vn -0.771606 0.310164 0.555358
v 0.113254 46.6821 -63.8578
vt -78.6702 48.644
vn -0.770169 -0.313889 0.55526
v 0.690398 46.2002 -63.7612
vt -78.0632 48.1442
vn -0.562585 -0.643243 0.519362
v 0.35788 47.2162 -63.8168
vt -78.4129 49.198
vn -0.165048 -4.82734e-08 0.986286
vt -77.9362 50.3786
vt -73.3548 50.4391
f 1346/3276/771 1350/3277/775 1351/3278/776 1352/3279/777 1353/3280/778 1354/3281/779 1355/3282/780 1356/3283/781 1357/3284/782 1358/3285/783 1349/3286/783 1347/3287/783 

v 5.96274 45.8244 -63.8025
vt -15.2374 -29.1549
vn 0.272594 -0.961047 0.0456166
v 6.55317 46.2359 -63.7037
vt -14.93 -28.4669
vn 0.863046 -0.484038 0.144424
vt -15.8867 -28.1742
vt -16.1695 -28.8072
f 1359/3288/784 1360/3289/785 1350/3290/775 1346/3291/771 

v 5.9312 45.9284 -64.2696
vt 57.1802 -10.4504
vn 0.315136 -0.73911 -0.595319
v 6.49802 46.3235 -64.1747
vt 56.8851 -9.78992
vn 0.743961 -0.354149 -0.566657
vt 56.4068 -9.93628
vt 56.7142 -10.6243
f 1361/3292/786 1362/3293/787 1360/3294/785 1359/3295/784 

v 5.88505 46.0885 -64.2773
vt 72.8373 48.0283
vn 0.165048 4.70435e-08 -0.986286
vt 72.1926 48.272
vt 72.7887 47.8622
f 1363/3296/788 1362/3297/787 1361/3298/786

v 6.34542 46.4094 -64.2003
vt 72.3531 48.3612
f 1362/3297/787 1363/3296/788 1364/3299/788

usemtl _Gainsboro_3
v 0.363306 46.6811 -65.2013
vt 78.6444 48.643
vn 0.165048 4.70829e-08 -0.986286
v 0.36457 49.5828 -65.2011
vt 78.6431 51.6528
v 0.939054 50.0733 -65.105
vt 78.0389 52.1616
v 5.66306 50.1168 -64.3144
vt 73.0707 52.2067
v 6.37715 49.5187 -64.1949
vt 72.3197 51.5863
v 6.37715 47.1173 -64.1949
vt 72.3197 49.0954
v 0.867569 46.2601 -65.1169
vt 78.1141 48.2062
f 1365/3300/789 1366/3301/789 1367/3302/789 1368/3303/789 1369/3304/789 1370/3305/789 1364/3299/789 1363/3296/789 1371/3306/789 

usemtl _DimGray_
v 0.208305 49.6566 -65.2273
vt 78.8074 51.7293
vn -0.548761 0.310163 -0.776312
f 1365/3300/788 1372/3307/790 1366/3301/788

v 0.206976 46.6064 -65.2275
vt 78.8088 48.5654
vn -0.547434 -0.31389 -0.775751
f 1365/3300/788 1373/3308/791 1372/3307/790

f 1371/3306/788 1373/3308/791 1365/3300/788

v 0.809213 46.1035 -65.1267
vt 78.1754 48.0438
vn -0.160206 -0.72119 -0.673958
f 1371/3306/788 1374/3309/792 1373/3308/791

f 1363/3296/788 1374/3309/792 1371/3306/788

f 1374/3309/792 1363/3296/788 1361/3298/786

vt 73.5937 45.4798
vt 68.269 44.6449
vt 68.2295 44.1491
v 0.627331 46.0068 -64.6953
vt 73.7761 45.0187
vn -0.344957 -0.936842 -0.057726
f 1374/3310/792 1361/3311/786 1359/3312/784 1375/3313/793 

vt -80.9973 -1.037
vt -75.4507 -1.90667
vt -75.5297 -0.914949
vt -80.6325 -0.114856
f 1375/3314/793 1359/3315/784 1346/3316/771 1357/3317/782 

vt -75.9406 -0.0927828
v 1.22645 46.3662 -62.5543
vt -80.0476 1.90277
vn -0.480081 -0.638068 0.60199
vt -81.0074 0.91047
f 1346/3318/771 1376/3319/794 1357/3320/782

vt 57.884 67.8373
vt 53.4589 66.7108
vt 52.582 63.9522
f 1376/3321/794 1346/3322/771 1345/3323/769

vt -73.5495 44.2679
vt -79.8721 44.2537
vt -73.4171 43.0136
f 1339/3324/762 1376/3325/794 1345/3326/769

vt -79.8782 48.6943
vt -73.5556 48.708
v 1.08371 47.1424 -62.6479
vt -80.0499 49.5005
vn -0.68754 0.101098 0.719074
f 1376/3327/794 1339/3328/762 1377/3329/795

vt -73.0835 49.0224
vt -79.472 51.0738
vt -79.5688 49.8859
f 1339/3330/762 1348/3331/773 1377/3332/795

vt -79.5101 51.0511
vt -73.1191 49.0075
vt -73.1421 50.2485
f 1348/3333/773 1339/3334/762 1340/3335/764

vt -68.4757 30.3944
vt -68.7099 31.563
vt -69.9025 30.4765
vn -0.818683 0.130907 0.559126
f 1377/3336/795 1348/3337/773 1358/3338/796

vt -73.4779 39.6799
vt -73.8342 38.4575
vt -72.6077 39.5055
f 1349/3339/774 1358/3340/796 1348/3341/773

vt -66.9784 58.5443
vt -68.4054 58.6232
vt -68.178 57.5364
f 1377/3342/795 1358/3343/796 1357/3344/782

vt -61.6969 54.7692
vt -62.9162 53.7854
vt -61.5466 53.9587
f 1377/3345/795 1357/3346/782 1376/3347/794

vt -73.2609 42.7235
vt -71.3681 43.9772
vt -73.399 43.9772
f 1345/3348/769 1338/3349/763 1339/3350/762

vt -71.6843 45.7414
vt -73.5885 44.505
vt -72.2498 44.505
f 1338/3351/763 1345/3352/769 1335/3353/770

f 1335/3213/755 1256/3214/755 1338/3236/755

v -5.68434e-14 46.5306 -64.8003
vt -56.4323 77.0956
vn -0.892639 -0.425303 -0.149377
vt -56.1394 76.2927
vt -55.1931 76.5892
vt -55.4625 77.3279
f 1378/3354/797 1375/3355/793 1357/3356/782 1356/3357/781 

vt 13.1728 92.8135
vt 12.8916 92.0427
vt 13.3648 91.8944
vt 13.6577 92.6974
f 1373/3358/791 1374/3359/792 1375/3360/793 1378/3361/797 

vt -0.680852 48.452
v 0.00138423 49.7348 -64.8001
vt -0.681261 51.7756
vn -0.894882 0.420429 -0.149752
vt -1.1736 51.6945
vt -1.17321 48.5306
f 1378/3362/797 1379/3363/798 1372/3364/790 1373/3365/791 

vt -44.1399 48.6148
vt -44.1396 51.6189
vt -45.1242 51.7812
vt -45.1247 48.4576
f 1356/3366/781 1355/3367/780 1379/3368/798 1378/3369/797 

vt -55.2474 -7.66354
v 0.702522 50.3334 -64.6827
vt -56.1905 -7.35419
vn -0.338377 0.939305 -0.0566249
vt -56.5188 -8.26057
vt -55.5494 -8.49741
f 1354/3370/779 1380/3371/799 1379/3372/798 1355/3373/780 

vt -73.9747 31.0305
v 5.74133 50.3798 -63.8395
vt -73.8069 32.0071
vn 0.325776 0.943874 0.0545162
vt -79.1019 31.7894
vt -78.8461 30.8303
f 1353/3374/778 1381/3375/800 1380/3376/799 1354/3377/779 

vt -11.4835 90.0862
v 6.59008 49.6689 -63.6975
vt -10.5136 90.3176
vn 0.892859 0.424829 0.149413
vt -10.9091 91.4057
vt -11.8473 91.0873
f 1352/3378/777 1382/3379/801 1381/3380/800 1353/3381/778 

vt 2.62746 51.7421
vt 1.64274 51.5853
vt 1.64274 49.1483
v 6.59008 47.0591 -63.6975
vt 2.62746 49.035
vn 0.986032 -0.0226947 0.165005
f 1382/3382/801 1352/3383/777 1351/3384/776 1383/3385/802 

vt 2.24738 45.6888
vt 1.26268 45.8022
vt 1.25246 45.016
vt 2.23627 44.8342
f 1383/3386/802 1351/3387/776 1350/3388/775 1360/3389/785 

v 6.53345 47.1137 -64.1688
vt 43.9818 46.3403
vn 0.867828 -0.0175695 -0.496554
vt 43.4894 46.2836
vt 43.5006 45.4289
vt 43.9925 45.5198
f 1384/3390/803 1383/3391/802 1360/3392/785 1362/3393/787 

v 6.53345 49.5933 -64.1688
vt 43.6697 51.6637
vn 0.770453 0.313613 -0.555022
vt 43.1773 51.7421
vt 43.1773 49.035
vt 43.6697 49.0917
f 1385/3394/804 1382/3395/801 1383/3396/802 1384/3397/803 

vt 53.3072 74.7631
vt 53.7922 74.6474
v 5.71865 50.2758 -64.3051
vt 54.1719 75.692
vn 0.355642 0.722994 -0.592283
vt 53.7027 75.8512
f 1382/3398/801 1385/3399/804 1386/3400/805 1381/3401/800 

vt 72.1554 51.6637
vt 73.0123 52.3716
f 1385/3402/804 1368/3303/788 1386/3403/805

f 1385/3402/804 1369/3304/788 1368/3303/788

f 1385/3402/804 1370/3305/788 1369/3304/788

vt 72.1554 49.0917
f 1384/3404/803 1370/3305/788 1385/3402/804

f 1384/3404/803 1364/3299/788 1370/3305/788

f 1362/3297/787 1364/3299/788 1384/3404/803

v 0.881397 50.2313 -65.1146
vt 78.0995 52.3254
vn -0.152699 0.718807 -0.678233
f 1386/3403/805 1368/3303/788 1387/3405/806

f 1367/3302/788 1387/3405/806 1368/3303/788

f 1367/3302/788 1372/3307/790 1387/3405/806

f 1366/3301/788 1372/3307/790 1367/3302/788

vt 13.4467 -22.8355
vt 12.9751 -22.9902
vt 13.2902 -23.8603
vt 13.775 -23.7419
f 1380/3406/799 1387/3407/806 1372/3408/790 1379/3409/798 

vt 71.8947 -14.5111
vt 71.9786 -14.9994
vt 77.0618 -15.2084
vt 77.1897 -14.7288
f 1381/3410/800 1386/3411/805 1387/3412/806 1380/3413/799 

v 8.48067 45.3848 -90.9072
vt -63.6501 22.2667
f 1266/3182/755 1344/3252/755 1388/3414/755

usemtl LightSteelBlue
vn -0.940117 0.340853 -2.08373e-08
v 9.76505 48.9273 -62.542
vt -34.228 26.1753
v 11.1493 52.7452 -66.5463
vt -38.3815 30.3877
v 12.881 57.5215 -72.7816
vt -44.8491 35.6574
v 13.6296 59.5864 -76.9893
vt -49.2137 37.9357
v 14.1232 60.9478 -83.2938
vt -55.7531 39.4378
v 14.2091 61.1846 -92.356
vt -65.1529 39.6991
v 14.1364 60.9841 -92.5151
vt -65.3179 39.4779
f 1344/3252/807 1389/3415/807 1390/3416/807 1391/3417/807 1392/3418/807 1393/3419/807 1394/3420/807 1395/3421/807 1388/3414/807 

usemtl _DimGray_
f 1344/3252/755 1341/3254/755 1389/3415/755

f 1337/3234/755 1389/3415/755 1341/3254/755

f 1337/3234/755 1257/3235/755 1389/3415/755

f 1389/3415/755 1257/3235/755 1390/3416/755

vt -44.4138 36.3184
f 1390/3416/755 1257/3235/755 1258/3422/755

f 1390/3416/755 1258/3422/755 1391/3417/755

v 13.8744 60.2614 -76.7244
vt -48.9389 38.6805
f 1391/3417/755 1258/3422/755 1396/3423/755

usemtl interior
v 16.1601 61.4574 -75.8043
vt 69.6274 17.658
vn 0.45137 -0.873475 -0.182502
vt 68.0351 11.9763
vt 71.6083 15.6216
vn 0.520331 -0.825112 -0.220103
f 1397/3424/808 1258/3425/687 1396/3426/809

vt 71.3403 33.1907
vt 74.8258 38.8057
vt 74.1434 44.6667
f 1255/3427/684 1258/3428/687 1397/3429/808

vt 50.3103 18.6907
vt 58.8069 26.8982
vt 47.2354 17.1975
f 1255/3430/684 1397/3431/808 1254/3432/683

vt 42.763 48.636
vt 38.7708 47.4256
vn 0.741834 -0.665561 -0.081919
vt 30.0961 40.4169
f 1397/3433/808 1261/3434/810 1254/3435/683

vt 72.5308 8.25962
v 17.7307 60.9937 -71.7845
vt 68.2071 7.00408
vn 0.21959 -0.95569 -0.19605
vt 69.716 5.18071
f 1397/3436/808 1398/3437/811 1261/3438/810

vt 70.7374 13.2242
vt 74.5975 15.5415
v 25.011 61.8168 -70.9869
vt 64.2938 17.3374
vn 0.0461048 -0.99893 0.00352542
f 1398/3439/811 1397/3440/808 1399/3441/812

vt -47.9825 -38.0817
vt -57.1631 -43.0925
v 38.9006 61.4574 -75.8043
vt -33.5755 -43.0925
vn -2.10254e-14 -0.998784 0.0493045
f 1399/3442/812 1397/3443/808 1400/3444/813

vt 57.1631 58.6273
vt 57.1631 66.4208
v 61.641 62.7979 -83.1974
vt 9.98778 66.4208
vn -0.358422 -0.928983 -0.0923278
v 61.641 61.4574 -75.8043
vt 9.98778 58.6273
vn -0.45137 -0.873475 -0.182502
vt 33.5755 58.6273
vn -2.10255e-14 -0.998784 0.0493045
f 1397/3445/808 1331/3446/747 1401/3447/814 1402/3448/815 1400/3449/816 

vt 61.7476 0.52917
vt 69.6287 0.907056
vt 69.1258 3.03943
f 1397/3450/808 1330/3451/748 1331/3452/747

vt 69.763 -1.60733
vt 61.883 -2.0067
vt 63.4539 -4.3738
f 1330/3453/748 1397/3454/808 1396/3455/809

usemtl Durango
v 14.5804 61.0779 -75.8043
vt -52.9118 17.5119
vn -0.823543 0.562334 0.0745518
vt -60.5692 18.2705
vt -53.9262 16.4464
vn -0.833047 0.548325 0.0733018
f 1403/3456/817 1330/3457/745 1396/3458/818

vt -59.6862 29.3141
vt -52.0223 28.6237
vt -58.8874 30.3313
f 1330/3459/745 1403/3460/817 1329/3461/744

vt -55.4413 14.8767
vn -0.659109 0.72141 0.212468
v 15.6255 63.1983 -81.5166
vt -61.1674 17.7632
vn -0.717034 0.690951 0.0919129
vt -62.2395 16.8341
vn -0.698231 0.713271 0.060984
f 1403/3462/819 1404/3463/820 1329/3464/821

vt -59.0278 9.8637
v 15.5258 61.8503 -75.1915
vt -58.2045 11.0169
vn -0.700136 0.677087 0.226632
vt -64.6045 13.0292
f 1403/3465/819 1405/3466/822 1404/3467/820

vt -66.4078 28.5082
vt -67.3804 27.4779
vt -63.3488 26.4672
f 1405/3468/822 1403/3469/819 1261/3470/693

vt -68.1082 11.9081
vt -71.992 13.3884
vt -68.7792 9.67112
f 1261/3471/693 1403/3472/819 1260/3473/694

vt -55.4267 19.0871
vt -50.1321 17.6923
vt -54.3948 20.1357
f 1396/3474/818 1260/3475/691 1403/3476/817

vt -47.3327 30.1451
vt -52.662 31.401
vt -48.1979 28.9255
f 1260/3477/691 1396/3478/818 1258/3479/689

vt -70.7032 34.551
vn -0.197761 0.912163 0.358955
vt -74.6435 36.2781
vn -0.179869 0.938997 0.293141
vt -72.6418 33.1933
vn -0.305963 0.857494 0.41363
f 1398/3480/823 1405/3481/824 1261/3482/825

vt -68.4271 39.4271
v 25.5293 62.8645 -73.717
vt -61.8161 44.8595
vn -0.071278 0.95659 0.282585
vt -71.9373 41.9146
f 1398/3483/823 1406/3484/826 1405/3485/824

vt -61.0286 42.4238
vn -0.0896583 0.935424 0.341969
vt -61.6489 45.4411
vt -68.2963 40.0533
f 1399/3486/827 1406/3487/826 1398/3488/823

v 33.5095 61.9461 -70.4294
vt -43.4211 58.3958
vn -0.0209794 0.946932 0.320749
vt -52.012 61.0881
vt -52.248 58.0167
f 1407/3489/828 1406/3490/826 1399/3491/827

vt -41.1909 58.0551
v 38.9006 63.0717 -73.717
vt -35.772 61.9148
vn -1.03288e-13 0.960862 0.277027
vt -49.625 61.2045
f 1407/3492/828 1408/3493/829 1406/3494/826

vt -35.1666 62.666
vt -40.6352 58.877
v 38.9006 61.9461 -70.2397
vt -35.0397 58.877
vn -3.12694e-13 0.951402 0.307953
f 1408/3495/829 1407/3496/828 1409/3497/830

usemtl interior
vt -40.6352 -35.2037
vn 0.00277841 -0.995633 0.093311
vt -35.2428 -40.9943
vt -35.0397 -35.2037
vn -8.8841e-14 -0.996166 0.0874837
f 1407/3498/831 1400/3499/816 1409/3500/832

vt -29.2842 -44.1003
vt -35.3389 -39.0062
vt -44.0706 -40.354
f 1400/3501/813 1407/3502/831 1399/3503/812

usemtl _DimGray_
v 25.3765 61.2806 -70.5989
vt -50.6867 74.6243
vn -0.107277 0.531848 0.840017
vt -42.2616 75.4553
vn -0.0518016 0.563959 0.824176
vt -51.0952 75.2938
vn -0.106769 0.534085 0.838661
f 1410/3504/833 1407/3505/834 1399/3506/835

vt -42.3275 75.3625
vt -50.7518 74.5236
v 33.4562 61.4003 -70.0556
vt -42.3526 74.6745
vn -0.0404454 0.566711 0.822923
f 1407/3507/834 1410/3508/833 1411/3509/836

usemtl LightSteelBlue
v 21.1687 54.3465 -59.8759
vt -54.6049 52.6196
vn -0.16547 0.828042 0.535691
vt -42.8686 66.3939
vn -0.0451627 0.852303 0.521094
vt -51.2659 66.1601
vn -0.145544 0.849114 0.507763
f 1412/3510/837 1411/3511/838 1410/3512/839

vt -44.5034 64.1075
vt -55.7177 49.9051
v 29.8638 54.3465 -58.6992
vt -46.6164 49.9051
vn -0.0590649 0.836272 0.545124
f 1411/3513/838 1412/3514/837 1413/3515/840

v 20.2988 45.7325 -48.0605
vt -54.9683 37.7151
vn -0.155391 0.806468 0.570494
vt -46.6164 52.8902
vt -55.7177 52.8902
f 1414/3516/841 1413/3517/840 1412/3518/837

vt -47.59 50.8677
vt -55.4206 35.4171
v 30.1677 46.0264 -46.7224
vt -45.0994 35.9443
vn -0.0670416 0.819677 0.568889
f 1413/3519/840 1414/3520/841 1415/3521/842

usemtl _DimGray_
vt -55.2713 42.3197
vn -0.184942 0.690973 0.698823
vt -44.904 40.9759
vn -0.100588 0.674275 0.731598
vt -44.9448 42.7314
vn -0.0827552 0.674175 0.73392
f 1414/3522/843 1096/3523/844 1415/3524/845

vt -44.8894 40.8113
vt -55.2553 42.1658
vt -55.8315 40.3631
vn -0.248147 0.707406 0.661815
f 1096/3525/844 1414/3526/843 1095/3527/846

v 14.6082 45.4875 -50.6405
vt -62.3432 28.4867
vn -0.349041 0.726465 0.591962
vt -56.0493 26.9644
vt -55.8673 28.8481
f 1416/3528/847 1095/3529/846 1414/3530/843

vt -56.0885 26.6091
vt -62.3769 28.1542
vt -62.9305 26.213
vn -0.359672 0.756218 0.5466
f 1095/3531/846 1416/3532/847 1094/3533/848

v 11.3136 45.2915 -53.0194
vt -63.6949 16.7694
vn -0.365785 0.775212 0.515022
vt -59.7229 15.0677
vt -59.4858 17.0724
f 1417/3534/849 1094/3535/848 1416/3536/847

vt -60.9763 13.7724
vt -64.8586 15.6698
vt -65.7559 14.389
vn -0.264035 0.793037 0.548979
f 1094/3537/848 1417/3538/849 1251/3539/850

v 14.4056 53.7975 -63.6775
vt -68.7866 34.1142
vn -0.184387 0.792639 0.581141
vt -66.6432 18.7085
vt -65.687 19.946
f 1418/3540/851 1251/3541/850 1417/3542/849

vt -66.7871 38.5874
vt -64.3644 53.9517
vt -65.4987 53.848
vn -0.0558721 0.786732 0.614761
f 1251/3543/850 1418/3544/851 1254/3545/852

v 16.5234 59.8948 -71.5595
vt -63.8207 63.3315
vn -0.123877 0.62048 0.774376
vt -65.6134 52.6769
vt -64.4795 52.7849
f 1419/3546/853 1254/3547/852 1418/3548/851

vt -56.8407 66.9066
vt -52.8344 76.9408
vt -53.7907 77.6337
vn -0.0825646 0.614058 0.78493
f 1254/3549/852 1419/3550/853 1261/3551/854

vt -66.5369 69.2331
vt -65.4603 68.7478
vt -64.2983 70.0014
vn -0.181695 0.457499 0.870449
f 1261/3552/854 1419/3553/853 1398/3554/855

vt -64.1116 70.1646
vt -65.2769 68.914
v 18.5707 60.5184 -71.3658
vt -63.164 69.6237
vn -0.180653 0.450841 0.874132
f 1398/3555/855 1419/3556/853 1420/3557/856

usemtl LightSteelBlue
v 16.5066 54.1567 -61.8875
vt -65.9656 31.4311
vn -0.342976 0.798451 0.494816
vt -69.2478 43.0074
vn -0.225313 0.830962 0.508661
vt -71.1662 41.8727
vn -0.401965 0.787804 0.466679
f 1421/3558/857 1420/3559/858 1419/3560/859

vt -63.9015 44.6791
vt -57.5826 58.1316
vt -64.5842 56.6924
f 1421/3561/857 1410/3562/839 1420/3563/858

vt -60.5784 33.1898
vt -61.7148 47.0895
vt -65.8351 32.8094
f 1412/3564/837 1410/3565/839 1421/3566/857

vt -65.7658 39.1077
vt -62.4131 24.6303
vn -0.324148 0.7758 0.541352
vt -60.5049 39.4246
f 1421/3567/857 1416/3568/860 1412/3569/837

vt -59.4467 16.1123
vt -65.2581 29.7894
vt -63.6553 15.8031
vn -0.4601 0.748001 0.478333
f 1416/3570/860 1421/3571/857 1417/3572/861

vt -59.3584 9.08666
vt -62.7076 22.7602
vt -65.5411 22.2062
vn -0.50372 0.742031 0.442331
f 1417/3573/861 1421/3574/857 1418/3575/862

vt -62.673 22.361
vt -70.2055 31.268
vt -65.5057 21.8035
f 1421/3576/857 1419/3577/859 1418/3578/862

vt -60.6051 38.3736
vt -62.272 23.5502
vt -55.799 23.9601
f 1412/3579/837 1416/3580/860 1414/3581/841

usemtl _DimGray_
vt -62.3021 71.7617
vt -61.3686 71.1966
vt -54.2783 72.1029
f 1398/3582/855 1420/3583/856 1410/3584/833

vt -62.3426 71.657
vt -54.3191 72.003
vt -54.7628 72.6497
f 1398/3585/855 1410/3586/833 1399/3587/835

usemtl interior
vt 51.3172 -36.2979
vt 51.4984 -34.1129
vt 46.2894 -29.6592
vn -0.00997282 0.995746 -0.091602
f 1252/3588/679 1094/3589/681 1095/3590/863

vt 60.3362 -19.1378
vt 53.6339 -14.195
v 38.9006 44.0611 -51.7341
vt 33.5755 -19.1378
vn -4.91195e-14 0.993401 -0.114697
f 1252/3591/679 1095/3592/863 1422/3593/864

vt 31.2891 -19.681
vt 51.7188 -16.6147
vt 41.0493 -14.1463
vn -0.0108517 0.991374 -0.130614
f 1422/3594/864 1095/3595/863 1096/3596/865

vt 31.8258 -19.2583
vt 41.4694 -13.5228
vt 32.3334 -12.1881
vn -1.47305e-13 0.991722 -0.128405
f 1422/3597/864 1096/3598/865 1097/3599/866

usemtl _DimGray_
vt -34.857 43.3948
vn -6.74057e-13 0.676359 0.736572
vt -44.0417 44.9182
vt -44.0871 43.1628
f 1097/3600/867 1415/3601/845 1096/3602/844

vt -44.0156 44.7919
vt -34.8328 43.2569
v 38.9006 46.1686 -46.0955
vt -34.935 44.9924
vn 0 0.679362 0.733803
f 1415/3603/845 1097/3604/867 1423/3605/868

vt -32.0662 47.196
v 47.6335 46.0264 -46.7224
vt -22.8835 48.731
vn 0.0827552 0.674175 0.73392
vt -31.9641 48.9316
f 1097/3606/867 1424/3607/869 1423/3608/868

vt -22.8465 48.9057
vt -32.0311 47.3823
v 47.7776 44.773 -45.5936
vt -22.801 47.1503
vn 0.100588 0.674275 0.731598
f 1424/3609/869 1097/3610/867 1425/3611/870

usemtl Durango
vt 36.2461 -5.26045
v 42.4902 45.0283 -42.7445
vt 32.1133 -3.82603
vn 0.000862455 0.997934 -0.064247
vt 27.4015 -7.9103
vn -0.00160747 0.9929 -0.118944
f 1097/3612/435 1426/3613/871 1425/3614/872

vt 26.4983 -17.9372
vt 29.6856 -20.9337
vt 30.146 -18.6845
f 1426/3615/871 1097/3616/435 1098/3617/436

v 41.9209 44.459 -42.7445
vt -30.4426 46.338
vn -0.57122 0.665814 0.479999
vt -29.8521 46.9286
vn -0.48898 0.48898 0.722355
f 1098/2336/438 1427/3618/873 1426/3619/874

vt -9.97761 40.0451
vn -1.9019e-17 0.995672 0.0929348
vt 5.67984 40.8504
vn 0.238208 0.969485 0.0579231
vt 4.89961 43.9371
f 1100/3620/875 1427/3621/876 1098/3622/442

vt 6.37214 45.3581
vt -9.29852 44.8737
v 41.6389 43.1716 -23.9914
vt -12.6316 40.9877
vn 0.205398 0.970805 0.123893
f 1427/3623/876 1100/3624/875 1428/3625/877

v 38.9006 41.9232 -13.0053
vt -34.8681 24.3873
vn -2.34107e-17 0.982532 0.186096
vt -24.3651 29.7988
vt -23.1053 34.7611
vn -1.42643e-17 0.995672 0.0929348
f 1429/3626/878 1428/3627/877 1100/3628/879

vt -36.2624 18.7827
vn -1.40464e-17 0.982532 0.186096
v 40.7928 41.619 -12.7113
vt -35.0337 17.1904
vn 0.102602 0.97202 0.211305
vt -26.4183 25.3166
f 1429/3629/880 1430/3630/881 1428/3631/877

vt -40.8139 3.49569
vt -36.0171 9.45205
vt -37.6724 10.5945
f 1103/3632/449 1430/3633/881 1429/3634/880

vt -38.3948 -5.5159
vt -37.0299 -5.69596
vt -34.8084 1.23879
f 1103/3635/452 1104/3636/453 1430/3637/881

v 41.3622 41.9985 -12.7113
vt 8.61772 -3.50965
vn -0.564378 0.819725 0.0976127
vt 8.46128 -4.20195
vn -0.551224 0.826836 0.111773
vt 15.1098 -7.17231
vn -0.54837 0.822555 0.150646
f 1431/3638/882 1430/3639/883 1104/3640/884

vt 13.2669 -2.98027
vt 1.70371 -0.799668
vn -0.578135 0.813521 0.0627968
vt 13.1899 -3.68583
f 1431/3641/882 1428/3642/885 1430/3643/883

vt 2.13955 1.63423
vt 13.7268 -0.414209
v 42.2082 43.5891 -23.9914
vt 2.20834 2.36332
vn -0.630705 0.774197 0.0532076
f 1428/3644/885 1431/3645/882 1432/3646/886

v 50.2541 41.7499 -13.4427
vt -25.4608 -3.74388
vn 0.058805 0.974136 0.218178
vt -30.5892 9.16782
vn 0.0374346 0.991951 0.120962
vt -34.5528 -1.99825
vn 0.0426031 0.970632 0.236768
f 1433/3647/887 1432/3648/888 1431/3649/889

vt -30.611 8.91098
vt -25.364 -3.95298
v 50.2541 43.3438 -24.4429
vt -22.4261 7.19571
vn 0.0471395 0.992728 0.110763
f 1432/3650/888 1433/3651/887 1434/3652/890

v 56.8169 41.4263 -13.9825
vt -20.0916 -2.21145
vn 0.076695 0.974871 0.209152
vt -22.1391 10.5882
vt -26.58 -0.0515101
f 1435/3653/891 1434/3654/890 1433/3655/887

vt -22.1134 10.7332
vt -20.1541 -2.08024
v 57.8692 42.9321 -24.8703
vt -14.6836 7.98198
vn 0.0725134 0.991364 0.109264
f 1434/3656/890 1435/3657/891 1436/3658/892

vt -15.1288 -1.60731
vn 0.0915517 0.976062 0.197287
vt -14.381 10.7097
vt -21.2222 1.52418
f 1109/3659/893 1436/3660/892 1435/3661/891

vt -14.4399 10.4238
vt -14.9496 -1.90532
v 65.4843 42.3306 -25.2977
vt -7.40514 6.75107
vn 0.0847352 0.989488 0.117189
f 1436/3662/892 1109/3663/893 1437/3664/894

vt -17.2371 37.3228
vt -5.7049 36.9503
vt -5.89256 39.0984
vn 0.775237 0.60614 0.177768
f 1109/3665/460 1110/3666/461 1437/3667/895

vt -5.53413 39.2542
vt -5.43746 37.1001
v 68.4283 41.478 -36.5884
vt 6.55373 38.1835
vn 0.747857 0.648548 0.14176
f 1437/3668/895 1110/3669/461 1438/3670/896

vt 0.399288 19.0017
vt 6.05827 23.239
vn 0.511743 0.852458 0.106931
vt -5.80253 21.1692
f 1112/3671/465 1438/3672/897 1110/3673/463

vt 6.79644 26.7337
vt 0.591819 23.3454
v 71.2216 40.2806 -42.726
vt 13.5187 24.4363
vn 0.71782 0.693469 0.0619187
f 1438/3674/897 1112/3675/465 1439/3676/898

vt 6.15137 26.7929
vt 13.5589 29.6399
vt 0.615609 28.7656
f 1114/3677/467 1439/3678/898 1112/3679/465

vt 13.6663 34.3941
vt 6.09064 32.0305
vt 20.07 32.3809
vn 0.821094 0.570047 0.029186
f 1439/3680/898 1114/3681/467 1117/3682/899

vt 20.0772 33.258
v 71.2545 40.6608 -49.6787
vt 20.8669 35.7024
vn 0.823023 0.566935 0.0349015
vt 13.66 35.2276
f 1117/3683/899 1440/3684/900 1439/3685/898

v 72.4885 39.0513 -80.2856
vt 52.6392 33.5223
vn 0.839614 0.543158 -0.005198
vt 20.885 35.5194
vn 0.842236 0.539033 0.00904082
vt 20.0473 33.091
vn 0.835965 0.548762 0.00484722
f 1441/3686/901 1440/3687/902 1117/3688/903

vt 52.6425 34.7979
v 70.8667 41.5195 -61.4207
vt 33.0594 37.7619
vn 0.846516 0.532291 0.00869861
vt 20.8844 36.7308
f 1441/3689/901 1442/3690/904 1440/3691/902

vt 33.0628 37.0469
vt 52.6379 34.031
v 71.2256 41.0492 -76.0899
vt 48.28 36.4722
vn 0.82865 0.559509 -0.0169872
f 1442/3692/904 1441/3693/901 1443/3694/905

vt 48.2301 33.2726
vt 52.5161 30.7073
v 71.7351 40.0227 -81.2223
vt 53.5232 31.9546
vn 0.806942 0.589422 -0.0377656
f 1443/3695/905 1441/3696/901 1444/3697/906

vt 52.604 31.1392
vn 0.863901 0.503634 -0.00522134
v 72.5878 38.8461 -83.6443
vt 56.0857 30.8721
v 72.4232 39.0642 -83.5873
vt 56.0294 31.1561
vn 0.796339 0.604703 -0.0133911
v 72.0484 39.5578 -83.5873
vt 56.036 31.7989
v 71.9623 39.6676 -83.7478
vt 56.2039 31.9419
vn 0.863294 0.504658 0.00669748
vt 53.5887 32.4043
vn 0.876286 0.481596 0.0137348
f 1441/3698/907 1445/3699/907 1446/3700/908 1447/3701/908 1448/3702/909 1444/3703/910 

vt 20.0442 36.5919
vn 0.973583 0.22828 0.00490475
v 72.818 38.3147 -84.1313
vt 56.6268 36.1527
vn 0.963469 0.267778 0.00479021
v 72.5948 38.8299 -83.6447
vt 56.1213 36.7345
vn 0.918638 0.395088 0.0030259
vt 56.1208 36.7528
vt 52.6366 36.9844
f 1117/3704/911 1449/3705/912 1450/3706/913 1445/3707/907 1441/3708/907 

v 72.8986 38.2041 -94.1568
vt 67.0304 39.3124
vn 0.920986 0.389552 0.00579274
v 72.8737 38.2383 -91.0597
vt 63.8178 39.3482
v 72.9192 37.8998 -90.9325
vt 63.6861 38.9938
vn 0.990744 0.135589 0.00646723
v 72.9359 37.7626 -90.6182
vt 63.3603 38.8502
v 73.0061 37.1769 -89.0863
vt 61.7718 38.237
v 72.9849 37.1686 -85.6769
vt 58.2353 38.2283
v 72.8738 37.9203 -84.4079
vt 56.9184 39.0153
v 72.8691 37.9521 -84.3617
vt 56.8704 39.0485
vt 56.6311 39.4282
vt 20.0482 39.8354
v 73.4464 34.2012 -94.1568
vt 67.0341 35.1217
vn 0.99737 0.0723794 0.00371946
f 1451/3709/914 1452/3710/912 1453/3711/915 1454/3712/915 1455/3713/915 1456/3714/915 1457/3715/915 1458/3716/915 1449/3717/912 1117/3718/911 1459/3719/916 

vt 67.026 36.0279
v 72.8099 38.3873 -91.158
vt 63.9151 36.2347
vt 63.8134 36.0664
f 1451/3720/914 1460/3721/907 1452/3722/912

vt 66.9829 30.0359
v 72.6476 38.5964 -91.3665
vt 64.0934 30.5469
vt 63.8743 30.2744
f 1451/3723/914 1461/3724/909 1460/3725/907

v 71.5008 41.4482 -94.3762
vt 67.2268 40.3433
vn 0.884448 0.466127 0.0218386
v 71.6374 40.6173 -86.7094
vt 59.2819 39.4043
vn 0.895938 0.443021 0.0320455
v 71.7001 40.642 -89.2329
vt 61.9003 39.4322
vn 0.917389 0.397096 0.0266863
v 71.9405 40.1851 -90.6994
vt 63.4279 38.9158
v 72.21 39.6054 -91.3375
vt 64.0977 38.2606
v 72.2658 39.4849 -91.4632
vt 64.2297 38.1244
v 72.5993 38.713 -91.4418
vt 64.2176 37.252
vt 64.1409 37.1203
vt 67.0415 36.6769
f 1462/3726/917 1463/3727/918 1464/3728/919 1465/3729/919 1466/3730/919 1467/3731/919 1468/3732/919 1461/3733/909 1451/3734/914 

vt 53.576 37.3169
v 71.6586 40.4883 -85.5188
vt 58.0251 37.8702
v 71.6127 40.6076 -86.0068
vt 58.5288 38.012
vn 0.87216 0.487796 0.0373215
vt 59.258 38.0235
vt 67.1971 39.0107
v 69.5792 44.6712 -91.5963
vt 64.2311 42.8403
vn 0.887444 0.460792 0.0107126
f 1444/3735/910 1469/3736/918 1470/3737/920 1463/3738/918 1462/3739/917 1471/3740/921 

vt 53.5957 38.7322
vt 56.221 38.3309
v 71.7419 40.2251 -84.4671
vt 56.9602 38.961
vt 58.0481 39.2584
f 1444/3741/910 1448/3742/909 1472/3743/919 1469/3744/918 

usemtl _DimGray_
v 71.9358 40.3015 -84.4671
vt -22.3031 66.8646
vn -0.0927812 0.892697 0.441003
vt -22.4872 66.7513
vn -0.325852 0.827224 0.457734
vt -21.9776 65.9244
vn -0.281554 0.714766 0.640185
vt -21.8288 65.7616
vn -0.155453 0.394641 0.90559
v 72.2045 39.6193 -83.5873
vt -21.6806 65.8528
vn 0.152541 0.499019 0.85306
f 1473/3745/922 1472/3746/923 1448/3747/924 1447/3748/925 1474/3749/926 

v 71.788 40.6767 -86.0068
vt -47.3385 49.5249
vn -0.180586 0.975617 0.124744
vt -47.4442 49.3605
vn -0.363499 0.922797 0.127725
vt -47.0046 49.0764
vn -0.354543 0.90006 0.253358
vt -46.0669 48.4499
vt -45.9499 48.6318
f 1475/3750/927 1470/3751/928 1469/3752/929 1472/3753/923 1473/3754/922 

v 71.788 40.6767 -89.2329
vt -61.9135 16.045
vn -0.171914 0.971528 -0.163032
vt -61.9135 15.947
vn -0.361321 0.917266 -0.167543
vt -59.2959 15.8771
vn -0.366501 0.930418 1.32668e-15
vt -58.5672 15.8496
vt -58.5672 16.045
f 1476/3755/930 1464/3756/931 1463/3757/932 1470/3758/928 1475/3759/927 

v 71.9761 40.1991 -90.6994
vt -46.3818 -17.9571
vn -0.0678483 0.856363 -0.511897
vt -46.3563 -17.9875
vn -0.310318 0.787788 -0.532064
vt -45.084 -16.9967
vt -45.147 -16.9215
f 1477/3760/933 1465/3761/934 1464/3762/931 1476/3763/930 

vt -22.5167 -7.44954
vt -22.9722 -8.26732
vn 0.00913295 0.733755 -0.679352
vt -22.482 -7.46886
f 1477/3764/933 1466/3765/935 1465/3766/934

v 72.5533 39.5624 -91.2328
vt 25.6529 -16.8981
vn 0.677462 0.511755 -0.528348
vt 26.0239 -17.0201
vn 0.447182 0.515088 -0.731241
vt 26.0217 -16.8304
vt 25.964 -15.8961
v 72.2881 40.2357 -90.5091
vt 25.5875 -15.8385
vn 0.493095 0.797975 -0.346544
f 1478/3767/936 1467/3768/937 1466/3769/935 1477/3770/933 1479/3771/938 

v 72.8438 38.825 -91.2328
vt 36.2213 27.5704
vn 0.815186 0.155737 -0.557869
vt 36.5538 27.4511
vn 0.642777 0.0262429 -0.765604
vt 36.8469 28.2729
vt 36.4653 28.3554
f 1480/3772/939 1468/3773/940 1467/3774/937 1478/3775/936 

v 73.1469 38.0555 -90.7503
vt 42.7534 47.2592
vn 0.899684 -0.17597 -0.399505
vt 43.0545 47.0952
vn 0.724642 -0.429737 -0.538721
vt 43.1802 47.4517
vn 0.684857 -0.173881 -0.707627
vt 43.2986 47.6087
vt 43.57 47.829
vt 43.6604 47.9518
vt 43.3273 48.0697
f 1481/3776/941 1453/3777/942 1452/3778/943 1460/3779/943 1461/3780/943 1468/3781/940 1480/3782/939 

v 73.1451 37.2316 -89.0863
vt 55.3443 47.4103
vn 0.535415 -0.826739 -0.172722
vt 56.8794 48.1307
vn 0.531146 -0.775487 -0.341326
vt 57.1829 48.3168
vt 56.9128 48.528
v 73.3869 37.4463 -88.9928
vt 55.1517 47.7015
vn 0.905311 -0.40567 -0.125876
f 1482/3783/944 1454/3784/945 1453/3785/942 1481/3786/941 1483/3787/946 

vt 41.9266 58.5976
vt 42.0294 58.4817
vn 0.36069 -0.915666 -0.177367
vt 43.1956 59.7223
f 1482/3788/944 1455/3789/947 1454/3790/945

v 73.1451 37.2316 -85.6769
vt 58.2249 16.045
vn 0.540759 -0.802471 0.252229
vt 58.2249 15.8665
vn 0.3538 -0.898173 0.260979
vt 61.7614 15.8901
vt 61.7614 16.045
f 1484/3791/948 1456/3792/949 1455/3793/947 1482/3794/944 

vt 32.6226 -15.6777
vt 31.6841 -14.4772
vn 0.521978 -0.697904 0.490376
vt 32.482 -15.7876
f 1484/3795/948 1457/3796/950 1456/3797/949

v 73.1216 38.1196 -84.5474
vt 49.0014 16.8368
vn 0.88621 -0.192972 0.421182
vt 48.6976 16.628
vn 0.702945 -0.441135 0.557914
vt 48.7406 16.5885
vt 49.9995 15.7299
v 73.3869 37.4463 -85.788
vt 50.2322 15.9974
vn 0.910912 -0.371771 0.178958
f 1485/3798/951 1458/3799/952 1457/3800/950 1484/3801/948 1486/3802/953 

v 72.8059 38.9212 -83.8237
vt 42.01 26.62
vn 0.831058 0.10427 0.546324
vt 41.7247 26.5203
vn 0.657886 -0.0477693 0.751601
vt 42.2505 25.9568
vn 0.689291 -0.316739 0.651578
vt 42.4606 25.5603
vt 42.7805 25.7435
f 1487/3803/954 1450/3804/955 1449/3805/956 1458/3806/952 1485/3807/951 

vt 33.6753 50.3508
vt 33.8589 49.7599
vn 0.302215 0.119046 0.945777
vt 34.0319 49.5277
vn 0.571655 0.225181 0.788989
vt 34.038 49.5105
vt 34.3243 49.6076
v 72.5028 39.6907 -83.8237
vt 34.0697 50.4268
vn 0.670459 0.535407 0.513638
f 1474/3808/926 1446/3809/957 1445/3810/958 1450/3811/955 1487/3812/954 1488/3813/959 

vt 0.969388 41.318
vt 0.807428 41.2542
vt 1.19618 40.7423
f 1474/3814/926 1447/3815/925 1446/3816/957

vt 57.0534 36.2918
vt 56.3027 38.0433
vt 56.3027 37.1854
f 1485/3817/951 1488/3818/959 1487/3819/954

v 72.981 38.4767 -84.4472
vt 56.9494 36.6899
vn 0.47992 0.6578 -0.580496
f 1488/3818/959 1485/3817/951 1489/3820/960

v 73.1451 38.0601 -85.0501
vt 57.5748 36.2254
vn 0.434173 0.851846 -0.293007
f 1489/3820/960 1485/3817/951 1490/3821/961

vt 58.3402 35.5411
f 1490/3821/961 1485/3817/951 1486/3822/953

v 73.2829 37.7101 -86.0837
vt 58.6469 35.8353
vn 0.525847 0.844213 -0.103876
f 1490/3821/961 1486/3822/953 1491/3823/962

vt 61.6644 35.5411
f 1491/3823/962 1486/3822/953 1483/3824/946

vt 61.7614 27.2392
vt 61.6644 27.5745
vt 58.3402 27.5745
vt 58.2249 27.2392
f 1482/3825/944 1483/3826/946 1486/3827/953 1484/3828/948 

v 73.2829 37.7101 -88.7537
vt 61.4164 35.8353
vn 0.427209 0.898715 0.0990156
f 1491/3823/962 1483/3824/946 1492/3829/963

v 73.1582 38.0268 -90.218
vt 62.9352 36.1883
vn 0.435845 0.803286 0.405919
f 1492/3829/963 1483/3824/946 1493/3830/964

vt 63.4874 36.2203
f 1493/3830/964 1483/3824/946 1481/3831/941

v 73.0007 38.4267 -90.6199
vt 63.3521 36.6342
vn 0.592246 0.497196 0.634067
f 1493/3830/964 1481/3831/941 1494/3832/965

v 72.8497 38.81 -90.6199
vt 63.3521 37.0614
vn 0.729839 -0.296683 0.615885
f 1494/3832/965 1481/3831/941 1495/3833/966

vt 63.9878 37.9003
f 1478/3834/936 1495/3833/966 1481/3831/941

vt 63.2372 38.6509
f 1479/3835/938 1495/3833/966 1478/3834/936

v 72.7118 39.1599 -90.017
vt 62.7267 37.4516
vn 0.773594 -0.573213 0.270146
f 1479/3835/938 1496/3836/967 1495/3833/966

v 72.1113 40.6846 -89.1307
vt 61.8074 39.1513
vn 0.38596 0.914855 -0.118641
f 1497/3837/968 1496/3836/967 1479/3835/938

v 72.6199 39.3932 -88.8686
vt 61.5355 37.7117
vn 0.859915 -0.503443 0.0842118
f 1497/3837/968 1498/3838/969 1496/3836/967

v 72.6199 39.3932 -86.3421
vt 58.9149 37.7117
vn 0.780827 -0.618521 -0.087986
f 1497/3837/968 1499/3839/970 1498/3838/969

v 72.1113 40.6846 -86.0981
vt 58.6619 39.1513
vn 0.374109 0.922823 0.0918736
f 1500/3840/971 1499/3839/970 1497/3837/968

v 72.6921 39.2099 -85.1362
vt 57.6641 37.5073
vn 0.748195 -0.588466 -0.306451
f 1500/3840/971 1501/3841/972 1499/3839/970

v 72.2502 40.3319 -84.6508
vt 57.1606 38.7582
vn 0.470583 0.828975 0.302244
f 1502/3842/973 1501/3841/972 1500/3840/971

v 72.8234 38.8766 -84.4472
vt 56.9494 37.1358
vn 0.779261 -0.113741 -0.616292
f 1502/3842/973 1503/3843/974 1501/3841/972

f 1488/3818/959 1503/3843/974 1502/3842/973

f 1503/3843/974 1488/3818/959 1489/3820/960

vt 18.6786 32.2438
v 72.761 38.4504 -84.5353
vt 18.9244 32.2162
vn 0.250722 0.556106 -0.792391
v 72.6143 38.7914 -84.54
vt 19.0682 32.5735
vn 0.353613 0.139292 -0.924962
v 72.6067 38.8014 -84.5414
vt 19.0761 32.5839
vn 0.474232 -0.361258 -0.802868
vt 18.8312 32.6627
f 1489/3844/960 1504/3845/975 1505/3846/976 1506/3847/977 1503/3848/974 

vt 9.12993 -27.9675
v 72.8437 38.1684 -85.0047
vt 9.38008 -28.5955
vn 0.159359 0.846797 -0.507484
v 72.8231 38.3076 -84.769
vt 9.35437 -28.3119
vn 0.0972108 0.860645 -0.49984
vt 9.37138 -28.0211
f 1489/3849/960 1507/3850/978 1508/3851/979 1504/3852/975 

vt 20.9784 -22.3274
v 72.8562 38.0838 -85.1361
vt 21.289 -22.2834
vn 0.190864 0.899529 -0.392961
vt 21.2469 -22.1263
vt 20.8875 -21.5538
f 1490/3853/961 1509/3854/980 1507/3855/978 1489/3856/960 

v 72.9242 37.7924 -86.1423
vt 28.4558 -36.7408
vn -0.0162933 0.98374 -0.178857
v 72.888 37.8841 -85.8343
vt 28.3252 -36.4319
vn -0.0993267 0.95041 -0.294713
vt 27.9844 -35.7593
vt 27.6811 -35.8393
f 1510/3857/981 1511/3858/982 1509/3859/980 1490/3860/961 

vt -45.3457 -14.8059
v 72.9037 37.7843 -86.1423
vt -45.3317 -14.824
vn -0.362113 0.919278 -0.15428
vt -45.0804 -14.6006
f 1510/3861/981 1512/3862/983 1511/3863/982

v 72.9242 37.7924 -88.7044
vt -61.3653 16.045
vn 0.0344732 0.997772 0.0571137
v 72.9196 37.7906 -88.7044
vt -61.3653 16.0399
vn -0.366501 0.930418 -2.43559e-15
vt -58.7077 16.0222
vt -58.7077 16.045
f 1513/3864/984 1514/3865/985 1512/3866/983 1510/3867/981 

usemtl Durango
v 72.8682 38.2458 -90.377
vt 63.1097 39.3561
vt 57.2925 39.4208
vt 57.5371 39.275
vt 57.6735 39.1865
vt 58.3979 38.9774
vt 58.7175 38.8729
vt 61.3751 38.8795
v 72.9176 37.809 -88.7918
vt 61.4658 38.8988
v 72.8986 37.9996 -89.8765
vt 62.5907 39.0983
v 72.8931 38.0525 -90.1332
vt 62.8569 39.1536
f 1515/3868/912 1508/3869/912 1507/3870/915 1509/3871/915 1511/3872/915 1512/3873/915 1514/3874/915 1516/3875/915 1517/3876/915 1518/3877/915 

vt 57.2882 36.1448
vt 63.1053 36.0749
v 72.8628 38.2585 -90.3914
vt 63.1202 36.0893
v 72.799 38.4078 -90.54
vt 63.2741 36.2579
v 72.7917 38.425 -90.5398
vt 63.2738 36.2773
vt 57.0499 36.691
vt 57.0456 36.3059
f 1508/3878/912 1515/3879/912 1519/3880/913 1520/3881/913 1521/3882/907 1505/3883/907 1504/3884/913 

usemtl _DimGray_
vt 27.504 68.9153
vt 27.2978 69.2915
vn 0.226198 0.751771 0.619415
vt 27.2968 69.2709
vn 0.261109 0.7692 0.583227
vt 27.217 68.957
vn 0.214265 0.891228 0.399753
f 1493/3885/964 1519/3886/986 1515/3887/987 1518/3888/988 

vt 19.4569 71.4631
vt 19.2329 71.4344
vn 0.288929 0.462651 0.838137
vt 19.2532 71.2069
vt 19.4971 70.854
f 1494/3889/965 1520/3890/989 1519/3891/986 1493/3892/964 

vt 24.1532 48.2451
v 72.5674 38.7235 -90.499
vt 23.8349 48.1545
vn 0.4585 -0.360714 0.812197
v 72.5696 38.7184 -90.499
vt 23.837 48.1492
vn 0.353613 0.139292 0.924962
vt 24.0673 47.8419
vt 24.0745 47.8239
vt 24.2995 47.8436
f 1495/3893/966 1522/3894/990 1523/3895/991 1521/3896/991 1520/3897/989 1494/3898/965 

v 72.4421 39.0161 -89.9166
vt 43.2393 -8.17688
vn 0.443947 -0.813564 0.375532
v 72.5176 38.8245 -90.292
vt 43.5603 -8.48389
vn 0.380379 -0.79046 0.480088
vt 43.7434 -8.64564
vt 44.044 -8.50709
f 1524/3899/992 1525/3900/993 1522/3901/990 1495/3902/966 

vt 35.7915 -18.3854
v 72.4264 39.01 -89.9166
vt 35.7779 -18.3964
vn 0.344804 -0.875335 0.338967
vt 36.0729 -18.729
f 1524/3903/992 1526/3904/994 1525/3905/993

v 72.3646 39.2131 -88.8146
vt 54.9823 -8.53741
vn 0.487693 -0.865095 0.117329
v 72.3149 39.1935 -88.8146
vt 54.9584 -8.58733
vn 0.364853 -0.926233 0.0947333
vt 56.0246 -9.05588
vt 56.0321 -9.04008
f 1527/3906/995 1528/3907/996 1526/3908/994 1524/3909/992 

v 72.3646 39.2131 -86.3902
vt 58.9649 16.045
vn 0.478374 -0.875308 -0.0706745
v 72.2864 39.1823 -86.3902
vt 58.9649 15.9579
vn 0.365568 -0.928049 -0.0713108
v 72.2755 39.178 -87.2301
vt 59.836 15.9458
vn 0.366501 -0.930418 2.00011e-15
vt 61.4796 15.9897
vt 61.4796 16.045
f 1529/3910/997 1530/3911/998 1531/3912/999 1528/3913/996 1527/3914/995 

v 72.4255 39.0583 -85.2332
vt 53.3401 36.3228
vn 0.482492 -0.837851 -0.255358
v 72.4059 39.0506 -85.2332
vt 53.3475 36.3022
vn 0.351632 -0.89267 -0.281947
vt 54.5101 36.6527
vt 54.4805 36.7346
f 1532/3915/1000 1533/3916/1001 1530/3917/998 1529/3918/997 

vt 35.19 60.4844
v 72.4503 38.9953 -85.085
vt 35.0738 60.3617
vn 0.449642 -0.792278 -0.412454
vt 35.2059 60.4693
f 1532/3919/1000 1534/3920/1002 1533/3921/1001

vt 45.9317 53.4606
v 72.5642 38.8545 -84.6729
vt 45.6192 52.9249
vn 0.511184 -0.74427 -0.42983
vt 46.0351 53.1371
vt 46.1749 53.2321
f 1501/3922/972 1535/3923/1003 1534/3924/1002 1532/3925/1000 

vt 39.4041 57.6212
vt 39.6316 57.501
vt 39.7596 57.5857
vt 40.0085 58.1537
f 1503/3926/974 1506/3927/977 1535/3928/1003 1501/3929/972 

usemtl Durango
vt 57.0142 30.8008
vt 63.2335 30.3236
vt 63.1951 30.7057
vt 59.81 31.3043
vt 58.9388 31.3098
vt 57.7367 31.1383
vt 57.5822 31.0663
vt 57.1529 30.8829
vt 57.0157 30.8138
f 1505/3930/907 1521/3931/907 1523/3932/909 1531/3933/909 1530/3934/908 1533/3935/908 1534/3936/908 1535/3937/908 1506/3938/908 

vt 59.841 37.7775
vt 63.2392 37.2581
vt 63.2391 37.2639
vt 63.023 37.378
vt 62.631 37.5876
vt 61.4851 37.7951
f 1531/3939/909 1523/3940/909 1522/3941/919 1525/3942/919 1526/3943/919 1528/3944/919 

usemtl _DimGray_
vt 54.8365 37.5533
vt 55.0119 37.2695
vt 56.0565 37.8965
f 1501/3945/972 1532/3946/1000 1499/3947/970

vt 57.1573 36.2853
vt 57.0483 36.5947
vt 55.9742 36.0196
f 1529/3948/997 1499/3949/970 1532/3950/1000

vt 61.4796 24.5036
vt 61.5355 24.8278
vt 58.9149 24.8278
vt 58.9649 24.5036
f 1527/3951/995 1498/3952/969 1499/3953/970 1529/3954/997 

vt 58.5962 11.1053
vt 58.4565 10.8074
vt 59.7529 10.7196
f 1498/3955/969 1527/3956/995 1496/3957/967

vt 59.3222 5.47088
vt 59.5151 5.74321
vt 58.2197 5.84383
f 1524/3958/992 1496/3959/967 1527/3960/995

vt 46.7852 2.68271
vt 46.5179 2.48295
vt 47.3393 2.19655
f 1496/3961/967 1524/3962/992 1495/3963/966

vt 40.8079 56.3687
vt 40.5381 56.475
vt 40.3765 56.2565
vn 0.199406 0.963227 0.180085
vt 39.9611 55.0594
f 1493/3964/964 1518/3965/988 1517/3966/1004 1492/3967/963 

vt 52.022 42.7753
vt 52.7627 43.8033
vt 51.8422 43.1265
vn 0.241844 0.95639 0.163796
vt 51.7709 43.0675
f 1492/3968/963 1517/3969/1004 1516/3970/1005 1513/3971/984 

vt 58.7077 7.13954
vt 58.6469 6.75774
vt 61.4164 6.75774
vt 61.3653 7.13954
f 1510/3972/981 1491/3973/962 1492/3974/963 1513/3975/984 

vt 38.2706 -26.2195
vt 38.5852 -25.9947
vt 37.648 -25.2635
f 1491/3976/962 1510/3977/981 1490/3978/961

vt 23.5684 65.4829
vt 23.9505 65.6066
vt 24.058 66.7181
vt 23.6827 66.6654
f 1474/3979/926 1488/3980/959 1502/3981/973 1473/3982/922 

vt 11.2463 65.9795
vt 10.8996 65.9447
vt 10.7677 64.299
vt 11.1223 64.4326
f 1500/3983/971 1475/3984/927 1473/3985/922 1502/3986/973 

vt -58.5672 1.57824
vt -58.6619 1.91361
vt -61.8074 1.91361
vt -61.9135 1.57824
f 1475/3987/927 1500/3988/971 1497/3989/968 1476/3990/930 

vt 13.8542 -44.2893
vt 13.5034 -44.2626
vt 13.6571 -45.7697
vt 14.0176 -45.8925
f 1476/3991/930 1497/3992/968 1479/3993/938 1477/3994/933 

vt 63.9878 37.0782
f 1478/3834/936 1481/3831/941 1480/3995/939

usemtl Durango
vt 64.3619 40.965
vt 67.2486 37.0753
v 69.5715 44.6922 -94.5955
vt 67.4729 40.9904
vn 0.859458 0.511205 0.00140083
f 1471/3996/921 1462/3997/917 1536/3998/1006

vn 0.851236 0.524673 0.0107416
v 69.5639 44.7133 -97.5948
vt 70.5839 41.0159
vn 0.856675 0.515838 0.00429096
vt 67.4729 40.9905
vn 0.859458 0.511205 0.00140168
f 1462/3997/1007 1537/3999/1008 1536/4000/1009

vt 67.2482 37.1816
v 71.3771 41.9619 -119.411
vt 93.2142 37.8031
vn 0.811516 0.584172 0.013616
vt 70.5719 41.132
f 1462/4001/1007 1538/4002/1010 1537/4003/1008

vt 93.2092 33.5166
vt 67.2456 32.8053
v 72.5537 40.6422 -120.144
vt 93.9858 31.6894
vn 0.877222 0.479928 0.0123007
f 1538/4004/1010 1462/4005/1007 1539/4006/1011

vt 67.0419 36.6313
vn 0.975187 0.22105 0.0121007
vt 93.9777 39.3866
vt 67.2298 40.2975
f 1451/4007/1012 1539/4008/1011 1462/4009/1007

vt 67.0323 38.5974
v 73.1504 38.2041 -125.121
vt 99.1514 38.5974
vn 0.984864 0.173146 0.00801066
v 73.1007 38.4156 -124.94
vt 98.9629 38.8223
vn 0.974916 0.222431 0.00792975
v 73.0019 38.8374 -124.618
vt 98.6282 39.2711
v 72.8105 39.6788 -124.699
vt 98.7102 40.1663
v 72.7658 39.8846 -124.975
vt 98.9965 40.3852
vn 0.967208 0.253971 0.00264495
vt 93.9841 41.1912
f 1451/4010/1012 1540/4011/1013 1541/4012/1014 1542/4013/1014 1543/4014/1014 1544/4015/1015 1539/4016/1011 

v 73.2364 38.2041 -135.691
vt 110.115 39.4042
vn 0.977507 0.210855 0.00446318
v 73.2073 38.2041 -132.115
vt 106.406 39.4042
v 73.2231 38.0737 -132.064
vt 106.353 39.2679
vn 0.992321 0.123423 0.00807132
v 73.2472 37.8722 -131.948
vt 106.234 39.0573
v 73.3208 37.1587 -130.079
vt 104.295 38.3115
v 73.2942 37.1491 -126.669
vt 100.758 38.3015
v 73.1866 37.9283 -125.35
vt 99.3886 39.116
vt 99.1514 39.4042
vt 67.0323 39.4042
v 73.672 34.7024 -135.695
vt 110.123 35.744
vn 0.993545 0.113212 0.00715944
f 1545/4017/1016 1546/4018/1013 1547/4019/1017 1548/4020/1017 1549/4021/1017 1550/4022/1017 1551/4023/1017 1540/4024/1013 1451/4025/1012 1552/4026/1018 

vt 110.115 38.5974
v 73.0906 38.7248 -132.371
vt 106.67 39.1513
vt 106.406 38.5974
f 1545/4027/1016 1553/4028/1015 1546/4029/1013

vt 93.9724 40.1648
vt 98.9825 39.3449
v 72.6251 40.3518 -125.583
vt 99.6141 39.8505
vn 0.958453 0.285237 -0.00264271
v 72.5126 40.716 -127.066
vt 101.152 40.2446
v 72.5041 40.716 -130.153
vt 104.355 40.2447
v 72.6387 40.2506 -131.577
vt 105.831 39.741
v 72.8474 39.5423 -132.352
vt 106.634 38.9745
v 73.0821 38.7531 -132.387
vt 106.669 38.1204
vt 106.653 38.0897
vt 110.096 37.5263
v 72.4019 41.0083 -135.687
vt 110.095 40.561
f 1539/4030/1011 1544/4031/1015 1554/4032/1019 1555/4033/1019 1556/4034/1019 1557/4035/1019 1558/4036/1019 1559/4037/1019 1553/4038/1015 1545/4039/1016 1560/4040/1019 

usemtl _DimGray_
v 72.7276 40.3585 -125.643
vt 45.091 96.1519
vn 0.49639 0.813785 0.302244
vt 44.9684 96.1406
vn 0.173459 0.900635 0.398457
vt 44.8226 95.3447
vn 0.267178 0.793182 0.547246
vt 44.7385 94.9942
vn 0.451928 0.53459 0.714125
v 72.9599 39.7096 -124.816
vt 44.9312 95.0467
vn 0.686946 0.514083 0.513638
f 1561/4041/1020 1554/4042/1021 1544/4043/1022 1543/4044/1023 1562/4045/1024 

v 72.5998 40.7154 -127.091
vt 31.3612 103.655
vn 0.40291 0.910616 0.0918736
vt 31.2673 103.658
vn 0.0399191 0.9923 0.117247
vt 30.9221 102.108
vt 31.042 102.136
f 1563/4046/1025 1555/4047/1026 1554/4048/1021 1561/4049/1020 

v 72.5998 40.7154 -130.123
vt 104.327 -1.0877
vn 0.414506 0.90228 -0.118641
vt 104.358 -0.988467
vn 0.0549294 0.986821 -0.152207
vt 101.156 -0.997315
vt 101.182 -1.0877
f 1564/4050/1027 1556/4051/1028 1555/4052/1026 1563/4053/1025 

v 72.7624 40.2612 -131.501
vt 32.3997 -82.1657
vn 0.517917 0.782093 -0.346544
vt 32.5462 -82.2003
vn 0.205303 0.864246 -0.459272
vt 32.2057 -80.6783
vt 32.1016 -80.6805
f 1565/4054/1029 1557/4055/1030 1556/4056/1028 1564/4057/1027 

v 73.0064 39.5799 -132.225
vt 46.1561 -43.6961
vn 0.693203 0.490223 -0.528348
vt 46.3623 -43.7543
vn 0.46314 0.500787 -0.731241
vt 46.1953 -42.6567
vt 46.0456 -42.6403
f 1566/4058/1031 1558/4059/1032 1557/4060/1030 1565/4061/1029 

v 73.2735 38.8336 -132.225
vt 61.2983 21.5802
vn 0.819676 0.130054 -0.557869
vt 61.5575 21.4949
vn 0.643284 0.00603981 -0.765604
vt 61.7324 22.3315
vt 61.5218 22.3714
f 1567/4062/1033 1559/4063/1034 1558/4064/1032 1566/4065/1031 

v 73.2898 37.8874 -131.948
vt 72.0344 54.0123
vn 0.50408 -0.60783 -0.613552
vt 72.1672 54.2093
vn 0.445045 -0.351086 -0.823816
vt 72.2158 54.3472
vn 0.679057 -0.195307 -0.707627
vt 72.4868 54.8979
vt 72.5046 54.9279
vt 72.2454 55.013
v 73.5523 38.055 -131.743
vt 71.6902 54.1895
vn 0.893712 -0.204143 -0.399505
f 1568/4066/1035 1547/4067/1036 1546/4068/1037 1553/4069/1037 1559/4070/1034 1567/4071/1033 1569/4072/1038 

vt 18.4389 84.4255
vt 18.4822 84.4075
vn 0.257896 -0.720276 -0.643966
vt 18.5298 84.645
f 1568/4073/1035 1548/4074/1039 1547/4075/1036

v 73.5246 37.2316 -130.079
vt 68.2325 87.8903
vn 0.509183 -0.843149 -0.172722
vt 68.3893 87.7295
vn 0.331751 -0.926543 -0.177367
vt 69.747 89.3015
vt 69.7143 89.3351
f 1570/4076/1040 1549/4077/1041 1548/4078/1039 1568/4079/1035 

v 73.5246 37.2316 -126.669
vt 100.745 15.295
vn 0.515286 -0.819061 0.252229
vt 100.745 15.0412
vn 0.325413 -0.908843 0.260979
vt 104.281 15.0705
vt 104.281 15.295
f 1571/4080/1042 1550/4081/1043 1549/4082/1041 1570/4083/1040 

v 73.2651 37.9564 -125.35
vt 51.5138 -46.088
vn 0.489683 -0.611485 0.621527
vt 51.4433 -46.1382
vn 0.257802 -0.720013 0.644298
vt 52.2249 -47.5269
vt 52.4318 -47.3799
f 1572/4084/1044 1551/4085/1045 1550/4086/1043 1571/4087/1042 

vt 29.0659 -26.05
vt 28.7861 -25.4516
vn 0.465595 -0.490522 0.736621
vt 28.8869 -25.7272
vn 0.216817 -0.605546 0.765705
vt 28.9875 -26.0867
f 1572/4088/1044 1541/4089/1046 1540/4090/1047 1551/4091/1045 

v 73.2387 38.931 -124.816
vt 72.717 15.5663
vn 0.833923 0.0781146 0.546324
vt 72.3986 15.4631
vn 0.656061 -0.0684105 0.751601
vt 72.7105 14.9982
vt 73.1352 14.4921
v 73.5291 38.1199 -125.54
vt 73.4672 14.6723
vn 0.879711 -0.220713 0.421182
f 1573/4092/1048 1542/4093/1049 1541/4094/1046 1572/4095/1044 1574/4096/1050 

vt 59.8441 56.8057
vt 59.647 56.773
vt 59.7576 55.8809
vt 60.0773 55.9801
f 1562/4097/1024 1543/4098/1023 1542/4099/1049 1573/4100/1048 

vt 99.573 36.6456
vt 98.8224 38.397
vt 98.8224 37.5392
f 1574/4101/1050 1562/4102/1024 1573/4103/1048

v 73.3997 38.4812 -125.44
vt 99.4691 37.0437
vn 0.500345 0.642401 -0.580496
f 1562/4102/1024 1574/4101/1050 1575/4104/1051

v 73.5507 38.0597 -126.042
vt 100.094 36.5792
vn 0.460716 0.837788 -0.293007
f 1575/4104/1051 1574/4101/1050 1576/4105/1052

v 73.7731 37.4386 -126.78
vt 100.86 35.8949
vn 0.898785 -0.4002 0.178958
f 1576/4105/1052 1574/4101/1050 1577/4106/1053

vt 85.3309 0.837642
vt 85.5691 1.10032
vt 84.3561 1.96518
vt 84.0404 1.7577
f 1571/4107/1042 1577/4108/1053 1574/4109/1050 1572/4110/1044 

vt 104.281 26.6563
v 73.7731 37.4386 -129.985
vt 104.184 26.9917
vn 0.892122 -0.433906 -0.125876
vt 100.86 26.9917
vt 100.745 26.6563
f 1570/4111/1040 1578/4112/1054 1577/4113/1053 1571/4114/1042 

vt 95.168 60.9337
vt 94.8588 61.1667
vt 93.1125 60.3095
vt 93.3102 60.0218
f 1568/4115/1035 1569/4116/1038 1578/4117/1054 1570/4118/1040 

v 73.5627 38.0259 -131.21
vt 105.455 36.5421
vn 0.460862 0.789199 0.405919
vt 104.184 35.8949
vt 106.007 36.5741
f 1579/4119/1055 1578/4120/1054 1569/4121/1038

v 73.6775 37.7056 -129.746
vt 103.936 36.1891
vn 0.455228 0.884852 0.0990156
f 1580/4122/1056 1578/4120/1054 1579/4119/1055

v 73.6775 37.7056 -127.076
vt 101.167 36.1891
vn 0.552104 0.827279 -0.103876
f 1581/4123/1057 1578/4120/1054 1580/4122/1056

f 1581/4123/1057 1577/4106/1053 1578/4120/1054

f 1576/4105/1052 1577/4106/1053 1581/4123/1057

vt 70.7717 -50.5693
v 73.3215 37.7991 -127.135
vt 71.0727 -50.3268
vn 0.0146148 0.983767 -0.178857
vt 70.0949 -49.6508
f 1581/4124/1057 1582/4125/1058 1576/4126/1052

vt 101.227 7.95823
vt 101.167 7.57644
vt 103.936 7.57644
v 73.3215 37.7991 -129.697
vt 103.885 7.95823
vn -0.0372588 0.994701 0.0958254
f 1582/4127/1058 1581/4128/1057 1580/4129/1056 1583/4130/1059 

vt 90.0725 61.6375
vt 90.3069 61.3319
v 73.2246 38.0695 -131.102
vt 91.2688 62.5215
vn 0.108992 0.947266 0.301343
f 1583/4131/1059 1580/4132/1056 1584/4133/1060

vt 74.493 82.6316
vt 74.1615 82.7984
vt 73.531 81.4045
f 1579/4134/1055 1584/4135/1060 1580/4136/1056

vt 48.4545 97.0161
v 73.167 38.357 -131.449
vt 48.1943 97.5449
vn 0.2497 0.744295 0.619415
v 73.2004 38.2041 -131.266
vt 48.142 97.3007
vn 0.285142 0.760619 0.583227
v 73.2116 38.1058 -131.143
vt 48.0965 97.1436
vt 48.09 97.0856
f 1579/4137/1055 1585/4138/1061 1586/4139/1062 1587/4140/1062 1584/4141/1060 

v 73.4178 38.4306 -131.612
vt 34.9875 100.121
vn 0.607571 0.478347 0.634067
v 73.1544 38.4143 -131.508
vt 34.6943 100.096
vn 0.303318 0.453348 0.838137
vt 34.6875 100.01
vt 35.001 99.5106
f 1588/4142/1063 1589/4143/1064 1585/4144/1061 1579/4145/1055 

v 73.279 38.8185 -131.612
vt 40.1407 52.7077
vn 0.72016 -0.319461 0.615885
v 73.075 38.7629 -131.526
vt 39.911 52.6496
vn 0.446944 -0.374937 0.812197
vt 39.9812 52.285
vt 40.275 52.3021
f 1590/4146/1065 1591/4147/1066 1589/4148/1064 1588/4149/1063 

vt 70.9356 -35.3915
v 73.0247 38.9573 -131.166
vt 70.4333 -35.1635
vn 0.469937 -0.73068 0.495244
v 73.0428 38.8954 -131.282
vt 70.5265 -35.2651
vn 0.413735 -0.775362 0.477114
vt 70.717 -35.4827
f 1590/4150/1065 1592/4151/1067 1593/4152/1068 1591/4153/1066 

v 73.1522 39.1726 -131.009
vt 76.7062 -19.2843
vn 0.755207 -0.597229 0.270146
v 72.9857 39.0904 -130.948
vt 76.5403 -19.4008
vn 0.514939 -0.780589 0.354286
vt 76.7304 -19.5896
vt 77.2457 -19.7865
f 1594/4154/1069 1595/4155/1070 1592/4156/1067 1590/4157/1065 

vt 99.071 -8.96674
v 72.952 39.2097 -130.312
vt 98.3215 -8.89313
vn 0.529011 -0.825684 0.195941
vt 98.9505 -9.12973
f 1594/4158/1069 1596/4159/1071 1595/4160/1070

v 73.0677 39.4087 -129.861
vt 98.4769 -1.99779
vn 0.843677 -0.530205 0.0842118
v 72.9226 39.313 -129.831
vt 98.3964 -2.16209
vn 0.562388 -0.820385 0.103382
vt 98.8765 -2.33943
vt 99.6268 -2.40313
f 1597/4161/1072 1598/4162/1073 1596/4163/1071 1594/4164/1069 

v 73.0677 39.4087 -127.334
vt 101.435 24.1829
vn 0.761013 -0.642742 -0.087986
v 72.9166 39.309 -127.362
vt 101.464 23.9952
vn 0.558051 -0.826937 -0.0689424
v 72.9254 39.3148 -128.608
vt 102.756 24.0061
vn 0.550523 -0.83482 1.02422e-16
vt 104.024 24.0026
vt 104.055 24.1829
f 1599/4165/1074 1600/4166/1075 1601/4167/1076 1598/4168/1073 1597/4169/1072 

vt 98.0924 44.9158
v 72.936 39.1975 -126.622
vt 97.4067 44.5377
vn 0.533986 -0.832432 -0.148041
vt 98.1577 44.7374
f 1599/4170/1074 1602/4171/1077 1600/4172/1075

v 73.1341 39.2232 -126.129
vt 95.006 48.6622
vn 0.729341 -0.611677 -0.306451
v 72.9489 39.1255 -126.195
vt 95.1289 48.4706
vn 0.524711 -0.802917 -0.282847
vt 95.5556 48.6118
vt 96.22 49.0261
f 1603/4173/1078 1604/4174/1079 1602/4175/1077 1599/4176/1074 

vt 78.9422 73.2255
v 72.9998 38.8841 -125.681
vt 78.6549 72.7004
vn 0.487553 -0.759959 -0.42983
vt 79.1124 73.0743
f 1603/4177/1078 1605/4178/1080 1604/4179/1079

v 73.2548 38.8859 -125.44
vt 67.4184 82.3286
vn 0.775304 -0.138162 -0.616292
v 73.0154 38.8112 -125.543
vt 67.6715 82.206
vn 0.462651 -0.375976 -0.802868
vt 67.7828 82.3256
vt 68.0038 82.8819
f 1606/4180/1081 1607/4181/1082 1605/4182/1080 1603/4183/1078 

vt 33.8268 27.8194
v 73.0968 38.4546 -125.56
vt 34.1651 27.7916
vn 0.268066 0.547957 -0.792391
vt 34.2372 28.1645
vt 33.967 28.2427
f 1575/4184/1051 1608/4185/1083 1607/4186/1082 1606/4187/1081 

v 73.2144 38.098 -126.143
vt 22.2045 -63.3017
vn -0.0094524 0.896496 -0.44295
v 73.1179 38.3677 -125.704
vt 22.192 -62.7585
vn -0.0807651 0.840973 -0.535015
vt 22.1772 -62.5834
vt 21.8421 -62.5298
f 1609/4188/1084 1610/4189/1085 1608/4190/1083 1575/4191/1051 

vt -47.7394 -44.9963
v 73.1738 38.0834 -126.143
vt -47.7019 -45.0209
vn -0.304377 0.850091 -0.429767
v 73.1573 38.2041 -125.96
vt -47.5998 -44.8174
vn -0.282213 0.788189 -0.546913
vt -47.4417 -44.5417
f 1609/4192/1084 1611/4193/1086 1612/4194/1087 1610/4195/1085 

vt -74.87 -43.6602
v 73.2216 37.7633 -127.135
vt -74.7987 -43.7439
vn -0.333059 0.930199 -0.15428
vt -74.0185 -42.994
vt -74.0475 -42.9599
f 1582/4196/1058 1613/4197/1088 1611/4198/1086 1609/4199/1084 

vt -103.885 15.295
v 73.2416 37.7705 -129.697
vt -103.885 15.207
vn -0.335383 0.936689 0.100658
vt -101.227 15.1851
vt -101.227 15.295
f 1583/4200/1059 1614/4201/1089 1613/4202/1088 1582/4203/1058 

vt -89.021 67.3238
v 73.2162 38.0665 -131.102
vt -89.0255 67.3157
vn -0.330264 0.922392 0.200294
vt -87.7657 66.5208
vt -87.7228 66.5976
f 1584/4204/1060 1615/4205/1090 1614/4206/1089 1583/4207/1059 

usemtl Durango
vt 105.525 39.4042
vt 100.022 39.4042
vt 100.211 39.2781
vt 101.24 38.9435
vt 103.898 38.951
vt 105.355 39.2604
vt 105.398 39.3014
f 1586/4208/1013 1612/4209/1013 1611/4210/1017 1613/4211/1017 1614/4212/1017 1615/4213/1017 1587/4214/1017 

vt 100.022 38.5974
vt 105.525 38.5974
vt 105.715 38.76
vt 105.776 38.821
vt 105.794 39.1919
vt 105.541 39.3328
vt 102.766 39.7791
vt 101.474 39.7729
vt 100.706 39.6542
vt 100.263 39.5776
vt 99.7312 39.3208
vt 99.5874 39.2432
vt 99.6066 38.8639
vt 99.756 38.7714
f 1612/4215/1013 1586/4216/1013 1585/4217/1014 1589/4218/1014 1591/4219/1014 1593/4220/1015 1601/4221/1015 1600/4222/1014 1602/4223/1014 1604/4224/1014 1605/4225/1014 1607/4226/1014 1608/4227/1014 1610/4228/1014 

vt 102.75 38.7283
vt 105.524 38.2744
vt 105.404 38.3414
vt 105.178 38.4855
vt 104.518 38.6145
vt 104.019 38.7263
f 1601/4229/1015 1593/4230/1015 1592/4231/1019 1595/4232/1019 1596/4233/1019 1598/4234/1019 

usemtl _DimGray_
vt 56.0955 -65.6811
vt 55.7504 -65.8036
vt 56.5976 -66.6374
f 1609/4235/1084 1576/4236/1052 1582/4237/1058

vt 41.259 -52.3968
vt 41.6184 -52.327
vt 41.129 -51.6287
f 1576/4238/1052 1609/4239/1084 1575/4240/1051

vt 99.4691 37.4895
f 1606/4241/1081 1562/4102/1024 1575/4104/1051

vt 99.6803 39.1119
f 1562/4102/1024 1606/4241/1081 1561/4242/1020

vt 100.184 37.8611
f 1561/4242/1020 1606/4241/1081 1603/4243/1078

vt 101.182 39.5051
f 1561/4242/1020 1603/4243/1078 1563/4244/1025

vt 101.435 38.0655
f 1563/4244/1025 1603/4243/1078 1599/4245/1074

vt 104.327 39.5051
f 1563/4244/1025 1599/4245/1074 1564/4246/1027

vt 104.055 38.0655
f 1564/4246/1027 1599/4245/1074 1597/4247/1072

vt 105.246 37.8054
f 1564/4246/1027 1597/4247/1072 1594/4248/1069

vt 105.757 39.0047
f 1564/4246/1027 1594/4248/1069 1565/4249/1029

vt 105.872 37.4152
f 1565/4249/1029 1594/4248/1069 1590/4250/1065

vt 106.507 38.2541
f 1565/4249/1029 1590/4250/1065 1566/4251/1031

f 1566/4251/1031 1590/4250/1065 1569/4121/1038

vt 105.872 36.9879
f 1588/4252/1063 1569/4121/1038 1590/4250/1065

f 1579/4119/1055 1569/4121/1038 1588/4252/1063

vt 106.507 37.4319
f 1566/4251/1031 1569/4121/1038 1567/4253/1033

usemtl Durango
v 73.3003 38.267 -141.983
vt 116.646 38.0936
vn 0.976411 0.215915 -0.00128135
vt 110.104 41.0603
vn 0.951311 0.308228 0.00154138
vt 110.119 38.0256
vn 0.978687 0.205008 0.0119842
f 1616/4254/1091 1560/4255/1092 1545/4256/1093

vt 116.601 36.579
v 72.1362 41.3194 -151.241
vt 126.216 39.9344
vn 0.945908 0.323841 -0.0195988
vt 110.081 39.5924
f 1616/4257/1091 1617/4258/1094 1560/4259/1092

v 72.9289 38.4302 -158.317
vt 133.513 36.8275
vn 0.973266 0.227363 -0.0325374
vt 126.19 39.976
vt 116.565 36.6496
f 1618/4260/1095 1617/4261/1094 1616/4262/1091

vt 133.445 35.7592
v 71.5668 41.4016 -167.808
vt 143.33 39.0289
vn 0.916606 0.386732 -0.101355
vt 126.135 38.9384
f 1618/4263/1095 1619/4264/1096 1617/4265/1094

vt 133.441 35.7649
v 72.5711 38.5242 -168.107
vt 143.602 35.8683
vn 0.97365 0.173241 -0.148302
vt 143.327 39.0327
f 1618/4266/1095 1620/4267/1097 1619/4268/1096

v 73.8232 31.8255 -158.983
vt 134.086 31.9039
vn 0.991716 0.108854 -0.068192
vt 143.589 38.9189
vt 133.428 38.8204
f 1621/4269/1098 1620/4270/1097 1618/4271/1095

vt 142.85 39.373
vt 133.304 32.4167
v 72.8155 31.6227 -168.98
vt 143.726 32.2061
vn 0.979488 0.0549727 -0.19386
f 1620/4272/1097 1621/4273/1098 1622/4274/1099

v 74.5351 30.1148 -157.448
vt 131.551 24.669
vn 0.970407 0.205498 -0.126812
vt 143.635 26.3103
vn 0.973484 0.168243 -0.154996
vt 133.214 26.531
vn 0.949772 0.290234 -0.117038
f 1623/4275/1100 1622/4276/1101 1621/4277/1102

vt 142.905 32.3082
vt 130.811 30.7433
v 74.367 27.8763 -159.096
vt 132.528 28.4203
vn 0.992971 0.0193169 -0.116767
f 1622/4278/1101 1623/4279/1100 1624/4280/1103

usemtl _DimGray_
v 58.9645 30.1148 -157.448
vt -12.7639 -53.3202
vn 0.458455 -0.686794 0.564033
v 58.9645 27.8763 -159.096
vt -12.7639 -56.2034
vn 0.449426 -0.446637 0.773648
vt 3.21245 -56.2034
vn -3.69776e-18 -0.499975 0.86604
vt 3.38682 -53.3202
vn -2.58216e-18 -0.772792 0.634659
f 1625/4281/1104 1626/4282/1105 1624/4283/1106 1623/4284/1107 

v 58.9645 15.0974 -129.568
vt 103.751 15.8825
vn 0.707107 0 -0.707107
v 58.9645 15.6786 -162.373
vt 137.779 16.4854
vn 0.707107 -0.534414 0.463036
v 58.9645 16.1903 -161.783
vt 137.166 17.0162
vn 0.482207 -0.361567 0.797963
v 58.9645 18.6493 -161.797
vt 137.181 19.5668
vn 0.44852 -0.0709107 0.890955
v 58.9645 22.066 -161.229
vt 136.592 23.1107
vn 0.448271 -0.213884 0.867933
v 58.9645 25.858 -159.979
vt 135.295 27.044
vn 0.44761 -0.319596 0.835167
vt 134.379 29.1375
vt 132.67 31.4594
v 58.9645 31.535 -154.423
vt 129.532 32.9326
vn 0.452317 -0.859386 0.238464
v 58.9645 32.0276 -149.629
vt 124.56 33.4435
vn 0.447683 -0.893021 0.0457627
v 58.9645 32.0276 -142.403
vt 117.064 33.4435
vn 0.447689 -0.893004 -0.0460385
v 58.9645 31.535 -137.638
vt 112.122 32.9326
vn 0.45018 -0.869114 -0.204885
v 58.9645 30.4154 -134.664
vt 109.037 31.7713
vn 0.450465 -0.785846 -0.423706
v 58.9645 28.7687 -132.4
vt 106.689 30.0632
vn 0.454722 -0.599277 -0.658859
v 58.9645 26.1761 -130.866
vt 105.098 27.374
vn 0.451415 -0.332273 -0.828142
v 58.9645 22.2811 -129.959
vt 104.157 23.3338
vn 0.448112 -0.140647 -0.882844
v 58.9645 17.8029 -129.568
vt 103.751 18.6888
vn 0.447554 -0.0389642 -0.893408
f 1627/4285/1108 1628/4286/1109 1629/4287/1110 1630/4288/1111 1631/4289/1112 1632/4290/1113 1626/4291/1105 1625/4292/1104 1633/4293/1114 1634/4294/1115 1635/4295/1116 1636/4296/1117 1637/4297/1118 1638/4298/1119 1639/4299/1120 1640/4300/1121 1641/4301/1122 

v 38.9006 15.0974 -129.568
vt 33.5755 104.016
vn 0 -0.999843 -0.0177127
v 38.9006 15.6786 -162.373
vt 33.5755 138.049
vt 12.7639 138.049
vt 12.7639 104.016
f 1642/4302/1123 1643/4303/1123 1628/4304/1123 1627/4305/1123 

v 18.8366 15.0974 -129.568
vt 54.387 104.016
v 18.8366 15.6786 -162.373
vt 54.387 138.049
f 1643/4303/1123 1642/4302/1123 1644/4306/1123 1645/4307/1123 

vt -137.779 16.4854
vn -0.707107 -0.534414 0.463036
vt -103.751 15.8825
vn -0.707107 0 -0.707107
v 18.8366 17.8029 -129.568
vt -103.751 18.6888
vn -0.447554 -0.0389642 -0.893408
v 18.8366 22.2811 -129.959
vt -104.157 23.3338
vn -0.448112 -0.140647 -0.882844
v 18.8366 26.1761 -130.866
vt -105.098 27.374
vn -0.451415 -0.332273 -0.828142
v 18.8366 28.7687 -132.4
vt -106.689 30.0632
vn -0.454722 -0.599277 -0.658859
v 18.8366 30.4154 -134.664
vt -109.037 31.7713
vn -0.450465 -0.785846 -0.423706
v 18.8366 31.535 -137.638
vt -112.122 32.9326
vn -0.45018 -0.869114 -0.204885
v 18.8366 32.0276 -142.403
vt -117.064 33.4435
vn -0.447689 -0.893004 -0.0460385
v 18.8366 32.0276 -149.629
vt -124.56 33.4435
vn -0.447683 -0.893021 0.0457627
v 18.8366 31.535 -154.423
vt -129.532 32.9326
vn -0.452317 -0.859386 0.238464
v 18.8366 30.1148 -157.448
vt -132.67 31.4594
vn -0.458455 -0.686794 0.564033
v 18.8366 27.8763 -159.096
vt -134.379 29.1375
vn -0.449426 -0.446637 0.773648
v 18.8366 25.858 -159.979
vt -135.295 27.044
vn -0.44761 -0.319596 0.835167
v 18.8366 22.066 -161.229
vt -136.592 23.1107
vn -0.448271 -0.213884 0.867933
v 18.8366 18.6493 -161.797
vt -137.181 19.5668
vn -0.44852 -0.0709107 0.890955
v 18.8366 16.1903 -161.783
vt -137.166 17.0162
vn -0.482207 -0.361567 0.797963
f 1645/4308/1124 1644/4309/1125 1646/4310/1126 1647/4311/1127 1648/4312/1128 1649/4313/1129 1650/4314/1130 1651/4315/1131 1652/4316/1132 1653/4317/1133 1654/4318/1134 1655/4319/1135 1656/4320/1136 1657/4321/1137 1658/4322/1138 1659/4323/1139 1660/4324/1140 

v 4.71548 17.8029 -129.568
vt 69.0342 18.6888
vn 1.81192e-19 -0.0435716 -0.99905
vt 54.387 18.6888
vt 54.387 15.8825
v 4.68379 14.7179 -129.568
vt 69.0671 15.4888
vn 0 0 -1
f 1661/4325/1141 1646/4326/1126 1644/4327/1125 1662/4328/1142 

vt 54.387 32.3132
vt 54.387 27.6505
vt 69.0342 27.6505
v 3.94651 22.2811 -129.959
vt 69.8318 32.3132
vn 7.14175e-19 -0.157327 -0.987547
f 1647/4329/1127 1646/4330/1126 1661/4331/1141 1663/4332/1143 

usemtl Durango
vt -125.189 23.9591
vn -0.887992 -0.100111 0.448829
vt -124.434 19.2892
vn -0.862575 -0.0131666 0.505759
v 6.0012 17.8665 -127.373
vt -121.796 19.3555
vn -0.868585 -0.0543529 0.49255
f 1663/4333/1144 1661/4334/1145 1664/4335/1146

vt -121.764 18.135
vt -124.402 18.0689
v 6.41883 16.8801 -126.507
vt -120.769 17.1089
vn -0.861237 0.0767818 0.50237
f 1664/4336/1146 1661/4337/1145 1665/4338/1147

usemtl _DimGray_
vt -107.007 65.8758
vn -0.178474 0.910218 0.373697
v 4.48307 16.5006 -126.507
vt -105.856 62.6138
vn -0.250123 0.959954 0.126205
vt -104.045 63.5645
vn -0.188948 0.963634 0.188964
f 1661/4339/1148 1666/4340/1149 1665/4341/1150

usemtl Durango
vt -98.5575 14.7064
vn -0.997631 -0.0645926 -0.0236725
vt -95.3755 16.5556
vn -0.998048 -0.0513642 -0.0355277
vt -98.5598 17.9065
vn -0.997398 0.0102452 -0.0713636
f 1662/4342/1151 1666/4343/1152 1661/4344/1153

vt -100.61 25.0301
vt -103.785 23.1691
v 4.52103 16.5006 -49.3441
vt -20.5725 25.0301
vn -0.997506 -0.0679829 0.0189851
f 1666/4345/1152 1662/4346/1151 1667/4347/1154

vt -20.5384 23.5611
vt -103.751 21.7043
v 4.68379 14.7179 -46.4618
vt -17.5487 21.7043
vn -0.998564 -0.0455258 0.0282297
f 1667/4348/1154 1662/4349/1151 1668/4350/1155

vt -24.4092 17.3379
vt -21.4147 15.4888
v 4.68379 17.6784 -46.4618
vt -21.4147 18.5597
vn -0.998409 -2.95889e-18 0.0563786
f 1667/4351/1154 1668/4352/1155 1669/4353/1156

usemtl _DimGray_
v 18.7508 17.6784 -46.4618
vt -54.476 18.5597
vn -0.448602 -0.0785508 0.890273
vt -69.0671 18.5597
vn -8.33263e-20 -0.0878908 0.99613
vt -69.0671 15.4888
vt -54.476 15.4888
vn -0.707107 -1.68458e-31 0.707107
f 1670/4354/1157 1669/4355/1158 1668/4356/438 1153/4357/1159 

vt -54.476 15.2002
v 18.7508 22.3633 -45.6286
vt -54.476 20.1358
vn -0.448299 -0.224472 0.86524
v 4.02703 22.3633 -45.6286
vt -69.7483 20.1358
vn -3.7943e-18 -0.25112 0.967956
vt -69.0671 15.2002
f 1670/4358/1157 1671/4359/1160 1672/4360/1161 1669/4361/1158 

v 18.7508 28.917 -17.6709
vt 12.3149 30.217
vn -0.450349 -0.634046 -0.628627
v 18.7508 30.3728 -19.5897
vt 10.3246 31.727
vn -0.450502 -0.777512 -0.438775
v 18.7508 31.4624 -22.3295
vt 7.48269 32.8573
vn -0.449876 -0.863811 -0.226808
v 18.7508 31.8709 -25.3367
vt 4.36339 33.281
vn -0.44803 -0.891983 -0.060304
v 18.7508 31.8709 -36.6026
vt -7.32217 33.281
vn -0.45106 -0.882969 0.130038
v 18.7508 30.9857 -39.5426
vt -10.3718 32.3628
vn -0.450163 -0.815136 0.364563
v 18.7508 29.5557 -41.8821
vt -12.7984 30.8795
vn -0.450994 -0.686292 0.570621
v 18.7508 27.2662 -43.9401
vt -14.9331 28.5047
vn -0.454466 -0.4518 0.767684
vt -16.6845 23.4191
vt -17.5487 18.5597
vt -17.5487 15.4888
vt 16.5721 15.2606
vn -0.49405 -0.461395 -0.736906
v 18.7508 18.0431 -14.9467
vt 15.1406 18.9379
vn -0.448598 -0.249875 -0.858092
v 18.7508 22.6906 -15.867
vt 14.186 23.7586
vn -0.447264 -0.159048 -0.880147
v 18.7508 25.7869 -16.3732
vt 13.6609 26.9702
vn -0.447345 -0.168166 -0.878409
v 18.7508 27.8132 -16.8184
vt 13.1992 29.072
vn -0.45604 -0.376593 -0.806354
f 1673/4362/1162 1674/4363/1163 1675/4364/1164 1676/4365/1165 1677/4366/1166 1678/4367/1167 1679/4368/1168 1680/4369/1169 1671/4370/1160 1670/4371/1157 1153/4372/1159 1155/4373/1170 1681/4374/1171 1682/4375/1172 1683/4376/1173 1684/4377/1174 

vt 54.476 10.9509
vt 54.476 8.45259
v 4.47698 28.917 -17.6709
vt 69.2816 8.45259
vn -4.77161e-17 -0.710135 -0.704066
v 4.47698 30.3728 -19.5897
vt 69.2816 10.9509
vn 1.47704e-18 -0.870893 -0.491473
f 1674/4378/1163 1673/4379/1162 1685/4380/1175 1686/4381/1176 

vt 54.476 16.3883
vt 54.476 14.9416
v 4.47698 27.8132 -16.8184
vt 69.2816 14.9416
vn -1.69483e-16 -0.423157 -0.906056
vt 69.2816 16.3883
f 1673/4382/1162 1684/4383/1174 1687/4384/1177 1685/4385/1175 

vt 54.476 25.5629
vt 54.476 23.411
v 4.79378 25.7869 -16.3732
vt 68.953 23.411
vn -2.41355e-16 -0.188029 -0.982164
vt 69.2816 25.5629
f 1684/4386/1174 1683/4387/1173 1688/4388/1178 1687/4389/1177 

vt 54.476 24.4126
vt 54.476 21.1583
v 5.31828 22.6906 -15.867
vt 68.409 21.1583
vn -2.53942e-16 -0.177826 -0.984062
vt 68.953 24.4126
f 1683/4390/1173 1682/4391/1172 1689/4392/1179 1688/4393/1178 

vt 54.476 20.5505
vt 54.476 15.6362
v 6.38947 18.0431 -14.9467
vt 67.2979 15.6362
vn -0.038652 -0.422886 -0.905358
vt 68.409 20.5505
f 1682/4394/1172 1681/4395/1171 1690/4396/1180 1689/4397/1179 

vt 54.476 12.1554
vt 54.476 8.20923
vt 67.2979 12.1554
f 1681/4398/1171 1155/4399/1170 1690/4400/1180

v 7.36401 16.3956 -13.5666
vt 68.0425 8.47514
vn -0.112737 -0.676421 -0.727836
vt 68.8223 10.7953
vt 56.3707 5.80242
f 1691/4401/1181 1690/4402/1180 1155/4403/1170

usemtl Durango
vt -3.40868 37.3454
vn -0.933453 -0.247334 0.25979
v 8.06944 17.7415 -9.75059
vt 0.591293 38.8123
vn -0.937595 -0.214406 0.273763
vt -5.07221 39.141
vn -0.934259 -0.213437 0.285665
f 1691/4404/1182 1692/4405/1183 1690/4406/1184

vt 3.76088 31.0987
vt -0.255613 29.6777
v 8.51311 16.038 -9.31823
vt 4.30884 29.3001
vn -0.920243 -0.213896 0.327721
f 1692/4407/1183 1691/4408/1182 1693/4409/1185

usemtl _DimGray_
vt 31.2731 62.7863
vn -0.164277 -0.985661 -0.0385371
vt 28.5757 51.1202
vn -0.0839742 -0.984414 0.154524
vt 35.2911 60.588
vn -0.0785485 -0.99482 0.0645286
f 1691/4410/1186 1155/4411/1187 1693/4412/1188

vn -7.11248e-18 -0.997958 0.0638668
vt -65.0951 25.4684
vt -54.476 20.7811
f 1154/2508/1189 1693/4413/1188 1155/4414/1187

vt 66.7888 16.8029
vt 37.3503 4.60317
v 9.6969 15.6964 -7.01465
vt 66.9338 14.097
vn -0.055261 -0.996417 -0.0640335
f 1693/4415/1188 1154/4416/1189 1694/4417/1190

vt 42.4294 53.8625
vt 26.3711 27.2645
vn -7.0124e-18 -0.997958 0.0638668
v 13.4381 15.5088 -5.55994
vt 42.6287 49.6991
vn -0.0362384 -0.999283 0.0109304
f 1694/4418/1190 1154/4419/1191 1695/4420/1192

vt -32.4711 56.9333
vt -16.5635 34.2492
v 20.5266 15.3592 -4.19829
vt -25.7766 53.5772
vn -0.0220346 -0.998575 0.0485998
f 1695/4421/1192 1154/4422/1191 1696/4423/1193

vt -44.1997 39.7657
vt -28.2457 25.4857
v 29.6277 15.2695 -3.28093
vt -34.8287 38.278
vn -0.0111715 -0.997837 0.0647876
f 1696/4424/1193 1154/4425/1191 1697/4426/1194

vt -40.495 32.1507
vt -31.9025 20.6118
v 38.9006 15.2315 -2.96956
vt -30.8879 31.5831
vn 4.3369e-19 -0.997612 0.06907
f 1697/4427/1194 1154/4428/1191 1698/4429/1195

vt -34.9618 14.4285
v 48.1734 15.2695 -3.28093
vt -26.3692 25.9674
vn 0.0111715 -0.997837 0.0647876
vt -35.9764 25.3998
f 1154/4430/1191 1699/4431/1196 1698/4432/1195

vt -36.6895 8.41174
v 57.2745 15.3592 -4.19829
vt -20.7355 22.6918
vn 0.0220346 -0.998575 0.0485998
vt -30.1065 21.204
f 1154/4433/1191 1700/4434/1197 1699/4435/1196

vt -36.7289 -6.56253
vn -8.18113e-18 -0.997958 0.0638668
v 64.363 15.5088 -5.55994
vt -20.8213 16.1216
vn 0.0362384 -0.999283 0.0109304
vt -27.5158 12.7654
f 1154/4436/1198 1701/4437/1199 1700/4438/1197

vt -5.05963 -36.3453
v 68.1042 15.6964 -7.01465
vt -21.1179 -9.74731
vn 0.055261 -0.996417 -0.0640335
vt -21.3173 -13.9107
f 1154/4439/1198 1702/4440/1200 1701/4441/1199

vt 20.6312 -28.9783
vt -8.80726 -16.7786
vt -8.95233 -19.4844
f 1154/4442/1198 1156/4443/523 1702/4444/1200

usemtl Durango
vt -19.8988 18.1601
v 68.6699 17.4614 -6.93841
vt -22.408 19.7053
vn 0.754169 -0.230785 0.614791
vt -22.583 17.7892
vn 0.59026 -0.303901 0.747822
f 1156/4445/527 1703/4446/1201 1702/4447/1202

vt -22.9712 18.9578
vt -20.4317 17.4629
vt -19.8536 19.252
f 1703/4448/1201 1156/4449/527 1158/4450/526

vt -19.9056 19.3537
v 70.4941 22.7853 -7.91646
vt -21.4402 24.763
vn 0.887692 -0.124578 0.443265
vt -23.0226 19.0532
f 1158/4451/526 1704/4452/1203 1703/4453/1201

vt -22.2297 23.9842
vt -20.4941 18.6359
v 71.033 22.7379 -11.0187
vt -18.9636 23.934
vn 0.962126 -0.124615 0.242454
f 1704/4454/1203 1158/4455/526 1705/4456/1204

vt -14.4062 19.4549
vt -18.412 24.3969
vt -20.0704 19.1375
f 1159/4457/528 1705/4458/1204 1158/4459/526

vt -18.4717 24.3509
vt -14.4569 19.4163
vt -13.2228 24.3011
vn 0.948511 -0.100721 0.300303
f 1705/4460/1204 1159/4461/528 1160/4462/1205

vt -13.2291 23.9281
v 71.2193 25.7723 -11.2719
vt -18.1711 27.1266
vn 0.966219 0.00529419 0.257667
vt -18.4781 23.9773
f 1160/4463/1205 1706/4464/1206 1705/4465/1204

vt -17.9047 27.4595
vt -12.9731 24.2451
vt -12.2977 27.4747
vn 0.937298 -0.0235249 0.347734
f 1706/4466/1206 1160/4467/1205 1161/4468/1207

vt -12.2943 26.2523
vt -18.38 28.3637
vt -17.9013 26.2371
f 1161/4469/1207 1179/4470/565 1706/4471/1206

vt -18.0276 29.4431
vt -11.9399 27.3374
vt -11.3877 29.4431
f 1179/4472/565 1161/4473/1207 1162/4474/563

vt -18.9835 28.4012
v 70.4941 25.7577 -7.91646
vt -22.0944 26.253
vn 0.844788 0.186343 0.501606
vt -18.5336 26.2683
f 1179/4475/565 1707/4476/1208 1706/4477/1206

vt -20.3729 20.5809
vt -19.7675 18.1261
vt -16.8924 20.5809
f 1183/4478/580 1707/4479/1208 1179/4480/565

vt -17.7146 20.0075
vt -20.5742 17.6317
vt -16.8497 17.6317
f 1183/4481/580 1185/4482/582 1707/4483/1208

vt -20.5742 26.94
v 68.0266 22.7853 -5.30793
vt -20.5742 23.8568
vn 0.59155 -0.0325557 0.805611
vt -16.8497 26.94
f 1185/4484/582 1708/4485/1209 1707/4486/1208

vt -13.6132 23.8568
vt -13.6132 26.94
v 64.0228 22.7853 -3.45453
vt -18.1896 23.8568
vn 0.423247 -0.0286699 0.905561
f 1708/4487/1209 1185/4488/582 1709/4489/1210

vt -19.3339 29.3714
vt -20.0497 26.2605
vt -15.4921 29.3714
f 1186/4490/583 1709/4491/1210 1185/4492/582

vt -15.752 28.9742
v 60.1553 22.7755 -2.00788
vt -20.8094 25.8672
vn 0.266784 -0.0913864 0.959414
vt -16.5263 25.8774
f 1186/4493/583 1710/4494/1211 1709/4495/1210

vt -18.7028 22.5415
vt -13.6397 25.639
vt -23.2731 25.639
f 1710/4496/1211 1186/4497/583 1189/4498/586

vt -17.7028 24.033
vt -22.2758 27.1263
v 57.7261 22.7853 -1.44248
vt -20.2898 24.043
vn 0.180371 -0.130755 0.974869
f 1710/4499/1211 1189/4500/586 1711/4501/1212

vt -17.5377 25.82
vt -19.5104 28.9119
v 46.1251 22.7853 -1.42109e-14
vt -29.6636 25.82
vn 0.0599949 -0.261523 0.963331
f 1711/4502/1212 1189/4503/586 1712/4504/1213

vt -29.038 26.94
vt -29.038 23.8568
vt -18.8821 26.94
f 1191/4505/588 1712/4506/1213 1189/4507/586

vt -26.0817 23.8568
vt -26.0817 26.94
v 38.9006 22.7853 -1.42109e-14
vt -33.5755 23.8568
vn 0 -0.141456 0.989945
f 1712/4508/1213 1191/4509/588 1713/4510/1214

vt -33.5755 26.94
f 1192/4511/589 1713/4510/1214 1191/4509/588

v 31.676 25.7577 -1.42109e-14
vt -41.0692 26.94
vn -0.0352614 0.396775 0.917238
f 1713/4510/1214 1192/4511/589 1714/4512/1215

v 29.8835 26.6976 -1.71682
vt -42.9284 -11.9122
vn -0.0128253 0.880224 0.474384
vt -41.0692 -13.9424
f 1715/4513/1216 1714/4514/1215 1192/2720/589

vt -39.8001 -13.5121
v 21.9348 25.7577 -0.987007
vt -47.9267 -15.3723
vn -0.159004 0.351358 0.92264
vt -37.7709 -15.3723
f 1715/4515/1216 1716/4516/1217 1714/4517/1215

vt -49.6839 -7.10304
vt -41.4851 -5.59226
v 19.9574 27.1119 -2.68744
vt -51.8177 -4.92646
vn -0.0609961 0.783134 0.618854
f 1716/4518/1217 1715/4519/1216 1717/4520/1218

vt -53.4711 -15.1764
vt -43.1845 -16.3561
v 29.8835 27.0772 -2.68744
vt -43.1755 -15.2751
vn -0.000738729 0.91603 0.40111
f 1717/4521/1218 1715/4522/1216 1718/4523/1219

vt -32.9079 -16.5606
vt -42.2634 -16.5606
vt -42.2398 -17.6414
f 1194/4524/591 1718/4525/1219 1715/4526/1216

usemtl _Silver_1
vt -32.9079 36.6236
vn -2.60422e-18 -0.379721 0.925101
v 30.5242 27.9785 -2.33522
vt -41.5905 37.6217
vn -0.0457518 0.131307 0.990285
vt -42.2634 36.6236
vn -0.061776 -0.345976 0.936207
f 1194/4527/1220 1719/4528/1221 1718/4529/1222

vt -41.3581 38.7564
vt -32.6785 37.7323
vt -32.6648 38.7994
vn 1.37947e-16 0.0798497 0.996807
f 1719/4530/1221 1194/4531/1220 1197/4532/1223

vt -32.5234 9.51682
vn 1.5594e-16 0.0798497 0.996807
v 37.4482 29.4606 -2.99022
vt -34.0639 11.2721
vn -0.326459 0.71133 0.622442
vt -41.2167 9.47088
f 1197/4533/1224 1720/4534/1225 1719/4535/1221

vt -19.8463 20.7787
vn 1.51941e-16 0.0798497 0.996807
v 37.5985 29.7005 -2.98024
vt -21.4636 22.5622
vn -0.819562 0.154865 0.551665
vt -21.6112 22.3082
f 1197/4536/1226 1721/4537/1227 1720/4538/1225

vt -9.07152 35.9608
vt -10.8707 32.5807
vt -9.21533 30.8325
f 1200/4539/604 1721/4540/1227 1197/4541/603

vt -9.10518 31.668
vt -7.3025 35.0462
vn 4.26249e-17 0.0132123 0.999913
v 37.5457 31.817 -2.98375
vt -9.14952 33.8636
vn -0.859016 -0.268236 0.436052
f 1721/4542/1227 1200/4543/1228 1722/4544/1229

vt -17.0992 43.778
vt -15.2876 45.0143
vn 5.86092e-17 0.0132123 0.999913
v 37.3345 32.1145 -2.99777
vt -17.2975 44.1006
vn -0.314616 -0.838491 0.444915
f 1722/4545/1229 1200/4546/1230 1723/4547/1231

v 29.2218 32.957 -2.07489
vt -42.8746 44.2951
vn -0.0783822 0.015279 0.996806
vt -34.4868 42.8337
vt -32.832 44.2951
vn 3.28012e-17 0.0132123 0.999913
f 1724/4548/1232 1723/4549/1231 1200/4550/1233

vt -41.6307 44.3311
v 21.4534 32.1145 -4.05259
vt -49.8067 42.584
vn 0.109182 -0.881181 0.459999
vt -33.2977 42.584
f 1724/4551/1232 1725/4552/1234 1723/4553/1231

v 19.7182 32.9155 -3.34343
vt -49.5761 48.0218
vn 0.046468 -0.0120929 0.998847
vt -47.8846 46.7531
vt -39.6312 48.0876
f 1726/4554/1235 1725/4555/1234 1724/4556/1232

vt -57.4556 38.4368
v 20.8561 31.8151 -4.09227
vt -56.1559 37.168
vn 0.724039 -0.240388 0.646514
vt -55.5536 37.5131
f 1726/4557/1235 1727/4558/1236 1725/4559/1234

v 20.1238 30.4691 -3.30871
vt -58.4252 32.9747
vn 0.14578 0.0516926 0.987966
vt -57.3243 34.38
vt -58.7312 35.5289
f 1728/4560/1237 1727/4561/1236 1726/4562/1235

vt -58.3973 32.975
v 21.0801 30.4682 -4.07739
vt -57.1246 32.9741
vn 0.677344 0.41621 0.606609
vt -57.296 34.3801
f 1728/4563/1237 1729/4564/1238 1727/4565/1236

v 20.4589 28.65 -3.16036
vt -58.2222 31.5325
vn -0.0833143 0.120414 0.989222
vt -57.124 33.4484
vt -58.3967 33.4494
f 1730/4566/1239 1729/4567/1238 1728/4568/1237

vt -56.4992 20.0141
v 21.9388 30.0192 -4.02036
vt -54.8379 21.5663
vn 0.177352 0.771756 0.610688
vt -55.7066 22.0752
f 1730/4569/1239 1731/4570/1240 1729/4571/1238

v 21.527 28.3211 -2.95995
vt -51.7158 10.6497
vn -0.0761499 0.153953 0.985139
vt -51.2839 12.7253
vt -52.8228 11.0518
f 1732/4572/1241 1731/4573/1240 1730/4574/1239

vt -52.094 11.1309
v 26.0233 29.4606 -3.74906
vt -47.4159 12.5216
vn 0.0153892 0.840639 0.541378
vt -51.6467 13.2033
f 1732/4575/1241 1733/4576/1242 1731/4577/1240

vt -41.1785 3.24497
vt -45.8986 5.25243
vt -50.5286 3.70905
f 1719/4578/1221 1733/4579/1242 1732/4580/1241

vt -40.3006 4.80362
vt -33.1794 6.72589
vt -45.0561 6.72589
f 1719/4581/1221 1720/4582/1225 1733/4583/1242

vt -46.9325 -26.7554
vt -35.0819 -27.5425
v 37.4834 29.4606 -3.52043
vt -35.0454 -26.9925
vn -0.482834 0.875125 -0.0320699
v 26.0585 29.4606 -4.27927
vt -46.8959 -26.2054
vn 0.067606 0.997702 0.00449026
f 1733/4584/1242 1720/4585/1225 1734/4586/1243 1735/4587/1244 

vt 29.807 8.42858
vt 29.807 8.72233
v 37.6337 29.7005 -3.51045
vt 29.2558 8.72233
vn -0.962236 0.264608 -0.0639117
vt 29.2558 8.42858
f 1720/4588/1225 1721/4589/1227 1736/4590/1245 1734/4591/1243 

vt 29.807 31.8454
vt 29.807 34.0414
v 37.5809 31.817 -3.51395
vt 29.2558 34.0414
vn -0.946606 -0.316203 -0.0628734
vt 29.2558 31.8454
f 1721/4592/1227 1722/4593/1229 1737/4594/1246 1736/4595/1245 

vt 29.807 46.2489
vt 29.807 46.6276
v 37.3697 32.1145 -3.52798
vt 29.2558 46.6276
vn -0.457372 -0.888757 -0.0303785
vt 29.2558 46.2489
f 1722/4596/1229 1723/4597/1231 1738/4598/1247 1737/4599/1246 

vt 35.1999 -27.5347
vt 51.6726 -26.4406
v 21.4887 32.1145 -4.5828
vt 51.6361 -25.8906
vn 0.229248 -0.973249 0.0152267
vt 35.1634 -26.9847
f 1723/4600/1231 1725/4601/1234 1739/4602/1248 1738/4603/1247 

vt -29.807 -29.5518
vt -29.807 -30.246
v 20.8913 31.8151 -4.62247
vt -29.2558 -30.246
vn 0.889156 -0.453777 0.0590577
vt -29.2558 -29.5518
f 1725/4604/1234 1727/4605/1236 1740/4606/1249 1739/4607/1248 

vt -29.807 41.0614
vt -29.807 39.645
v 21.1153 30.4682 -4.60759
vt -29.2558 39.645
vn 0.807701 0.587147 0.0536474
vt -29.2558 41.0614
f 1727/4608/1236 1729/4609/1238 1741/4610/1250 1740/4611/1249 

vt -29.807 59.2236
vt -29.807 58.2168
v 21.974 30.0192 -4.55056
vt -29.2558 58.2168
vn 0.302725 0.952866 0.0201069
vt -29.2558 59.2236
f 1729/4612/1238 1731/4613/1240 1742/4614/1251 1741/4615/1250 

vt -29.8069 53.0894
vt -29.8069 48.804
vt -29.2558 48.804
vt -29.2558 53.0894
f 1731/4616/1240 1733/4617/1242 1735/4618/1244 1742/4619/1251 

usemtl _DimGray_
vt -49.8067 33.5336
vn -0.0662739 1.19209e-07 0.997801
vt -50.4276 33.2231
vt -50.1948 31.826
vt -49.3022 31.3603
vt -45.0561 30.7809
vt -33.1794 30.7809
vt -33.0232 31.0297
vt -33.0781 33.2251
vt -33.2977 33.5336
f 1739/4620/1252 1740/4621/1252 1741/4622/1252 1742/4623/1252 1735/4624/1252 1734/4625/1252 1736/4626/1252 1737/4627/1252 1738/4628/1252 

usemtl _Silver_1
vt -49.1671 38.0682
vt -40.5052 36.7089
vt -39.813 37.6937
f 1732/4629/1241 1718/4630/1222 1719/4631/1221

vt -40.1776 38.0743
vt -48.8346 39.4645
v 20.4128 27.4914 -3.39737
vt -50.0272 38.5372
vn -0.213182 -0.247625 0.945111
f 1718/4632/1222 1732/4633/1241 1743/4634/1253

vt -44.5825 36.7053
vt -44.6879 35.4823
vt -43.4571 36.3581
f 1730/4635/1239 1743/4636/1253 1732/4637/1241

vt -41.4144 35.8547
vt -41.2911 37.0761
v 19.2885 28.2686 -3.6251
vt -42.5953 36.6741
vn -0.344008 -0.0839273 0.935208
f 1743/4638/1253 1730/4639/1239 1744/4640/1254

vt -38.7285 29.4234
v 18.9358 30.4677 -3.79368
vt -40.4393 31.3089
vn -0.37589 -0.0262298 0.926293
vt -40.0346 29.0277
f 1730/4641/1239 1745/4642/1255 1744/4643/1254

vt -38.8321 31.5604
vt -40.1631 31.559
vt -38.4521 29.6735
f 1728/4644/1237 1745/4645/1255 1730/4646/1239

vt -38.8371 36.019
v 18.7442 31.2045 -3.79519
vt -40.3527 36.7853
vn -0.371521 -0.0554333 0.926768
vt -40.1681 36.0175
f 1728/4647/1237 1746/4648/1256 1745/4649/1255

vt -40.3897 36.3407
vt -41.5005 34.5641
vt -39.9836 33.8005
f 1726/4650/1235 1746/4651/1256 1728/4652/1237

vt -38.9204 35.4922
v 18.2735 35.6458 -3.8711
vt -40.5142 38.3251
vn -0.371186 0.00604774 0.928539
vt -40.0332 33.7169
f 1726/4653/1235 1747/4654/1257 1746/4655/1256

v 19.4947 34.7524 -3.37684
vt -38.626 37.6975
vn 0.181772 0.00289404 0.983336
vt -39.9921 38.6246
vt -38.3992 35.7912
f 1748/4656/1258 1747/4657/1257 1726/4658/1235

vt -42.0793 35.5478
vt -40.7133 34.6205
v 19.6168 35.9242 -3.37684
vt -40.5947 35.8368
vn -0.00911621 -0.105293 0.994399
f 1747/4659/1257 1748/4660/1258 1749/4661/1259

vt -59.9071 35.9004
v 20.7788 36.0948 -4.0974
vt -58.3818 37.295
vn 0.669818 -0.397574 0.62712
vt -59.7999 37.1177
f 1748/4662/1258 1750/4663/1260 1749/4664/1259

vt -58.5436 37.5999
vt -60.0707 36.2073
v 20.726 34.2958 -4.1009
vt -58.5891 35.7335
vn 0.748735 0.185681 0.636332
f 1750/4665/1260 1748/4666/1258 1751/4667/1261

vt -58.4531 36.1058
vt -59.9343 36.581
vt -59.7558 34.6696
f 1751/4668/1261 1748/4669/1258 1726/4670/1235

vt -58.3833 33.2145
vt -59.6395 31.7375
v 21.0955 33.6873 -4.07635
vt -58.034 32.5633
vn 0.259296 0.827088 0.498689
f 1751/4671/1261 1726/4672/1235 1752/4673/1262

vt -47.9208 -2.80026
vt -49.2314 -4.04203
vt -39.2865 -3.97522
f 1752/4674/1262 1726/4675/1235 1724/4676/1232

vt -49.9885 -10.5284
vt -41.431 -12.1719
v 37.1497 33.7403 -3.01004
vt -33.2998 -10.409
vn -0.280896 0.86172 0.422536
f 1752/4677/1262 1724/4678/1232 1753/4679/1263

vt -34.6788 -3.41658
vt -42.8746 -4.84859
vt -32.832 -4.84859
vn 3.81293e-17 0.0132123 0.999913
f 1753/4680/1263 1724/4681/1232 1200/4682/1264

vt -17.1959 18.9652
v 37.4137 34.0313 -2.99251
vt -19.1153 20.1463
vn -0.775832 0.25019 0.579214
vt -19.3684 19.8264
f 1200/4683/604 1754/4684/1265 1753/4685/1263

vt -10.3453 36.4351
vn 0 -0.147122 0.989118
vt -12.1067 32.9514
vt -10.149 31.8351
f 1232/4686/1266 1754/4687/1265 1200/4688/1228

vt -15.6963 39.259
vn -6.60848e-18 -0.147122 0.989118
v 37.3798 36.303 -2.99476
vt -17.5012 38.1376
vn -0.838364 -0.201494 0.506503
vt -17.4692 35.7812
f 1232/4689/1267 1755/4690/1268 1754/4691/1265

vt -19.8731 45.1249
v 37.1422 36.7528 -3.01054
vt -21.9009 44.4602
vn -0.323659 -0.814387 0.481682
vt -21.6675 43.9867
f 1232/4692/1267 1756/4693/1269 1755/4694/1268

vt -41.555 46.8827
vt -34.7744 45.8077
vt -32.9309 46.8827
vn -8.88015e-18 -0.147122 0.989118
f 1233/4695/647 1756/4696/1269 1232/4697/1270

vt -33.4976 44.8804
vt -40.2342 46.2034
v 25.7693 36.7528 -3.76592
vt -45.3201 44.8804
vn 0.0145153 -0.951443 0.307481
f 1756/4698/1269 1233/4699/647 1757/4700/1271

vt -46.7878 41.0537
vt -41.7674 42.607
vt -51.2132 42.0686
f 1757/4701/1271 1233/4702/647 1234/4703/650

vt -48.5097 41.705
vt -52.9865 42.4615
v 21.2275 36.3858 -4.06759
vt -53.1983 41.032
vn 0.24999 -0.88347 0.396214
f 1757/4704/1271 1234/4705/650 1758/4706/1272

vt -57.2087 30.3273
vt -57.2717 31.771
v 20.1145 36.7598 -3.1692
vt -58.5769 31.02
vn 0.00975886 -0.345936 0.938207
f 1758/4707/1272 1234/4708/650 1759/4709/1273

vt -44.2621 30.2628
v 18.926 37.693 -3.63514
vt -47.0146 30.8216
vn -0.275606 0.11572 0.95428
vt -45.7055 29.8334
f 1234/4710/650 1760/4711/1274 1759/4712/1273

vt -43.9539 31.9466
vt -45.1842 33.0167
vt -46.7072 32.5013
f 1234/4713/650 1235/4714/651 1760/4715/1274

usemtl Durango
vt -25.7086 -19.6228
vt -27.4033 -19.1437
vt -27.0669 -20.4831
vn -0.497008 0.640203 0.585768
f 1235/4716/652 1236/4717/653 1760/4718/1275

vt -26.7454 -20.5549
vt -27.0881 -19.2171
v 17.7569 37.8521 -4.80431
vt -28.4456 -20.276
vn -0.493896 0.626691 0.602764
f 1760/4719/1275 1236/4720/653 1761/4721/1276

vt -30.3465 -14.5282
vt -33.521 -14.1711
vt -31.7544 -15.519
f 1236/4722/653 1237/4723/654 1761/4724/1276

vt -18.9567 2.58357
vt -19.8502 1.43413
vt -16.9785 1.57146
vn -0.703414 0.340481 0.623924
f 1237/4725/664 1245/4726/665 1761/4727/1277

vt -18.1916 31.8818
vt -21.0642 31.7653
v 18.4021 36.6828 -3.8711
vt -17.0247 30.6593
vn -0.735957 0.124932 0.665401
f 1761/4728/1277 1245/4729/665 1762/4730/1278

vt -42.6937 -17.1929
v 12.3338 36.0733 -5.54385
vt -45.4992 -20.4415
vn -0.363085 0.690151 0.625988
vt -39.0478 -19.254
vn -0.257564 0.465807 0.846572
f 1245/4731/668 1763/4732/1279 1762/4733/1280

vt -37.1408 -29.8632
vt -34.8185 -26.2533
vt -40.7811 -27.5145
f 1763/4734/1279 1245/4735/668 1246/4736/667

vt -29.2603 -19.2088
v 9.03617 35.35 -7.71003
vt -29.2797 -22.0479
vn -0.651416 0.566041 0.505228
vt -25.2771 -20.9122
f 1246/4737/667 1764/4738/1281 1763/4739/1279

vt -19.6294 -24.474
vt -19.9315 -21.6509
v 7.29546 36.0442 -11.4338
vt -23.8155 -23.3901
vn -0.638819 0.700618 0.317875
f 1764/4740/1281 1246/4741/667 1765/4742/1282

vt -17.5928 -35.1961
vt -10.6252 -40.7325
vt -7.07255 -38.3896
f 1247/4743/669 1765/4744/1282 1246/4745/667

vt 0.0996228 -32.9246
vt -7.53216 -28.3469
v 6.1131 37.5996 -23.3583
vt -12.1387 -30.2197
vn -0.600134 0.789343 0.129525
f 1765/4746/1282 1247/4747/669 1766/4748/1283

vt -16.9619 -29.1848
vt -10.3749 -33.0514
vt -5.80957 -31.0803
f 1248/4749/671 1766/4750/1283 1247/4751/669

vt -2.29172 -23.299
vt -9.21192 -20.0663
v 5.46732 38.4291 -35.3864
vt -14.7511 -22.0296
vn -0.721691 0.689105 0.0655434
f 1766/4752/1283 1248/4753/671 1767/4754/1284

vt -22.0026 -19.5393
vt -14.5951 -22.3864
vt -9.05931 -20.4136
f 1249/4755/673 1767/4756/1284 1248/4757/671

vt -8.07183 -7.09573
vt -15.6475 -4.73215
vt -22.0512 -6.7453
vn -0.821094 0.570047 0.029186
f 1767/4758/1284 1249/4759/673 1279/4760/1285

v 6.54661 40.6608 -49.6787
vt -23.6477 -1.67011
vn -0.823023 0.566935 0.0349015
vt -22.8579 -4.11458
vt -16.4407 -2.14498
f 1768/4761/1286 1279/4762/1285 1249/4763/673

vt -21.2744 -1.3298
vn -0.842236 0.539033 0.00904082
vt -53.0285 -3.32688
vn -0.839614 0.543158 -0.005198
vt -20.4367 -3.75824
vn -0.835965 0.548762 0.00484722
f 1768/4764/1287 1275/4765/1288 1279/4766/1289

vt -33.7065 3.92391
vn -0.846516 0.532291 0.00869861
vt -53.2895 0.959895
vt -21.5314 2.89279
f 1264/4767/1290 1275/4768/1288 1768/4769/1287

vt -52.9402 -1.46399
vt -33.3651 1.55193
vt -48.5823 0.977273
vn -0.82865 0.559509 -0.0169872
f 1275/4770/1288 1264/4771/1290 1265/4772/1291

vt -49.3768 -8.82966
vt -45.0908 -6.26434
vt -50.3839 -7.58236
vn -0.806942 0.589422 -0.0377656
f 1275/4773/1288 1265/4774/1291 1267/4775/1292

vt -34.1865 -1.53799
vt -22.0155 -2.61623
vt -23.2781 -0.921069
vn -0.825886 0.563664 0.0139398
f 1264/4776/1290 1768/4777/1287 1250/4778/1293

vt -25.0125 -1.81288
vt -23.7756 -3.52691
vt -16.5692 -4.00968
f 1250/4779/674 1768/4780/1286 1249/4781/673

vt -21.2851 28.8213
vn -0.989692 0.142558 0.0136983
v 4.66071 33.7634 -37.6661
vt -9.68379 23.6286
vn -0.989625 0.14261 0.0174843
vt -7.3043 28.5328
vn -0.983081 0.178479 0.0411942
f 1279/4782/1294 1769/4783/1295 1767/4784/1296

vt -19.7933 32.3123
v 4.55323 32.7149 -41.1485
vt -11.7881 26.0599
vn -0.992449 0.12163 0.0158658
vt -8.17639 27.1545
f 1279/4785/1294 1770/4786/1297 1769/4787/1295

v 4.41431 33.0135 -47.998
vt -21.0063 23.6047
vn -0.99669 0.0811353 -0.00518898
vt -13.9003 23.2913
vt -21.8799 29.5762
f 1771/4788/1298 1770/4789/1297 1279/4790/1294

vt -20.8433 27.4803
v 4.31644 31.021 -43.9196
vt -16.6166 25.4033
vn -0.997182 0.0740231 0.0122325
vt -13.7372 27.169
f 1771/4791/1298 1772/4792/1299 1770/4793/1297

vt -19.1397 31.0276
v 4.18352 28.3092 -46.3572
vt -17.4377 26.1422
vn -0.99937 -0.00179971 -0.0354538
vt -14.9092 28.9584
f 1771/4794/1298 1773/4795/1300 1772/4796/1299

vt -12.3949 27.8921
vt -14.1097 32.773
v 4.32777 27.4715 -48.6378
vt -14.7651 27.0228
vn -0.998179 -0.0439667 -0.0413037
f 1773/4797/1300 1771/4798/1298 1774/4799/1301

vt -18.6404 33.3187
vn -0.999473 0.0324366 -0.000867879
v 4.6877 29.3451 -94.1568
vt -66.5197 29.5131
vn -0.998486 -0.0545484 -0.00708591
vt -19.3033 27.5694
vn -0.998888 -0.0461385 -0.00967716
f 1771/4800/1302 1775/4801/1303 1774/4802/1304

vt -66.9881 35.316
vt -19.1094 39.1301
vt -66.9879 40.3649
f 1775/4803/1303 1771/4804/1302 1283/4805/717

vt -20.3934 29.7411
vt -67.3784 25.0184
vt -19.5002 23.7725
f 1279/4806/714 1283/4807/717 1771/4808/1302

v 3.91814 31.6492 -130.124
vt -105.501 37.6301
vn -0.999807 -0.0140081 0.0137793
vt -68.1852 35.2346
vn -0.99584 -0.0884496 0.0218861
vt -68.1911 40.2834
vn -0.998726 0.0494235 0.0101586
f 1776/4809/1305 1775/4810/1306 1283/4811/1307

vt -68.2479 34.284
vt -105.564 36.6775
v 4.06493 29.4721 -128.511
vt -103.888 34.4159
vn -0.997256 -0.0718491 0.0178124
f 1775/4812/1306 1776/4813/1305 1777/4814/1308

v 3.78653 30.2993 -130.585
vt -114.155 29.22
vn -0.992279 0.0428789 0.11638
vt -111.985 28.361
vn -0.98481 0.0149374 0.172993
vt -113.662 30.6215
vn -0.988247 0.115569 0.100054
f 1778/4815/1309 1777/4816/1310 1776/4817/1311

v 4.00245 27.3599 -128.845
vt -111.539 28.1733
vn -0.98312 -0.0604044 0.172702
vt -111.187 30.3643
vt -113.357 31.2224
f 1779/4818/1312 1777/4819/1310 1778/4820/1309

vt -116.37 28.9493
v 4.33315 26.6955 -127.48
vt -114.913 28.2602
vn -0.992623 -0.112878 0.0442515
vt -116.017 31.1403
f 1779/4821/1312 1780/4822/1313 1777/4823/1310

v 4.97728 22.9437 -127.817
vt -111.113 33.1183
vn -0.985006 -0.164422 -0.0522414
vt -110.868 37.0747
vt -112.32 37.7753
f 1781/4824/1314 1780/4825/1313 1779/4826/1312

vt -80.7353 40.8124
vt -81.2421 36.881
v 4.61671 23.5124 -126.76
vt -80.0864 37.4769
vn -0.957722 -0.141966 -0.250227
f 1780/4827/1313 1781/4828/1314 1782/4829/1315

vt -112.292 51.4375
vn -0.700356 -0.700356 0.137846
vt -113.296 50.6111
v 4.90138 23.2278 -126.76
vt -112.235 51.0238
f 1782/4830/1316 1781/4831/1316 1783/4832/1316

vt -83.6776 -24.7159
vn -0.840883 0.50453 -0.195873
v 4.73058 22.9431 -126.76
vt -82.5514 -24.7167
vt -82.5916 -24.3747
f 1781/4833/1317 1784/4834/1317 1783/4835/1317

vt -83.4274 37.1421
vn -0.965366 -0.260796 -0.00732378
vt -82.5079 42.5296
vn -0.969889 -0.235037 -0.0638174
vt -83.6341 42.5303
vn -0.951815 -0.211368 -0.222197
f 1664/4836/1318 1784/4837/1319 1781/4838/1320

vt -107.202 38.0563
vt -107.704 32.614
v 6.08424 18.0995 -125.931
vt -106.207 32.8639
vn -0.95863 -0.276314 0.0684068
f 1784/4839/1319 1664/4840/1318 1785/4841/1321

vt -107.344 34.1006
vn -0.986407 -0.160838 0.0336452
vt -106.789 35.4304
vt -108.285 35.1762
f 1665/4842/1322 1785/4843/1321 1664/4844/1318

vt -100.885 34.8965
v 6.23195 18.0882 -94.5802
vt -67.7704 36.1966
vn -0.995373 0.0960658 -0.00181308
vt -100.289 36.2089
f 1665/4845/1322 1786/4846/1323 1785/4847/1321

v 5.67606 16.9528 -49.3441
vt -19.876 10.7744
vn -0.979514 0.15456 -0.129087
vt -66.801 11.9582
vt -99.9172 10.6986
f 1787/4848/1324 1786/4849/1323 1665/4850/1322

v 6.23312 18.0882 -51.0762
vt -22.3369 -12.673
vn -0.991109 0.00784549 -0.132817
vt -67.4618 -12.6731
vt -20.5403 -13.9849
f 1788/4851/1325 1786/4852/1323 1787/4853/1324

vt -67.4618 39.8467
vn -0.953789 -0.300468 -0.00241402
vt -22.3369 39.8467
vn -0.945893 -0.324479 2.56291e-05
v 4.82224 22.2012 -49.5365
vt -20.7399 44.357
f 1786/4854/1326 1788/4855/1327 1789/4856/1326

vt -21.6554 39.7218
v 4.70837 22.5019 -48.3572
vt -18.8193 44.5562
vn -0.958189 -0.214011 -0.18993
vt -20.0436 44.2269
vn -0.946942 -0.321263 -0.00952615
f 1788/4857/1325 1790/4858/1328 1789/4859/1329

vt 6.92972 30.3997
vt 3.72731 25.7997
vt 5.61111 24.6164
f 1790/4860/1328 1788/4861/1325 1787/4862/1324

vt -3.00692 26.4623
vn -0.955595 -0.10119 -0.276765
vt 1.15096 32.1178
vn -0.962601 -0.0552849 -0.265224
vt -1.76614 32.2627
vn -0.974731 -0.0391072 -0.219932
f 1787/4863/1330 1672/4864/1331 1790/4865/1332

vt 1.39735 23.3236
vt 4.55868 24.0786
vn -0.948537 -0.0784079 -0.306807
vt 5.59063 28.953
f 1787/4866/1330 1669/4867/1333 1672/4868/1331

usemtl _DimGray_
vt 33.185 -46.4789
vn -0.305091 0.945271 -0.115681
vt 34.0267 -47.452
vn -0.359165 0.917324 -0.171806
vt 36.0357 -44.9175
vn -0.343041 0.876142 -0.338671
f 1787/4869/1334 1667/4870/1335 1669/4871/1336

vt -20.5719 -56.8532
vt -100.61 -58.1398
vt -20.5725 -58.1398
f 1787/4872/1334 1666/4873/1149 1667/4874/1335

vt -99.566 -66.061
vt -19.5546 -63.6234
vt -99.5949 -64.0151
f 1666/4875/1149 1787/4876/1334 1665/4877/1150

usemtl Durango
vt -2.33737 20.9053
vt 0.579783 20.7615
v 3.79486 27.2662 -43.9401
vt 2.33772 25.8505
vn -0.983766 0.0376253 -0.175469
f 1790/4878/1332 1672/4879/1331 1791/4880/1337

usemtl _DimGray_
vt -54.476 16.71
vt -54.476 22.0887
vt -69.9891 22.0887
vn -9.97515e-19 -0.507205 0.861826
vt -69.7483 16.71
f 1671/4881/1160 1680/4882/1169 1791/4883/1338 1672/4884/1161 

vt -54.476 11.216
vt -54.476 14.4091
v 3.80396 29.5557 -41.8821
vt -69.9797 14.4091
vn 2.75109e-18 -0.768931 0.639332
vt -69.9891 11.216
f 1680/4885/1169 1679/4886/1168 1792/4887/1339 1791/4888/1338 

vt -54.476 5.18549
vt -54.476 8.0296
v 3.80396 30.9857 -39.5426
vt -69.9797 8.0296
vt -69.9797 5.18549
f 1679/4889/1168 1678/4890/1167 1793/4891/539 1792/4892/1339 

vt -54.476 -0.601391
vt -54.476 2.58343
v 3.80396 31.8709 -36.6026
vt -69.9797 2.58343
vt -69.9797 -0.601391
f 1678/4893/1167 1677/4894/1166 1794/4895/538 1793/4896/539 

vt 54.476 7.32217
vt 54.476 -4.36339
v 4.2872 31.8709 -25.3367
vt 69.4784 -4.36339
vn -6.34334e-21 -0.997722 -0.0674527
vt 69.9797 7.32217
f 1677/4897/1166 1676/4898/1165 1795/4899/1340 1794/4900/538 

vt 54.476 0.155881
vt 54.476 -2.99207
v 4.40107 31.4624 -22.3295
vt 69.3603 -2.99207
vn 1.46809e-18 -0.967215 -0.253959
vt 69.4784 0.155881
f 1676/4901/1165 1675/4902/1164 1796/4903/1341 1795/4904/1340 

vt 54.476 5.18971
vt 54.476 2.1313
vt 69.2816 2.1313
vt 69.3603 5.18971
f 1675/4905/1164 1674/4906/1163 1686/4907/1176 1796/4908/1341 

usemtl Durango
v 5.31946 33.2795 -20.7601
vt -2.49922 9.78368
vn -0.92305 0.355131 0.147852
vt -4.26388 7.7847
vn -0.922994 0.368216 0.111797
vt -1.44908 6.58597
vn -0.924689 0.327253 0.194565
f 1797/4909/1342 1796/4910/1343 1686/4911/1344

v 5.17438 33.7634 -24.3221
vt -1.28966 5.94295
vn -0.916711 0.393249 0.0706833
vt 0.689211 3.35536
vt 2.40215 5.39883
f 1798/4912/1345 1796/4913/1343 1797/4914/1342

vt -1.06841 6.11663
vt -2.20289 3.99044
vn -0.911463 0.407873 0.0536229
vt 0.913663 3.5315
f 1798/4915/1345 1795/4916/1346 1796/4917/1343

vt -11.0768 4.08067
vn -0.914626 0.404289 -0.00320131
vt 1.68756 1.92986
vt 2.77464 4.08067
f 1769/4918/1347 1795/4919/1346 1798/4920/1345

vt -11.3785 2.28619
vt -10.3144 0.111865
vn -0.925905 0.374812 -0.0470793
vt 1.38186 0.111865
f 1769/4921/1347 1794/4922/1348 1795/4923/1346

vt -5.77327 5.68727
vn -0.937864 0.333481 -0.095926
vt -1.00718 4.74427
vt -2.18572 6.85875
f 1770/4924/1349 1794/4925/1348 1769/4926/1347

vt -4.95639 10
vt -3.22041 8.10741
vn -0.956596 0.27149 -0.105909
vt -0.186539 9.07628
f 1770/4927/1349 1793/4928/1350 1794/4929/1348

vt -6.91842 8.96942
vn -0.968605 0.219491 -0.116742
vt -2.34739 8.93093
vt -4.0907 10.8168
f 1772/4930/1351 1793/4931/1350 1770/4932/1349

vt -6.8408 18.7935
vt -4.68036 17.2469
vn -0.981384 0.151332 -0.118252
vt -2.26976 18.7562
f 1772/4933/1351 1792/4934/1352 1793/4935/1350

vt -8.22919 17.5414
vn -0.987172 0.0800039 -0.138169
vt -3.57561 18.8519
vt -5.74023 20.3926
f 1773/4936/1353 1792/4937/1352 1772/4938/1351

vt -9.40276 21.9023
vt -6.86599 20.8144
vt -4.74627 23.2025
f 1773/4939/1353 1791/4940/1337 1792/4941/1352

vt -7.39433 25.6937
vt -2.71804 30.6378
vt -5.25721 31.7201
f 1790/4942/1332 1791/4943/1337 1773/4944/1353

vt -17.4065 34.1123
vt -17.1292 28.9417
vn -0.950546 -0.301514 -0.0745042
vt -15.0372 34.984
f 1774/4945/1301 1790/4946/1354 1773/4947/1300

v 4.70837 22.7705 -49.5365
vt -19.5147 29.1371
vn -0.905294 -0.414173 -0.0943585
vt -18.2916 28.8576
vt -18.5756 34.0279
f 1799/4948/1355 1790/4949/1354 1774/4950/1301

v 4.99304 22.4859 -49.5365
vt -4.94915 66.8681
vn -0.698106 -0.698106 -0.159045
vt -3.69086 66.8912
vt -4.88356 67.2805
f 1800/4951/1356 1790/4952/1354 1799/4953/1355

vt -2.21931 -15.7155
vn -0.838514 0.503108 -0.209228
vt -3.47766 -15.7347
vt -3.43477 -16.0763
f 1790/4954/1357 1800/4955/1357 1789/4956/1357

vt -20.8651 -15.5035
vn -0.857492 0.514495 0.00158135
vt -20.8648 -15.1592
v 5.11869 22.8324 -94.1568
vt -67.1472 -14.7399
v 4.94789 22.5478 -94.1568
vt -67.1475 -15.0843
f 1789/4957/1358 1800/4958/1358 1801/4959/1358 1802/4960/1358 

vt -20.0094 65.4123
vn -0.707087 -0.707087 -0.00748308
vt -20.0062 65.8298
v 4.83402 23.1171 -94.1568
vt -66.2878 66.3382
vt -66.2909 65.9206
f 1800/4961/1359 1799/4962/1359 1803/4963/1359 1801/4964/1359 

vt -66.758 32.7569
vn -0.968541 -0.248765 0.00667809
vt -20.4751 32.3945
vn -0.999994 -0.00344491 0.000551515
v 4.63398 23.8918 -67.5621
vt -39.1718 33.567
vn -0.99967 -0.0255132 0.00308742
f 1803/4965/1360 1799/4966/1361 1804/4967/1362

v 4.77973 25.0767 -73.0067
vt -46.2137 12.4332
vn -0.999938 -0.010191 -0.00441818
vt -40.5695 11.1801
vt -21.8736 9.99427
f 1805/4968/1363 1804/4969/1362 1799/4970/1361

vt -44.823 18.8197
vn -0.996754 0.0804915 -0.00136836
v 4.69875 23.8572 -85.7594
vt -58.0505 17.5477
vn -0.996812 0.0790693 0.0106575
vt -39.175 17.5838
vn -0.994451 0.105133 -0.00373952
f 1805/4971/1364 1806/4972/1365 1804/4973/1366

vt -58.3799 21.0799
vt -45.1519 22.3469
v 4.84132 26.4364 -87.3286
vt -60.0074 23.7594
vn -0.995051 0.0985626 0.0125699
f 1806/4974/1365 1805/4975/1364 1807/4976/1367

vt -66.1883 36.1974
vt -59.1081 33.1704
vn -0.997351 -0.072264 -0.0083455
vt -44.2529 31.7555
f 1775/4977/1303 1807/4978/1368 1805/4979/1363

vt -66.6916 35.028
v 4.86095 26.637 -94.1568
vt -66.6925 32.2133
vn -0.997949 -0.0638437 -0.00474508
vt -59.6098 32.0048
f 1775/4980/1303 1808/4981/1369 1807/4982/1368

vt -67.2628 32.1779
vn -0.997954 -0.063844 0.00351209
vt -67.2634 34.9927
v 4.83499 26.4872 -104.257
vt -77.7392 32.0222
vn -0.98389 -0.175265 0.0352449
f 1808/4983/1370 1775/4984/1306 1809/4985/1371

vt -71.6495 47.6615
v 4.30636 24.2936 -121.238
vt -99.6997 42.1963
vn -0.969897 -0.243431 0.00634596
vt -82.0901 44.5695
f 1775/4986/1306 1810/4987/1372 1809/4988/1371

vt -95.6694 23.2006
vt -67.5768 28.443
vt -102.144 25.6933
vn -0.998634 -0.0519644 -0.00541507
f 1810/4989/1372 1775/4990/1306 1780/4991/1373

vt -102.805 33.8597
vt -68.2389 36.6191
vt -103.879 36.7514
f 1780/4992/1373 1775/4993/1306 1777/4994/1308

vt -98.5644 35.0029
vt -97.83 31.6852
vn -0.970301 -0.241036 -0.0204367
vt -92.0943 32.4994
f 1780/4995/1373 1782/4996/1374 1810/4997/1372

vt -95.2292 49.777
vt -100.956 48.9015
vt -67.1379 48.4584
vn -0.906231 -0.422782 -0.000710071
f 1810/4998/1372 1782/4999/1374 1803/5000/1375

vt -66.6451 65.6805
vn -0.707102 -0.707102 -0.0038611
vt -66.6435 66.0981
vt -100.459 66.678
vt -100.461 66.2604
f 1801/5001/1376 1803/5002/1376 1782/5003/1376 1783/5004/1376 

vt -67.9732 -14.6609
vn -0.857432 0.514459 0.0119532
vt -67.9707 -14.3165
vt -101.788 -13.8383
vt -101.791 -14.1827
f 1802/5005/1377 1801/5006/1377 1783/5007/1377 1784/5008/1377 

vt -100.2 36.375
vn -0.962043 -0.27287 0.00379456
vt -67.2463 41.1651
vt -101.064 41.5908
vn -0.96323 -0.268659 0.00316249
f 1785/5009/1378 1802/5010/1378 1784/5011/1379

vt -67.337 41.6613
vt -100.289 36.8593
vt -67.7701 36.847
vn -0.960838 -0.277077 0.00442655
f 1802/5012/1378 1785/5013/1378 1786/5014/1380

vt -67.1186 36.9767
vt -20.3898 41.4158
vt -66.6726 41.7898
vn -0.96107 -0.276263 -0.00485211
f 1786/5015/1326 1789/5016/1326 1802/5017/1381

vt -66.7872 53.6183
v 4.41119 23.9204 -94.1568
vt -66.7858 54.5599
vn -0.884896 -0.465779 -0.00299368
vt -94.8756 54.9974
f 1803/5018/1375 1811/5019/1382 1810/5020/1372

vt -69.0891 53.4859
vn -0.884583 -0.465614 0.0267859
vt -69.0758 52.5444
vt -60.3738 53.4118
vn -0.950887 -0.309309 0.0119424
f 1811/5021/1383 1803/5022/1360 1806/5023/1384

vt -39.2081 34.7169
vt -58.0836 34.6806
vt -66.7942 33.9049
f 1804/5024/1362 1806/5025/1384 1803/5026/1360

vt -62.2996 22.4759
vt -69.3934 19.8585
vn -0.992617 0.119894 0.01835
vt -60.6781 19.7928
f 1807/5027/1367 1811/5028/1385 1806/5029/1365

vt -60.0751 16.0379
vt -67.1577 16.2488
vn -0.986569 0.163334 0.00196256
vt -67.1586 13.3926
f 1807/5030/1367 1808/5031/1386 1811/5032/1385

vt -67.0287 13.3721
vn -0.984504 0.175332 0.00324835
vt -67.0286 16.2282
vn -0.986571 0.163335 0.000112707
vt -77.505 16.0707
f 1811/5033/1387 1808/5034/1388 1809/5035/1387

vt -77.9433 14.3941
vt -95.5605 12.0778
vn -0.982282 0.187302 0.00638348
vt -67.47 11.6837
f 1809/5036/1387 1810/5037/1389 1811/5038/1387

vt -44.318 31.4421
vt -19.0375 33.9333
vt -66.2537 35.8824
f 1805/5039/1363 1774/5040/1304 1775/5041/1303

vt -19.9917 29.215
vt -19.0553 34.1062
vt -44.3357 31.6146
f 1799/5042/1361 1774/5043/1304 1805/5044/1363

vt -8.68174 29.2739
vt -11.0768 24.3774
vt 2.77464 24.3774
vn -0.978444 0.198083 0.0584015
f 1767/5045/1296 1769/5046/1295 1798/5047/1390

vt -10.7692 24.1281
vt 0.658857 19.1657
vt 1.72355 23.2459
vn -0.968745 0.231757 0.0884393
f 1767/5048/1296 1798/5049/1390 1766/5050/1391

vt 4.20681 18.692
vn -0.967158 0.227271 0.11381
vt 1.5774 23.2861
vt 0.510758 19.2065
f 1797/5051/1392 1766/5052/1391 1798/5053/1390

vt -0.0282232 16.1358
vt 9.83171 19.1001
vn -0.947953 0.209219 0.240024
vt -2.59049 20.7678
f 1797/5054/1392 1765/5055/1393 1766/5056/1391

v 5.52388 31.9889 -17.5149
vt 2.33817 18.2957
vn -0.969821 0.141468 0.198581
vt 8.84707 22.5958
vt -1.02265 19.6643
f 1812/5057/1394 1765/5058/1393 1797/5059/1392

vt 3.0474 31.9309
vt -3.51357 27.7107
v 6.44705 32.3743 -13.7372
vt 0.520037 28.1118
vn -0.968093 0.0866267 0.235142
f 1765/5060/1393 1812/5061/1394 1813/5062/1395

v 5.80513 30.2646 -15.2421
vt -0.768595 21.919
vn -0.959772 0.106786 0.259681
vt 0.901931 24.1277
vt -3.13144 23.7241
f 1814/5063/1396 1813/5064/1395 1812/5065/1394

v 6.10202 28.4847 -13.8213
vt -4.54258 24.265
vn -0.959955 0.0366714 0.277742
vt -4.35277 28.3119
vt -6.04116 26.1169
f 1815/5066/1397 1813/5067/1395 1814/5068/1396

vt -0.0539123 24.0487
v 7.17279 30.5007 -10.0932
vt 3.96591 26.1467
vn -0.967338 0.0272927 0.252015
vt 0.115122 28.0966
f 1815/5069/1397 1816/5070/1398 1813/5071/1395

vt -4.75991 33.1394
v 7.03324 28.2686 -10.9012
vt -1.58076 32.915
vn -0.952625 -0.0491081 0.300157
vt -0.737825 35.233
f 1815/5072/1397 1817/5073/1399 1816/5074/1398

vt -11.927 -16.1305
vn -0.897113 0.255973 0.360092
vt -5.24943 -15.5534
vn -0.861801 0.345309 0.371566
vt -8.42471 -15.2796
vn -0.766619 0.574406 0.286972
f 1687/5075/1400 1817/5076/1401 1815/5077/1402

vt -7.54813 13.2575
vt -14.2331 12.7727
v 6.91937 27.8132 -10.9012
vt -7.5932 12.7727
vn -0.912386 0.12007 0.391324
f 1817/5078/1401 1687/5079/1400 1818/5080/1403

vt -13.6809 31.0982
vn -0.937298 -0.0235249 0.347734
vt -7.5932 33.2038
vt -14.2331 33.2038
f 1688/5081/1404 1818/5082/1403 1687/5083/1400

vt -3.84732 22.309
vt -9.93303 20.1975
v 6.58175 25.7723 -11.2719
vt -4.326 20.1824
vn -0.966219 0.00529419 0.257667
f 1818/5084/1403 1688/5085/1404 1819/5086/1405

vt -9.21977 30.9158
vn -0.948511 -0.100721 0.300303
vt -4.28813 34.1302
vt -9.89517 34.1454
f 1689/5087/1406 1819/5088/1405 1688/5089/1404

vt -1.08881 29.3705
vt -6.03078 26.1721
v 6.76809 22.7379 -11.0187
vt -0.781855 26.2212
vn -0.962126 -0.124615 0.242454
f 1819/5090/1405 1689/5091/1406 1820/5092/1407

vt -4.88053 29.8049
vt -0.865717 34.7395
vt -6.11464 34.6898
f 1690/5093/1184 1820/5094/1407 1689/5095/1406

vt -1.63521 35.3099
vt -5.64096 30.368
vt 0.0231818 30.0505
f 1820/5096/1407 1690/5097/1184 1692/5098/1183

vt 8.79096 32.3638
v 7.30696 22.7853 -7.91646
vt 10.5265 37.712
vn -0.887692 -0.124578 0.443265
vt 7.26044 37.6618
f 1692/5099/1183 1821/5100/1408 1820/5101/1407

vt -0.732783 40.8714
vt -2.2674 35.4621
v 9.13117 17.4614 -6.93841
vt 0.849598 35.1617
vn -0.754169 -0.230785 0.614791
f 1821/5102/1408 1692/5103/1183 1822/5104/1409

vt -2.35411 27.3744
vt 0.185465 28.8693
vt -2.93212 29.1635
f 1693/5105/1185 1822/5106/1409 1692/5107/1183

vt -5.825 37.6923
vt -8.33425 36.1471
vt -5.65003 35.7762
vn -0.59026 -0.303901 0.747822
f 1822/5108/1409 1693/5109/1185 1694/5110/1410

vt -45.5641 25.5425
v 12.7572 17.2054 -5.07799
vt -41.8192 27.1351
vn -0.312655 -0.279001 0.907968
vt -46.0461 27.4052
f 1694/5111/1410 1823/5112/1411 1822/5113/1409

vt -46.4753 34.5473
vt -50.1752 32.8524
vt -46.0123 32.6417
vn -0.269082 -0.361581 0.892667
f 1823/5114/1411 1694/5115/1410 1695/5116/1412

vt -46.4638 27.3532
vn -0.177383 -0.496013 0.850004
vt -54.5453 29.3866
vt -53.9506 27.5179
f 1696/5117/1413 1823/5118/1411 1695/5119/1412

v 16.4521 17.2054 -4.01187
vt -47.2899 38.5719
vn -0.26165 -0.103165 0.959634
vt -51.2789 38.5719
vt -43.2828 36.2247
f 1824/5120/1414 1823/5121/1411 1696/5122/1413

vt -47.2899 11.6205
v 14.0512 17.5247 -4.75553
vt -49.8965 11.9556
vn -0.242881 0.0366488 0.969364
vt -51.2789 11.6205
f 1824/5123/1414 1825/5124/1415 1823/5125/1411

vt -50.2157 9.44047
vt -47.6095 9.10174
v 16.2568 17.4867 -4.12926
vt -47.8375 9.4002
vn -0.265479 0.208442 0.941314
f 1825/5126/1415 1824/5127/1414 1826/5128/1416

vt -47.4642 9.18279
v 18.4624 17.4867 -3.50299
vt -45.3142 9.48108
vn -0.262268 -0.0273744 0.964607
vt -47.6924 9.48108
f 1824/5129/1414 1827/5130/1417 1826/5131/1416

vt -46.6835 19.9014
vt -48.8344 19.6093
v 20.1471 17.2054 -3.09757
vt -44.8862 19.6093
vn -0.195642 -0.378062 0.904872
f 1827/5132/1417 1824/5133/1414 1828/5134/1418

vt -44.7782 33.9785
vt -44.8862 36.2399
vt -48.8344 36.2399
f 1696/5135/1413 1828/5136/1418 1824/5137/1414

vt -49.8117 32.6285
vt -49.5415 30.3807
vt -40.0538 30.2715
vn -0.0605048 -0.547227 0.834795
f 1828/5138/1418 1696/5139/1413 1697/5140/1419

vt -39.5987 31.4586
v 29.6277 16.9776 -2.10429
vt -39.4517 33.6051
vn -0.0527812 -0.466594 0.882895
vt -49.3381 33.8912
f 1697/5141/1419 1829/5142/1420 1828/5143/1418

vt -42.4766 29.3047
v 38.9006 16.8512 -1.95202
vt -32.8259 31.2967
vn -8.87724e-19 -0.38282 0.923823
vt -42.4451 31.4559
f 1697/5144/1419 1830/5145/1421 1829/5146/1420

vt -32.5196 30.8442
vn -4.43862e-19 -0.38282 0.923823
vt -42.1815 28.907
vt -32.5578 28.8605
vn -1.21488e-17 -0.531958 0.846771
f 1830/5147/1422 1697/5148/1419 1698/5149/1423

vt -24.9256 27.6171
vn 0.0605048 -0.547227 0.834795
vt -34.5874 29.5544
vt -34.5493 27.5706
f 1699/5150/1424 1830/5151/1422 1698/5152/1423

vt -34.3027 30.3141
vn -1.33159e-18 -0.38282 0.923823
vt -24.652 28.322
v 48.1734 16.9776 -2.10429
vt -24.6835 30.4733
vn 0.0527812 -0.466594 0.882895
f 1830/5153/1425 1699/5154/1424 1831/5155/1426

vt -27.2104 29.0401
vt -27.0634 26.8937
v 57.654 17.2054 -3.09757
vt -17.3241 29.3263
vn 0.195642 -0.378062 0.904872
f 1831/5156/1426 1699/5157/1424 1832/5158/1427

vt -17.229 26.6431
vn 0.177383 -0.496013 0.850004
vt -16.9589 28.8909
vt -26.7168 26.5338
f 1700/5159/1428 1832/5160/1427 1699/5161/1424

vt -20.2988 27.6602
vt -20.4067 25.3989
v 61.349 17.2054 -4.01187
vt -16.3506 27.6602
vn 0.26165 -0.103165 0.959634
f 1832/5162/1427 1700/5163/1428 1833/5164/1429

v 65.0439 17.2054 -5.07799
vt -13.24 27.8062
vn 0.312655 -0.279001 0.907968
vt -17.229 27.8062
vt -21.2361 25.4589
f 1834/5165/1430 1833/5166/1429 1700/5167/1428

v 63.7499 17.5247 -4.75553
vt -14.6224 14.7746
vn 0.242881 0.0366488 0.969364
vt -17.229 14.4396
vt -13.24 14.4396
f 1835/5168/1431 1833/5169/1429 1834/5170/1430

vt -17.0525 12.9007
vt -14.4463 13.2394
v 61.5443 17.4867 -4.12926
vt -16.8245 13.1992
vn 0.265479 0.208442 0.941314
f 1833/5171/1429 1835/5172/1431 1836/5173/1432

vt -13.9167 -9.86467
vn -0.173058 0.726526 0.664989
v 62.2002 18.009 -5.168
vt -15.3683 -8.90974
vn 0.208888 0.715736 0.666399
vt -16.294 -9.9395
vn 0.138433 0.846969 0.513303
f 1835/5174/1433 1837/5175/1434 1836/5176/1435

vt -11.9146 -6.12417
vt -10.3586 -6.89764
v 63.6128 18.009 -5.31148
vt -10.4419 -6.12417
vn -0.213844 0.70981 0.671149
f 1837/5177/1434 1835/5178/1433 1838/5179/1436

vt 9.05524 -0.520598
v 64.7788 18.8113 -5.19871
vt 9.63844 1.15006
vn -0.553644 0.337581 0.761261
vt 8.59742 0.108362
f 1835/5180/1433 1839/5181/1437 1838/5182/1436

vt 4.82552 0.526489
v 65.2061 18.5185 -4.75759
vt 6.16768 1.76853
vn -0.54531 0.351013 0.761201
vt 5.56425 2.13444
f 1835/5183/1433 1840/5184/1438 1839/5185/1437

vt -12.3103 23.8572
vt -10.9298 23.5148
vt -10.8243 24.9229
vn 0.287174 -0.274962 0.917566
f 1835/5186/1431 1834/5187/1430 1840/5188/1439

vt -14.4357 23.1549
v 66.6871 20.1851 -4.79443
vt -12.9225 26.3572
vn 0.488358 -0.213472 0.84613
vt -14.386 24.5661
f 1834/5189/1430 1841/5190/1440 1840/5191/1439

vt -16.3937 26.641
vt -17.7529 23.3704
vt -13.5267 23.6513
f 1841/5192/1440 1834/5193/1430 1703/5194/1201

vt -17.5608 21.345
vt -13.8158 19.7525
vt -13.3338 21.6152
f 1834/5195/1430 1702/5196/1202 1703/5197/1201

vt -11.9267 23.0524
vt -15.6265 24.7472
vt -16.0896 22.8417
vn 0.269082 -0.361581 0.892667
f 1702/5198/1202 1834/5199/1430 1701/5200/1441

vt -11.3044 24.9614
vt -19.3859 22.928
vt -11.8991 23.0927
f 1834/5201/1430 1700/5202/1428 1701/5203/1441

vt -15.6653 25.2578
vt -20.7659 22.5489
vt -17.7484 19.7112
f 1704/5204/1203 1841/5205/1440 1703/5206/1201

vt -21.9159 23.8743
vt -16.8497 26.647
vt -20.5742 26.647
f 1841/5207/1440 1704/5208/1203 1708/5209/1209

vt -16.8497 23.8568
f 1704/5210/1203 1707/4486/1208 1708/4485/1209

vt -22.0965 23.8568
vt -18.5357 26.9551
vt -22.0965 26.94
f 1704/5211/1203 1706/5212/1206 1707/5213/1208

vt -18.6795 27.0742
vt -22.2374 23.9726
vt -18.9713 23.9235
f 1706/5214/1206 1704/5215/1203 1705/5216/1204

vt -14.9372 25.2649
v 65.3748 21.7697 -3.95353
vt -18.0249 24.2088
vn 0.425245 -0.0450428 0.903957
vt -16.4125 22.5609
f 1708/5217/1209 1842/5218/1442 1841/5219/1440

vt -16.6996 20.235
vt -13.6132 21.2952
vt -18.1896 21.2952
f 1842/5220/1442 1708/5221/1209 1709/5222/1210

v 64.854 21.4073 -4.45812
vt 1.72455 34.5405
vn -0.330164 -0.583363 0.742077
vt 2.40015 35.0411
vn -0.423322 -0.487398 0.763703
vt 1.22686 36.4437
vn -0.0678383 -0.765033 0.640408
f 1843/5223/1443 1842/5224/1444 1709/5225/1445

v 65.2529 20.1093 -4.87275
vt 8.09119 29.3067
vn -0.546564 -0.259125 0.796318
vt 8.69839 31.1836
vt 7.9641 30.7739
f 1844/5226/1446 1842/5227/1444 1843/5228/1443

vt 9.68839 28.7906
v 65.8267 20.1399 -4.45126
vt 10.4268 28.825
vn -0.61543 -0.0839621 0.783707
vt 10.3424 30.6517
f 1844/5229/1446 1845/5230/1447 1842/5231/1444

vt 9.53724 19.3894
vt 10.8723 20.7677
vt 10.1337 20.7359
f 1839/5232/1437 1845/5233/1447 1844/5234/1446

vt 12.1468 16.832
vt 12.7828 16.5262
vt 13.4716 18.2201
f 1839/5235/1437 1840/5236/1438 1845/5237/1447

vt -15.7033 25.0226
vt -14.2708 26.8386
vt -15.2315 26.7894
vn 0.370446 -0.24117 0.896999
f 1840/5238/1439 1841/5239/1440 1845/5240/1448

vt -14.1169 24.6758
vt -15.707 26.3452
vt -15.0777 24.6282
f 1841/5241/1440 1842/5242/1442 1845/5243/1448

usemtl _Silver_1
v 64.638 18.9121 -5.15534
vt -9.40022 25.8162
vn 0.0971415 -0.275637 0.956341
vt -9.2504 25.7074
vt -8.79531 27.108
f 1846/5244/1449 1839/5245/1449 1844/5246/1449

v 63.5626 18.1723 -5.25935
vt -10.4991 25.0179
f 1847/5247/1449 1839/5245/1449 1846/5244/1449

vt -10.4419 24.8417
f 1847/5247/1449 1838/5248/1449 1839/5245/1449

vt -11.9146 24.8417
f 1838/5248/1449 1847/5247/1449 1837/5249/1449

v 62.2599 18.1723 -5.12702
vt -11.8573 25.0179
f 1848/5250/1449 1837/5249/1449 1847/5247/1449

v 61.0807 18.8113 -4.82307
vt -13.106 25.7074
f 1837/5249/1449 1848/5250/1449 1849/5251/1449

v 61.2273 18.9121 -4.80889
vt -12.9562 25.8162
f 1849/5251/1449 1848/5250/1449 1850/5252/1449

usemtl _Gainsboro_3
vt -7.24942 29.1622
vn 0.00725866 -0.501484 0.865137
v 62.6779 19.2345 -4.51478
vt -6.76547 30.4157
vn 0.0375721 -0.429257 0.9024
v 62.2339 19.5526 -4.37799
vt -7.21289 30.7911
vn -0.0497864 -0.370469 0.92751
vt -8.28994 30.0353
vn -0.122931 -0.413681 0.902084
f 1848/5253/1450 1851/5254/1451 1852/5255/1452 1850/5256/1453 

vt -10.4991 28.936
vn 0.165568 -0.499788 0.850176
v 63.2381 19.2345 -4.57168
vt -10.9061 30.2285
vn 0.14377 -0.428064 0.892239
vt -11.4901 30.2285
vt -11.8573 28.936
f 1847/5257/1454 1853/5258/1455 1851/5259/1451 1848/5260/1450 

vt -14.6554 27.2104
vt -13.6134 28.0816
vn 0.29685 -0.411075 0.861915
v 63.7005 19.5526 -4.52696
vt -14.7283 28.8359
vn 0.231864 -0.368588 0.900212
vt -15.1764 28.4613
f 1847/5261/1454 1846/5262/1456 1854/5263/1457 1853/5264/1455 

vt -15.7656 25.8592
v 65.0753 20.1093 -4.85471
vt -15.4599 27.1826
vn 0.354649 -0.264949 0.896675
v 63.8885 20.0674 -4.39769
vt -16.7789 27.1363
vn 0.270721 -0.270635 0.923832
vt -16.9104 26.5672
f 1846/5265/1456 1855/5266/1458 1856/5267/1459 1854/5268/1457 

usemtl _Silver_1
vt -8.98049 27.108
f 1846/5244/1449 1844/5246/1449 1855/5269/1449

vt -9.2504 28.5086
f 1855/5269/1449 1844/5246/1449 1843/5270/1449

v 64.7074 21.3064 -4.4723
vt -9.40022 28.3998
f 1855/5269/1449 1843/5270/1449 1857/5271/1449

v 63.6749 22.0463 -4.15418
vt -10.4991 29.1982
f 1857/5271/1449 1843/5270/1449 1858/5272/1449

v 63.7345 22.2095 -4.11319
vt -10.4419 29.3743
f 1858/5272/1449 1843/5270/1449 1859/5273/1449

usemtl Durango
vt 2.94043 34.513
vt 2.50035 36.4304
vt 1.97975 35.6293
vn -0.100332 -0.726915 0.679359
f 1843/5274/1443 1709/5275/1445 1859/5276/1460

vt -10.2134 35.3785
v 62.322 22.2095 -3.96971
vt -11.9146 34.4508
vn 0.213398 -0.785806 0.580491
vt -10.4419 34.4508
f 1709/5277/1445 1860/5278/1461 1859/5279/1460

vt -20.9049 31.1603
vn 0.358206 -0.732175 0.579318
vt -18.0821 29.9081
vt -16.6219 31.1818
f 1710/5280/1462 1860/5281/1461 1709/5282/1445

vt -21.9879 29.0063
vt -24.974 29.7936
v 61.1559 21.4073 -4.08248
vt -22.9491 27.8905
vn 0.527965 -0.501252 0.685565
f 1860/5283/1461 1710/5284/1462 1861/5285/1463

vt -24.4511 26.627
vt -26.5883 28.4031
v 58.7314 21.5184 -2.10282
vt -27.6966 26.7713
vn 0.547676 -0.463231 0.696756
f 1861/5286/1463 1710/5287/1462 1862/5288/1464

vt -20.2582 30.5457
vt -19.0879 29.1624
vn 0.24309 -0.292567 0.924831
vt -17.6712 30.5351
f 1711/5289/1212 1862/5290/1465 1710/5291/1211

v 56.5704 19.9953 -1.96638
vt -22.3102 26.7023
vn 0.239339 -0.271274 0.93227
vt -20.1118 28.3478
vt -21.2992 29.7165
f 1863/5292/1466 1862/5293/1465 1711/5294/1212

vt -20.2227 28.4198
vt -22.4189 26.7714
v 58.4278 20.1196 -2.45004
vt -20.4284 26.9059
vn 0.275695 -0.281256 0.919178
f 1862/5295/1465 1863/5296/1466 1864/5297/1467

vt -21.0016 23.5814
vt -20.4101 26.725
vt -22.4006 26.591
f 1832/5298/1427 1864/5299/1467 1863/5300/1466

vt -21.6412 26.5596
vt -22.1855 23.4074
v 58.8073 18.5689 -3.06296
vt -21.0641 24.8823
vn 0.286952 -0.266065 0.920254
f 1864/5301/1467 1832/5302/1427 1865/5303/1468

vt -21.1044 23.092
v 59.3387 17.4867 -3.50299
vt -19.3086 23.3933
vn 0.262268 -0.0273744 0.964607
vt -19.9638 24.5521
f 1832/5304/1427 1866/5305/1469 1865/5306/1468

vt -16.3506 18.9724
vt -18.5015 19.2645
vt -20.2988 18.9724
f 1833/5307/1429 1866/5308/1469 1832/5309/1427

vt -19.2831 13.2806
vt -17.1331 12.9823
vt -16.9049 13.2806
f 1866/5310/1469 1833/5311/1429 1836/5312/1432

vt -19.2831 -9.20095
vn 0.447554 0.400928 0.799345
vt -16.9049 -9.20095
vt -15.9561 -8.19244
f 1866/5313/1470 1836/5314/1435 1837/5315/1434

vt -21.2946 14.4324
vn 0.567244 0.0602633 0.821342
vt -23.5313 13.0095
vt -20.1003 13.5706
f 1849/5316/1471 1866/5317/1470 1837/5318/1434

vt -24.0773 20.0039
vt -27.0596 19.7525
vn 0.626885 -0.0729836 0.775686
vt -26.3443 18.6298
f 1849/5319/1471 1865/5320/1472 1866/5321/1470

vt -27.1085 20.2934
vt -24.1263 20.5453
v 60.6818 20.1093 -4.40844
vt -24.7172 21.8942
vn 0.62904 -0.199886 0.751235
f 1865/5322/1472 1849/5323/1471 1867/5324/1473

usemtl _Silver_1
vt -13.5611 27.108
f 1849/5251/1449 1850/5252/1449 1867/5325/1449

v 60.8594 20.1093 -4.42648
vt -13.3759 27.108
f 1867/5325/1449 1850/5252/1449 1868/5326/1449

usemtl _Gainsboro_3
vt -5.49595 28.036
vt -4.38726 28.7446
v 62.0757 20.0674 -4.21355
vt -4.517 29.314
vn -0.0848441 -0.270327 0.959023
vt -5.79767 29.3603
vn -0.175129 -0.26429 0.948409
f 1850/5327/1453 1852/5328/1452 1869/5329/1474 1868/5330/1475 

vt -10.2531 27.162
v 63.7303 20.5822 -4.23325
vt -10.4336 27.7175
vn 0.243532 -0.168366 0.955168
v 63.2864 20.9003 -4.09646
vt -10.9061 28.0608
vn 0.156707 -0.101714 0.982394
v 62.7262 20.9003 -4.03956
vt -11.4901 28.0608
vn 0.0429663 -0.100173 0.994042
v 62.2637 20.5822 -4.08428
vt -11.9626 27.7175
vn -0.0503213 -0.165827 0.98487
vt -12.1431 27.162
vt -11.9626 26.6065
vt -11.4901 26.2632
vt -10.9061 26.2632
vt -10.4336 26.6065
f 1856/5331/1459 1870/5332/1476 1871/5333/1477 1872/5334/1478 1873/5335/1479 1869/5336/1474 1852/5337/1452 1851/5338/1451 1853/5339/1455 1854/5340/1457 

vt -16.6495 24.599
vt -15.3305 24.6432
vt -15.8305 25.9061
vn 0.313989 -0.112439 0.942745
vt -16.8646 25.1421
f 1856/5341/1459 1855/5342/1458 1857/5343/1480 1870/5344/1476 

vt -14.5432 22.5256
vt -13.5003 23.2774
vt -14.6205 24.0456
vn 0.184576 -0.0130864 0.982731
vt -15.0249 22.8559
f 1870/5345/1476 1857/5346/1480 1858/5347/1481 1871/5348/1477 

vt -10.9061 21.4962
vt -10.4991 22.685
v 62.3721 22.0463 -4.02184
vt -11.8573 22.685
vn 0.0152004 -0.0107589 0.999827
vt -11.4901 21.4962
f 1871/5349/1477 1858/5350/1481 1874/5351/1482 1872/5352/1478 

usemtl _Silver_1
vt -11.8573 29.1982
f 1858/5272/1449 1859/5273/1449 1874/5353/1449

vt -11.9146 29.3743
f 1860/5354/1449 1874/5353/1449 1859/5273/1449

vt -13.106 28.5086
f 1861/5355/1449 1874/5353/1449 1860/5354/1449

v 61.2967 21.3064 -4.12586
vt -12.9562 28.3998
f 1861/5355/1449 1875/5356/1449 1874/5353/1449

f 1867/5325/1449 1875/5356/1449 1861/5355/1449

f 1867/5325/1449 1868/5326/1449 1875/5356/1449

usemtl _Gainsboro_3
vt -4.69345 25.6288
vt -4.47762 26.1715
vt -5.47226 26.935
vn -0.123693 -0.108542 0.986366
vt -5.9742 25.6729
f 1869/5357/1474 1873/5358/1479 1875/5359/1483 1868/5360/1475 

vt -7.44828 22.5631
vt -6.96655 22.8933
vt -7.33156 24.0828
vt -8.45187 23.3148
f 1873/5361/1479 1872/5362/1478 1874/5363/1482 1875/5364/1483 

usemtl Durango
vt -25.221 25.7727
vt -28.4686 24.3193
vn 0.618331 -0.283093 0.733161
vt -25.3713 24.3077
f 1861/5365/1463 1864/5366/1484 1867/5367/1473

vt -24.6658 25.7164
vt -27.9123 25.8378
vt -27.9341 24.3102
f 1861/5368/1463 1862/5369/1464 1864/5370/1484

vt -25.3839 22.5911
vt -28.4811 22.6019
vt -27.7671 20.9782
f 1867/5371/1473 1864/5372/1484 1865/5373/1472

vt -21.7168 26.9842
v 53.8648 19.3881 -1.47888
vt -24.5622 26.3267
vn 0.193749 -0.325267 0.925561
vt -20.3423 23.9633
f 1863/5374/1466 1876/5375/1485 1832/5376/1427

vt -21.4283 26.1571
v 54.2651 21.683 -0.994693
vt -23.9874 27.9597
vn 0.178685 -0.138125 0.974163
vt -24.2757 25.5086
f 1863/5377/1466 1877/5378/1486 1876/5379/1485

vt -23.5395 28.52
vt -20.9886 26.706
vt -19.933 29.7048
f 1877/5380/1486 1863/5381/1466 1711/5382/1212

vt -16.87 21.2024
v 53.1442 22.0502 -0.917226
vt -21.6533 20.4367
vn 0.0920751 -0.201913 0.975066
vt -20.4883 20.0542
f 1711/5383/1212 1878/5384/1487 1877/5385/1486

vt -29.6636 25.4436
vt -22.3213 24.6798
vt -17.5377 25.4436
f 1712/5386/1213 1878/5387/1487 1711/5388/1212

vt -20.2764 35.7789
vt -27.5957 36.7385
v 45.8579 22.1641 -0.461756
vt -27.8483 35.9275
vn 0.0281883 -0.6041 0.79641
f 1878/5389/1487 1712/5390/1213 1879/5391/1488

vt -26.9668 36.3556
vt -26.6994 37.1618
v 38.9006 22.2871 -0.227735
vt -34.1868 36.5152
vn 0 -0.511371 0.85936
f 1879/5392/1488 1712/5393/1213 1880/5394/1489

vt -33.5755 33.8692
vt -26.0817 34.4374
vt -33.5755 34.4374
f 1880/5395/1489 1712/5396/1213 1713/5397/1214

v 31.676 22.7853 -1.42109e-14
vt -41.0692 34.4374
vn -0.0599949 -0.261523 0.963331
f 1881/5398/1490 1880/5395/1489 1713/5397/1214

vt -40.4376 37.9824
v 31.9432 22.1641 -0.461756
vt -40.1703 37.1762
vn -0.0281883 -0.6041 0.79641
vt -32.9502 37.3358
f 1881/5399/1490 1882/5400/1491 1880/5401/1489

vt -39.4696 38.7969
v 24.6569 22.0502 -0.917226
vt -46.7889 37.8374
vn -0.0920751 -0.201913 0.975066
vt -39.217 37.986
f 1881/5402/1490 1883/5403/1492 1882/5404/1491

vt -44.3165 25.1764
vt -36.9742 25.9402
v 20.075 22.7853 -1.44248
vt -49.1001 25.9402
vn -0.180371 -0.130755 0.974869
f 1883/5405/1492 1881/5406/1490 1884/5407/1493

vt -47.1274 29.5304
vt -49.1001 26.4385
vt -36.9742 26.4385
f 1716/5408/1217 1884/5409/1493 1881/5410/1490

vt -43.1272 27.2392
v 17.6458 22.7755 -2.00788
vt -47.7002 24.1458
vn -0.266784 -0.0913864 0.959414
vt -45.1132 24.1559
f 1716/5411/1217 1885/5412/1494 1884/5413/1493

v 12.9812 25.7577 -3.45453
vt -51.0978 24.711
vn -0.350262 0.296663 0.88843
vt -46.0347 21.6135
vt -41.4644 24.711
f 1886/5414/1495 1885/5415/1494 1716/5416/1217

vt -42.0804 28.0703
vt -47.1378 31.1772
v 13.7783 22.7853 -3.45453
vt -46.3635 28.0804
vn -0.423247 -0.0286699 0.905561
f 1885/5417/1494 1886/5418/1495 1887/5419/1496

vt -38.089 30.7295
vt -38.8048 33.8403
v 9.77448 25.7577 -5.30793
vt -42.6467 33.8403
vn -0.594047 0.202508 0.778523
f 1887/5420/1496 1886/5421/1495 1888/5422/1497

vt -38.8048 1.76606
v 10.4585 27.8132 -6.01781
vt -42.4008 4.11778
vn -0.540696 0.0858502 0.836826
vt -42.6467 1.76606
f 1886/5423/1495 1889/5424/1498 1888/5425/1497

vt -43.8961 -3.61472
v 13.2035 27.8132 -4.77359
vt -44.2509 -1.09584
vn -0.261414 0.228515 0.937786
vt -47.377 -1.09584
f 1886/5426/1495 1890/5427/1499 1889/5428/1498

vt -52.4927 0.593819
vt -45.2703 2.26851
vt -52.5872 3.13581
f 1886/5429/1495 1717/5430/1218 1890/5431/1499

vt -43.9104 -4.15468
vt -51.0978 -5.97346
vt -41.4644 -5.97346
f 1717/5432/1218 1886/5433/1495 1716/5434/1217

vt -54.4198 -8.14548
vt -47.1346 -9.24691
v 19.2885 27.8132 -3.6251
vt -47.9967 -8.14548
vn -0.105829 0.448254 0.88762
f 1890/5435/1499 1717/5436/1218 1891/5437/1500

vt -58.7996 4.93766
vt -58.3599 3.60983
vt -57.7243 4.32849
vn -0.0242828 0.654174 0.755954
f 1891/5438/1500 1717/5439/1218 1743/5440/1501

vt -43.1087 -10.9056
vt -52.9273 -9.99726
vt -53.4045 -10.8296
f 1718/5441/1219 1743/5442/1501 1717/5443/1218

vt -47.5081 29.072
vt -46.3182 28.7383
vt -47.5081 29.5445
vn -0.181225 -0.10535 0.977783
f 1891/5444/1500 1743/5445/1501 1744/5446/1502

vt -54.4198 29.072
vt -47.9967 29.072
vt -47.9967 29.5445
f 1890/5447/1499 1891/5448/1500 1744/5449/1502

vt -55.285 38.5812
vt -48.8638 39.0785
v 13.2035 28.2686 -4.62177
vt -55.2596 39.0785
vn -0.310337 -0.322065 0.894408
f 1890/5450/1499 1744/5451/1502 1892/5452/1503

usemtl _Goldenrod_
vt -49.2531 30.0415
vn -0.142115 -0.00229344 0.989848
vt -55.2596 27.7577
vn -0.230709 -0.0183822 0.972849
vt -48.8638 27.7577
vn -0.161437 0.0496616 0.985633
f 1745/5453/1504 1892/5454/1505 1744/5455/1506

vt -56.6086 31.2929
vt -50.6023 33.5773
v 13.2035 30.4506 -4.50234
vt -56.5934 33.5595
vn -0.296875 -0.0725718 0.952155
f 1892/5456/1505 1745/5457/1504 1893/5458/1507

usemtl _PaleTurquoise_1
vt -50.7973 33.5654
vn -0.156615 0.0162742 0.987526
vt -56.591 32.7831
vn -0.208135 0.0496281 0.97684
vt -50.5999 32.8008
vn -0.12255 -0.0298383 0.992014
f 1746/5459/1508 1893/5460/1509 1745/5461/1510

vt -50.28 29.6215
v 13.5218 35.4961 -4.88746
vt -55.8014 34.0888
vn -0.269523 0.0678692 0.960599
vt -56.0733 28.8367
f 1746/5462/1508 1894/5463/1511 1893/5464/1509

vt -53.2319 37.2446
vt -47.6977 32.793
vt -48.1916 37.3998
vn -0.208996 -0.00543321 0.977901
f 1894/5465/1511 1746/5466/1508 1747/5467/1512

usemtl Durango
vt -48.0248 37.282
vt -53.1955 36.0507
vn -0.290229 0.235957 0.927411
vt -48.1552 36.2059
vn -0.209875 0.0260256 0.977382
f 1762/5468/1280 1894/5469/1513 1747/5470/1514

vt -49.1365 16.2653
vt -43.9954 17.6147
vt -50.5185 16.9217
f 1894/5471/1513 1762/5472/1280 1763/5473/1279

vt -47.0958 24.2742
v 10.3976 35.2342 -6.09372
vt -49.1702 23.3726
vn -0.562612 0.428899 0.706762
vt -45.6972 23.654
f 1763/5474/1279 1895/5475/1515 1894/5476/1513

vt -28.4464 -24.4029
vt -26.2592 -24.5912
vt -24.4556 -23.2262
f 1764/5477/1281 1895/5478/1515 1763/5479/1279

vt -22.6729 25.4847
vt -24.8649 25.6066
v 8.83106 34.7611 -7.79417
vt -25.0697 24.9869
vn -0.810873 0.204053 0.548496
f 1895/5480/1515 1764/5481/1281 1896/5482/1516

vt -13.8728 20.5649
vt -9.78807 19.1951
vt -9.61264 19.8238
f 1765/5483/1282 1896/5484/1516 1764/5485/1281

vt -17.8928 8.44958
v 7.5984 33.6306 -8.91743
vt -15.4906 5.72754
vn -0.933979 0.18322 0.306778
vt -13.8348 7.00255
vn -0.78968 0.3925 0.47154
f 1765/5486/1393 1897/5487/1517 1896/5488/1518

vt 1.99064 27.109
vt 7.12913 28.4178
vt 4.51089 30.9327
f 1813/5489/1395 1897/5490/1517 1765/5491/1393

vt 1.2014 30.3045
vt 5.0542 28.3586
vt 6.34098 31.6092
f 1813/5492/1395 1816/5493/1398 1897/5494/1517

usemtl _PaleTurquoise_1
v 8.80394 30.4506 -6.86098
vt -8.14249 35.025
vn -0.761136 0.0832455 0.643228
vt -10.6101 38.3272
vn -0.825423 0.0506712 0.562236
vt -11.8978 35.077
vn -0.892044 -0.0475272 0.449442
f 1898/5495/1519 1897/5496/1520 1816/5497/1521

vt -25.7101 22.0251
vt -26.4123 26.5457
vn -0.742099 0.146284 0.654133
vt -28.1332 25.3601
f 1898/5498/1519 1896/5499/1522 1897/5500/1520

vt -24.678 22.1355
vt -22.9937 27.1504
vn -0.590445 0.110773 0.79944
vt -25.3908 26.6545
f 1898/5501/1519 1895/5502/1523 1896/5503/1522

vt -34.0346 31.7858
vt -35.8221 26.8067
v 10.3826 30.4506 -5.59473
vt -33.7229 26.8067
vn -0.45415 0.0923692 0.886124
f 1895/5504/1523 1898/5505/1519 1899/5506/1524

usemtl _Goldenrod_
vt -33.7229 37.7933
vn -0.496316 -0.10935 0.861227
vt -35.8221 37.7933
vn -0.790598 -0.133622 0.597578
v 10.4585 28.2686 -5.82803
vt -33.8129 35.5176
vn -0.530912 -0.121711 0.838641
f 1899/5507/1525 1898/5508/1526 1900/5509/1527

v 8.61416 28.2686 -7.73952
vt -28.8507 42.1199
vn -0.806831 -0.158929 0.569004
vt -26.0955 42.1199
vt -28.0582 44.4358
f 1901/5510/1528 1900/5511/1527 1898/5512/1526

usemtl Durango
vt -26.0955 50.8367
vn -0.592593 -0.340521 0.729985
vt -28.8507 50.8367
vn -0.824477 -0.153149 0.544778
v 8.61416 27.8132 -8.00522
vt -29.049 50.327
vn -0.774724 0.0796164 0.627267
f 1900/5513/1529 1901/5514/1530 1902/5515/1531

vt -17.0242 46.9283
vt -13.5437 46.9283
vt -13.3059 47.4208
f 1818/5516/1403 1902/5517/1531 1901/5518/1530

v 7.30696 25.7577 -7.91646
vt -14.1491 -10.6005
vn -0.844788 0.186343 0.501606
vt -13.5437 -8.14572
vt -17.0242 -8.14572
f 1903/5519/1532 1902/5520/1531 1818/5521/1403

vt -25.5719 -3.89314
vt -28.4315 -1.51735
vt -29.2964 -3.89314
f 1888/5522/1497 1902/5523/1531 1903/5524/1532

vt -24.9633 -3.28089
vt -25.0204 -0.917036
vt -27.8328 -0.917036
f 1888/5525/1497 1889/5526/1498 1902/5527/1531

vt -27.8328 45.1045
vt -25.0204 45.1045
vt -24.8761 45.5956
f 1902/5528/1531 1889/5529/1498 1900/5530/1529

vt -44.7411 44.6752
vt -47.8512 44.6752
vt -47.9304 44.1695
f 1892/5531/1503 1900/5532/1529 1889/5533/1498

usemtl _Goldenrod_
vt -44.7411 31.9045
vt -44.6913 34.1706
vt -47.8512 31.9045
f 1892/5534/1505 1893/5535/1507 1900/5536/1527

vt -49.9378 34.4606
vt -46.7861 36.7381
vt -49.9238 36.7381
f 1900/5537/1527 1893/5538/1507 1899/5539/1525

usemtl _PaleTurquoise_1
vt -46.6224 32.6243
vt -49.9238 27.3677
vt -46.7861 27.3677
f 1894/5540/1511 1899/5541/1524 1893/5542/1509

vt -49.6155 27.1315
vt -46.3174 32.3902
vt -49.7911 32.1172
f 1899/5543/1524 1894/5544/1511 1895/5545/1523

usemtl Durango
vt -47.377 41.8399
vt -44.2509 41.8399
vt -44.1859 42.3337
f 1889/5546/1498 1890/5547/1499 1892/5548/1503

v 9.77448 22.7853 -5.30793
vt -25.5719 23.8568
vn -0.59155 -0.0325557 0.805611
vt -25.5719 26.94
vt -29.2964 26.94
f 1904/5549/1533 1888/5550/1497 1903/5551/1532

vt -47.3252 26.94
vt -47.3252 23.8568
vt -42.7489 23.8568
f 1888/5552/1497 1904/5553/1533 1887/5554/1496

vt -47.3252 18.1184
v 12.4263 21.7697 -3.95353
vt -44.2389 17.0583
vn -0.425245 -0.0450428 0.903957
vt -42.7489 18.1184
f 1904/5555/1533 1905/5556/1534 1887/5557/1496

vt -41.0109 26.5028
vt -44.0987 27.559
v 11.114 20.1851 -4.79443
vt -42.6233 24.855
vn -0.488358 -0.213472 0.84613
f 1905/5558/1534 1904/5559/1533 1906/5560/1535

vt -29.2964 37.9659
vt -24.2302 35.1932
vt -25.5719 37.9659
f 1821/5561/1408 1906/5562/1535 1904/5563/1533

vt -28.9782 26.7741
vt -34.0788 29.4831
vt -31.9956 23.9364
f 1906/5564/1535 1821/5565/1408 1822/5566/1409

vt -41.3125 33.8172
vt -42.6718 37.0878
vt -45.5388 34.0981
f 1823/5567/1411 1906/5568/1535 1822/5569/1409

vt -50.5021 32.1274
vt -48.9889 28.9252
v 12.595 18.5185 -4.75759
vt -49.0386 30.3364
vn -0.287174 -0.274962 0.917566
f 1906/5570/1535 1823/5571/1411 1907/5572/1536

vt -55.1196 26.5879
vt -53.739 26.9302
vt -55.2251 27.9959
f 1823/5573/1411 1825/5574/1415 1907/5575/1536

vt -65.8805 18.9045
vn 0.54531 0.351013 0.761201
vt -64.5384 17.6625
vn 0.173058 0.726526 0.664989
v 13.0223 18.8113 -5.19871
vt -65.2771 19.2705
vn 0.553644 0.337581 0.761261
f 1907/5576/1537 1825/5577/1538 1908/5578/1539

vt -63.5679 25.2206
vt -62.9847 23.55
v 14.1883 18.009 -5.31148
vt -62.5269 24.1789
vn 0.213844 0.70981 0.671149
f 1908/5579/1539 1825/5580/1538 1909/5581/1540

vt -56.4485 -12.0572
v 15.6009 18.009 -5.168
vt -54.8926 -11.2837
vn -0.208888 0.715736 0.666399
vt -56.3653 -11.2837
f 1825/5582/1538 1910/5583/1541 1909/5584/1540

vt -49.6966 -23.0326
vt -51.1483 -23.9875
vt -48.7709 -24.0624
vn -0.138433 0.846969 0.513303
f 1910/5585/1541 1825/5586/1538 1826/5587/1542

vt -47.6924 -24.6717
vt -45.3142 -24.6717
vn -0.447554 0.400928 0.799345
vt -48.6412 -23.6632
f 1826/5588/1542 1827/5589/1543 1910/5590/1541

vt -35.8925 4.87319
v 16.7204 18.8113 -4.82307
vt -38.1292 6.29607
vn -0.567244 0.0602633 0.821342
vt -39.3235 5.43429
f 1827/5591/1543 1911/5592/1544 1910/5593/1541

v 18.9938 18.5689 -3.06296
vt -25.9687 20.5698
vn -0.626885 -0.0729836 0.775686
vt -28.9509 20.8212
vt -26.684 19.447
f 1912/5594/1545 1911/5595/1544 1827/5596/1543

vt -28.7547 23.1127
vt -25.7725 22.8608
v 17.1193 20.1093 -4.40844
vt -28.1638 24.4617
vn -0.62904 -0.199886 0.751235
f 1911/5597/1544 1912/5598/1545 1913/5599/1546

v 19.3733 20.1196 -2.45004
vt -22.2308 28.6214
vn -0.618331 -0.283093 0.733161
vt -25.328 28.6106
vt -22.9448 26.9977
f 1914/5600/1547 1913/5601/1546 1912/5602/1545

vt -22.2876 41.6519
v 16.6452 21.4073 -4.08248
vt -25.5352 43.1053
vn -0.527965 -0.501252 0.685565
vt -25.3848 41.6402
f 1914/5603/1547 1915/5604/1548 1913/5605/1546

v 19.0697 21.5184 -2.10282
vt -24.5953 38.9344
vn -0.547676 -0.463231 0.696756
vt -27.8418 38.813
vt -24.5735 37.4067
f 1916/5606/1549 1915/5607/1548 1914/5608/1547

vt -26.5422 53.093
vn -0.358206 -0.732175 0.579318
vt -28.6795 51.3169
vt -25.4339 51.4612
f 1885/5609/1550 1915/5610/1548 1916/5611/1549

vt -31.8513 53.6311
v 15.4791 22.2095 -3.96971
vt -34.8374 52.8438
vn -0.213398 -0.785806 0.580491
vt -33.8762 51.7279
f 1885/5612/1550 1917/5613/1551 1915/5614/1548

vt -44.708 50.9337
vt -41.8852 52.186
vt -46.1682 52.2075
vn 0.0678383 -0.765033 0.640408
f 1917/5615/1551 1885/5616/1550 1887/5617/1552

vt -54.8926 39.6436
vt -56.5938 40.5713
v 14.0666 22.2095 -4.11319
vt -56.3653 39.6436
vn 0.100332 -0.726915 0.679359
f 1917/5618/1551 1887/5619/1552 1918/5620/1553

vt -65.3443 20.6587
v 12.9471 21.4073 -4.45812
vt -65.7844 18.7413
vn 0.330164 -0.583363 0.742077
vt -64.8237 19.8575
f 1887/5621/1552 1919/5622/1554 1918/5623/1553

vt -66.2542 21.3185
vn 0.423322 -0.487398 0.763703
vt -65.5786 20.8179
vt -65.0809 22.7212
f 1905/5624/1555 1919/5625/1554 1887/5626/1552

vt -65.895 17.2015
v 12.5482 20.1093 -4.87275
vt -65.2878 15.3246
vn 0.546564 -0.259125 0.796318
vt -65.1607 16.7918
f 1905/5627/1555 1920/5628/1556 1919/5629/1554

v 11.9744 20.1399 -4.45126
vt -65.2394 14.1247
vn 0.61543 -0.0839621 0.783707
vt -64.501 14.0903
vt -65.1549 15.9515
f 1921/5630/1557 1920/5631/1556 1905/5632/1555

vt -64.9678 21.3292
vt -63.6328 19.9509
vt -64.2293 21.2974
f 1921/5633/1557 1908/5634/1539 1920/5635/1556

vt -62.1914 21.9536
vt -61.5554 22.2594
vt -62.8803 23.6476
f 1907/5636/1537 1908/5637/1539 1921/5638/1557

vt -47.7036 34.7569
vt -46.2711 32.9409
vt -46.7429 34.7077
vn -0.370446 -0.24117 0.896999
f 1906/5639/1535 1907/5640/1536 1921/5641/1558

vt -46.4474 30.7923
vt -48.0375 29.1229
vt -47.0768 29.0753
f 1905/5642/1534 1906/5643/1535 1921/5644/1558

usemtl _Silver_1
vt -57.5567 27.5779
vn -0.0971415 -0.275637 0.956341
v 13.1631 18.9121 -5.15534
vt -57.4069 27.6867
vt -58.0118 28.9785
f 1908/5645/1559 1922/5646/1559 1920/5647/1559

v 14.2385 18.1723 -5.25935
vt -56.3081 26.8883
f 1908/5645/1559 1923/5648/1559 1922/5646/1559

vt -56.3653 26.7122
f 1909/5649/1559 1923/5648/1559 1908/5645/1559

v 15.5412 18.1723 -5.12702
vt -54.9498 26.8883
f 1923/5648/1559 1909/5649/1559 1924/5650/1559

vt -54.8926 26.7122
f 1910/5651/1559 1924/5650/1559 1909/5649/1559

vt -53.7011 27.5779
f 1924/5650/1559 1910/5651/1559 1911/5652/1559

v 16.5738 18.9121 -4.80889
vt -53.851 27.6867
f 1924/5650/1559 1911/5652/1559 1925/5653/1559

vt -53.246 28.9785
f 1925/5653/1559 1911/5652/1559 1913/5654/1559

v 16.9417 20.1093 -4.42648
vt -53.4312 28.9785
f 1925/5653/1559 1913/5654/1559 1926/5655/1559

vt -53.7011 30.3791
f 1926/5655/1559 1913/5654/1559 1915/5656/1559

v 16.5044 21.3064 -4.12586
vt -53.851 30.2703
f 1926/5655/1559 1915/5656/1559 1927/5657/1559

v 15.429 22.0463 -4.02184
vt -54.9498 31.0687
f 1927/5657/1559 1915/5656/1559 1928/5658/1559

vt -54.8926 31.2448
f 1928/5658/1559 1915/5656/1559 1917/5659/1559

v 14.1262 22.0463 -4.15418
vt -56.3081 31.0687
f 1928/5658/1559 1917/5659/1559 1929/5660/1559

vt -56.3653 31.2448
f 1918/5661/1559 1929/5660/1559 1917/5659/1559

vt -57.5567 30.3791
f 1919/5662/1559 1929/5660/1559 1918/5661/1559

v 13.0937 21.3064 -4.4723
vt -57.4069 30.2703
f 1919/5662/1559 1930/5663/1559 1929/5660/1559

f 1920/5647/1559 1930/5663/1559 1919/5662/1559

v 12.7258 20.1093 -4.85471
vt -57.8267 28.9785
f 1920/5647/1559 1931/5664/1559 1930/5663/1559

f 1920/5647/1559 1922/5646/1559 1931/5664/1559

usemtl _Gainsboro_3
vt -46.9077 35.7914
vn -0.354649 -0.264949 0.896675
vt -46.602 34.468
vn -0.29685 -0.411075 0.861915
v 14.1006 19.5526 -4.52696
vt -45.4572 35.1761
vn -0.231864 -0.368588 0.900212
v 13.9126 20.0674 -4.39769
vt -45.5887 35.7451
vn -0.270721 -0.270635 0.923832
f 1931/5665/1560 1922/5666/1561 1932/5667/1562 1933/5668/1563 

vt -50.9129 36.8829
vt -49.8709 36.0116
vn -0.165568 -0.499788 0.850176
v 14.563 19.2345 -4.57168
vt -49.3499 37.2625
vn -0.14377 -0.428064 0.892239
vt -49.798 37.6371
f 1922/5669/1561 1923/5670/1564 1934/5671/1565 1932/5672/1562 

vt -55.9011 33.7758
vt -56.3081 32.4833
vt -54.9498 32.4833
vn -0.00725866 -0.501484 0.865137
v 15.1232 19.2345 -4.51478
vt -55.317 33.7758
vn -0.0375721 -0.429257 0.9024
f 1934/5673/1565 1923/5674/1564 1924/5675/1566 1935/5676/1567 

vt -60.1618 27.805
vt -59.6778 26.5516
vt -58.6373 27.4246
vn 0.122931 -0.413681 0.902084
v 15.5672 19.5526 -4.37799
vt -59.7144 28.1804
vn 0.0497864 -0.370469 0.92751
f 1935/5677/1567 1924/5678/1566 1925/5679/1568 1936/5680/1569 

vt -61.607 24.4308
vt -60.4983 23.7222
vt -60.1966 25.0465
vn 0.175129 -0.26429 0.948409
v 15.7254 20.0674 -4.21355
vt -61.4772 25.0002
vn 0.0848441 -0.270327 0.959023
f 1936/5681/1569 1925/5682/1568 1926/5683/1570 1937/5684/1571 

v 15.5374 20.5822 -4.08428
vt -61.5947 24.0264
vn 0.0503213 -0.165827 0.98487
vt -61.3788 23.4837
vt -60.0981 23.5278
vt -60.6 24.79
vn 0.123693 -0.108542 0.986366
f 1938/5685/1572 1937/5686/1571 1926/5687/1570 1927/5688/1573 

v 14.0708 20.5822 -4.23325
vt -56.3736 29.5879
vn -0.243532 -0.168366 0.955168
vt -56.5541 29.0325
vt -56.3736 28.477
vt -55.9011 28.1337
vt -55.317 28.1337
vt -54.8445 28.477
vt -54.664 29.0325
vt -54.8445 29.5879
v 15.0749 20.9003 -4.03956
vt -55.317 29.9312
vn -0.0429663 -0.100173 0.994042
v 14.5147 20.9003 -4.09646
vt -55.9011 29.9312
vn -0.156707 -0.101714 0.982394
f 1939/5689/1574 1933/5690/1563 1932/5691/1562 1934/5692/1565 1935/5693/1567 1936/5694/1569 1937/5695/1571 1938/5696/1572 1940/5697/1575 1941/5698/1576 

vt -47.1862 29.1074
vt -45.8671 29.0632
vt -45.6521 29.6063
vt -46.6862 30.3702
vn -0.313989 -0.112439 0.942745
f 1931/5699/1560 1933/5700/1563 1939/5701/1574 1930/5702/1577 

vt -51.2151 24.0285
vt -50.1723 23.2766
vt -49.6906 23.6069
vt -50.0949 24.7966
vn -0.184576 -0.0130864 0.982731
f 1930/5703/1577 1939/5704/1574 1941/5705/1576 1929/5706/1578 

vt -56.3081 22.5775
vt -55.9011 21.3887
vt -55.317 21.3887
vt -54.9498 22.5775
vn -0.0152004 -0.0107589 0.999827
f 1929/5707/1578 1941/5708/1576 1940/5709/1575 1928/5710/1579 

vt -60.0158 22.7161
vt -59.534 22.3859
vt -58.5305 23.1376
vt -59.6508 23.9056
f 1940/5711/1575 1938/5712/1572 1927/5713/1573 1928/5714/1579 

usemtl Durango
vt -46.3341 33.8928
vn -0.24309 -0.292567 0.924831
vt -45.1638 35.2761
vt -47.7508 35.2655
f 1916/5715/1580 1884/5716/1493 1885/5717/1494

vt -44.6172 33.3454
v 21.2307 19.9953 -1.96638
vt -42.4189 31.6999
vn -0.239339 -0.271274 0.93227
vt -43.4298 34.7141
f 1916/5718/1580 1942/5719/1581 1884/5720/1493

vt -42.2266 31.9562
vt -44.4229 33.6046
vt -44.2171 32.0907
vn -0.275695 -0.281256 0.919178
f 1942/5721/1581 1916/5722/1580 1914/5723/1582

vt -44.2497 31.7013
vt -43.6582 28.5577
vt -42.2592 31.5673
f 1914/5724/1582 1828/5725/1418 1942/5726/1581

vt -41.4074 29.5233
vt -41.9518 32.6755
vt -42.5288 30.9982
vn -0.286952 -0.266065 0.920254
f 1828/5727/1418 1914/5728/1582 1912/5729/1583

vt -45.268 27.9662
vt -43.4722 27.665
vt -44.6128 29.1251
f 1827/5730/1417 1828/5731/1418 1912/5732/1583

v 23.9363 19.3881 -1.47888
vt -40.5924 30.988
vn -0.193749 -0.325267 0.925561
vt -43.4378 31.6455
vt -44.8124 28.6247
f 1943/5733/1584 1942/5734/1581 1828/5735/1418

v 23.536 21.683 -0.994693
vt -41.3564 31.649
vn -0.178685 -0.138125 0.974163
vt -43.9155 29.8464
vt -41.0681 29.1979
f 1944/5736/1585 1942/5737/1581 1943/5738/1584

vt -44.6222 30.4549
vt -42.0713 32.2689
vt -45.6778 33.4537
f 1942/5739/1581 1944/5740/1585 1884/5741/1493

vt -45.1666 19.8211
vt -49.9499 20.5868
vt -46.3316 19.4386
f 1883/5742/1492 1884/5743/1493 1944/5744/1585

v 25.5326 21.6233 -1.39396
vt -51.8134 30.3808
vn 0.0609914 -0.733378 0.67708
vt -52.7941 30.9319
vn 0.0568476 -0.689608 0.721949
vt -53.9249 30.4579
vn 0.235886 -0.4783 0.845923
f 1945/5745/1586 1883/5746/1587 1944/5747/1588

vt -46.1228 38.5056
vt -39.4375 39.384
vn -0.00730136 -0.844486 0.535528
vt -47.0086 39.199
f 1945/5748/1586 1882/5749/1589 1883/5750/1587

vt -40.7921 37.7403
vt -47.4415 36.6225
v 32.3421 21.6233 -1.39396
vt -40.3782 36.6225
vn 7.75309e-10 -0.864993 0.501784
f 1882/5751/1589 1945/5752/1586 1946/5753/1590

usemtl _DimGray_
v 32.4077 21.546 -2.09145
vt -40.3102 30.7879
vn 1.59255e-10 -0.993914 0.110159
vt -40.3782 31.5158
vt -47.4415 31.5158
vn 0.127189 -0.982879 0.133313
v 25.6663 21.546 -2.09145
vt -47.3028 30.7879
vn 0.16122 -0.979148 0.123599
f 1947/5754/1591 1946/5755/1591 1945/5756/1592 1948/5757/1593 

v 38.9006 21.546 -2.09145
vt -33.5755 30.7879
vn -4.90698e-19 -0.993914 0.110159
v 38.9006 21.6233 -1.39396
vt -33.5755 31.5158
f 1949/5758/1594 1950/5759/1594 1946/5755/1591 1947/5754/1591 

v 45.3934 21.546 -2.09145
vt -26.8407 30.7879
vn -1.59255e-10 -0.993914 0.110159
v 45.459 21.6233 -1.39396
vt -26.7727 31.5158
f 1950/5759/1594 1949/5758/1594 1951/5760/1595 1952/5761/1595 

vt 26.8407 -21.7355
vn 3.44666e-10 -0.96657 -0.256402
vt 33.5755 -21.7355
vn 1.3213e-18 -0.96657 -0.256402
v 38.9006 21.7795 -2.97194
vt 33.5755 -20.7906
vn 1.35153e-18 -0.979193 0.202931
v 45.3934 21.7795 -2.97194
vt 26.8407 -20.7906
vn 3.08278e-10 -0.979193 0.202931
f 1951/5762/1596 1949/5763/1597 1953/5764/1598 1954/5765/1599 

vt 40.3102 -21.7355
vn -3.44666e-10 -0.96657 -0.256402
v 32.4077 21.7795 -2.97194
vt 40.3102 -20.7906
vn -3.08278e-10 -0.979193 0.202931
f 1949/5763/1597 1947/5766/1600 1955/5767/1601 1953/5764/1598 

vt 47.3028 -21.7355
vn 0.122611 -0.959277 -0.254467
v 25.6663 21.7795 -2.97194
vt 47.3028 -20.7906
vn 0.109499 -0.972059 0.207631
f 1947/5766/1600 1948/5768/1602 1956/5769/1603 1955/5767/1601 

vt 13.8921 -42.2425
v 24.6291 21.2944 -2.15817
vt 14.7094 -42.9923
vn 0.852253 -0.505641 -0.134131
v 24.6291 21.528 -3.03866
vt 15.3482 -42.2961
vn 0.698363 -0.561302 0.444105
vt 14.5309 -41.5463
f 1948/5770/1602 1957/5771/1604 1958/5772/1605 1956/5773/1603 

v 24.485 21.3342 -1.47143
vt -46.6111 -25.4705
vn 0.620625 -0.75975 0.193919
vt -45.9009 -25.6349
vn 0.926708 -0.286843 0.242763
vt -45.518 -24.5939
f 1959/5774/1606 1957/5775/1607 1948/5776/1593

vt -37.3841 28.2754
vt -38.1119 28.3171
v 24.8591 19.5271 -1.95562
vt -37.5431 26.4217
vn 0.744621 0.55676 0.368182
f 1957/5777/1607 1959/5778/1606 1960/5779/1608

usemtl Durango
vt -56.5358 22.4916
vn 0.352797 -0.320527 0.879089
vt -57.0328 20.4541
vn 0.424698 0.0944452 0.900395
vt -55.9556 20.5997
vn 0.378885 0.304917 0.873769
f 1959/5780/1609 1943/5781/1610 1960/5782/1611

vt -56.7391 20.9287
vt -56.2241 22.9617
vt -57.3248 23.3261
f 1943/5783/1610 1959/5784/1609 1944/5785/1588

vt -51.7282 30.6635
vt -53.8395 30.7461
vt -52.7852 30.2635
f 1945/5786/1586 1944/5787/1588 1959/5788/1609

usemtl _DimGray_
vt -48.9688 -17.6902
vt -49.6583 -17.419
vt -50.1566 -18.4334
f 1948/5789/1593 1945/5790/1592 1959/5791/1606

usemtl Durango
v 26.2583 18.2865 -1.71129
vt -54.1974 11.78
vn 0.245141 0.565378 0.787562
vt -55.4399 13.2909
vt -56.5136 13.1216
f 1961/5792/1612 1960/5793/1611 1943/5794/1610

vt -54.7717 12.3454
vt -53.4781 10.878
v 27.0292 18.6598 -2.18803
vt -52.5622 11.3195
vn 0.169063 0.596401 0.784681
f 1960/5795/1611 1961/5796/1612 1962/5797/1613

v 31.3026 17.5522 -1.86623
vt -45.6102 -1.00713
vn 0.0840502 0.650956 0.754448
vt -49.9278 0.55442
vt -50.7978 0.0282109
f 1963/5798/1614 1962/5799/1613 1961/5800/1612

vt -49.1651 1.66737
vt -44.8125 0.206329
v 31.7435 18.0815 -2.34297
vt -44.2952 0.904616
vn 0.0521434 0.63472 0.770981
f 1962/5801/1613 1963/5802/1614 1964/5803/1615

v 38.9006 17.2768 -1.92434
vt -34.6693 -4.19088
vn -9.54594e-18 0.642763 0.766065
vt -42.0704 -3.08591
vt -42.5467 -3.81276
f 1965/5804/1616 1964/5805/1615 1963/5806/1614

vt -41.899 -2.16799
vt -34.4934 -3.24245
v 38.9006 17.8647 -2.40107
vt -34.4773 -2.4575
vn -1.73528e-17 0.629839 0.776725
f 1964/5807/1615 1965/5808/1616 1966/5809/1617

vt -32.6216 -4.62372
vn -1.04137e-17 0.642763 0.766065
v 46.0576 18.0815 -2.34297
vt -25.2161 -3.54926
vn -0.0521434 0.63472 0.770981
vt -32.6378 -3.83877
f 1965/5810/1618 1967/5811/1619 1966/5812/1617

vt -25.0292 -4.80533
vt -32.4303 -5.9103
v 46.4985 17.5522 -1.86623
vt -24.5529 -5.53218
vn -0.0840502 0.650956 0.754448
f 1967/5813/1619 1965/5814/1618 1968/5815/1620

vt -33.4236 19.534
vn -1.10966e-18 -0.38282 0.923823
vt -25.5422 20.2626
vn 0.0115403 -0.245652 0.969289
vt -33.4235 19.9763
vn 8.67374e-19 -0.0649271 0.99789
f 1830/5816/1621 1968/5817/1622 1965/5818/1623

vt -26.2979 26.7396
vt -34.1752 25.9687
vt -24.5557 26.1077
f 1968/5819/1622 1830/5820/1421 1831/5821/1426

vt -26.2855 26.7667
vt -24.5434 26.1346
v 51.5428 18.2865 -1.71129
vt -21.0577 27.5747
vn 0.0815448 -0.433715 0.897353
f 1968/5822/1622 1831/5823/1426 1969/5824/1624

vt -23.7396 29.9862
vt -27.1615 28.4007
vt -17.2749 28.6765
f 1969/5825/1624 1831/5826/1426 1832/5827/1427

vt -24.2176 28.6704
vt -17.7416 27.418
vt -21.8647 29.9465
f 1969/5828/1624 1832/5829/1427 1876/5830/1485

v 52.942 19.5271 -1.95562
vt -6.55554 -0.229548
vn -0.378885 0.304917 0.873769
vt -7.79805 -1.74039
vn -0.245141 0.565378 0.787562
vt -5.48183 -0.398885
vn -0.424698 0.0944452 0.900395
f 1970/5831/1625 1969/5832/1626 1876/5833/1627

vt -10.1309 0.535764
vt -8.83735 2.00315
v 50.7719 18.6598 -2.18803
vt -11.0468 0.977231
vn -0.169063 0.596401 0.784681
f 1969/5834/1626 1970/5835/1625 1971/5836/1628

usemtl _DimGray_
vt 0.0912738 -16.0481
vn -0.199936 0.832942 0.515978
vt 2.03418 -14.5786
vn -0.744621 0.55676 0.368182
v 50.6532 18.9677 -2.77538
vt -0.373661 -15.5264
vn -0.27436 0.852977 0.444024
f 1971/5837/1629 1970/5838/1630 1972/5839/1631

v 52.8016 19.7223 -2.5752
vt 5.62975 -19.0639
vn -0.733274 0.58302 0.349852
vt 3.88161 -20.6656
vt 6.18072 -19.4782
f 1973/5840/1632 1972/5841/1631 1970/5842/1630

vt 10.3579 -22.0983
vn -0.22779 0.941159 0.249661
vt 11.8123 -20.2258
vn -0.749772 0.639576 0.16966
v 52.8016 19.9559 -3.45569
vt 11.0661 -19.6462
vn -0.651529 0.428888 0.625752
v 50.6532 19.2013 -3.65587
vt 9.61169 -21.5187
vn -0.203452 0.725287 0.657697
f 1972/5843/1633 1973/5844/1634 1974/5845/1635 1975/5846/1636 

vt 26.8087 15.7433
v 53.172 21.2944 -2.15817
vt 27.263 17.4129
vn -0.852253 -0.505641 -0.134131
v 53.172 21.528 -3.03866
vt 26.3512 17.6609
vn -0.698363 -0.561302 0.444105
vt 25.897 15.9913
f 1973/5847/1634 1976/5848/1637 1977/5849/1638 1974/5850/1635 

vt 21.8284 16.4324
vt 22.4866 16.2275
vt 22.348 18.0828
vn -0.926708 -0.286843 0.242763
f 1973/5851/1632 1970/5852/1630 1976/5853/1639

v 53.3161 21.3342 -1.47143
vt 24.8759 18.5399
vn -0.620625 -0.75975 0.193919
vt 24.1481 18.4983
vt 24.3071 16.6446
f 1978/5854/1640 1976/5855/1639 1970/5856/1630

vt 18.0716 33.5272
vt 18.7818 33.6916
v 52.1348 21.546 -2.09145
vt 17.6887 34.5682
vn -0.16122 -0.979148 0.123599
f 1976/5857/1639 1978/5858/1640 1979/5859/1641

v 52.2685 21.6233 -1.39396
vt 14.6297 37.3107
vn -0.127189 -0.982879 0.133313
vt 13.9401 37.0395
vt 15.128 36.2963
f 1980/5860/1642 1979/5861/1641 1978/5862/1640

vt -19.8481 30.7879
vt -19.7094 31.5158
f 1952/5761/1595 1951/5760/1595 1979/5863/1641 1980/5864/1642 

vt 19.8481 -21.7355
vn -0.122611 -0.959277 -0.254467
v 52.1348 21.7795 -2.97194
vt 19.8481 -20.7906
vn -0.109499 -0.972059 0.207631
f 1979/5865/1643 1951/5762/1596 1954/5765/1599 1981/5866/1644 

v 31.8151 18.6982 -3.78932
vt -40.9249 25.8111
vn 0.0619224 0.747555 0.661307
v 38.9006 18.5096 -3.83936
vt -33.5755 25.6087
vn -3.33782e-12 0.74976 0.66171
v 45.986 18.6982 -3.78932
vt -26.226 25.8111
vn -0.0619224 0.747555 0.661307
vt -21.3849 26.351
vt -19.1565 27.1608
vt -18.7723 28.8478
vt -19.8481 29.1178
vt -26.8407 29.1178
vt -33.5755 29.1178
vt -40.3102 29.1178
vt -47.3028 29.1178
vt -48.3786 28.8478
v 24.9995 19.9559 -3.45569
vt -47.9944 27.1608
vn 0.651529 0.428888 0.625752
v 27.1479 19.2013 -3.65587
vt -45.766 26.351
vn 0.203452 0.725287 0.657697
f 1982/5867/1645 1983/5868/1646 1984/5869/1647 1975/5870/1636 1974/5871/1635 1977/5872/1638 1981/5873/1644 1954/5874/1599 1953/5875/1598 1955/5876/1601 1956/5877/1603 1958/5878/1605 1985/5879/1648 1986/5880/1649 

v 31.8151 18.4647 -2.90883
vt -43.6419 -17.3222
vn 0.0692434 0.96425 0.255786
v 38.9006 18.276 -2.95887
vt -36.3289 -18.0813
vn -3.73208e-12 0.96657 0.256402
vt -36.2313 -17.1414
vt -43.5443 -16.3823
f 1987/5881/1650 1988/5882/1651 1983/5883/1646 1982/5884/1645 

vt -34.8112 -10.6765
vn -1.99051e-12 0.815833 0.578288
vt -42.1553 -10.3292
vn 0.0842355 0.83927 0.53715
vt -42.2565 -11.0346
vn 0.0579892 0.816172 0.574892
f 1988/5885/1652 1987/5886/1653 1964/5887/1654

vt -50.7275 -3.63962
vn 0.199936 0.832942 0.515978
vt -45.9083 -4.67515
vt -45.7154 -3.98905
f 1962/5888/1655 1964/5889/1654 1987/5890/1653

vt -45.9884 -6.15988
v 27.1479 18.9677 -2.77538
vt -50.7419 -5.0962
vn 0.27436 0.852977 0.444024
vt -50.9957 -5.74732
f 1987/5891/1653 1989/5892/1656 1962/5893/1655

vt -53.0423 -1.39513
vn 0.22779 0.941159 0.249661
vt -48.5477 -3.27296
vt -48.1835 -2.40112
vt -52.678 -0.523281
f 1989/5894/1657 1987/5895/1650 1982/5896/1645 1986/5897/1649 

v 24.9995 19.7223 -2.5752
vt -50.5259 29.619
vn 0.749772 0.639576 0.16966
vt -49.0715 27.7464
vt -48.3253 28.326
vt -49.7796 30.1986
f 1990/5898/1658 1989/5899/1657 1986/5900/1649 1985/5901/1648 

vt -52.2165 20.0049
vt -53.9646 21.6067
vn 0.733274 0.58302 0.349852
vt -54.5156 21.1923
f 1989/5902/1656 1990/5903/1659 1960/5904/1608

vt -40.4515 26.2042
vt -39.7933 26.4092
vt -40.3129 28.0596
f 1960/5905/1608 1990/5906/1659 1957/5907/1607

vt -31.1774 31.8009
vt -30.7232 30.1313
vt -29.8114 30.3794
vt -30.2657 32.049
f 1957/5908/1604 1990/5909/1658 1985/5910/1648 1958/5911/1605 

vt -55.6685 17.3687
vt -53.7256 15.8993
vt -53.2606 16.421
f 1960/5912/1608 1962/5913/1655 1989/5914/1656

vt -42.3363 -9.77797
vt -34.9186 -10.1567
vn -4.63035e-13 0.804849 0.593479
vt -34.8901 -9.43835
f 1964/5915/1654 1966/5916/1660 1988/5917/1652

vt -32.1512 -12.8118
vt -24.7335 -12.4331
vn -0.0579892 0.816172 0.574892
vt -32.1796 -12.0935
f 1966/5918/1660 1967/5919/1661 1988/5920/1652

v 45.986 18.4647 -2.90883
vt -24.9242 -12.8875
vn -0.0842355 0.83927 0.53715
vt -32.2683 -13.2348
vt -24.823 -13.5929
f 1991/5921/1662 1988/5922/1652 1967/5923/1661

vt -30.4378 -25.0119
vt -23.1248 -24.2527
vn -0.0692434 0.96425 0.255786
vt -23.2224 -23.3129
vt -30.5354 -24.072
f 1988/5924/1651 1991/5925/1663 1984/5926/1647 1983/5927/1646 

vt -13.031 -29.0007
vt -8.53643 -27.1229
vt -8.90069 -26.251
vt -13.3952 -28.1289
f 1991/5928/1663 1972/5929/1633 1975/5930/1636 1984/5931/1647 

vt -14.7735 -17.9321
vt -19.527 -18.9958
vt -14.5197 -18.5832
f 1972/5932/1631 1991/5933/1662 1971/5934/1629

vt -19.8193 -15.8858
vt -15.0001 -14.8503
vt -20.0122 -15.1997
f 1967/5935/1661 1971/5936/1629 1991/5937/1662

usemtl Durango
vt -21.7777 -5.14351
vt -17.4251 -3.68247
vt -22.295 -4.44522
f 1968/5938/1620 1971/5939/1628 1967/5940/1619

vt -16.3104 -6.91866
vt -20.6279 -8.48022
vt -15.4404 -7.44487
f 1971/5941/1628 1968/5942/1620 1969/5943/1626

usemtl _DimGray_
vt 33.2842 1.03928
vt 34.1015 1.7891
vt 33.4627 2.48535
vt 32.6454 1.73553
f 1976/5944/1637 1979/5945/1643 1981/5946/1644 1977/5947/1638 

usemtl Durango
vt -19.7094 36.6225
vn -0.0609914 -0.733378 0.67708
vt -26.3589 37.7403
vn 0.00730136 -0.844486 0.535528
vt -26.7727 36.6225
vn -7.75309e-10 -0.864993 0.501784
f 1980/5948/1664 1879/5949/1665 1952/5950/1666

vt -27.6495 37.1299
vt -20.9642 36.2515
vt -20.0784 36.945
vn -0.0568476 -0.689608 0.721949
f 1879/5951/1665 1980/5952/1664 1878/5953/1667

vt -13.3238 37.9183
vt -14.3045 37.3671
vt -12.193 37.4442
vn -0.235886 -0.4783 0.845923
f 1878/5954/1667 1980/5955/1664 1877/5956/1668

vt -12.3264 38.3277
vt -14.4377 38.2451
vt -13.3807 37.8451
vn -0.352797 -0.320527 0.879089
f 1877/5957/1668 1980/5958/1664 1978/5959/1669

vt -4.9224 26.269
vt -4.40739 24.236
vt -3.82168 26.6334
f 1978/5960/1669 1876/5961/1627 1877/5962/1668

vt -2.0501 24.7967
vt -2.54714 26.8343
vt -3.12729 24.9423
f 1876/5963/1627 1978/5964/1669 1970/5965/1625

vt -33.5755 36.6225
vn 6.92552e-19 -0.867045 0.49823
f 1879/5949/1665 1950/5966/1670 1952/5950/1666

vt -33.6504 36.5056
vt -26.4363 37.6395
vt -33.6535 37.8975
vn -1.95157e-18 -0.869082 0.494668
f 1950/5967/1670 1879/5968/1665 1880/5969/1671

vt -40.7144 37.7895
vt -33.5003 36.6556
vn 7.01047e-19 -0.867045 0.49823
vt -33.4972 38.0475
f 1882/5970/1589 1950/5971/1672 1880/5972/1671

f 1950/5966/1672 1882/5751/1589 1946/5753/1590

vt -41.6078 20.2395
vn -0.0115403 -0.245652 0.969289
vt -33.7264 19.5109
vn -6.65793e-19 -0.38282 0.923823
vt -33.7265 19.9533
f 1963/5973/1673 1830/5974/1674 1965/5975/1623

vt -32.9606 26.4424
vt -40.8379 27.2132
vt -42.5801 26.5814
f 1830/5976/1421 1963/5977/1673 1829/5978/1420

vt -42.593 26.5999
vt -40.8509 27.232
vt -46.0787 28.04
vn -0.0815448 -0.433715 0.897353
f 1829/5979/1420 1963/5980/1673 1961/5981/1675

vt -39.5161 32.5117
vt -42.938 34.0972
vt -49.4027 32.7875
f 1829/5982/1420 1961/5983/1675 1828/5984/1418

vt -48.7785 31.5063
vt -42.3025 32.7587
vt -44.6554 34.0348
f 1828/5985/1418 1961/5986/1675 1943/5987/1584

vt -29.2964 23.8568
f 1903/5551/1532 1821/5988/1408 1904/5549/1533

vt 4.34978 26.9551
vt 7.91056 23.8568
vt 7.91056 26.94
f 1819/5989/1405 1821/5990/1408 1903/5991/1532

vt 10.6993 27.0231
vt 7.1414 30.1247
vt 7.43326 26.974
f 1821/5992/1408 1819/5993/1405 1820/5994/1407

vt 7.87416 18.2271
vt 4.76325 20.3752
vt 4.31338 18.2423
f 1903/5995/1532 1818/5996/1403 1819/5997/1405

vt -8.83707 13.9407
vt -12.5037 13.9407
vt -12.5565 13.4566
f 1901/5998/1530 1817/5999/1401 1818/6000/1403

usemtl _Goldenrod_
vt -7.93397 38.6098
vt -12.5037 36.3348
vn -0.889078 -0.10396 0.445795
vt -8.83707 36.3348
f 1898/6001/1526 1817/6002/1676 1901/6003/1528

vt -12.6556 36.62
vt -8.08643 38.8961
vt -11.8418 38.9484
vn -0.888372 -0.106171 0.44668
f 1817/6004/1676 1898/6005/1526 1816/6006/1677

usemtl _Silver_1
vt -42.018 35.2205
vt -40.5334 35.5095
vt -41.8932 36.2971
vn -0.37034 0.00656658 0.928873
f 1747/6007/1257 1749/6008/1259 1762/6009/1678

vt -38.7287 38.5408
vt -40.6482 38.4608
vt -39.288 37.674
f 1759/6010/1273 1762/6011/1678 1749/6012/1259

vt -40.678 39.1689
vt -38.7585 39.2488
vt -40.0825 40.2169
f 1762/6013/1678 1759/6014/1273 1760/6015/1274

usemtl Durango
vt -20.4423 27.8818
vt -22.157 28.0499
vt -21.0033 26.8149
vn -0.681568 0.188245 0.707128
f 1760/6016/1275 1761/6017/1276 1762/6018/1679

usemtl _Silver_1
vt -57.927 28.594
vt -59.0486 29.3812
vt -59.3418 28.3921
f 1750/6019/1260 1759/6020/1273 1749/6021/1259

vt -58.2461 29.782
vt -59.6978 30.2766
vt -58.6469 29.3971
f 1758/6022/1272 1759/6023/1273 1750/6024/1260

vt -29.807 -21.3893
vt -29.807 -21.945
v 20.814 36.0948 -4.62761
vt -29.2558 -21.945
vn 0.869387 -0.490747 0.0577446
v 21.2628 36.3858 -4.5978
vt -29.2558 -21.3893
vn 0.32085 -0.94689 0.021311
f 1758/6025/1272 1750/6026/1260 1992/6027/1680 1993/6028/1681 

vt -29.807 36.1611
vt -29.807 34.2943
v 20.7612 34.2958 -4.63112
vt -29.2558 34.2943
vn 0.9646 0.255816 0.0640686
vt -29.2558 36.1611
f 1750/6029/1260 1751/6030/1261 1994/6031/1682 1992/6032/1680 

vt -29.807 56.867
vt -29.807 56.1281
v 21.1308 33.6873 -4.60657
vt -29.2558 56.1281
vn 0.487414 0.87257 0.0323739
vt -29.2558 56.867
f 1751/6033/1261 1752/6034/1262 1995/6035/1683 1994/6036/1682 

vt 29.8088 -50.0615
vt 29.8082 -33.3724
v 37.1849 33.7403 -3.54025
vt 29.257 -33.3724
vn -0.405168 0.913846 -0.0269114
vt 29.2576 -50.0615
f 1752/6037/1262 1753/6038/1263 1996/6039/1684 1995/6040/1683 

vt 29.807 3.53312
vt 29.807 3.94107
v 37.4489 34.0313 -3.52272
vt 29.2558 3.94107
vn -0.933336 0.353612 -0.0619921
vt 29.2558 3.53312
f 1753/6041/1263 1754/6042/1265 1997/6043/1685 1996/6044/1684 

vt 29.807 36.0146
vt 29.807 38.3712
v 37.415 36.303 -3.52497
vt 29.2558 38.3712
vn -0.966553 -0.248301 -0.0641984
vt 29.2558 36.0146
f 1754/6045/1265 1755/6046/1268 1998/6047/1686 1997/6048/1685 

vt 29.807 49.0338
vt 29.807 49.5617
v 37.1774 36.7528 -3.54075
vt 29.2558 49.5617
vn -0.514673 -0.856705 -0.0341845
vt 29.2558 49.0338
f 1755/6049/1268 1756/6050/1269 1999/6051/1687 1998/6052/1686 

vt 35.3993 -27.5214
vt 47.1959 -26.7379
v 25.8046 36.7528 -4.29614
vt 47.1594 -26.1879
vn 0.040122 -0.999191 0.00266502
vt 35.3628 -26.9715
f 1756/6053/1269 1757/6054/1271 2000/6055/1688 1999/6056/1687 

vt -29.807 -42.0923
vt -29.807 -46.829
vt -29.2559 -46.829
vt -29.2559 -42.0923
f 1757/6057/1271 1758/6058/1272 1993/6059/1681 2000/6060/1688 

usemtl _DimGray_
vt -50.0415 37.9641
vt -50.508 37.6622
vt -50.5629 35.7962
vt -50.1787 35.165
vt -33.4898 35.22
vt -33.2153 35.5219
vt -33.2506 37.8782
vt -33.4976 38.3447
vt -45.3201 38.3447
f 1993/6061/1252 1992/6062/1252 1994/6063/1252 1995/6064/1252 1996/6065/1252 1997/6066/1252 1998/6067/1252 1999/6068/1252 2000/6069/1252 

usemtl Durango
vt -37.7709 23.8568
vt -37.7709 26.94
vt -47.9267 26.94
f 1881/6070/1490 1714/6071/1215 1716/6072/1217

vt -41.0692 23.8568
f 1714/4512/1215 1881/6073/1490 1713/4510/1214

vt -16.648 17.5927
vn -0.894301 0.251774 0.369912
vt -18.723 14.9983
vn -0.891307 0.232676 0.389146
vt -15.1896 15.709
vn -0.87955 0.19847 0.432437
f 1814/6074/1689 1687/6075/1690 1815/6076/1691

vt -10.4226 12.1855
vt -13.2679 10.7355
vn -0.90907 0.286733 0.302284
vt -12.4421 9.54761
f 1814/6077/1689 1685/6078/1692 1687/6079/1690

vt -11.8503 12.2098
vn -0.91556 0.313093 0.252433
vt -12.3773 8.88114
vt -9.53717 10.3414
f 1812/6080/1693 1685/6081/1692 1814/6082/1689

vt -4.36837 10.8344
vt -6.71909 9.07514
vt -4.78774 7.49044
f 1812/6083/1693 1686/6084/1344 1685/6085/1692

vt -4.28509 5.68848
vt -1.9544 7.47418
vt -5.29121 8.9003
f 1686/6086/1344 1812/6087/1693 1797/6088/1342

vt -121.357 20.2633
vt -122.261 25.5792
vn -0.881223 -0.113002 0.458995
vt -124.725 24.8854
f 1664/6089/1146 1781/6090/1694 1663/6091/1144

vt -123.489 29.8439
vn -0.928516 -0.0215654 0.370666
vt -124.543 24.5545
vt -122.078 25.2446
f 1779/6092/1695 1663/6093/1144 1781/6094/1694

vt -121.514 30.4187
v 3.28758 26.1761 -130.866
vt -123.735 29.1877
vn -0.947133 0.0401214 0.318322
vt -122.608 25.1374
f 1779/6095/1695 2001/6096/1696 1663/6097/1144

vt -120.317 27.8888
vn -0.960245 0.166616 0.223982
vt -120.743 23.592
vt -118.523 24.8256
f 1778/6098/1697 2001/6099/1696 1779/6100/1695

vt -121.053 28.2014
v 3.05918 28.7687 -132.4
vt -123.076 26.6066
vn -0.956122 0.182711 0.229012
vt -121.488 23.9054
f 1778/6101/1697 2002/6102/1698 2001/6103/1696

vt -114.669 16.4331
v 3.15715 30.4154 -134.664
vt -118.949 16.5581
vn -0.960764 0.242444 0.134734
vt -116.648 14.7848
f 1778/6104/1697 2003/6105/1699 2002/6106/1698

v 3.7685 32.1664 -133.151
vt -117.195 22.2681
vn -0.962844 0.245048 0.113501
vt -118.845 20.4131
vt -114.564 20.2901
f 2004/6107/1700 2003/6108/1699 1778/6109/1697

vt -113.799 17.4312
v 3.16082 31.535 -137.638
vt -118.492 16.754
vn -0.956545 0.286301 0.0552606
vt -115.422 15.5532
f 2004/6110/1700 2005/6111/1701 2003/6112/1699

v 3.81569 33.4358 -136.523
vt -117.072 17.1815
vn -0.953694 0.295411 0.0565678
vt -118.288 15.13
vt -113.595 15.8114
f 2006/6113/1702 2005/6114/1701 2004/6115/1700

vt -113.756 9.92668
vt -112.584 12.0032
v 3.87305 33.9942 -141.926
vt -118.184 12.6133
vn -0.952225 0.305357 0.00498293
f 2005/6116/1701 2006/6117/1702 2007/6118/1703

vt -111.072 19.4495
vn -0.981826 0.185617 0.039554
vt -117.538 18.6945
vn -0.984628 0.174387 0.00987511
vt -111.936 18.099
vn -0.97552 0.216623 0.0378773
f 1305/6119/1704 2007/6120/1705 2006/6121/1706

vt -118.237 25.3404
vt -111.77 26.0828
v 4.50082 38.267 -141.983
vt -118.281 29.8201
vn -0.976411 0.215915 -0.00128135
f 2007/6122/1705 1305/6123/1704 2008/6124/1707

vt -117.41 31.2274
vt -110.893 27.5015
vt -110.883 31.1617
vn -0.978687 0.205008 0.0119842
f 2008/6125/1707 1305/6126/1704 1304/6127/1708

vt -110.986 21.9106
vn -0.951311 0.308228 0.00154138
vt -117.527 18.9439
vt -111.001 18.8759
f 1312/6128/1709 2008/6129/1707 1304/6130/1708

v 5.66492 41.3194 -151.241
vt -125.54 17.7057
vn -0.945908 0.323841 -0.0195988
vt -115.926 14.3504
vt -109.405 17.3638
f 2009/6131/1710 2008/6132/1707 1312/6133/1709

vt -124.88 19.391
v 4.87215 38.4302 -158.317
vt -132.202 16.2425
vn -0.973266 0.227363 -0.0325374
vt -115.255 16.0647
f 2009/6134/1710 2010/6135/1711 2008/6136/1707

v 6.23425 41.4016 -167.808
vt -141.142 16.6286
vn -0.916606 0.386732 -0.101355
vt -131.256 13.359
vt -123.947 16.5381
f 2011/6137/1712 2010/6138/1711 2009/6139/1710

v 5.23004 38.5242 -168.107
vt -141.376 13.5708
vn -0.97365 0.173241 -0.148302
vt -131.215 13.4674
vt -141.101 16.7352
f 2012/6140/1713 2010/6141/1711 2011/6142/1712

vt -141.225 29.6888
v 3.97794 31.8255 -158.983
vt -131.722 22.6739
vn -0.991716 0.108854 -0.068192
vt -131.064 29.5904
f 2012/6143/1713 2013/6144/1714 2010/6145/1711

vt -126.504 29.2109
vt -136.051 36.1672
v 4.98562 31.6227 -168.98
vt -136.926 29.0003
vn -0.979488 0.0549727 -0.19386
f 2013/6146/1714 2012/6147/1713 2014/6148/1715

v 6.4941 36.4671 -173.903
vt -129.783 31.5422
vn -0.967499 0.0732766 -0.242025
vt -124.451 26.5071
vt -123.631 33.6804
f 2015/6149/1716 2014/6150/1715 2012/6151/1713

vt -123.355 27.6087
vt -128.69 32.6405
v 6.20412 31.4813 -173.827
vt -128.54 27.4618
vn -0.968126 0.0525757 -0.244884
f 2014/6152/1715 2015/6153/1716 2016/6154/1717

usemtl _Brown_
v 6.38576 36.4671 -175.117
vt -156.384 34.8091
vn -0.97246 0.12189 -0.198657
vt -155.068 29.6285
vn -0.99923 0.0297985 -0.0255319
vt -155.12 34.8091
vn -0.986071 0.14112 0.088035
f 2017/6155/1718 2016/6156/1719 2015/6157/1720

vt -138.783 32.8768
vt -140.134 38.0484
v 6.38576 30.6014 -175.117
vt -140.134 31.9642
vn -0.919387 -1.9768e-15 -0.393355
f 2016/6158/1719 2017/6159/1718 2018/6160/1721

v 8.47303 36.4671 -178.636
vt -99.7901 38.0484
vn -0.797159 0.0686899 -0.599849
vt -95.5457 31.9642
vt -95.5457 38.0484
f 2019/6161/1722 2018/6162/1721 2017/6163/1718

v 8.47303 31.4641 -178.636
vt -99.7901 32.859
vn -0.74693 -2.98948e-15 -0.664902
v 8.47303 30.6014 -178.636
vt -99.7901 31.9642
v 8.47303 33.1811 -178.636
vt -99.7901 34.64
vn -0.74693 -2.98618e-15 -0.664902
v 7.66463 33.1129 -177.273
vt -98.1462 34.5692
vn -0.86012 -5.86253e-15 -0.510091
v 7.5126 32.3169 -177.017
vt -97.8371 33.7436
v 7.67508 31.5165 -177.291
vt -98.1675 32.9133
f 2020/6164/1723 2021/6165/1723 2018/6162/1721 2019/6161/1722 2022/6166/1724 2023/6167/1725 2024/6168/1725 2025/6169/1725 

v 10.4823 31.4471 -180.168
vt -44.5783 32.8414
vn -0.416539 4.56889e-18 -0.909118
v 10.4823 30.6014 -180.168
vt -44.5783 31.9642
vn -0.319156 0.00619867 -0.947682
vt -41.9576 31.9642
vt -41.9576 32.859
f 2026/6170/1726 2027/6171/1727 2021/6172/1723 2020/6173/1723 

v 10.7984 31.4471 -180.235
vt 29.11 32.8414
vn -0.210108 0.00144281 -0.977677
vt 29.4451 31.9642
vt 29.4451 32.8414
f 2028/6174/1728 2027/6175/1727 2026/6176/1726

vt 28.1913 31.4847
vt 27.8562 32.3619
v 11.7509 31.6001 -180.443
vt 26.845 32.5206
vn -0.226645 0.010756 -0.973918
f 2027/6177/1727 2028/6178/1728 2029/6179/1729

usemtl _Gainsboro_3
v 11.4466 33.1811 -180.371
vt 27.1691 34.1605
v 11.6896 33.0778 -180.425
vt 26.911 34.0534
vn -0.213798 0.00288559 -0.976874
v 11.8888 32.3074 -180.471
vt 26.699 33.2543
f 2028/6178/1728 2030/6180/1728 2031/6181/1730 2032/6182/1730 2029/6179/1730 

vt 28.4228 34.64
vn -0.416539 -1.8107e-16 -0.909118
v 10.4823 33.1811 -180.168
vt 29.4451 34.64
f 2030/6183/1728 2028/6174/1728 2026/6176/1731 2033/6184/1731 

vt -44.5783 34.64
vn -0.74693 -2.15593e-14 -0.664902
vt -41.9576 34.64
f 2033/6185/1731 2026/6170/1731 2020/6173/1732 2022/6186/1732 

vn -0.86012 -4.2321e-14 -0.510091
f 2022/6166/1732 2020/6164/1732 2025/6169/1733 2024/6168/1733 2023/6167/1733 

usemtl _Brown_
vt -41.9576 38.0484
v 10.4823 36.4671 -180.168
vt -44.5783 38.0484
vn -0.357269 0.0322167 -0.933446
vn -0.416539 -7.18542e-18 -0.909118
f 2022/6186/1724 2019/6187/1722 2034/6188/1734 2033/6185/1735 

vt -41.9576 28.663
v 9.76087 42.1431 -179.208
vt -43.3794 34.5603
vn -0.6447 0.0974386 -0.7582
vt -44.5783 28.663
f 2019/6189/1722 2035/6190/1736 2034/6191/1734

vt -95.8199 24.9651
vt -94.5973 19.0233
v 8.91399 41.8928 -177.959
vt -94.255 24.703
vn -0.851718 0.132522 -0.506966
f 2035/6192/1736 2019/6193/1722 2036/6194/1737

vt -104.413 20.633
v 7.75827 40.573 -176.207
vt -101.846 24.9284
vn -0.902313 0.186861 -0.388477
vt -104.016 26.3091
f 2019/6195/1722 2037/6196/1738 2036/6197/1737

vt -95.5457 17.3342
vt -97.2446 21.6421
vt -99.7901 17.3342
f 2017/6198/1718 2037/6199/1738 2019/6200/1722

vt -138.255 15.8298
vt -136.892 11.4041
v 6.91355 38.5933 -174.652
vt -136.513 13.696
vn -0.967581 0.249181 -0.0411863
f 2037/6201/1738 2017/6202/1718 2038/6203/1739

vt -155.855 27.4538
vt -156.384 25.1918
vt -155.12 25.1918
f 2038/6204/1739 2017/6205/1718 2015/6206/1720

usemtl Durango
vt -122.239 29.4385
vt -129.249 29.5106
vn -0.944355 0.247698 -0.216423
vt -128.389 27.2933
f 2012/6207/1713 2038/6208/1740 2015/6209/1716

vt -129.52 3.07478
vt -122.51 2.99843
vt -122.466 6.17441
f 2038/6210/1740 2012/6211/1713 2011/6212/1712

vt -132.637 11.6965
vt -125.553 14.7276
v 7.7073 42.7503 -172.692
vt -130.829 16.1833
vn -0.918807 0.374404 -0.124959
f 2038/6213/1740 2011/6214/1712 2039/6215/1741

vt -136.645 -14.0115
v 6.66949 42.9629 -159.635
vt -128.244 -11.981
vn -0.853228 0.520534 -0.0323615
vt -141.83 -12.2575
f 2011/6216/1712 2040/6217/1742 2039/6218/1741

vt -132.716 11.8
vt -141.175 10.0262
vt -123.98 9.93283
vn -0.854484 0.519439 -0.00640117
f 2040/6219/1742 2011/6220/1712 2009/6221/1743

vt -135.389 1.76749
vt -126.689 -0.261844
v 6.70744 42.9022 -148.234
vt -123.563 1.69248
vn -0.837881 0.545844 0.00318232
f 2040/6222/1742 2009/6223/1743 2041/6224/1744

vt -123.167 0.653483
vt -126.287 -1.311
vt -110.078 0.562469
vn -0.82796 0.560787 -0.000942604
f 2041/6225/1744 2009/6226/1743 1320/6227/1745

vt -109.814 -1.93136
vt -126.018 -3.8406
vt -109.884 -4.23406
vn -0.820047 0.572291 -0.00256259
f 1320/6228/1745 2009/6229/1743 1312/6230/1746

vt -110.079 0.403312
vn -0.832082 0.554635 0.00443621
v 8.63651 45.8147 -139.974
vt -114.599 4.11415
vn -0.83445 0.551067 0.0043553
vt -123.168 0.494446
vn -0.836366 0.548161 0.00353123
f 1320/6231/1747 2042/6232/1748 2041/6233/1749

vt -115.181 3.96071
vt -110.679 0.227268
vt -110.061 3.76472
vn -0.82952 0.558417 0.00818175
f 2042/6234/1748 1320/6235/1747 1321/6236/1750

v 8.85186 46.4087 -138.948
vt -113.481 23.3964
vn -0.940117 0.340852 1.12187e-06
vt -114.545 22.7411
vt -109.425 22.5681
v 15.3279 64.2704 -128.234
vt -102.367 43.1038
vn -0.937766 0.347264 -0.00158402
v 14.8273 62.8898 -134.56
vt -108.929 41.5806
vn -0.927491 0.373844 -0.000660701
v 14.6563 62.4181 -132.873
vt -107.18 41.0601
v 14.3669 61.6198 -132.177
vt -106.457 40.1793
v 13.9776 60.5461 -132.286
vt -106.57 38.9946
f 2043/6237/1751 2042/6238/1751 1321/6239/1751 2044/6240/1752 2045/6241/1753 2046/6242/1751 2047/6243/1751 2048/6244/1751 

usemtl interior
v 10.8132 44.9612 -136.232
vt 126.878 46.7211
vn 0.962266 0.251993 -0.102685
vt 131.353 47.68
vn 0.599704 0.789068 -0.133146
vt 130.295 48.3473
vn 0.841144 0.18971 -0.506445
f 2049/6245/1754 2042/6246/1755 2043/6247/1756

v 10.8132 45.2716 -171.257
vt 145.478 78.5387
vn 0.874894 0.193055 0.444174
vt 112.986 80.1356
vt 109.159 77.6259
f 2050/6248/1757 2042/6249/1755 2049/6250/1754

vt 111.99 83.7229
vt 144.5 82.5566
v 8.80481 46.2789 -166.505
vt 139.496 84.7198
vn 0.766032 0.612871 0.193863
f 2042/6251/1755 2050/6252/1757 2051/6253/1758

vt 116.396 72.0546
v 9.1025 47.0999 -167.905
vt 112.521 74.0079
vn 0.909651 0.12483 0.396173
vt 111.052 73.1307
f 2050/6254/1757 2052/6255/1759 2051/6256/1758

vt 102.886 48.1371
v 9.4714 48.1174 -168.652
vt 99.8471 51.089
vn 0.796817 -0.158042 0.583185
vt 98.9827 50.0336
f 2050/6257/1757 2053/6258/1760 2052/6259/1759

vt 56.7699 -2.33903
v 10.1412 49.9648 -168.445
vt 54.2449 2.79075
vn 0.635292 -0.403986 0.658179
vt 53.8936 0.771519
f 2050/6260/1757 2054/6261/1761 2053/6262/1760

v 13.4867 54.771 -168.333
vt 32.0384 -5.53985
vn 0.866992 -0.399391 0.298014
vt 29.2427 -10.9336
vt 31.4677 -16.2004
f 2055/6263/1762 2054/6264/1761 2050/6265/1757

vt 81.8142 -17.1034
v 11.6482 54.1213 -166.423
vt 79.0918 -17.8819
vn 0.760471 -0.50749 0.405141
vt 79.8806 -22.8627
f 2055/6266/1762 2056/6267/1763 2054/6268/1761

v 16.1601 64.2704 -161.842
vt 79.3707 -9.7228
vn 0.612748 -0.757384 0.225629
vt 80.5654 -22.1274
vt 83.2833 -21.3334
f 2057/6269/1764 2056/6270/1763 2055/6271/1762

vt 123.542 5.39685
vt 120.019 17.3505
v 14.1032 60.8926 -161.062
vt 118.733 13.3721
vn 0.858998 -0.485717 0.16187
f 2056/6272/1763 2057/6273/1764 2058/6274/1765

vt 127.172 16.6909
vt 128.261 20.7277
v 14.6986 62.5347 -158.47
vt 124.591 18.6534
vn 0.842992 -0.529893 0.0926222
f 2058/6275/1765 2057/6276/1764 2059/6277/1766

vt 128.457 14.7873
vt 132.067 16.9641
v 14.9218 63.1505 -156.085
vt 126.01 15.5595
vn 0.745991 -0.665622 0.0210813
f 2059/6278/1766 2057/6279/1764 2060/6280/1767

v 16.1601 64.2704 -128.234
vt 102.367 2.47129
vn 0.777017 -0.629451 0.00601321
vt 131.257 0.739444
vt 137.228 2.47129
f 2061/6281/1768 2060/6282/1767 2057/6283/1764

vt 131.658 8.77393
vt 102.76 10.3632
vt 109.331 8.40406
vn 0.792235 -0.609271 -0.0339442
f 2060/6284/1767 2061/6285/1768 2045/6286/1769

vt 112.948 28.8137
vt 106.302 30.5025
vt 111.216 28.2367
vn 0.872368 -0.480305 -0.0909993
f 2045/6287/1769 2061/6288/1768 2046/6289/1770

vt 113.988 39.801
vt 109.011 41.9276
vt 113.311 38.8845
vn 0.913235 -0.37259 -0.164859
f 2046/6290/1770 2061/6291/1768 2047/6292/1771

vt 116.865 50.1769
vt 112.465 53.0732
vt 117.064 49.0036
vn 0.899426 -0.138875 -0.414423
f 2047/6293/1771 2061/6294/1768 2048/6295/1772

vt 126.733 45.8602
vt 121.644 62.076
vt 116.88 65.9511
f 2049/6296/1754 2048/6297/1772 2061/6298/1768

vt 121.097 63.2323
vt 126.339 47.0651
vt 129.813 48.5666
f 2048/6299/1772 2049/6300/1754 2043/6301/1756

usemtl _DimGray_
vn -0.940117 0.340853 -4.77378e-08
v 14.0771 60.8206 -133.402
vt -107.728 39.2975
vt -113.48 23.3963
f 2048/6244/1773 2062/6302/1773 2043/6303/1773

vt -107.18 41.06
f 2048/6244/1773 2046/6304/1773 2062/6302/1773

f 2046/6304/1773 2048/6244/1773 2047/6243/1773

v 14.2444 61.282 -133.355
vt -107.679 39.8065
f 2062/6302/1773 2046/6304/1773 2063/6305/1773

vt -108.929 41.5805
f 2045/6306/1773 2063/6305/1773 2046/6304/1773

v 14.3182 61.4856 -133.533
vt -107.864 40.0312
f 2063/6305/1773 2045/6306/1773 2064/6307/1773

v 14.4399 61.8213 -134.733
vt -109.109 40.4016
f 2064/6307/1773 2045/6306/1773 2065/6308/1773

vt -131.257 41.868
f 2065/6308/1773 2045/6306/1773 2060/6309/1773

usemtl Durango
v 15.4418 64.2704 -161.842
vt -137.304 35.9144
vn -0.904536 0.414646 -0.0994171
vt -131.333 34.6303
vn -0.9159 0.40138 -0.0046333
vt -109.006 34.3315
f 2066/6310/1774 2060/6311/1775 2045/6312/1753

vt -136.566 39.5942
vt -133.06 37.6509
vn -0.928676 0.370632 -0.013897
vt -130.589 38.3403
f 2066/6313/1774 2059/6314/1776 2060/6315/1775

vt -136.125 40.2169
vt -135.291 36.4538
vn -0.929601 0.366388 -0.0400208
vt -132.614 38.2832
f 2066/6316/1774 2058/6317/1777 2059/6318/1776

vt -132 38.3288
v 14.7206 61.9988 -163.487
vt -133.639 35.8115
vn -0.825468 0.498144 -0.265434
vt -131.08 34.5857
f 2066/6319/1774 2067/6320/1778 2058/6321/1777

vt -78.9188 -15.3587
v 16.2765 62.8557 -164.692
vt -81.8344 -17.1302
vn -0.699049 0.591086 -0.402428
vt -79.8839 -18.2032
f 2066/6322/1774 2068/6323/1779 2067/6324/1778

vt -88.7933 4.73459
vn -0.717929 0.542968 -0.435619
v 16.2315 64.1084 -163.346
vt -90.5528 4.54555
vn -0.633048 0.632961 -0.445657
vt -91.7791 3.08412
vn -0.599312 0.397831 -0.694663
f 2066/6325/1780 2069/6326/1781 2068/6327/1782

vt -87.3007 -23.8378
vt -85.5442 -23.6229
v 16.1176 64.9897 -161.842
vt -85.9164 -22.6692
vn -0.523371 0.735198 -0.430775
f 2069/6328/1781 2066/6329/1780 2070/6330/1783

v 16.1176 64.9897 -128.209
vt -102.342 10.1172
vn -0.673669 0.739004 0.00660123
vt -137.228 10.1172
vn -0.728777 0.684751 -0
vt -137.228 9.0934
vn -0.70159 0.71258 -0.00114152
f 2071/6331/1784 2070/6332/1785 2066/6333/1786

usemtl _DimGray_
vt -102.342 -33.2598
vn -0.338375 0.940945 0.0111768
v 16.293 65.0473 -145.381
vt -120.154 -33.0684
vn -0.311884 0.95012 1.91995e-16
vt -137.228 -33.2598
f 2071/6334/1787 2072/6335/1788 2070/6336/1788

v 17.902 65.5755 -128.705
vt -102.856 -31.3119
vn -0.31008 0.950683 0.00715603
f 2072/6335/1788 2071/6334/1787 2073/6337/1789

v 17.174 65.0468 -109.247
vt -85.187 -28.779
vn -0.351518 0.936031 0.0167672
v 17.902 65.0861 -96.1806
vt -71.6129 -28.6468
vt -105.313 -27.002
vt -104.885 -28.9707
v 17.059 65.0406 -111.312
vt -87.332 -28.7998
v 17.7227 65.2557 -111.312
vt -87.3001 -28.0768
vn -0.30826 0.951194 0.0143117
v 17.7196 65.2236 -109.247
vt -85.1608 -28.1847
f 2074/6338/1790 2075/6339/1790 2073/6340/1789 2071/6341/1787 2076/6342/1790 2077/6343/1791 2078/6344/1791 

vt -87.4499 -21.1159
vt -105.003 -21.2496
v 16.1176 64.3106 -95.6848
vt -71.3069 -23.0352
vn -0.394036 0.918895 0.0191875
vt -71.7305 -20.9962
vt -85.3049 -21.0996
v 16.2557 64.653 -109.247
vt -85.3513 -22.135
v 16.2599 64.6979 -111.312
vt -87.4903 -22.0169
f 2076/6345/1790 2071/6346/1787 2079/6347/1792 2075/6348/1790 2074/6349/1790 2080/6350/1792 2081/6351/1792 

usemtl Durango
vt -103.836 -1.32149
vt -70.4772 -3.87223
vn -0.636777 0.770605 0.0261229
vt -70.1121 -2.46663
vn -0.650226 0.759057 0.0322294
f 2071/6352/1784 1327/6353/1793 2079/6354/1794

vt -69.9846 2.3278
vt -103.36 4.65707
vt -103.4 3.54947
vn -0.673457 0.73921 0.00495124
f 1327/6355/1793 2071/6356/1784 2044/6357/1795

vt -137.031 1.88164
vt -102.17 1.88164
vt -102.147 2.98974
f 2066/6358/1786 2044/6359/1795 2071/6360/1784

vt -137.031 41.921
vt -108.73 40.39
vt -102.17 41.921
f 2066/6361/1774 2045/6362/1753 2044/6363/1752

vn -0.940117 0.340853 -3.36651e-08
vt -102.367 43.1037
vt -109.425 22.568
vt -104.304 22.3951
v 9.08856 47.0615 -130.431
vt -104.646 24.1166
v 14.3107 61.4648 -126.76
vt -100.839 40.0083
v 14.6922 62.5171 -125.55
vt -99.5838 41.1693
v 14.7712 62.7348 -124.377
vt -98.3669 41.4095
v 14.6856 62.499 -101.666
vt -74.8098 41.1493
v 14.5234 62.0514 -99.7594
vt -72.8321 40.6554
v 14.2443 61.2817 -98.6706
vt -71.7028 39.8062
vt -70.5869 21.5258
f 1327/3180/1796 2044/6364/1796 1321/6365/1796 1322/6366/1796 2082/6367/1796 2083/6368/1796 2084/6369/1796 2085/6370/1796 2086/6371/1796 2087/6372/1796 2088/6373/1796 1324/6374/1796 1325/3181/1796 

usemtl interior
vt 79.6252 20.5279
vt 73.3727 22.7781
vn 0.866456 -0.346768 0.359174
vt 72.8378 21.1064
vn 0.607561 0.773047 0.182396
f 2049/6375/1754 2082/6376/1797 1322/6377/1798

vt 68.5122 24.2159
vt 67.4695 4.81139
vt 73.6782 2.44315
f 2061/6378/1768 2082/6379/1797 2049/6380/1754

vt 74.8911 6.59028
vt 75.3676 26.017
vt 73.257 22.8499
vn 0.863661 -0.442939 0.240613
f 2082/6381/1797 2061/6382/1768 2083/6383/1799

vt 88.9903 18.9891
vt 90.83 22.3209
vt 87.8237 20.2387
vn 0.835226 -0.539966 0.104092
f 2083/6384/1799 2061/6385/1768 2084/6386/1800

vt 98.2147 16.2374
vt 94.1252 14.2648
vn 0.705264 -0.708864 0.0107019
vt 95.3336 13.9852
f 2061/6387/1768 2085/6388/1801 2084/6389/1800

vt 70.2781 9.04206
vt 99.73 7.97285
vt 103.695 10.1851
f 1332/6390/749 2085/6391/1801 2061/6392/1768

vt 99.0181 -10.0566
vt 69.5778 -8.70526
vt 75.4634 -10.486
vn 0.67095 -0.740015 -0.0469363
f 2085/6393/1801 1332/6394/749 2086/6395/1802

vt 80.976 17.6247
vt 74.9717 18.9513
vt 79.0301 17.0175
vn 0.798399 -0.589122 -0.124474
f 2086/6396/1802 1332/6397/749 2087/6398/1803

vt 82.716 31.4753
vt 78.5726 33.2195
vt 81.6626 30.5335
vn 0.818771 -0.373764 -0.435792
f 2087/6399/1803 1332/6400/749 2088/6401/1804

vt 88.0073 36.993
vt 90.0268 55.3487
vt 86.6827 57.7107
f 1333/6402/752 2088/6403/1804 1332/6404/749

vt 92.3387 64.1738
vt 92.2008 45.7078
vt 96.0551 46.2405
vn 0.650027 0.551109 -0.523205
f 2088/6405/1804 1333/6406/752 1324/6407/1805

vt 57.3055 79.0089
vt 92.9999 87.1031
vt 59.6414 82.1206
f 1333/6408/752 1322/6409/1798 1324/6410/1805

vt 99.9967 81.7673
vt 63.7195 76.9118
vt 106.494 79.7189
f 1322/6411/1798 1333/6412/752 2049/6413/1754

vt 67.8049 46.0914
vt 34.1813 45.8287
v 10.8132 37.061 -66.0759
vt 37.8937 38.6645
vn 1 -1.08376e-11 -3.66837e-11
v 10.8132 34.4041 -66.0759
vt 37.8937 35.9086
v 10.8132 29.8636 -59.8979
vt 31.4855 31.1988
v 10.8132 19.8957 -62.8643
vt 34.5624 20.8596
v 10.8132 19.8957 -105.012
vt 78.2806 20.8596
v 10.8132 19.8957 -123.062
vt 97.0034 20.8596
v 10.8132 28.8719 -126.02
vt 100.071 30.1702
v 10.8132 33.8598 -132.383
vt 106.671 35.3439
vt 110.664 46.859
f 1333/6414/752 1334/6415/753 2089/6416/1806 2090/6417/1806 2091/6418/1806 2092/6419/1806 2093/6420/1806 2094/6421/1806 2095/6422/1806 2096/6423/1806 2049/6424/1754 

v 41.4577 43.2626 -62.8624
vt 30.9231 24.1401
vn -2.88996e-17 0.46008 -0.887877
v 41.4577 37.061 -66.0759
vt 30.9231 16.8952
vt 62.7093 16.8952
vt 62.7093 24.9642
v 42.2521 43.968 -62.4969
vt 30.099 24.9642
f 2097/6425/1807 2098/6426/1807 2089/6427/1807 1334/6428/1807 2099/6429/1807 

vt -37.8937 38.6645
vn -0.707107 -0.545083 -0.450426
vt -34.5604 45.0971
vn -0.923817 0.343206 0.16962
v 41.4577 44.8161 -66.0049
vt -37.82 46.7085
v 41.4577 39.0744 -68.5124
vt -40.421 40.7529
f 2098/6430/1808 2097/6431/1809 2100/6432/1809 2101/6433/1808 

vt -43.4472 26.7729
vn -0.382534 0.828329 0.409315
v 42.2521 45.5441 -65.6869
vt -46.4721 28.8875
vt -47.1076 27.9106
vt -44.1277 25.8269
f 2099/6434/1810 2102/6435/1810 2100/6436/1809 2097/6437/1809 

vt -30.099 50.9455
v 63.8543 43.968 -62.4969
vt -7.69199 50.9455
vn 0.382534 0.828329 0.409315
v 63.8543 45.5441 -65.6869
vt -7.69199 54.6363
vt -30.099 54.6363
f 2099/6438/1810 2103/6439/1811 2104/6440/1811 2102/6441/1810 

vt 62.7093 -25.9464
vn 0 0.985622 -0.168964
vt 62.7093 -18.9561
vn -1.5948e-19 0.999226 0.0393444
v 66.9879 45.1066 -55.8546
vt 4.4416 -18.9561
v 66.9879 43.968 -62.4969
vt 4.4416 -25.9464
vt 7.69199 -25.9464
vt 30.099 -25.9464
f 1334/6442/1812 1253/6443/1813 2105/6444/1813 2106/6445/1812 2103/6446/1812 2099/6447/1812 

vt 68.3555 -12.482
vt 70.2345 -8.25286
vt 66.9526 -5.63397
f 1334/6448/753 1263/6449/754 1253/6450/682

vt -60.3362 33.6053
vn -3.1201e-19 0.969286 0.245938
vt -33.5755 33.6053
v 64.7001 44.0611 -51.7341
vt -6.81467 33.6053
vt -4.4416 38.0148
vt -62.7093 38.0148
f 1252/6451/1814 1422/6452/1814 2107/6453/1814 2105/6454/1813 1253/6455/1813 

v 58.2385 44.4555 -46.9852
vt 13.517 -14.195
vn 0.00997282 0.995746 -0.091602
vt 6.81467 -19.1378
vn -0.0664193 0.997724 -0.0116375
vn -4.91193e-14 0.993401 -0.114697
f 2108/6456/1815 2107/6457/1816 1422/3593/1817

v 64.2706 44.1909 -49.6685
vt 12.8886 -15.0821
vn -0.0855131 0.993105 -0.0801857
vt 13.0698 -17.2671
vt 18.0977 -10.6284
f 2109/6458/1818 2107/6459/1816 2108/6460/1815

v 67.7628 44.5486 -52.7119
vt -19.4706 -4.33665
vn -0.548596 0.824068 0.141261
vt -17.0773 -6.71331
vt -14.978 -6.08049
f 2110/6461/1819 2107/6462/1816 2109/6463/1818

vt -13.5589 29.7672
vt -15.6788 32.4344
vn -0.917084 0.0725069 -0.392047
vt -15.9977 27.4371
f 2110/6464/1819 2105/6465/1820 2107/6466/1816

v 64.4853 53.7351 -63.7963
vt -36.199 55.7205
vn -0.95035 -0.310768 0.0160594
vt -27.5871 46.7465
vt -24.2299 46.1661
f 2111/6467/1821 2105/6468/1820 2110/6469/1819

vt -26.8239 46.4518
vt -34.8152 55.9826
v 64.3065 54.9238 -66.8647
vt -37.9713 57.2956
vn -0.564269 -0.708566 -0.423715
f 2105/6470/1820 2111/6471/1821 2112/6472/1822

vt -44.8654 63.9517
vt -36.3688 55.7442
vt -33.2939 54.251
f 1402/6473/815 2112/6474/1822 2111/6475/1821

v 64.7029 58.1206 -72.3619
vt -18.7925 68.6705
vn -0.425984 -0.798213 -0.425904
vt -15.307 63.0556
vt -18.1101 74.5315
f 2113/6476/1823 2112/6477/1822 1402/6478/815

v 66.4592 53.2765 -66.038
vt -20.7343 59.8859
vn -0.378615 -0.759932 -0.528351
vt -19.5896 62.5935
vt -23.5983 67.8476
f 2114/6479/1824 2112/6480/1822 2113/6481/1823

vt -13.8332 65.7122
vt -15.3011 63.1653
v 68.8579 46.6606 -58.9442
vt -13.6264 52.937
vn -0.475942 -0.637589 -0.605771
f 2112/6482/1822 2114/6483/1824 2115/6484/1825

usemtl Durango
v 66.1243 53.8709 -64.7638
vt 36.1288 54.5585
vn 0.912196 0.405299 0.0602569
vt 30.281 46.4212
vn 0.92459 0.377974 0.0476392
vt 37.4696 53.8877
vn 0.915909 0.39756 0.0552798
f 2116/6485/1826 2115/6486/1827 2114/6487/1828

vt 30.2826 46.4205
vt 36.1317 54.5569
v 69.5065 44.5681 -54.9242
vt 26.1625 44.0593
vn 0.932831 0.358399 0.0371046
f 2115/6488/1827 2116/6489/1826 2117/6490/1829

vt 9.25826 63.4714
vn 0.371254 0.757191 0.537431
vt 9.90263 49.2654
vn 0.423319 0.739043 0.52404
vt 11.2262 63.6818
vn 0.306471 0.772272 0.556481
f 2111/6491/1830 2117/6492/1831 2116/6493/1832

vt 19.4176 45.1566
vt 23.3517 58.8223
vt 16.4959 45.1277
vn 0.543399 0.718233 0.434579
f 2117/6494/1831 2111/6495/1830 2110/6496/1833

usemtl _DimGray_
v 63.3955 53.7975 -63.6775
vt -1.70375 63.3327
vn 0.184387 0.792639 0.581141
vt 0.718959 47.9685
vn 0.264035 0.793037 0.548979
vt -0.5695 63.229
vn 0.0558721 0.786732 0.614761
f 2118/6497/1834 2110/6498/1835 2111/6499/1836

vt 9.5714 46.3947
vt 11.7148 61.8004
v 66.4875 45.2915 -53.0194
vt 8.61518 47.6321
vn 0.365785 0.775212 0.515022
f 2110/6500/1835 2118/6501/1834 2119/6502/1837

usemtl LightSteelBlue
v 61.2945 54.1567 -61.8875
vt 18.3567 60.0763
vn 0.342976 0.798451 0.494816
vt 15.0075 46.4027
vn 0.4601 0.748001 0.478333
vt 21.1901 59.5223
vn 0.50372 0.742031 0.442331
f 2120/6503/1838 2119/6504/1839 2118/6505/1840

vt 13.0719 61.631
v 63.1929 45.4875 -50.6405
vt 7.26054 47.954
vn 0.324148 0.7758 0.541352
vt 11.4692 47.6448
f 2120/6506/1838 2121/6507/1841 2119/6508/1839

vt 2.08031 47.7359
vt 5.43304 62.2132
v 56.6324 54.3465 -59.8759
vt 0.172121 62.5301
vn 0.16547 0.828042 0.535691
f 2121/6509/1841 2120/6510/1838 2122/6511/1842

v 52.4246 61.2806 -70.5989
vt 1.82101 73.0724
vn 0.145544 0.849114 0.507763
vt 0.684603 59.1728
vt 5.94131 58.7924
f 2123/6512/1843 2122/6513/1842 2120/6514/1838

v 44.3449 61.4003 -70.0556
vt -24.0061 71.5486
vn 0.0451627 0.852303 0.521094
vt -12.2699 57.7744
vt -15.6088 71.3149
f 2124/6515/1844 2122/6516/1842 2123/6517/1843

vt -10.8267 57.6231
vt -22.041 71.8255
v 47.9373 54.3465 -58.6992
vt -19.928 57.6231
vn 0.0590649 0.836272 0.545124
f 2122/6518/1842 2124/6519/1844 2125/6520/1845

vt -26.4474 70.0751
v 38.9006 61.4003 -69.8658
vt -32.098 70.0751
vn -4.51266e-17 0.856048 0.516896
vt -23.1338 56.104
f 2124/6521/1844 2126/6522/1846 2125/6523/1845

usemtl _DimGray_
vt -32.098 77.0096
vn 0 0.565127 0.825004
vt -26.4474 77.0096
vn 0.0404454 0.566711 0.822923
vt -32.0845 77.6957
vn -3.49377e-13 0.566089 0.824344
f 2126/6524/1847 2124/6525/1848 1409/6526/1849

v 44.2916 61.9461 -70.4294
vt -26.4742 77.7003
vn 0.0518016 0.563959 0.824176
vt -32.0696 77.7003
vt -26.4327 77.013
f 2127/6527/1850 1409/6528/1849 2124/6529/1848

usemtl Durango
vt -26.4742 61.1245
vn 0.0209794 0.946932 0.320749
vt -31.9427 64.9135
vt -32.0696 61.1245
f 2127/6530/1851 1408/6531/829 1409/6532/830

vt -31.2988 65.0391
vn -1.03287e-13 0.960862 0.277027
vt -25.88 61.1794
v 52.2719 62.8645 -73.717
vt -17.4459 64.3288
vn 0.071278 0.95659 0.282585
f 1408/6533/1852 2127/6534/1851 2128/6535/1853

vt -14.7645 67.711
vt -23.3555 65.0187
v 52.7901 61.8168 -70.9869
vt -14.5286 64.6396
vn 0.0896583 0.935424 0.341969
f 2128/6536/1853 2127/6537/1851 2129/6538/1854

usemtl interior
vt -31.5586 -33.2071
vn -0.00277841 -0.995633 0.093311
vt -37.6133 -38.3012
vt -22.827 -34.5549
vn -0.0461048 -0.99893 0.00352542
f 2127/6539/1855 1400/6540/813 2129/6541/1856

vt -31.8665 -43.3477
vn -2.10256e-14 -0.998784 0.0493045
vt -26.4742 -37.557
vt -32.0696 -37.557
f 1400/6542/1857 2127/6543/1855 1409/6544/832

vt -9.98778 -43.0925
vt -19.1684 -38.0817
f 1402/6545/815 2129/6546/1856 1400/3444/813

vt -21.8517 56.1951
v 60.0704 60.9937 -71.7845
vt -17.9916 53.8777
vn -0.21959 -0.95569 -0.19605
vt -11.548 57.991
f 1402/6547/815 2130/6548/1858 2129/6549/1856

vt -28.3996 56.9574
vt -32.7233 58.213
v 62.2404 60.3202 -71.9936
vt -29.9086 55.1341
vn -0.741834 -0.665561 -0.081919
f 2130/6550/1858 1402/6551/815 2131/6552/1859

vt -44.6856 62.4149
vt -48.6778 63.6253
vt -36.0109 55.4063
f 2131/6553/1859 1402/6554/815 2111/6555/1821

usemtl _DimGray_
v 61.2777 59.8948 -71.5595
vt -14.0685 72.4948
vn 0.123877 0.62048 0.774376
vt -10.0622 62.4606
vt -13.1122 73.1877
vn 0.0825646 0.614058 0.78493
f 2132/6556/1860 2111/6557/1836 2131/6558/1861

vt -0.396789 62.54
vt -2.18949 73.1946
vt -1.53063 62.6479
f 2111/6559/1836 2132/6560/1860 2118/6561/1834

usemtl LightSteelBlue
vt 25.9396 68.8346
vn 0.401965 0.787804 0.466679
vt 18.4071 59.9276
vt 21.2399 59.37
f 2132/6562/1862 2120/6563/1838 2118/6564/1840

v 59.2304 60.5184 -71.3658
vt 11.8846 71.6907
vn 0.225313 0.830962 0.508661
vt 8.60245 60.1144
vt 13.8031 70.556
f 2133/6565/1863 2120/6566/1838 2132/6567/1862

vt -6.90979 73.7644
vt -0.590918 60.3119
vt 0.091801 72.3252
f 2123/6568/1843 2120/6569/1838 2133/6570/1863

usemtl _DimGray_
vt -4.76094 76.9014
vn 0.180653 0.450841 0.874132
vt -3.82751 77.4665
vn 0.181695 0.457499 0.870449
vt -11.8512 77.8077
vn 0.107277 0.531848 0.840017
f 2133/6571/1864 2130/6572/1865 2123/6573/1866

vt -0.0794374 75.2609
vt -1.24467 76.5115
vt -2.19234 75.9706
f 2132/6574/1860 2130/6575/1865 2133/6576/1864

vt 0.202183 75.3403
vt 1.27881 75.8256
vt -0.959789 76.5939
f 2132/6577/1860 2131/6578/1861 2130/6579/1865

usemtl Durango
v 62.2753 61.8503 -75.1915
vt 20.657 70.5211
vn 0.179869 0.938997 0.293141
vt 16.7167 68.794
vn 0.197761 0.912163 0.358955
vt 18.6553 67.4363
vn 0.305963 0.857494 0.41363
f 2134/6580/1867 2130/6581/1868 2131/6582/1869

vt 0.276241 69.9583
vt 6.88728 64.5259
vt 10.3974 67.0134
f 2128/6583/1853 2130/6584/1868 2134/6585/1867

vt -0.0827663 70.0956
vt -0.703086 67.0783
vt 6.56462 64.7078
f 2128/6586/1853 2129/6587/1854 2130/6588/1868

usemtl _DimGray_
vt -11.7963 77.9964
vt -3.77278 77.6504
vt -11.3526 78.6431
vn 0.106769 0.534085 0.838661
f 2123/6589/1866 2130/6590/1865 2129/6591/1870

vt -24.6971 78.2811
vt -16.2721 77.4501
vt -15.8636 78.1197
f 2127/6592/1850 2123/6593/1866 2129/6594/1870

vt -16.1983 77.472
vt -24.6226 78.3109
vt -24.5975 77.6229
f 2123/6595/1866 2127/6596/1850 2124/6597/1848

usemtl Durango
vt 16.2397 60.3206
v 52.2719 63.891 -78.2628
vt 8.95978 68.6451
vn 0.0688321 0.985469 0.155283
vt 6.54459 64.4578
f 2134/6598/1867 2135/6599/1871 2128/6600/1853

vt 11.3952 67.7068
vt 18.2995 59.0683
v 62.1756 63.1983 -81.5166
vt 21.8278 64.7745
vn 0.132418 0.984651 0.113705
f 2135/6601/1871 2134/6602/1867 2136/6603/1872

vt 44.4275 58.2838
vn 0.700136 0.677087 0.226632
v 63.2207 61.0779 -75.8043
vt 45.2508 57.1306
vn 0.659109 0.72141 0.212468
vt 50.8275 60.2962
vn 0.717034 0.690951 0.0919129
f 2134/6604/1873 2137/6605/1874 2136/6606/1875

vt 40.7303 66.23
vt 39.7576 67.2604
vt 36.6986 65.2194
vn 0.457991 0.780835 0.424901
f 2137/6607/1874 2134/6608/1873 2131/6609/1876

vt 36.0823 61.4753
vt 32.1984 59.9949
v 64.1307 59.1753 -71.5629
vt 32.8694 57.758
vn 0.407158 0.822026 0.398115
f 2137/6610/1874 2131/6611/1876 2138/6612/1877

vt 17.8568 71.3782
vt 16.7997 60.6032
vt 19.1968 69.4655
f 2131/6613/1876 2116/6614/1832 2138/6615/1877

vt 10.8204 62.4322
vt 10.3911 73.2504
vt 8.85438 62.2045
f 2116/6616/1832 2131/6617/1876 2111/6618/1830

vt 35.9765 54.1795
vt 43.7114 59.0671
vn 0.903051 0.425113 0.0614602
vt 42.837 60.2802
vn 0.868683 0.489695 0.0747598
f 2116/6619/1826 2113/6620/1878 2138/6621/1879

vt 43.9426 59.1915
vt 36.1605 54.3794
vt 37.5001 53.7063
f 2113/6622/1878 2116/6623/1826 2114/6624/1828

usemtl _DimGray_
vt 37.8543 53.8623
vn 0.940117 0.340853 -2.41632e-08
v 66.6518 52.7452 -66.5463
vt 38.3815 53.2762
vt 44.4138 59.207
f 2114/6625/1880 2139/6626/1880 2113/6627/1880

v 68.036 48.9273 -62.542
vt 34.228 49.0638
f 2114/6625/1880 2140/6628/1880 2139/6626/1880

v 68.6534 47.2247 -60.4741
vt 32.0831 47.1853
f 2114/6625/1880 2141/6629/1880 2140/6628/1880

vt 30.4962 46.5628
f 2115/6630/1880 2141/6629/1880 2114/6625/1880

v 68.9598 46.3794 -59.9337
vt 31.5226 46.2526
f 2141/6629/1880 2115/6630/1880 2142/6631/1880

v 69.3821 45.2148 -60.3619
vt 31.9668 44.9677
f 2115/6630/1880 2143/6632/1880 2142/6631/1880

v 69.5792 44.6712 -58.9337
vt 30.4853 44.3679
f 2115/6630/1880 2144/6633/1880 2143/6632/1880

v 69.2657 45.5357 -58.7243
vt 30.2681 45.3218
f 2144/6633/1880 2115/6630/1880 2145/6634/1880

usemtl Durango
vt 26.2585 44.4974
vt 30.1907 45.567
vn 0.939872 0.340446 0.0271483
vt 30.4058 46.8104
f 2117/6635/1829 2145/6636/1881 2115/6637/1827

vt 26.2668 44.6171
vt 30.4262 44.7306
vn 0.941786 0.335229 0.0256984
vt 30.2001 45.6824
f 2117/6638/1829 2144/6639/1882 2145/6640/1881

v 70.354 42.0107 -50.9113
vt 22.1291 41.5613
vn 0.934564 0.354741 0.0273807
vt 30.4249 44.5084
vn 0.927414 0.373676 0.0164051
vt 26.2655 44.3942
vn 0.936015 0.350998 0.0259993
f 2146/6641/1883 2144/6642/1884 2117/6643/1885

vt 33.0364 40.927
vn 0.930928 0.364665 0.0197981
vt 30.4168 44.4289
vt 22.1242 41.4729
f 1442/6644/1886 2144/6645/1884 2146/6646/1883

vt 30.4628 44.0211
vt 33.0579 40.501
vt 48.2769 39.9758
vn 0.914558 0.404424 0.00497196
f 2144/6647/1884 1442/6648/1886 1443/6649/1887

vt 48.2807 38.9838
vt 64.3649 43.1107
vt 30.4853 43.1107
f 1443/6650/1887 1471/6651/921 2144/6652/1884

vt 64.3563 42.9488
vt 48.28 38.7914
vt 53.606 37.6132
f 1471/6653/921 1443/6654/1887 1444/6655/910

usemtl interior
vt -64.3649 10.5013
vn -0.754145 0.541688 0.371268
vt -34.1813 7.71631
vn -0.44931 0.892031 -0.0490089
vt -30.4853 10.5013
vn -0.471668 0.807989 -0.353105
f 1471/6656/1888 2106/6657/1889 2144/6658/1890

vt -34.3391 5.3496
vt -64.3813 9.38425
v 66.9879 44.2212 -94.9127
vt -67.9324 6.80253
vn -0.867592 0.488128 -0.0949452
f 2106/6659/1889 1471/6660/1888 2147/6661/1891

vt -51.0545 38.889
v 61.641 63.477 -96.008
vt -59.7989 58.7076
vn -0.718192 -0.694403 0.0447827
vt -55.4192 38.4148
f 1471/6662/1888 2148/6663/1892 2147/6664/1891

vt -66.9225 58.1403
vt -59.3575 37.8422
v 63.5901 61.1899 -93.299
vt -63.5288 55.6716
vn -0.872523 -0.380335 0.306674
f 2148/6665/1892 1471/6666/1888 2149/6667/1893

usemtl Durango
v 62.7609 63.477 -96.008
vt 68.941 65.1169
vn 0.936083 0.351729 0.0059024
vt 66.131 62.5934
vn 0.940117 0.340852 -1.43786e-08
vt 64.3649 44.3679
vn 0.940117 0.340853 -1.61027e-08
vt 67.4759 44.3911
f 2150/6668/1894 2149/6669/1895 1471/6670/1896 1536/6671/1896 

v 63.3296 61.9083 -92.7287
vt 65.5395 63.3861
vn 0.910201 0.414094 0.00779851
f 2150/6668/1894 2151/6672/1897 2149/6669/1895

v 62.8892 62.5158 -82.463
vt 54.7154 63.9994
vn 0.886184 0.462461 0.0284359
vt 65.3704 63.3202
vt 68.76 65.0742
f 2152/6673/1898 2151/6674/1897 2150/6675/1894

vt 65.484 59.4478
vt 54.833 60.1872
v 63.4199 61.6592 -83.1974
vt 55.5983 59.1446
vn 0.840299 0.540205 0.0455732
f 2151/6676/1897 2152/6677/1898 2153/6678/1899

vt 47.2741 61.238
vn 0.823543 0.562334 0.0745518
vt 54.938 61.9284
vt 54.1392 62.9455
f 2137/6679/1900 2153/6680/1899 2152/6681/1898

vt 54.7352 58.8673
vt 47.0777 58.1086
v 63.9267 60.2614 -76.7244
vt 48.0921 57.0431
vn 0.833047 0.548325 0.0733018
f 2153/6682/1899 2137/6683/1900 2154/6684/1901

vt 42.4521 57.0301
vt 47.7467 58.425
vt 46.7148 59.4735
f 2138/6685/1879 2154/6686/1901 2137/6687/1900

vt 48.3486 61.0187
vt 43.0194 59.7629
vt 43.8845 58.5432
f 2154/6688/1901 2138/6689/1879 2113/6690/1878

usemtl interior
vt -35.5982 58.6042
vt -37.1905 64.2859
vt -39.1714 62.2494
vn -0.520331 -0.825112 -0.220103
f 2113/6691/1823 1402/6692/815 2154/6693/1902

vt -43.3722 52.9676
vt -51.2522 53.367
vn -0.526323 -0.843861 -0.104324
vt -44.9431 50.6005
f 1402/6694/815 2153/6695/1903 2154/6696/1902

vt -51.3269 54.6997
vt -43.4458 54.3218
vt -50.824 56.832
f 2153/6697/1903 1402/6698/815 1401/6699/814

vt -55.3127 45.1234
vt -65.2492 43.4123
vn -0.695607 -0.716493 0.0526151
vt -55.3705 42.9333
f 1401/6700/814 2151/6701/1904 2153/6702/1903

vt -68.1598 53.2045
vt -64.8774 50.6526
vt -54.8991 52.0997
f 2148/6703/1892 2151/6704/1904 1401/6705/814

vt -69.3212 54.7895
vt -66.1078 52.0904
vt -65.5985 52.9382
f 2148/6706/1892 2149/6707/1893 2151/6708/1904

usemtl _DimGray_
v 63.6647 60.9841 -92.5151
vt 65.3179 62.3664
f 2155/6709/1880 2149/6669/1880 2151/6672/1880

f 2155/6709/1880 1471/6670/1880 2149/6669/1880

v 69.3204 45.3848 -90.9072
vt 63.6501 45.1553
f 2156/6710/1880 1471/6670/1880 2155/6709/1880

v 69.3204 45.3848 -63.0313
vt 34.7356 45.1553
f 2157/6711/1880 1471/6670/1880 2156/6710/1880

v 69.3821 45.2148 -61.7283
vt 33.3841 44.9677
f 2158/6712/1880 1471/6670/1880 2157/6711/1880

f 2143/6632/1880 1471/6670/1880 2158/6712/1880

f 2143/6632/1880 2144/6633/1880 1471/6670/1880

v 68.529 47.5679 -61.8285
vt 33.488 47.5639
vn 0.940117 0.340853 -7.62288e-09
f 2159/6713/1905 2141/6629/1905 2142/6631/1905 2143/6632/1905 2158/6712/1905 

v 70.7055 47.4801 -61.0021
vt -7.70031 43.3314
vn 0.0354462 0.837224 0.54571
vt -10.0907 43.6865
vn -0.14047 0.955293 -0.260161
vt -9.65781 42.2974
vn -0.055976 0.96662 0.250026
f 2160/6714/1906 2159/6715/1907 2141/6716/1908

vt -9.66261 42.9662
vt -7.27705 42.5802
v 70.5853 47.7575 -62.1955
vt -7.65331 43.8005
vn -0.323209 0.743204 -0.585819
f 2159/6717/1907 2160/6718/1906 2161/6719/1909

v 72.6337 48.4127 -63.012
vt -21.5466 41.8785
vn -0.280848 0.918264 -0.279135
vt -22.6065 39.7408
vt -21.7054 38.836
f 2162/6720/1910 2161/6721/1909 2160/6722/1906

vt -14.2193 50.2678
vt -10.5933 46.9508
vn -0.205085 -0.537264 -0.8181
vt -11.9321 49.5882
f 2162/6723/1910 2158/6724/1911 2161/6725/1909

vt -11.7607 45.6384
vt -15.3836 48.9589
v 72.2021 46.0324 -62.9398
vt -14.9441 46.4873
vn -0.0685911 -0.995399 0.0669042
f 2158/6726/1911 2162/6727/1910 2163/6728/1912

v 71.6589 46.411 -62.8489
vt 6.0997 48.3628
vn -0.518944 -0.354149 0.777995
vt 6.67098 47.9701
vt 7.12482 50.4391
vn 0.165048 -4.82734e-08 0.986286
v 76.9899 48.3544 -63.741
vt 11.7062 50.3786
v 77.4432 47.2162 -63.8168
vt 12.1829 49.198
v 77.1107 46.2002 -63.7612
vt 11.8332 48.1442
vn 0.562585 -0.643243 0.519362
v 77.6878 46.6821 -63.8578
vt 12.4402 48.644
vn 0.770169 -0.313889 0.55526
v 77.6866 49.5784 -63.8575
vt 12.4389 51.6482
vn 0.771606 0.310164 0.555358
v 77.0415 50.1291 -63.7496
vt 11.7605 52.2195
vn 0.36519 0.718807 0.591568
v 72.4058 50.1718 -62.9738
vt 6.8852 52.2637
vn -0.143437 0.722994 0.6758
v 71.625 49.5178 -62.8432
vt 6.064 51.5853
vn -0.54778 0.313612 0.775618
v 71.625 47.1683 -62.8432
vt 6.064 49.1483
vn -0.658885 -0.0175696 0.752038
f 2164/6729/1913 2163/6730/1912 2162/6731/1914 2165/6732/1914 2166/6733/1914 2167/6734/1915 2168/6735/1916 2169/6736/1917 2170/6737/1918 2171/6738/1919 2172/6739/1920 2173/6740/1921 

v 71.2479 46.2359 -63.7037
vt -27.4846 12.359
vn -0.863046 -0.484038 0.144424
v 71.8384 45.8244 -63.8025
vt -27.1772 11.671
vn -0.272594 -0.961047 0.0456166
vt -26.2451 12.0188
vt -26.5279 12.6518
f 2174/6741/1922 2175/6742/1923 2163/6743/1912 2164/6744/1913 

v 71.3031 46.3235 -64.1747
vt -33.7304 39.6408
vn -0.743961 -0.354149 -0.566657
v 71.8699 45.9284 -64.2696
vt -34.0255 38.9803
vn -0.315136 -0.73911 -0.595319
vt -33.5594 38.8065
vt -33.2521 39.4945
f 2176/6745/1924 2177/6746/1925 2175/6747/1923 2174/6748/1922 

vt -5.96264 48.272
v 71.916 46.0885 -64.2773
vt -6.60729 48.0283
vn -0.165048 4.70435e-08 -0.986286
vt -6.55875 47.8622
f 2176/6749/1924 2178/6750/1926 2177/6751/1925

v 71.4557 46.4094 -64.2003
vt -6.12314 48.3612
f 2178/6750/1926 2176/6749/1924 2179/6752/1926

v 71.2677 47.1137 -64.1688
vt -5.92538 49.0917
vn -0.867828 -0.0175695 -0.496554
f 2179/6752/1926 2176/6749/1924 2180/6753/1927

v 71.211 47.0591 -63.6975
vt -35.1444 49.1828
vn -0.986032 -0.0226947 0.165005
vt -35.6368 49.2395
vt -35.6474 48.4191
vt -35.1555 48.3282
f 2181/6754/1928 2180/6755/1927 2176/6756/1924 2174/6757/1922 

v 71.211 49.6689 -63.6975
vt -35.1663 51.7421
vn -0.892859 0.424829 0.149413
v 71.2677 49.5933 -64.1688
vt -35.6587 51.6637
vn -0.770453 0.313613 -0.555022
vt -35.6587 49.0917
vt -35.1663 49.035
f 2182/6758/1929 2183/6759/1930 2180/6760/1927 2181/6761/1928 

vt -34.3816 27.3736
vt -33.8966 27.4893
v 72.0598 50.3798 -63.8395
vt -34.2922 28.5774
vn -0.325776 0.943874 0.0545162
v 72.0824 50.2758 -64.3051
vt -34.7613 28.4182
vn -0.355642 0.722994 -0.592283
f 2183/6762/1930 2182/6763/1929 2184/6764/1931 2185/6765/1932 

vt -28.7684 50.2666
vt -27.7985 50.0352
vt -27.4347 51.0363
vt -28.3729 51.3547
f 2182/6766/1929 2172/6767/1920 2171/6768/1919 2184/6769/1931 

vt -30.9233 51.5853
vt -31.908 51.7421
vt -31.908 49.035
vt -30.9233 49.1483
f 2172/6770/1920 2182/6771/1929 2181/6772/1928 2173/6773/1921 

vt -30.8458 48.4253
vt -31.8305 48.3119
vt -31.8194 47.4572
vt -30.8356 47.639
f 2173/6774/1921 2181/6775/1928 2174/6776/1922 2164/6777/1913 

vt 8.0741 45.395
vt 8.2419 44.4185
vt 13.1133 44.2182
v 77.0986 50.3334 -64.6827
vt 13.3691 45.1773
vn 0.338377 0.939305 -0.0566249
f 2184/6778/1931 2171/6779/1919 2170/6780/1918 2186/6781/1933 

vt 36.629 39.4414
vt 35.6858 39.132
vt 35.9878 38.2982
v 77.7997 49.7348 -64.8001
vt 36.9572 38.535
vn 0.894882 0.420429 -0.149752
f 2186/6782/1933 2170/6783/1918 2169/6784/1917 2187/6785/1934 

vt 36.1323 51.6472
vt 36.1327 48.643
v 77.8011 46.5306 -64.8003
vt 37.1174 48.4858
vn 0.892639 -0.425303 -0.149377
vt 37.117 51.8094
f 2169/6786/1917 2168/6787/1916 2188/6788/1935 2187/6789/1934 

v 77.1738 46.0068 -64.6953
vt 36.671 28.9742
vn 0.344957 -0.936842 -0.057726
vt 36.9639 29.7771
vt 35.9942 30.0094
vt 35.7247 29.2707
f 2189/6790/1936 2188/6791/1935 2168/6792/1916 2167/6793/1915 

v 76.9919 46.1035 -65.1267
vt 26.4393 51.9689
vn 0.160206 -0.72119 -0.673958
v 77.5941 46.6064 -65.2275
vt 26.1582 52.7397
vn 0.547434 -0.31389 -0.775751
vt 25.6733 52.6236
vt 25.9662 51.8207
f 2190/6794/1937 2191/6795/1938 2188/6796/1935 2189/6797/1936 

vt -11.9455 48.0438
v 76.9335 46.2601 -65.1169
vt -11.8841 48.2062
vt -12.5788 48.5654
f 2190/6798/1937 2192/6799/1926 2191/6800/1938

f 2190/6798/1937 2178/6750/1926 2192/6799/1926

f 2178/6750/1926 2190/6798/1937 2177/6751/1925

vt -1.12459 45.559
vt -6.4493 46.3939
vt -6.6317 45.9329
vt -1.08513 45.0632
f 2177/6801/1925 2190/6802/1937 2189/6803/1936 2175/6804/1923 

vt 11.6596 -22.3787
vt 17.2061 -21.509
vt 16.8413 -20.5869
vt 11.7385 -21.387
f 2175/6805/1923 2189/6806/1936 2167/6807/1915 2163/6808/1912 

v 76.5747 46.3662 -62.5543
vt 17.1633 -21.2942
vn 0.480081 -0.638068 0.60199
vt 13.0562 -23.2898
vt 18.1231 -22.2865
f 2193/6809/1939 2163/6810/1912 2167/6811/1915

vt 10.1641 46.2718
vt 5.73909 47.3983
v 70.5916 45.2148 -60.8123
vt 11.0411 43.5131
vn 0.277331 -0.821806 0.497716
f 2163/6812/1912 2193/6813/1939 2194/6814/1940

vt 16.4548 38.3052
v 70.8193 46.3794 -60.5466
vt 10.1323 38.3194
vn 0.288929 0.194265 0.937433
vt 9.99982 37.0651
f 2193/6815/1939 2195/6816/1941 2194/6817/1940

vt 10.1543 49.8849
vt 16.4768 49.8712
v 76.7174 47.1424 -62.6479
vt 16.6486 50.6774
vn 0.68754 0.101098 0.719074
f 2195/6818/1941 2193/6819/1939 2196/6820/1942

vt 34.7626 46.7367
vt 33.5432 47.7206
vt 33.393 46.9101
f 2167/6821/1915 2196/6822/1942 2193/6823/1939

vt 33.7563 44.5621
vn 0.818683 0.130907 0.559126
vt 32.3292 44.4832
vt 33.5289 43.4753
f 2166/6824/1943 2196/6825/1942 2167/6826/1915

v 76.4974 48.192 -63.0604
vt 32.101 52.0139
vn 0.408111 0.611841 0.677566
vt 31.8667 50.8453
vt 33.2936 50.9274
f 2197/6827/1944 2196/6828/1942 2166/6829/1943

vt 15.1068 58.7293
vt 8.71825 56.6779
vt 15.2035 57.5414
f 2197/6830/1944 2195/6831/1941 2196/6832/1942

vt 8.81237 56.5865
vt 15.2033 58.6302
vt 8.8353 57.8275
f 2195/6833/1941 2197/6834/1944 2160/6835/1906

vt 9.56911 53.4074
vt 5.58454 53.897
vt 3.34802 51.8282
f 2197/6836/1944 2162/6837/1910 2160/6838/1906

vt 8.67025 46.3247
vt 12.5992 45.5001
vt 13.2468 46.1069
vn 0.474649 0.714517 0.513978
f 2162/6839/1910 2197/6840/1944 2165/6841/1945

vt 31.6987 52.0059
vt 31.3424 53.2283
vt 30.4722 53.0539
f 2166/6842/1943 2165/6843/1945 2197/6844/1944

vt 3.72852 57.8052
vn 0.220216 0.491986 0.842291
vt 5.9452 56.8521
vt 5.92352 58.0932
f 2141/6845/1946 2195/6846/1941 2160/6847/1906

vt 9.62333 57.1514
vt 7.46602 58.2321
vt 7.59246 57.1514
vn 0.32563 0.0377205 0.944745
f 2195/6848/1941 2141/6849/1946 2142/6850/1947

vt 7.59246 38.3487
vt 9.48526 37.0949
vt 9.62333 38.3487
f 2142/6851/1947 2194/6852/1940 2195/6853/1941

vt 10.6593 39.5125
vt 8.75509 40.7489
vt 9.32053 39.5125
vn 0.218906 -0.778795 0.587842
f 2194/6854/1940 2142/6855/1947 2143/6856/1948

vt 1.95825 33.3841
vt 0.703646 32.434
vt 1.95825 31.9668
f 2158/6857/1911 2194/6858/1940 2143/6859/1948

vt 21.7159 38.1201
vt 20.1426 41.0148
vt 20.1421 38.1201
f 2158/6860/1911 2163/6861/1912 2194/6862/1940

usemtl _Gainsboro_3
v 77.4365 49.5828 -65.2011
vt -12.4131 51.6528
vn -0.165048 4.70829e-08 -0.986286
v 77.4378 46.6811 -65.2013
vt -12.4144 48.643
v 71.4239 47.1173 -64.1949
vt -6.08976 49.0954
v 71.4239 49.5187 -64.1949
vt -6.08976 51.5863
v 72.138 50.1168 -64.3144
vt -6.84075 52.2067
v 76.862 50.0733 -65.105
vt -11.8089 52.1616
f 2198/6863/1949 2199/6864/1949 2192/6799/1949 2178/6750/1949 2179/6752/1949 2200/6865/1949 2201/6866/1949 2202/6867/1949 2203/6868/1949 

usemtl _DimGray_
v 77.5928 49.6566 -65.2273
vt -12.5774 51.7293
vn 0.548761 0.310163 -0.776312
f 2204/6869/1950 2199/6864/1926 2198/6863/1926

f 2191/6800/1938 2199/6864/1926 2204/6869/1950

f 2191/6800/1938 2192/6799/1926 2199/6864/1926

vt 29.9585 51.8011
vt 29.9581 48.4775
vt 30.4504 48.5561
vt 30.4508 51.72
f 2187/6870/1934 2188/6871/1935 2191/6872/1938 2204/6873/1950 

v 76.9197 50.2313 -65.1146
vt 26.4348 16.6166
vn 0.152699 0.718807 -0.678233
vt 25.9632 16.7712
vt 25.6349 15.8649
vt 26.1196 15.7464
f 2205/6874/1951 2186/6875/1933 2187/6876/1934 2204/6877/1950 

vt -5.35784 -23.2124
vt -5.27394 -22.7241
vt -10.5689 -22.9418
vt -10.441 -23.4213
f 2185/6878/1932 2184/6879/1931 2186/6880/1933 2205/6881/1951 

vt -6.78229 52.3716
vt -11.8695 52.3254
f 2202/6867/1926 2185/6882/1932 2205/6883/1951

vt -5.92538 51.6637
f 2202/6867/1926 2183/6884/1930 2185/6882/1932

f 2201/6866/1926 2183/6884/1930 2202/6867/1926

f 2200/6865/1926 2183/6884/1930 2201/6866/1926

f 2200/6865/1926 2180/6753/1927 2183/6884/1930

f 2179/6752/1926 2180/6753/1927 2200/6865/1926

f 2205/6883/1951 2203/6868/1926 2202/6867/1926

f 2204/6869/1950 2203/6868/1926 2205/6883/1951

f 2204/6869/1950 2198/6863/1926 2203/6868/1926

vt -2.77295 52.7157
vt -4.93956 52.9133
vt -3.62819 50.2622
f 2159/6885/1907 2161/6886/1909 2158/6887/1911

f 2158/6712/1880 2157/6711/1880 2159/6713/1880

f 2159/6713/1880 2157/6711/1880 2140/6628/1880

usemtl LightSteelBlue
vn 0.940117 0.340853 -2.08373e-08
v 63.592 61.1846 -92.356
vt 65.1529 62.5876
v 63.6779 60.9478 -83.2938
vt 55.7531 62.3263
v 64.1715 59.5864 -76.9893
vt 49.2137 60.8243
v 64.9201 57.5215 -72.7816
vt 44.8491 58.546
f 2140/6628/1952 2157/6711/1952 2156/6710/1952 2155/6709/1952 2206/6888/1952 2207/6889/1952 2208/6890/1952 2209/6891/1952 2139/6626/1952 

usemtl _DimGray_
f 2151/6672/1880 2206/6888/1880 2155/6709/1880

f 2151/6672/1880 2207/6889/1880 2206/6888/1880

vt 55.653 63.1113
f 2153/6892/1880 2207/6889/1880 2151/6672/1880

f 2153/6892/1880 2208/6890/1880 2207/6889/1880

vt 48.9389 61.5691
f 2154/6893/1880 2208/6890/1880 2153/6892/1880

f 2154/6893/1880 2209/6891/1880 2208/6890/1880

f 2113/6627/1880 2209/6891/1880 2154/6893/1880

f 2113/6627/1880 2139/6626/1880 2209/6891/1880

f 2140/6628/1880 2141/6629/1880 2159/6713/1880

usemtl interior
vt 57.1631 59.035
vt 57.1631 72.3416
vt 9.98778 72.3416
vt 9.98778 59.035
f 1331/6894/747 1332/6895/749 2148/6896/1892 1401/6897/814 

vt 57.1631 70.5462
vt 57.1631 103.983
v 61.641 64.2704 -128.234
vt 9.98778 103.983
vn -0.777017 -0.629451 0.00601321
vt 9.98778 70.5462
f 1332/6898/749 2061/6899/1768 2210/6900/1953 2148/6901/1892 

vt 57.1631 137.228
v 38.9006 64.2704 -161.842
vt 33.5755 137.228
vn 2.4204e-14 -0.986713 0.162474
v 61.641 64.2704 -161.842
vt 9.98778 137.228
vn -0.612748 -0.757384 0.225629
vt 9.98778 102.367
vt 57.1631 102.367
f 2057/6902/1764 2211/6903/1954 2212/6904/1955 2210/6905/1953 2061/6906/1768 

v 22.939 63.2997 -165.708
vt -50.1317 -120.942
vn 0.0514698 -0.958658 0.279868
vt -33.5755 -116.807
vn 2.42044e-14 -0.986713 0.162474
vt -57.1631 -116.807
f 2213/6907/1956 2211/6908/1957 2057/6909/1764

v 31.5109 63.4515 -166.207
vt -15.2522 -135.774
vn 0.0138276 -0.986738 0.161729
vt -8.51935 -129.888
vn 2.42042e-14 -0.986713 0.162474
vt -24.0928 -136.865
f 2214/6910/1958 2211/6911/1959 2213/6912/1956

v 38.9006 63.4515 -166.283
vt -32.1167 -127.836
vn 3.92208e-14 -0.983416 0.181363
vt -32.1641 -123.152
vn 2.42043e-14 -0.986713 0.162474
vt -39.7821 -127.836
f 2215/6913/1960 2211/6914/1961 2214/6915/1958

vt -34.9833 -122.474
vt -35.0306 -127.157
v 46.2902 63.4515 -166.207
vt -27.3653 -127.157
vn -0.0138276 -0.986738 0.161729
f 2211/6916/1961 2215/6917/1960 2216/6918/1962

usemtl Durango
v 38.9006 65.2513 -166.134
vt 35.0291 56.0667
vn -6.31423e-14 0.624498 -0.781026
vt 27.3653 54.1935
vn 0.0373023 0.155009 -0.987208
vt 35.0306 54.1935
vn -2.15455e-13 0.0821464 -0.99662
f 2217/6919/1963 2216/6920/1964 2215/6921/1965

v 49.6315 65.1684 -165.699
vt 28.3808 37.0801
vn 0.0581918 0.649534 -0.758102
vt 31.8657 35.2592
vt 39.5207 37.1681
vn -6.31435e-14 0.624498 -0.781026
f 2218/6922/1966 2216/6923/1964 2217/6924/1967

vt 31.0409 42.58
v 54.8621 63.2997 -165.708
vt 25.6262 40.6119
vn 0.118006 0.127081 -0.984848
vt 34.5325 40.7718
f 2218/6925/1966 2219/6926/1968 2216/6927/1964

v 55.3685 64.8879 -165.331
vt 26.9323 37.0047
vn 0.104329 0.718198 -0.687973
vt 27.4853 35.3203
vt 32.8951 37.3022
f 2220/6928/1969 2219/6929/1968 2218/6930/1966

v 59.5839 64.4769 -164.934
vt 27.9063 38.6856
vn 0.33627 0.645615 -0.685642
vt 32.8633 37.4403
vt 32.2972 39.1204
f 2221/6931/1970 2219/6932/1968 2220/6933/1969

v 60.8341 63.914 -164.648
vt 36.4305 78.6801
vn 0.436899 0.390255 -0.810444
vt 42.7217 78.0401
vt 37.7598 79.2663
f 2222/6934/1971 2219/6935/1968 2221/6936/1970

vt 39.4422 45.4878
vt 33.1514 46.1317
v 61.5246 62.8557 -164.692
vt 32.4519 45.0224
vn 0.599312 0.397831 -0.694663
f 2219/6937/1968 2222/6938/1971 2223/6939/1972

vt 122.616 24.046
v 61.5696 64.1084 -163.346
vt 121.069 24.2776
vn 0.633048 0.632961 -0.445657
vt 122.257 22.7846
f 2222/6940/1971 2224/6941/1973 2223/6942/1972

vt 115.654 -25.8889
vt 113.07 -26.5404
vt 114.596 -26.884
f 2221/6943/1970 2224/6944/1973 2222/6945/1971

vt 111.697 -16.3799
v 61.6835 64.9897 -161.842
vt 107.861 -15.6056
vn 0.523371 0.735198 -0.430775
vt 109.091 -16.9363
f 2221/6946/1970 2225/6947/1974 2224/6948/1973

vt 106.143 -40.063
v 59.8991 65.5755 -162.338
vt 104.04 -38.0055
vn 0.200123 0.90134 -0.384106
vt 102.35 -39.1024
f 2221/6949/1970 2226/6950/1975 2225/6951/1974

vt 58.1258 -89.1609
vt 52.71 -87.4585
vt 53.8324 -90.1785
f 2220/6952/1969 2226/6953/1975 2221/6954/1970

vt 49.5964 -100.544
v 52.8996 66.0328 -162.805
vt 51.459 -97.1732
vn 0.0643528 0.937506 -0.341967
vt 44.2924 -98.5196
f 2220/6955/1969 2227/6956/1976 2226/6957/1975

vt 48.7119 -100.755
vt 44.8162 -98.28
vt 42.7961 -101.559
f 2218/6958/1966 2227/6959/1976 2220/6960/1969

vt 39.6405 -107.282
v 45.9001 66.2244 -163.121
vt 43.1527 -103.966
vn 0.0307204 0.936276 -0.349919
vt 35.9072 -104.568
f 2218/6961/1966 2228/6962/1977 2227/6963/1976

vt 42.153 -106.452
vn -6.3141e-14 0.624498 -0.781026
vt 34.7156 -103.591
vt 31.0154 -106.696
f 2217/6964/1978 2228/6965/1977 2218/6966/1966

vt 37.4422 -100.721
vt 44.9316 -103.443
v 38.9006 66.3401 -163.399
vt 44.702 -100.398
vn 9.18082e-16 0.929123 -0.369771
f 2228/6967/1977 2217/6968/1978 2229/6969/1979

vt 21.999 -108.49
vn -6.31405e-14 0.624498 -0.781026
v 31.901 66.2244 -163.121
vt 29.4885 -105.768
vn -0.0307204 0.936276 -0.349919
vt 22.2286 -105.445
f 2217/6970/1980 2230/6971/1981 2229/6972/1979

vt 32.3103 -107.423
vt 24.8729 -110.284
vn -6.3143e-14 0.624498 -0.781026
v 28.1696 65.1684 -165.699
vt 36.0105 -110.528
vn -0.0581918 0.649534 -0.758102
f 2230/6973/1981 2217/6974/1982 2231/6975/1983

vt 35.2255 34.6682
vn -0.0373023 0.155009 -0.987208
vt 38.7104 36.4892
vt 27.5705 36.5771
f 2214/6976/1984 2231/6977/1983 2217/6978/1967

vt 41.399 39.8995
vn -0.118006 0.127081 -0.984848
vt 35.9842 41.8676
vt 32.4927 40.0594
f 2213/6979/1985 2231/6980/1983 2214/6981/1984

vt 39.4793 34.2778
v 22.4326 64.8879 -165.331
vt 40.0323 35.9622
vn -0.104329 0.718198 -0.687973
vt 34.0696 36.2597
f 2213/6982/1985 2232/6983/1986 2231/6984/1983

vt 33.8578 35.952
v 18.2172 64.4769 -164.934
vt 38.8149 37.1973
vn -0.33627 0.645615 -0.685642
vt 34.424 37.6321
f 2213/6985/1985 2233/6986/1987 2232/6987/1986

vt 23.2822 79.1728
v 16.967 63.914 -164.648
vt 29.5734 79.8127
vn -0.436899 0.390255 -0.810444
vt 28.2441 80.399
f 2213/6988/1985 2234/6989/1988 2233/6990/1987

vt 33.1309 44.5797
vt 26.8401 43.9357
vt 33.8305 43.4704
f 2234/6991/1988 2213/6992/1985 2068/6993/1782

usemtl interior
vt -9.46709 -102.07
vt -17.3288 -99.8957
vt -16.402 -103.065
vn 0.759007 -0.611381 0.223879
f 2213/6994/1956 2057/6995/1764 2068/6996/1989

vt 123.067 12.5609
vt 120.186 21.7623
vt 117.303 23.3725
f 2055/6997/1762 2068/6998/1989 2057/6999/1764

vt 145.687 51.2807
vt 149.765 42.5434
v 13.2085 55.2124 -171.957
vt 153.532 43.0204
vn 0.966706 -0.219231 -0.131977
f 2068/7000/1989 2055/7001/1762 2235/7002/1990

v 11.1224 45.2877 -173.069
vt 154.388 37.1551
vn 0.994769 0.0983135 0.0277315
vt 153.023 47.6491
vt 149.255 47.1824
f 2236/7003/1991 2235/7004/1990 2055/7005/1762

vt 156.547 50.9636
vt 158.095 40.4951
v 10.4978 46.1954 -177.126
vt 162.349 41.4525
vn 0.503697 0.854113 0.129536
f 2235/7006/1990 2236/7007/1991 2237/7008/1992

v 19.9338 45.3038 -174.88
vt -23.0739 164.671
vn 0.0234789 0.97237 0.23226
vt -32.2258 168.951
vt -32.4044 164.594
f 2238/7009/1993 2237/7010/1992 2236/7011/1991

vt -32.4065 163.372
v 17.8144 46.1954 -178.123
vt -34.1306 167.117
vn 0.0260391 0.968101 0.249205
vt -41.79 167.117
f 2238/7012/1993 2239/7013/1994 2237/7014/1992

vt -42.0034 161.2
v 27.8679 46.1954 -178.865
vt -33.4916 164.835
vn 0.0067376 0.973428 0.228895
vt -43.9481 164.835
f 2238/7015/1993 2240/7016/1995 2239/7017/1994

v 38.9006 45.3038 -174.88
vt -33.5755 157.424
vn 0.000737864 0.9763 0.216422
vt -45.0192 161.659
vt -53.2489 157.424
f 2241/7018/1996 2240/7019/1995 2238/7020/1993

vt -43.9524 161.905
vt -32.5374 157.592
v 38.9006 46.1954 -178.941
vt -32.5084 161.905
vn 0.00147573 0.976728 0.214475
f 2240/7021/1995 2241/7022/1996 2242/7023/1997

vt -34.6119 157.141
vn -0.000737864 0.9763 0.216422
v 49.9332 46.1954 -178.865
vt -23.1969 161.453
vn -0.0067376 0.973428 0.228895
vt -34.6409 161.453
vn -0.00147573 0.976728 0.214475
f 2241/7024/1998 2243/7025/1999 2242/7026/2000

vt -22.1317 161.659
v 57.8673 45.3038 -174.88
vt -13.902 157.424
vn -0.0234789 0.97237 0.23226
f 2243/7027/1999 2241/7018/1998 2244/7028/2001

usemtl _DimGray_
vt -62.7093 111.075
vn -2.33048e-19 0.999961 0.00886282
v 11.9519 44.9612 -136.232
vt -61.5282 111.075
v 65.8492 44.9612 -136.232
vt -5.6227 111.075
v 66.9879 44.9612 -136.232
vt -4.4416 111.075
v 66.9879 45.2716 -171.257
vt -4.4416 147.406
v 66.6787 45.2877 -173.069
vt -4.76235 149.285
vt -13.902 151.164
vt -33.5755 151.164
vt -53.2489 151.164
vt -62.3886 149.285
vt -62.7093 147.406
f 2049/7029/2002 2245/7030/2002 2246/7031/2002 2247/7032/2002 2248/7033/2002 2249/7034/2002 2244/7035/2002 2241/7036/2002 2238/7037/2002 2236/7038/2002 2050/7039/2002 

usemtl interior
vt -62.7093 80.5286
vn -4.41763e-12 0.32762 0.94481
vt -62.7093 68.3408
v 11.9519 33.8598 -132.383
vt -61.5282 68.3408
vt -61.5282 80.5286
f 2049/7040/2003 2096/7041/2003 2250/7042/2003 2245/7043/2003 

vt -62.7093 105.755
vn 4.89693e-13 0.786997 0.616957
vt -62.7093 97.3697
v 11.9519 28.8719 -126.02
vt -61.5282 97.3697
vt -61.5282 105.755
f 2096/7044/2004 2095/7045/2004 2251/7046/2004 2250/7047/2004 

vt -62.7093 59.9738
vn -4.52071e-12 0.312968 0.949764
vt -62.7093 50.1706
v 11.9519 19.8957 -123.062
vt -61.5282 50.1706
vt -61.5282 59.9738
f 2095/7048/2005 2094/7049/2005 2252/7050/2005 2251/7051/2005 

vt -62.7093 97.0034
vn 5.87455e-12 1 -3.63874e-30
vt -62.7093 78.2806
v 11.9519 19.8957 -106.758
vt -61.5282 80.0916
vt -61.5282 97.0034
f 2094/7052/2006 2093/7053/2006 2253/7054/2006 2252/7055/2006 

usemtl _DimGray_
vn 3.11609e-25 1 8.28693e-12
vt -62.7093 34.5624
v 66.9879 19.8957 -62.8643
vt -4.4416 34.5624
v 66.9879 19.8957 -105.012
vt -4.4416 78.2806
v 65.8492 19.8957 -106.758
vt -5.6227 80.0916
f 2093/7053/2007 2092/7056/2007 2254/7057/2007 2255/7058/2007 2256/7059/2007 2253/7054/2007 

vt 62.7093 10.1345
vn -2.38781e-18 0.285237 -0.958457
vt 62.7093 20.9219
vn -1.88221e-18 -0.318238 -0.948011
v 66.9879 29.8636 -59.8979
vt 4.4416 20.9219
vt 4.4416 10.1345
f 2092/7060/2008 2091/7061/2009 2257/7062/2009 2254/7063/2008 

vt 62.7093 43.8468
vt 62.7093 51.7995
vn 3.58058e-13 -0.451546 -0.892248
v 66.9879 34.4041 -66.0759
vt 4.4416 51.7995
vt 4.4416 43.8468
f 2091/7064/2009 2090/7065/2010 2258/7066/2010 2257/7067/2009 

vt 30.9231 38.6645
vn 6.38953e-13 -1.31637e-11 -1
v 51.1391 37.061 -66.0759
vt 20.8809 38.6645
v 51.1391 36.3409 -66.0759
vt 20.8809 37.9175
v 54.2684 34.9018 -66.0759
vt 17.635 36.4248
v 57.3977 36.3409 -66.0759
vt 14.3892 37.9175
v 57.3977 37.061 -66.0759
vt 14.3892 38.6645
v 64.6487 37.061 -66.0759
vt 6.86796 38.6645
v 66.9879 37.061 -66.0759
vt 4.4416 38.6645
vt 4.4416 35.9086
vt 62.7093 35.9086
vt 62.7093 38.6645
f 2098/7068/2011 2259/7069/2011 2260/7070/2011 2261/7071/2011 2262/7072/2011 2263/7073/2011 2264/7074/2011 2265/7075/2011 2258/7076/2010 2090/7077/2010 2089/7078/2011 

vt 30.9231 57.1186
v 51.1391 39.0744 -68.5124
vt 20.8809 57.1186
vn 0 -0.770864 -0.636999
vt 20.8809 53.8401
vt 30.9231 53.8401
f 2101/7079/1808 2266/7080/2012 2259/7081/2012 2098/7082/1808 

v 64.6487 39.0744 -68.5124
vt 6.86796 21.1691
vn 1.32631e-16 0.400226 -0.916417
v 57.3977 39.0744 -68.5124
vt 14.3892 21.1691
v 57.3977 40.2292 -68.0081
vt 14.3892 22.4762
v 54.2684 41.4008 -67.4964
vt 17.635 23.8022
v 51.1391 40.2292 -68.0081
vt 20.8809 22.4762
vt 20.8809 21.1691
vt 30.9231 21.1691
vt 30.9231 27.6679
vt 30.099 28.4919
vt 7.69199 28.4919
v 64.6487 44.8161 -66.0049
vt 6.86796 27.6679
f 2267/7083/2013 2268/7084/2013 2269/7085/2013 2270/7086/2013 2271/7087/2013 2266/7088/2013 2101/7089/2013 2100/7090/2013 2102/7091/2013 2104/7092/2013 2272/7093/2013 

vt 6.86796 53.8401
vn 0.707107 -0.545083 -0.450426
vt 14.3892 53.8401
vt 14.3892 57.1186
vt 6.86796 57.1186
f 2264/7094/2014 2263/7095/2012 2268/7096/2012 2267/7097/2014 

usemtl interior
v 57.3977 41.0556 -69.5888
vt 41.5375 42.8079
vn 0.82988 0.494449 0.258492
vt 39.8978 41.9507
vt 40.421 40.7529
vn 1 1.29743e-15 9.31985e-16
vt 37.8937 37.9175
vn 0.82988 -0.494449 -0.258492
v 57.3977 38.7952 -70.7705
vt 42.7632 40.4633
f 2273/7098/2015 2269/7099/2015 2268/7100/2016 2263/6416/2016 2262/7101/2017 2274/7102/2017 

v 54.2684 42.1858 -68.998
vt 13.7889 59.9067
vn 1.76835e-15 0.886204 0.463296
vt 12.7602 58.4818
vt 15.5479 56.355
vt 16.6308 57.8551
f 2275/7103/2018 2270/7104/2018 2269/7105/2015 2273/7106/2015 

v 51.1391 41.0556 -69.5888
vt -43.113 38.7374
vn -0.82988 0.494449 0.258492
vt -42.0301 37.2373
vt -39.2424 39.3641
vt -40.2711 40.7891
f 2276/7107/2019 2271/7108/2019 2270/7109/2018 2275/7110/2018 

v 51.1391 38.7952 -70.7705
vt -42.7632 40.4633
vn -0.82988 -0.494449 -0.258492
vt -37.8937 37.9175
vn -1 4.63425e-16 1.18535e-15
vt -39.8978 41.9507
vt -41.5375 42.8079
f 2277/7111/2020 2260/7112/2020 2259/6430/2021 2266/6433/2021 2271/7113/2019 2276/7114/2019 

v 54.2684 37.665 -71.3614
vt -15.408 58.7379
vn 3.29692e-16 -0.886204 -0.463296
vt -11.787 53.7219
vt -9.34983 56.3343
vt -12.5661 60.7895
f 2278/7115/2022 2261/7116/2022 2260/7117/2020 2277/7118/2020 

vt 39.0483 41.6718
vt 35.8321 37.2166
vt 38.2692 34.6042
vt 41.8903 39.6202
f 2274/7119/2017 2262/7120/2017 2261/7121/2022 2278/7122/2022 

usemtl _DimGray_
vn -3.47668e-26 -5.81593e-11 -1
f 2259/7069/2023 2263/7073/2023 2262/7072/2023 2261/7071/2023 2260/7070/2023 

f 2263/7095/2012 2259/7081/2012 2266/7080/2012 2268/7096/2012 

vn 6.56864e-16 0.400226 -0.916417
f 2268/7084/2024 2266/7088/2024 2271/7087/2024 2270/7086/2024 2269/7085/2024 

usemtl interior
vt -17.635 14.7238
vn -9.02068e-18 -0.463296 0.886204
v 57.7726 38.6624 -70.84
vt -14.0003 15.8913
vt -14.3892 16.0467
f 2278/7123/2025 2279/7124/2025 2274/7125/2025

v 57.022 37.6237 -71.383
vt -14.7788 14.6755
f 2280/7126/2025 2279/7124/2025 2278/7123/2025

v 59.4615 37.4517 -71.4729
vt -12.2484 14.4741
f 2280/7126/2025 2281/7127/2025 2279/7124/2025

v 58.5948 36.8391 -71.7932
vt -13.1474 13.7572
f 2281/7127/2025 2280/7126/2025 2282/7128/2025

v 56.7315 38.3204 -71.7606
vt -11.8675 58.25
vn -0.0333642 -0.0679298 -0.997132
vt -13.4915 56.3899
vn -0.0283469 0.00162983 -0.999597
vt -11.8996 57.3751
vn -0.177901 -0.525212 -0.832168
f 2283/7129/2026 2282/7130/2027 2280/7131/2028

v 57.2119 38.9115 -71.4516
vt 24.3919 26.9517
vn 0.437092 0.39425 -0.808404
vt 23.0809 24.6967
vt 24.9516 26.3086
f 2284/7132/2029 2282/7133/2027 2283/7134/2026

vt 20.3822 26.174
vt 21.7358 28.4037
vt 19.4399 26.8331
vn 0.410487 0.642023 -0.647539
f 2282/7135/2027 2284/7136/2029 2281/7137/2030

vt 45.1829 21.6188
vt 45.8064 24.3298
vt 45.036 23.8673
vn 0.728722 0.505226 -0.462288
f 2281/7138/2030 2284/7139/2029 2279/7140/2031

v 58.7672 41.2815 -69.4708
vt 39.6254 41.8754
vn 0.597109 -0.189483 -0.77946
vt 41.3728 39.1536
vt 42.2333 39.4125
f 2285/7141/2032 2279/7142/2031 2284/7143/2029

vt -12.9686 18.9567
f 2274/7125/2025 2279/7124/2025 2285/7144/2025

vt -14.3892 18.6923
f 2274/7125/2025 2285/7144/2025 2273/7145/2025

vt -17.635 20.0152
f 2273/7145/2025 2285/7144/2025 2275/7146/2025

v 60.7441 41.5778 -69.3158
vt -10.918 19.3036
f 2275/7146/2025 2285/7144/2025 2286/7147/2025

v 58.0474 41.6228 -70.0342
vt 23.4068 56.9324
vn 0.318031 0.138732 -0.937875
vt 20.5125 56.8633
vn 0.245342 0.109879 -0.96319
vt 22.5416 56.4073
f 2287/7148/2033 2286/7149/2034 2285/7150/2032

v 57.6364 42.3283 -69.6653
vt 24.7644 16.8398
vn 0.113615 0.765064 -0.633852
vt 21.5614 15.9073
vt 24.456 15.9631
f 2288/7151/2035 2286/7152/2034 2287/7153/2033

vt 20.1981 21.6016
vt 23.4178 22.4749
v 60.7441 42.4316 -68.8695
vt 20.0906 22.5951
vn 0.115053 0.823077 -0.556154
f 2286/7154/2034 2288/7155/2035 2289/7156/2036

vt 9.18701 -36.0564
vt 12.3728 -37.0231
v 58.2779 42.4193 -68.8759
vt 11.7426 -36.1717
vn 0.0403493 0.98835 -0.14675
f 2289/7157/2036 2288/7158/2035 2290/7159/2037

v 55.6712 42.5177 -69.5663
vt 32.2464 -21.2016
vn 0.0313078 0.89275 -0.449464
v 55.9384 42.6448 -68.758
vt 31.6401 -20.5463
vn 0.0426643 0.984701 -0.168951
vt 29.4939 -21.709
vt 30.4436 -22.1784
f 2291/7160/2038 2292/7161/2039 2290/7162/2037 2288/7163/2035 

v 52.8655 42.5177 -69.5663
vt 19.0902 -34.1246
vn -0.0313078 0.89275 -0.449464
v 52.5983 42.6448 -68.758
vt 19.3673 -33.2759
vn -0.0426643 0.984701 -0.168951
vt 15.9028 -33.2759
vt 16.1799 -34.1246
f 2293/7164/2040 2294/7165/2041 2292/7166/2039 2291/7167/2038 

v 50.9004 42.3283 -69.6653
vt 1.5036 -36.8179
vn -0.113615 0.765064 -0.633852
v 50.2589 42.4193 -68.8759
vt 2.4533 -36.3486
vn -0.0403493 0.98835 -0.14675
vt 0.307109 -35.1858
vt -0.299199 -35.8411
f 2295/7168/2042 2296/7169/2043 2294/7170/2041 2293/7171/2040 

vt 22.8658 -35.544
v 47.7926 42.4316 -68.8695
vt 26.0517 -34.5772
vn -0.115053 0.823077 -0.556154
vt 23.4961 -34.6926
f 2295/7172/2042 2297/7173/2044 2296/7174/2043

vt 10.8885 18.7631
v 47.7926 41.5778 -69.3158
vt 14.1081 17.8898
vn -0.245342 0.109879 -0.96319
vt 14.2156 18.8833
f 2295/7175/2042 2298/7176/2045 2297/7177/2044

vt 12.4219 10.7093
vt 9.21893 11.6417
v 50.4893 41.6228 -70.0342
vt 9.52734 10.7651
vn -0.318031 0.138732 -0.937875
f 2298/7178/2045 2295/7179/2042 2299/7180/2046

v 51.0618 42.1198 -69.7743
vt 20.9611 19.5814
vn 1.86347e-16 0.463296 -0.886204
vt 21.5549 18.9997
vt 21.1285 19.8254
f 2300/7181/2047 2299/7182/2046 2295/7183/2042

v 50.7576 41.5977 -70.0473
vt 21.2766 18.9704
f 2301/7184/2047 2299/7182/2046 2300/7181/2047

v 51.5553 39.009 -71.4006
vt 20.4492 15.9404
f 2302/7185/2047 2299/7182/2046 2301/7184/2047

v 51.3248 38.9115 -71.4516
vt 20.6883 15.8263
vn -0.48754 0.422194 -0.764236
f 2302/7185/2047 2303/7186/2048 2299/7182/2046

v 51.9476 38.5264 -71.6529
vt 20.0423 15.3755
f 2304/7187/2047 2303/7186/2048 2302/7185/2047

v 51.8052 38.3204 -71.7606
vt 20.19 15.1345
vn -0.00938769 0.00775228 -0.999926
f 2304/7187/2047 2305/7188/2049 2303/7186/2048

v 54.2684 38.2104 -71.8181
vt 17.635 15.0057
f 2306/7189/2047 2305/7188/2049 2304/7187/2047

v 54.2684 37.985 -71.9359
vt 17.635 14.7419
vn 5.68531e-09 -0.148967 -0.988842
f 2305/7188/2049 2306/7189/2047 2307/7190/2050

vt 15.0801 15.1345
f 2306/7189/2047 2283/7191/2026 2307/7190/2050

v 56.5892 38.5264 -71.6529
vt 15.2278 15.3755
f 2283/7191/2026 2306/7189/2047 2308/7192/2047

usemtl _DimGray_
vn 2.68659e-16 0.463296 -0.886204
f 2304/7187/2051 2308/7192/2051 2306/7189/2051

f 2308/7192/2051 2304/7187/2051 2302/7185/2051

v 56.9814 39.009 -71.4006
vt 14.8209 15.9404
f 2308/7192/2051 2302/7185/2051 2309/7193/2051

v 54.2684 39.3135 -71.2414
vt 17.635 16.2969
f 2309/7193/2051 2302/7185/2051 2310/7194/2051

v 53.6214 39.4998 -71.144
vt 18.3061 16.5149
f 2310/7194/2051 2302/7185/2051 2311/7195/2051

f 2311/7195/2051 2302/7185/2051 2301/7184/2051

v 53.2215 39.9876 -70.889
vt 18.7209 17.0858
f 2311/7195/2051 2301/7184/2051 2312/7196/2051

v 53.2215 40.5904 -70.5739
vt 18.7209 17.7914
f 2312/7196/2051 2301/7184/2051 2313/7197/2051

v 53.6214 41.0782 -70.3189
vt 18.3061 18.3623
f 2313/7197/2051 2301/7184/2051 2314/7198/2051

v 54.2684 41.2645 -70.2215
vt 17.635 18.5803
f 2314/7198/2051 2301/7184/2051 2315/7199/2051

v 57.7792 41.5977 -70.0473
vt 13.9935 18.9704
f 2316/7200/2051 2315/7199/2051 2301/7184/2051

v 54.9154 41.0782 -70.3189
vt 16.964 18.3623
f 2316/7200/2051 2317/7201/2051 2315/7199/2051

v 55.3152 40.5904 -70.5739
vt 16.5492 17.7914
f 2316/7200/2051 2318/7202/2051 2317/7201/2051

v 55.3152 39.9876 -70.889
vt 16.5492 17.0858
f 2316/7200/2051 2319/7203/2051 2318/7202/2051

v 54.9154 39.4998 -71.144
vt 16.964 16.5149
f 2316/7200/2051 2320/7204/2051 2319/7203/2051

f 2309/7193/2051 2320/7204/2051 2316/7200/2051

f 2320/7204/2051 2309/7193/2051 2310/7194/2051

usemtl interior
vn -3.94585e-18 0.463296 -0.886204
f 2314/7198/2052 2315/7199/2052 2317/7201/2052 2318/7202/2052 2319/7203/2052 2320/7204/2052 2310/7194/2052 2311/7195/2052 2312/7196/2052 2313/7197/2052 

vt 13.7152 18.9997
f 2287/7205/2033 2309/7193/2047 2316/7200/2047

vt 14.5818 15.8263
f 2284/7206/2029 2309/7193/2047 2287/7205/2033

f 2284/7206/2029 2308/7192/2047 2309/7193/2047

f 2283/7191/2026 2308/7192/2047 2284/7206/2029

vt 39.9083 35.8662
vt 38.2809 38.725
vt 37.3349 38.3652
f 2284/7207/2029 2287/7208/2033 2285/7209/2032

v 57.475 42.1198 -69.7743
vt 14.309 19.5814
f 2287/7205/2033 2316/7200/2047 2321/7210/2047

usemtl _DimGray_
f 2316/7200/2051 2300/7181/2051 2321/7210/2051

f 2316/7200/2051 2301/7184/2051 2300/7181/2051

v 52.8792 42.295 -69.6828
vt 19.076 19.7865
f 2321/7210/2051 2300/7181/2051 2322/7211/2051

usemtl interior
f 2300/7181/2047 2295/7183/2042 2322/7211/2047

v 55.6576 42.295 -69.6828
vt 16.1941 19.7865
f 2322/7211/2047 2295/7183/2042 2323/7212/2047

vt 14.1416 19.8254
f 2288/7213/2035 2323/7212/2047 2295/7183/2042

f 2288/7213/2035 2321/7210/2047 2323/7212/2047

f 2287/7205/2033 2321/7210/2047 2288/7213/2035

usemtl _DimGray_
f 2321/7210/2051 2322/7211/2051 2323/7212/2051

usemtl interior
vt 19.0902 20.0472
f 2288/7213/2035 2295/7183/2042 2293/7214/2040

vt 16.1799 20.0472
f 2288/7213/2035 2293/7214/2040 2291/7215/2038

vt 20.8922 53.9257
vt 20.5404 53.124
v 54.2684 37.2488 -71.579
vt 23.3978 52.6926
vn 7.74052e-09 -0.436225 -0.899838
vt 23.4481 53.5398
f 2283/7216/2026 2280/7217/2028 2324/7218/2053 2307/7219/2050 

v 51.5147 37.6237 -71.383
vt -20.4913 14.6755
vt -17.635 14.2366
f 2325/7220/2025 2324/7221/2025 2280/7126/2025

vt 11.4947 55.6153
vt 11.545 54.768
vt 14.4024 55.1995
vn 0.177901 -0.525212 -0.832168
vt 14.0506 56.0012
f 2307/7222/2050 2324/7223/2053 2325/7224/2054 2305/7225/2049 

v 49.9419 36.8391 -71.7932
vt 42.7835 45.3162
vn 0.166316 -0.187924 -0.968
vt 41.1595 47.1763
vt 41.1916 46.3014
f 2326/7226/2055 2305/7227/2049 2325/7228/2054

v 49.0752 37.4517 -71.4729
vt 14.6185 26.3379
vn -0.347901 0.530865 -0.772753
vt 11.7802 27.2675
vt 13.6737 25.6825
f 2327/7229/2056 2305/7230/2049 2326/7231/2055

vt 10.4942 22.7192
vt 13.3252 21.7675
vt 11.049 23.3667
f 2305/7232/2049 2327/7233/2056 2303/7234/2048

vt -36.0609 -3.78668
vt -35.4375 -6.49767
v 50.7641 38.6624 -70.84
vt -35.2905 -4.24918
vn -0.728722 0.505226 -0.462288
f 2303/7235/2048 2327/7236/2056 2328/7237/2057

vt -23.0217 14.4741
vt -21.2698 15.8913
f 2327/7238/2025 2325/7220/2025 2328/7239/2025

vt -22.1227 13.7572
f 2325/7220/2025 2327/7238/2025 2326/7240/2025

v 51.3864 35.8183 -72.3268
vt -39.451 2.88535
vn -0.216942 -0.800447 0.558767
vt -40.4973 4.49087
vn -0.3177 -0.751687 0.577956
vt -41.1251 5.45421
vn -0.390916 -0.677496 0.623045
v 48.6301 37.2894 -71.9287
vt -41.7575 5.19896
vn -0.772419 -0.617561 -0.148284
v 51.1394 35.516 -72.8558
vt -39.9398 2.40992
vn -0.42866 -0.860503 -0.275291
f 2329/7241/2058 2326/7242/2059 2327/7243/2060 2330/7244/2061 2331/7245/2062 

v 48.8675 37.6094 -72.1323
vt 43.68 42.4379
vn 0.135748 0.552195 -0.822589
vt 43.0007 42.1559
vn 0.724872 0.685882 -0.064246
vt 43.3516 41.0609
vn 0.580086 0.814465 0.0121364
vt 43.9364 39.2359
vn 0.402273 0.913869 0.0549433
v 51.2711 35.9107 -73.0203
vt 44.6531 39.4012
vn 0.0753344 0.594891 -0.800268
f 2332/7246/2063 2327/7247/2064 2326/7248/2065 2329/7249/2066 2333/7250/2067 

v 47.7926 39.8119 -70.239
vt 45.6039 44.3334
vn 0.9039 0.35643 -0.236479
vt 46.651 41.4515
vt 47.3608 41.6441
v 47.5336 40.0641 -70.849
vt 46.2719 44.6413
vn 0.169275 0.490498 -0.854844
f 2334/7251/2068 2327/7252/2064 2332/7253/2063 2335/7254/2069 

vt -43.7327 18.0001
vt -44.0941 21.0449
vn -0.487464 -0.499826 0.715928
v 47.2376 39.8519 -70.589
vt -44.7741 21.0966
vn -0.963191 -0.266498 0.0352474
vt -44.3817 17.7907
f 2327/7255/2060 2334/7256/2070 2336/7257/2071 2330/7258/2061 

vt -43.7006 29.479
vt -43.1686 31.4763
vn -0.509551 -0.398639 0.762525
vt -42.9113 32.4419
vn -0.487464 -0.302627 0.819021
v 47.2376 42.6962 -69.1021
vt -43.5241 32.7412
vn -0.963191 0.123151 0.238951
vt -44.381 29.5243
f 2334/7259/2070 2298/7260/2072 2297/7261/2073 2337/7262/2074 2336/7263/2071 

vt 46.976 44.3148
vn 0.930385 0.169837 -0.324867
vt 47.8801 42.456
vt 48.566 42.7215
v 47.5336 42.7886 -69.4247
vt 47.1712 45.5891
vn 0.169275 0.42202 -0.890643
vt 46.5389 45.2134
vn 0.9039 -0.00923435 -0.427644
f 2298/7264/2075 2334/7265/2068 2335/7266/2069 2338/7267/2076 2297/7268/2077 

vt -18.1285 25.4681
vt -17.7261 25.2367
vt -16.5207 28.3398
vt -16.9738 28.4406
f 2335/7269/2069 2336/7270/2071 2337/7271/2074 2338/7272/2076 

vt -12.0024 37.7131
vt -9.99916 40.3719
vt -10.4078 40.592
vt -12.3267 38.0452
f 2330/7273/2061 2336/7274/2071 2335/7275/2069 2332/7276/2063 

vt -2.87152 46.4055
vt -0.123618 48.2848
vt -0.440489 48.624
vt -3.07269 46.8238
f 2331/7277/2062 2330/7278/2061 2332/7279/2063 2333/7280/2067 

v 54.2684 34.8831 -73.1867
vt 9.42677 50.1621
vn -8.11297e-09 -0.947208 -0.320619
vt 12.6823 50.858
vt 12.5178 51.2921
v 54.2684 35.3045 -73.3373
vt 9.39938 50.6254
vn -5.55551e-09 0.610129 -0.792302
f 2339/7281/2078 2331/7282/2062 2333/7283/2067 2340/7284/2079 

v 54.2684 35.2354 -72.6316
vt -26.5583 -13.5738
vn -4.1019e-09 -0.844328 0.535827
vt -29.4163 -12.4629
vt -29.7812 -13.0389
vt -26.6783 -14.245
f 2341/7285/2080 2329/7286/2058 2331/7287/2062 2339/7288/2078 

vt 32.2806 45.2579
vt 31.6773 44.8372
vt 33.2152 42.1845
vn 1.12304e-10 0.995237 0.0974814
vt 33.88 42.4991
f 2333/7289/2067 2329/7290/2066 2341/7291/2081 2340/7292/2079 

vt -48.6369 11.3078
vt -47.972 10.9933
v 57.1504 35.8183 -72.3268
vt -46.4342 13.646
vn -0.402273 0.913869 0.0549433
v 57.2656 35.9107 -73.0203
vt -47.0375 14.0666
vn -0.0753344 0.594891 -0.800268
f 2340/7293/2079 2341/7294/2081 2342/7295/2082 2343/7296/2083 

vt -5.08011 -18.6263
vn 0.216942 -0.800447 0.558767
vt -7.93804 -19.7371
vt -7.8181 -20.4084
v 57.3974 35.516 -72.8558
vt -4.71521 -19.2023
vn 0.42866 -0.860503 -0.275291
f 2342/7297/2084 2341/7298/2080 2339/7299/2078 2344/7300/2085 

vt 22.0417 48.8057
vt 25.2972 48.1098
vt 25.3246 48.5731
vt 22.2062 49.2398
f 2344/7301/2085 2339/7302/2078 2340/7303/2079 2343/7304/2083 

vt 33.9404 42.9864
vt 34.1416 43.4047
v 59.6693 37.6094 -72.1323
vt 31.5094 45.2049
vn -0.135748 0.552195 -0.822589
v 59.9067 37.2894 -71.9287
vt 31.1925 44.8657
vn 0.772419 -0.61756 -0.148284
f 2344/7305/2085 2343/7306/2083 2345/7307/2086 2346/7308/2087 

vt -45.3908 10.6812
vt -44.6741 10.5159
vt -44.0893 12.3409
vn -0.580086 0.814465 0.0121364
vt -43.7385 13.4359
vn -0.724872 0.685882 -0.064246
vt -44.4177 13.718
f 2343/7309/2083 2342/7310/2082 2282/7311/2088 2281/7312/2089 2345/7313/2086 

vt 10.217 -7.31703
vn 0.390916 -0.677496 0.623045
vt 9.58914 -8.28037
vn 0.3177 -0.751687 0.577956
vt 8.54282 -9.88589
vt 9.03166 -10.3613
vt 10.8493 -7.57227
f 2281/7314/2090 2282/7315/2091 2342/7316/2084 2344/7317/2085 2346/7318/2087 

v 60.7441 39.8119 -70.239
vt 15.1385 9.0714
vn 0.487464 -0.499826 0.715928
vt 14.7771 6.02654
vt 15.4261 5.81717
v 61.2992 39.8519 -70.589
vt 15.8185 9.12302
vn 0.963191 -0.266498 0.0352474
f 2347/7319/2092 2281/7320/2090 2346/7321/2087 2348/7322/2093 

v 61.0032 40.0641 -70.849
vt -40.5488 26.2802
vn -0.169275 0.490498 -0.854844
vt -41.6377 23.283
vt -40.9279 23.0903
vt -39.8808 25.9723
vn -0.9039 0.35643 -0.236479
f 2349/7323/2094 2345/7324/2086 2281/7325/2089 2347/7326/2095 

vt 38.1957 38.2876
vt 38.52 38.6197
vt 36.601 41.1666
vt 36.1924 40.9464
f 2346/7327/2087 2345/7328/2086 2349/7329/2094 2348/7330/2093 

vt 39.7275 33.7835
vt 40.1298 34.015
v 61.0032 42.7886 -69.4247
vt 38.9751 36.9874
vn -0.169275 0.42202 -0.890643
v 61.2992 42.6962 -69.1021
vt 38.522 36.8866
vn 0.963191 0.123151 0.238951
f 2348/7331/2093 2349/7332/2094 2350/7333/2096 2351/7334/2097 

vt -35.5442 39.9338
vt -36.939 37.0662
vt -36.2531 36.8007
vt -35.349 38.6594
vn -0.930385 0.169837 -0.324867
vt -34.9119 39.5581
vn -0.9039 -0.00923438 -0.427644
f 2350/7335/2096 2349/7336/2094 2347/7337/2095 2286/7338/2098 2289/7339/2099 

vt 13.5862 24.6301
vn 0.487464 -0.302627 0.819021
vt 13.8434 23.6645
vn 0.509551 -0.398639 0.762525
vt 14.3754 21.6672
vt 15.0559 21.7125
vt 14.1989 24.9293
f 2289/7340/2100 2286/7341/2101 2347/7342/2092 2348/7343/2093 2351/7344/2097 

vt -10.918 20.3029
f 2275/7146/2025 2286/7147/2025 2289/7345/2025

vt -13.4761 20.2885
f 2275/7146/2025 2289/7345/2025 2290/7346/2025

vt -21.794 20.2885
f 2296/7347/2025 2275/7146/2025 2290/7346/2025

vt -24.3521 20.3029
f 2297/7348/2025 2275/7146/2025 2296/7347/2025

vt -24.3521 19.3036
f 2298/7349/2025 2275/7146/2025 2297/7348/2025

v 49.7695 41.2815 -69.4708
vt -22.3015 18.9567
f 2352/7350/2025 2275/7146/2025 2298/7349/2025

vt -20.8809 18.6923
f 2352/7350/2025 2276/7351/2025 2275/7146/2025

vt -20.8809 16.0467
f 2352/7350/2025 2277/7352/2025 2276/7351/2025

f 2328/7239/2025 2277/7352/2025 2352/7350/2025

f 2328/7239/2025 2278/7123/2025 2277/7352/2025

f 2328/7239/2025 2325/7220/2025 2278/7123/2025

f 2280/7126/2025 2278/7123/2025 2325/7220/2025

vt -18.8838 37.7908
vt -18.0233 37.532
vt -16.2759 40.2537
vn -0.597109 -0.189483 -0.77946
f 2303/7353/2048 2328/7354/2057 2352/7355/2102

vt -11.1085 34.1269
vt -12.0545 34.4867
vt -13.6819 31.6279
f 2352/7356/2102 2299/7357/2046 2303/7358/2048

vt 13.7239 63.1239
vt 10.8296 63.193
vt 11.6948 62.6679
f 2298/7359/2045 2299/7360/2046 2352/7361/2102

vt -15.9028 20.5524
f 2292/7362/2025 2296/7347/2025 2290/7346/2025

vt -19.3673 20.5524
f 2296/7347/2025 2292/7362/2025 2294/7363/2025

v 59.4615 44.7919 -67.6356
vt 7.70494 37.4755
vn 0.390916 -0.124957 0.911905
vt 9.4801 34.9753
vt 10.1018 35.2556
v 59.9067 45.2588 -67.7624
vt 8.17445 37.97
vn 0.772419 0.474213 0.422482
f 2353/7364/2103 2289/7365/2100 2351/7366/2097 2354/7367/2104 

v 59.6693 45.2433 -68.1414
vt -27.8976 52.1622
vn -0.135748 0.360323 -0.922898
vt -29.7547 49.5698
vt -29.1232 49.1929
vt -27.3375 51.6855
vn -0.724872 -0.338686 -0.599877
f 2355/7368/2105 2350/7369/2096 2289/7370/2099 2353/7371/2106 

vt 40.3651 27.4994
vt 40.0199 30.6695
vt 39.5562 30.6895
vt 39.9165 27.38
f 2350/7372/2096 2355/7373/2105 2354/7374/2104 2351/7375/2097 

vt 39.707 15.8666
v 57.2656 46.942 -67.2534
vt 40.3806 18.9835
vn -0.0753342 0.317628 -0.945218
v 57.3974 47.0321 -66.8353
vt 39.9469 19.149
vn 0.42866 0.717156 0.549489
vt 39.2437 15.895
f 2355/7376/2105 2356/7377/2107 2357/7378/2108 2354/7379/2104 

vt -17.3391 59.5591
vt -16.8312 59.0271
v 57.1504 46.4253 -66.7817
vt -14.4446 60.9521
vn -0.402273 -0.566674 -0.719066
vt -14.857 61.5611
f 2355/7380/2105 2353/7381/2106 2358/7382/2109 2356/7383/2107 

vt -1.60114 46.4454
vn 0.216942 -0.00200484 0.976182
vt 0.953359 44.7494
vt 1.43294 45.2342
vt -1.34051 47.0756
f 2358/7384/2110 2353/7385/2103 2354/7386/2104 2357/7387/2108 

v 54.2684 47.0082 -66.4769
vt -13.1736 50.6067
vn -2.14829e-09 0.0418761 0.999123
vt -10.1677 50.0015
vt -9.90678 50.6316
v 54.2684 47.665 -66.5044
vt -13.1704 51.2886
vn -2.03632e-09 0.803861 0.594818
f 2359/7388/2111 2358/7389/2110 2357/7390/2108 2360/7391/2112 

vt 3.52435 64.1857
vt 3.77054 63.4926
vt 6.73541 64.2745
vn 6.35967e-08 -0.648042 -0.761604
v 54.2684 47.5482 -66.9364
vt 6.60781 64.9988
vn 5.87926e-08 0.30239 -0.953184
f 2356/7392/2107 2358/7393/2109 2359/7394/2113 2361/7395/2114 

vt 27.3749 59.0125
vt 27.2473 58.2881
v 51.3864 46.4253 -66.7817
vt 30.2122 57.5062
vn 0.402273 -0.566674 -0.719066
v 51.2711 46.942 -67.2534
vt 30.4584 58.1993
vn 0.0753344 0.317627 -0.945218
f 2361/7396/2114 2359/7397/2113 2362/7398/2115 2363/7399/2116 

vt -24.8746 49.835
vn -0.216942 -0.00200492 0.976182
vt -21.8687 50.4402
vt -21.8719 51.1221
v 51.1394 47.0321 -66.8353
vt -25.1355 50.465
vn -0.42866 0.717156 0.549489
f 2362/7400/2117 2359/7401/2111 2360/7402/2112 2364/7403/2118 

vt -3.68553 -27.0404
vt -3.3362 -26.7348
vt -5.88151 -24.5891
vt -6.12366 -24.9851
f 2363/7404/2116 2364/7405/2118 2360/7406/2112 2361/7407/2114 

v 48.8675 45.2433 -68.1414
vt -19.498 -7.97792
vn 0.135748 0.360323 -0.922898
v 48.6301 45.2588 -67.7624
vt -19.0347 -7.9495
vn -0.772419 0.474213 0.422482
vt -19.7379 -4.69556
vt -20.1716 -4.86099
f 2365/7408/2119 2366/7409/2120 2364/7410/2118 2363/7411/2116 

vt -20.881 9.98411
vt -20.4324 9.86477
vt -20.0721 13.1743
vt -20.5358 13.1543
f 2338/7412/2076 2337/7413/2074 2366/7414/2120 2365/7415/2119 

vt -40.6339 38.3273
v 49.0752 44.7919 -67.6356
vt -38.8587 40.8274
vn -0.390916 -0.124957 0.911905
vt -39.3282 41.3219
vt -41.2556 38.6075
f 2297/7416/2073 2367/7417/2121 2366/7418/2120 2337/7419/2074 

vt 45.7193 46.0293
vn 0.724872 -0.338686 -0.599877
vt 47.505 43.5367
vt 48.1365 43.9137
vt 46.2794 46.506
f 2367/7420/2122 2297/7421/2077 2338/7422/2076 2365/7423/2119 

vt 41.3816 50.5236
vt 40.9692 49.9146
vt 43.3558 47.9896
vt 43.8637 48.5216
f 2363/7424/2116 2362/7425/2115 2367/7426/2122 2365/7427/2119 

vt -34.3922 45.2608
vt -31.8377 46.9568
vt -32.0984 47.5869
vt -34.8718 45.7456
f 2367/7428/2121 2362/7429/2117 2364/7430/2118 2366/7431/2120 

vt 33.3613 -8.8932
vt 35.7994 -6.83785
vt 35.5572 -6.44185
vt 33.0119 -8.58755
f 2356/7432/2107 2361/7433/2114 2360/7434/2112 2357/7435/2108 

v 64.6487 43.2626 -62.8624
vt 34.5604 45.0971
vn 0.923817 0.343206 0.16962
vt 37.82 46.7085
f 2368/7436/2123 2264/6416/2014 2267/7100/2014 2272/7437/2123 

vt 4.4416 16.8952
vn -4.99809e-17 0.46008 -0.887877
vt 6.86796 16.8952
vt 6.86796 24.1401
vt 7.69199 24.9642
vt 4.4416 24.9642
f 2265/7438/2124 2264/7439/2124 2368/7440/2124 2103/7441/2124 2106/7442/2124 

vt 28.1303 48.6804
vt 28.8109 47.7344
vt 31.7907 49.8182
vt 31.1553 50.795
f 2103/7443/1811 2368/7444/2123 2272/7445/2123 2104/7446/1811 

vt -34.1813 45.8287
vt -67.8049 46.0914
vt -110.664 46.859
vn -0.962266 0.251993 -0.102685
v 66.9879 33.8598 -132.383
vt -106.671 35.3439
vn -1 3.6497e-11 1.41822e-11
v 66.9879 28.8719 -126.02
vt -100.071 30.1702
v 66.9879 19.8957 -123.062
vt -97.0034 20.8596
vt -78.2806 20.8596
vt -34.5624 20.8596
vt -31.4855 31.1988
vt -37.8937 35.9086
f 2106/7447/1889 2147/7448/1891 2247/7449/2125 2369/7450/2126 2370/7451/2126 2371/7452/2126 2255/7453/2126 2254/7454/2126 2257/7455/2126 2258/7456/2126 2265/6430/2126 

vt -67.95 12.4485
v 69.2782 45.5012 -130.101
vt -104.227 17.3039
vn -0.607561 0.773047 0.182396
vt -110.724 15.2556
f 2147/7457/1891 2372/7458/2127 2247/7459/2125

vt -103.372 21.6566
vt -67.6772 13.5624
vt -70.0131 16.6741
vn -0.650027 0.551109 -0.523205
f 2372/7460/2127 2147/7461/1891 1537/7462/2128

vt -43.8107 59.0113
v 63.5568 61.2817 -98.6706
vt -43.9486 77.4773
vn -0.818771 -0.373764 -0.435792
vt -47.665 59.5439
f 2147/7463/1891 2373/7464/2129 1537/7465/2128

vt -61.5325 71.5032
vt -59.513 53.1475
vt -58.1884 73.8653
f 2373/7466/2129 2147/7467/1891 2148/7468/1892

vt -65.7734 68.1778
v 63.2777 62.0514 -99.7594
vt -69.9168 66.4336
vn -0.798399 -0.589122 -0.124474
vt -68.8633 65.4919
f 2148/7469/1892 2374/7470/2130 2373/7471/2129

vt -67.3661 61.9452
v 63.1155 62.499 -101.666
vt -73.3704 60.6185
vn -0.67095 -0.740015 -0.0469363
vt -71.4245 60.0114
f 2148/7472/1892 2375/7473/2131 2374/7474/2130

vt -68.8246 46.4799
v 63.0299 62.7348 -124.377
vt -98.2649 45.1286
vn -0.705264 -0.708864 0.0107019
vt -74.7102 44.6992
f 2148/7475/1892 2376/7476/2132 2375/7477/2131

vt -98.1364 54.5615
vt -68.6845 55.6307
vt -102.101 56.7737
f 2376/7478/2132 2148/7479/1892 2210/7480/1953

vt -98.7213 53.7833
vt -102.811 55.7558
v 63.1089 62.5171 -125.55
vt -99.9296 53.5036
vn -0.835226 -0.539966 0.104092
f 2376/7481/2132 2210/7482/1953 2377/7483/2133

vt -102.54 54.5182
v 63.4904 61.4648 -126.76
vt -100.701 51.1865
vn -0.863661 -0.442939 0.240613
vt -99.5341 52.4361
f 2210/7484/1953 2378/7485/2134 2377/7486/2133

vt -99.2336 50.7861
v 68.7125 47.0615 -130.431
vt -98.757 31.3594
vn -0.866456 -0.346768 0.359174
vt -97.123 47.619
f 2210/7487/1953 2379/7488/2135 2378/7489/2134

vt -95.9164 28.6663
vt -96.9591 48.0708
vt -102.125 26.298
f 2379/7490/2135 2210/7491/1953 2247/7492/2125

v 63.8235 60.5461 -132.286
vt -93.6401 66.8787
vn -0.899426 -0.138875 -0.414423
vt -98.7298 50.6629
vt -88.876 70.7538
f 2380/7493/2136 2247/7494/2125 2210/7495/1953

vt -86.6837 47.8402
vt -81.4416 64.0074
v 68.9492 46.4087 -138.948
vt -90.158 49.3417
vn -0.841144 0.18971 -0.506445
f 2247/7496/2125 2380/7497/2136 2381/7498/2137

usemtl _DimGray_
v 63.724 60.8206 -133.402
vt 107.728 62.1861
vn 0.940117 0.340853 -4.77378e-08
vt 106.57 61.8831
vt 113.48 46.2849
f 2382/7499/2138 2380/7500/2138 2381/7501/2138

v 63.1448 62.4181 -132.873
vt 107.18 63.9486
f 2383/7502/2138 2380/7500/2138 2382/7499/2138

v 63.4342 61.6198 -132.177
vt 106.457 63.0678
f 2380/7500/2138 2383/7502/2138 2384/7503/2138

usemtl Durango
v 69.1646 45.8147 -139.974
vt 114.545 45.6296
vn 0.940117 0.340852 1.12193e-06
vt 113.48 46.285
vt 106.57 61.8832
vt 106.457 63.0679
vt 107.18 63.9487
v 62.9738 62.8898 -134.56
vt 108.929 64.4691
vn 0.927491 0.373844 -0.000660701
v 62.4732 64.2704 -128.234
vt 102.367 65.9924
vn 0.937766 0.347264 -0.00158402
v 69.2214 45.6579 -135.038
vt 109.425 45.4567
f 2385/7504/2139 2381/7505/2139 2380/7506/2139 2384/7507/2139 2383/7508/2139 2386/7509/2140 2387/7510/2141 2388/7511/2139 

usemtl _DimGray_
v 68.6819 47.1461 -139.846
vt 114.412 47.0986
f 2389/7512/2138 2381/7501/2138 2385/7504/2138

f 2382/7499/2138 2381/7501/2138 2389/7512/2138

usemtl LightSteelBlue
v 63.3612 61.8213 -134.733
vt 109.109 63.2902
vn 0.940117 0.340853 -3.64252e-08
v 63.4829 61.4856 -133.533
vt 107.864 62.9197
v 63.5567 61.282 -133.355
vt 107.679 62.6951
v 68.7744 46.8908 -140.287
vt 114.87 46.8169
v 68.6102 47.3437 -166.169
vt 141.717 47.3165
v 68.4119 47.8907 -167.102
vt 142.684 47.9201
v 68.2275 48.3994 -167.476
vt 143.071 48.4813
v 67.7637 49.6786 -167.332
vt 142.922 49.8927
v 66.3517 53.5731 -165.438
vt 140.957 54.1896
v 63.9827 60.1069 -160.265
vt 135.592 61.3986
v 63.4599 61.5489 -157.989
vt 133.231 62.9895
v 63.2681 62.0781 -155.939
vt 131.105 63.5735
f 2390/7513/2142 2391/7514/2142 2392/7515/2142 2382/7499/2142 2389/7512/2142 2393/7516/2142 2394/7517/2142 2395/7518/2142 2396/7519/2142 2397/7520/2142 2398/7521/2142 2399/7522/2142 2400/7523/2142 2401/7524/2142 

usemtl _DimGray_
f 2386/7509/2138 2391/7514/2138 2390/7513/2138

f 2386/7509/2138 2392/7515/2138 2391/7514/2138

f 2392/7515/2138 2386/7509/2138 2383/7502/2138

usemtl interior
vt -101.353 65.9976
vt -107.999 64.3088
vn -0.792235 -0.609271 -0.0339442
vt -106.267 63.7318
vn -0.872368 -0.480305 -0.0909993
f 2210/7525/1953 2386/7526/2143 2383/7527/2144

vt -102.296 56.1894
v 62.8793 63.1505 -156.085
vt -131.193 54.6
vn -0.745991 -0.665622 0.0210813
vt -108.867 54.2302
f 2210/7528/1953 2402/7529/2145 2386/7530/2143

vt -131.257 50.5424
vt -102.367 52.2743
vt -137.228 52.2743
f 2402/7531/2145 2210/7532/1953 2212/7533/1955

vt -137.585 54.5795
v 63.1025 62.5347 -158.47
vt -133.974 52.4028
vn -0.842992 -0.529893 0.0926222
vt -131.528 53.175
f 2212/7534/1955 2403/7535/2146 2402/7536/2145

vt -137.321 53.7743
v 63.6979 60.8926 -161.062
vt -136.231 49.7376
vn -0.858998 -0.485717 0.16187
vt -133.651 51.7
f 2212/7537/1955 2404/7538/2147 2403/7539/2146

vt -135.749 48.2772
v 66.1529 54.1213 -166.423
vt -139.272 36.3235
vn -0.760471 -0.50749 0.405141
vt -134.463 44.2987
f 2212/7540/1955 2405/7541/2148 2404/7542/2147

vt -119.192 6.92755
vt -117.997 19.3322
v 64.3144 54.771 -168.333
vt -121.91 7.72164
vn -0.866992 -0.399391 0.298014
f 2405/7543/2148 2212/7544/1955 2406/7545/2149

vt -137.889 48.4238
vn -0.759007 -0.611381 0.223879
vt -140.77 39.2224
vt -135.006 50.034
f 2223/7546/2150 2406/7547/2149 2212/7548/1955

vt -142.249 61.2766
vt -138.172 70.0139
v 64.5926 55.2124 -171.957
vt -146.016 61.7536
vn -0.966706 -0.219231 -0.131977
f 2406/7549/2149 2223/7550/2150 2407/7551/2151

usemtl Durango
vt 133.572 26.987
vn 0.699049 0.591086 -0.402428
v 65.7954 54.9552 -169.514
vt 136.524 16.834
vn 0.870853 0.449148 -0.199704
vt 139.341 17.1645
vn 0.785692 0.522066 -0.331867
f 2223/7552/2152 2408/7553/2153 2407/7554/2154

vt 125.736 0.161645
vt 123.877 10.5703
v 63.0805 61.9988 -163.487
vt 121.958 9.44143
vn 0.825468 0.498144 -0.265434
f 2408/7555/2153 2223/7556/2152 2409/7557/2155

vt 120.471 13.6376
v 62.3593 64.2704 -161.842
vt 117.556 15.4091
vn 0.904536 0.414646 -0.0994171
vt 118.521 12.5646
f 2223/7558/2152 2410/7559/2156 2409/7560/2155

vt 124.661 31.021
vt 122.902 31.21
vn 0.717929 0.542968 -0.435619
vt 125.888 29.5596
f 2224/7561/1973 2410/7562/2157 2223/7563/1972

vt 121.196 11.8227
vt 122.953 11.6078
vt 121.569 12.7764
f 2410/7564/2157 2224/7565/1973 2225/7566/1974

vt 137.228 56.0989
vn 0.728777 0.684751 -0
v 61.6835 64.9897 -128.209
vt 102.342 56.0989
vn 0.673669 0.739004 0.00660123
vt 137.228 55.0751
vn 0.70159 0.71258 -0.00114152
f 2225/7567/2158 2411/7568/2159 2410/7569/2160

usemtl _DimGray_
vt 137.228 30.5416
vn 0.311884 0.95012 -1.41694e-18
v 61.5081 65.0473 -145.381
vt 120.154 30.733
vt 102.342 30.5416
vn 0.338375 0.940945 0.0111768
f 2225/7570/2161 2412/7571/2161 2411/7572/2162

v 61.5081 65.0473 -147.446
vt 122.296 30.733
f 2225/7570/2161 2413/7573/2161 2412/7571/2161

v 60.052 65.5253 -147.446
vt 122.296 32.3227
f 2225/7570/2161 2414/7574/2161 2413/7573/2161

vt 137.742 32.4896
f 2414/7574/2161 2225/7570/2161 2226/7575/2161

v 60.052 65.5253 -145.381
vt 120.154 32.3227
f 2226/7575/2161 2415/7576/2161 2414/7574/2161

v 59.8991 65.5755 -128.705
vt 102.856 32.4896
vn 0.31008 0.950683 0.00715603
f 2416/7577/2163 2415/7576/2161 2226/7575/2161

f 2415/7576/2161 2416/7577/2163 2411/7572/2162

v 59.8991 65.0861 -96.1806
vt 68.4986 35.158
vn 0.351518 0.936031 0.0167672
v 60.6271 65.0468 -109.247
vt 82.0728 35.0259
v 60.0815 65.2236 -109.247
vt 82.0465 35.6202
vn 0.30826 0.951194 0.0143117
v 60.0784 65.2557 -111.312
vt 84.1858 35.728
v 60.7421 65.0406 -111.312
vt 84.2177 35.005
vt 101.771 34.8342
vt 102.198 36.8029
f 2417/7578/2164 2418/7579/2164 2419/7580/2165 2420/7581/2165 2421/7582/2164 2411/7583/2162 2416/7584/2163 

vt 101.737 40.382
vt 84.1839 40.5157
v 61.5412 64.6979 -111.312
vt 84.2242 39.6147
vn 0.394036 0.918895 0.0191875
v 61.5454 64.653 -109.247
vt 82.0853 39.4966
vt 82.0389 40.532
vt 68.4645 40.6353
v 61.6835 64.3106 -95.6848
vt 68.0409 38.5964
f 2411/7585/2162 2421/7586/2164 2422/7587/2166 2423/7588/2166 2418/7589/2164 2417/7590/2164 2424/7591/2166 

v 61.4406 65.7602 -111.312
vt 10.1956 68.4329
vn 0.821966 0.332266 -0.462569
vt 10.0913 67.3311
vn 0.703956 0.0666741 -0.707107
vt 10.9201 67.6865
vn 3.99528e-10 -9.31204e-08 -1
vt 11.6086 67.9096
vn -0.703737 -0.0689502 -0.707107
v 60.0454 65.5923 -111.312
vt 11.6428 68.2588
vn -0.803288 -0.36886 -0.467622
v 58.6192 67.083 -111.312
vt 13.1221 69.805
vn -0.567745 -0.689491 -0.449742
v 57.2931 67.9334 -111.312
vt 14.4976 70.6871
vn -0.283688 -0.842385 -0.458158
v 52.5953 68.3076 -111.312
vt 19.3705 71.0752
vn -0.0355275 -0.89358 -0.447496
v 38.9006 68.3076 -111.312
vt 33.5755 71.0752
vn -2.3579e-24 -0.707107 -0.707107
v 38.9006 68.9879 -111.312
vt 33.5755 71.7809
vn -2.3579e-24 0.707107 -0.707107
v 52.6126 68.9879 -111.312
vt 19.3526 71.7809
vn 0.0264047 0.893959 -0.44737
v 57.9822 68.6704 -111.312
vt 13.7829 71.4516
vn 0.270971 0.846291 -0.458658
v 60.2574 67.2418 -111.312
vt 11.4229 69.9697
vn 0.593962 0.665302 -0.452308
f 2425/7592/2167 2422/7593/2168 2421/7594/2169 2420/7595/2170 2426/7596/2171 2427/7597/2172 2428/7598/2173 2429/7599/2174 2430/7600/2175 2431/7601/2176 2432/7602/2177 2433/7603/2178 2434/7604/2179 

v 61.4406 65.7602 -109.247
vt 82.6737 69.0894
vn 0.821966 0.332266 0.462569
vt 82.6737 67.9358
vn 0.703956 0.0666742 0.707107
vt 84.8154 67.9826
vt 84.8154 69.0894
f 2435/7605/2180 2423/7606/2181 2422/7607/2168 2425/7608/2167 

v 60.0454 65.5923 -109.247
vt -11.6428 68.2588
vn -0.803288 -0.36886 0.467622
vt -11.6053 67.8763
vn -0.703737 -0.0689501 0.707107
vt -11.0394 67.6929
vn -4.49586e-10 9.21748e-08 1
vt -10.0869 67.2845
vt -10.1956 68.4329
v 60.2574 67.2418 -109.247
vt -11.4229 69.9697
vn 0.593962 0.665302 0.452308
v 57.9822 68.6704 -109.247
vt -13.7829 71.4516
vn 0.270971 0.846291 0.458658
v 52.6126 68.9879 -109.247
vt -19.3526 71.7809
vn 0.0264047 0.893959 0.44737
v 38.9006 68.9879 -109.247
vt -33.5755 71.7809
vn 1.02358e-24 0.707107 0.707107
v 38.9006 68.3076 -109.247
vt -33.5755 71.0752
vn 1.02358e-24 -0.707107 0.707107
v 52.5953 68.3076 -109.247
vt -19.3705 71.0752
vn -0.0355275 -0.89358 0.447496
v 57.2931 67.9334 -109.247
vt -14.4976 70.6871
vn -0.283688 -0.842385 0.458158
v 58.6192 67.083 -109.247
vt -13.1221 69.805
vn -0.567745 -0.689491 0.449742
f 2436/7609/2182 2419/7610/2183 2418/7611/2184 2423/7612/2181 2435/7613/2180 2437/7614/2185 2438/7615/2186 2439/7616/2187 2440/7617/2188 2441/7618/2189 2442/7619/2190 2443/7620/2191 2444/7621/2192 

vt -84.8154 69.0688
vt -84.8154 68.7179
vt -82.6737 68.6845
vt -82.6737 69.0688
f 2426/7622/2171 2420/7623/2170 2419/7624/2183 2436/7625/2182 

f 2418/7579/2164 2421/7582/2164 2420/7581/2165 2419/7580/2165 

f 2421/7586/2164 2418/7589/2164 2423/7588/2166 2422/7587/2166 

vt -84.8154 59.5107
vt -84.8154 57.3708
vt -82.6737 57.3708
vt -82.6737 59.5107
f 2427/7626/2172 2426/7627/2171 2436/7628/2182 2444/7629/2192 

vt -84.8154 50.3609
vt -84.8154 48.7269
vt -82.6737 48.7269
vt -82.6737 50.3609
f 2428/7630/2173 2427/7631/2172 2444/7632/2192 2443/7633/2191 

vt -84.8154 24.952
vt -84.8154 20.0637
vt -82.6737 20.0637
vt -82.6737 24.952
f 2429/7634/2174 2428/7635/2173 2443/7636/2191 2442/7637/2190 

vt 33.5755 84.8154
vt 19.3705 84.8154
vt 19.3705 82.6737
vt 33.5755 82.6737
f 2430/7638/2175 2429/7639/2174 2442/7640/2190 2441/7641/2189 

v 25.2058 68.3076 -111.312
vt 47.7804 84.8154
vn 0.0355275 -0.89358 -0.447496
v 25.2058 68.3076 -109.247
vt 47.7804 82.6737
vn 0.0355275 -0.89358 0.447496
f 2445/7642/2193 2430/7638/2175 2441/7641/2189 2446/7643/2194 

vt 57.0596 67.3311
vn -0.703956 0.0666741 -0.707107
v 16.3605 65.7602 -111.312
vt 56.9553 68.4329
vn -0.821966 0.332266 -0.462569
v 17.5437 67.2418 -111.312
vt 55.7281 69.9697
vn -0.593962 0.665302 -0.452308
v 19.8189 68.6704 -111.312
vt 53.368 71.4516
vn -0.270971 0.846291 -0.458658
v 25.1885 68.9879 -111.312
vt 47.7984 71.7809
vn -0.0264047 0.893959 -0.44737
vt 47.7804 71.0752
v 20.508 67.9334 -111.312
vt 52.6533 70.6871
vn 0.283688 -0.842385 -0.458158
v 19.1819 67.083 -111.312
vt 54.0288 69.805
vn 0.567745 -0.689491 -0.449742
v 17.7557 65.5923 -111.312
vt 55.5082 68.2588
vn 0.803288 -0.36886 -0.467622
vt 55.5424 67.9096
vn 0.703737 -0.0689502 -0.707107
vt 56.2308 67.6865
vn -3.99528e-10 -9.31204e-08 -1
f 2081/7644/2195 2447/7645/2196 2448/7646/2197 2449/7647/2198 2450/7648/2199 2431/7601/2176 2430/7600/2175 2445/7649/2193 2451/7650/2200 2452/7651/2201 2453/7652/2202 2077/7653/2203 2076/7654/2204 

vt -82.6737 61.604
vn -0.703956 0.0666742 0.707107
v 16.3605 65.7602 -109.247
vt -82.6737 62.7576
vn -0.821966 0.332266 0.462569
vt -84.8154 62.7576
vt -84.8154 61.6509
f 2080/7655/2205 2454/7656/2206 2447/7657/2196 2081/7658/2195 

vt -55.5456 67.8763
vn 0.703737 -0.0689501 0.707107
v 17.7557 65.5923 -109.247
vt -55.5082 68.2588
vn 0.803288 -0.36886 0.467622
v 19.1819 67.083 -109.247
vt -54.0288 69.805
vn 0.567745 -0.689491 0.449742
v 20.508 67.9334 -109.247
vt -52.6533 70.6871
vn 0.283688 -0.842385 0.458158
vt -47.7804 71.0752
v 25.1885 68.9879 -109.247
vt -47.7984 71.7809
vn -0.0264047 0.893959 0.44737
v 19.8189 68.6704 -109.247
vt -53.368 71.4516
vn -0.270971 0.846291 0.458658
v 17.5437 67.2418 -109.247
vt -55.7281 69.9697
vn -0.593962 0.665302 0.452308
vt -56.9553 68.4329
vt -57.0641 67.2845
vt -56.1115 67.6929
vn 4.49586e-10 9.21748e-08 1
f 2078/7659/2207 2455/7660/2208 2456/7661/2209 2457/7662/2210 2446/7663/2194 2441/7618/2189 2440/7617/2188 2458/7664/2211 2459/7665/2212 2460/7666/2213 2454/7667/2206 2080/7668/2205 2074/7669/2214 

vt 84.8154 62.17
vt 84.8154 62.5209
vt 82.6737 62.5209
vt 82.6737 62.1366
f 2077/7670/2203 2453/7671/2202 2455/7672/2208 2078/7673/2207 

vt 84.8154 10.9501
vt 84.8154 13.09
vt 82.6737 13.09
vt 82.6737 10.9501
f 2453/7674/2202 2452/7675/2201 2456/7676/2209 2455/7677/2208 

vt 84.8154 -7.80032
vt 84.8154 -6.16628
vt 82.6737 -6.16628
vt 82.6737 -7.80032
f 2452/7678/2201 2451/7679/2200 2457/7680/2210 2456/7681/2209 

vt 84.8154 -46.8752
vt 84.8154 -41.9869
vt 82.6736 -41.9869
vt 82.6736 -46.8752
f 2451/7682/2200 2445/7683/2193 2446/7684/2194 2457/7685/2210 

vt -33.5755 84.8154
vt -47.7984 84.8154
vt -47.7984 82.6737
vt -33.5755 82.6737
f 2431/7686/2176 2450/7687/2199 2458/7688/2211 2440/7689/2188 

vt -84.8154 -43.4785
vt -84.8153 -49.0579
vt -82.6736 -49.0579
vt -82.6736 -43.4785
f 2450/7690/2199 2449/7691/2198 2459/7692/2212 2458/7693/2211 

vt -84.8154 -7.20116
vt -84.8154 -9.98786
vt -82.6737 -9.98786
vt -82.6737 -7.20116
f 2449/7694/2198 2448/7695/2197 2460/7696/2213 2459/7697/2212 

vt -84.8154 19.9001
vt -84.8154 17.9335
vt -82.6737 17.9335
vt -82.6737 19.9001
f 2448/7698/2197 2447/7699/2196 2454/7700/2206 2460/7701/2213 

vt -19.3526 84.8154
vt -19.3526 82.6737
f 2432/7702/2177 2431/7686/2176 2440/7689/2188 2439/7703/2187 

vt 84.8154 17.9759
vt 84.8155 23.5553
vt 82.6737 23.5554
vt 82.6737 17.9759
f 2433/7704/2178 2432/7705/2177 2439/7706/2187 2438/7707/2186 

vt 84.8154 46.8816
vt 84.8154 49.6683
vt 82.6737 49.6683
vt 82.6737 46.8816
f 2434/7708/2179 2433/7709/2178 2438/7710/2186 2437/7711/2185 

vt 84.8154 59.8366
vt 84.8154 61.8032
vt 82.6737 61.8032
vt 82.6737 59.8366
f 2425/7712/2167 2434/7713/2179 2437/7714/2185 2435/7715/2180 

usemtl Durango
vt 32.3885 85.595
vn 0.231668 0.945439 0.229075
vt 31.1961 87.3024
vn 0.184287 0.953754 0.237469
v 59.6739 64.6238 -94.9451
vt 30.2522 86.2846
vn 0.181087 0.956322 0.229469
f 2424/7716/2215 2417/7717/2216 2461/7718/2217

v 52.2719 65.3979 -93.9981
vt 5.7915 90.7483
vn 0.0785027 0.927123 0.366442
vt 13.3053 88.7231
vt 13.9864 89.9326
f 2462/7719/2218 2461/7720/2217 2417/7721/2216

vt 42.2518 64.5164
vn 0.0767713 0.99285 0.0914091
vt 37.8889 48.4133
vt 47.5852 58.8495
f 2462/7722/2219 2136/7723/1872 2461/7724/2217

vt 32.7178 52.5379
vt 35.0772 69.0539
vt 23.2108 57.7392
f 2136/7725/1872 2462/7726/2219 2135/7727/1871

vt -8.77715 75.3931
v 38.9006 65.605 -93.9981
vt -22.4687 77.6183
vn 1.73493e-18 0.995446 0.0953267
vt -11.3835 59.2054
f 2462/7728/2219 2463/7729/2220 2135/7730/1871

vt -30.9149 88.3819
vn 0 0.930767 0.365612
vt -17.0562 87.7946
v 38.9006 66.4623 -96.1806
vt -30.8257 90.8125
vn -2.04924e-18 0.965419 0.260703
f 2463/7731/2221 2462/7732/2218 2464/7733/2222

v 52.2719 66.2552 -96.1806
vt -16.967 90.2252
vn 0.0819274 0.975187 0.205664
vn -1.75649e-18 0.965419 0.260703
f 2465/7734/2223 2464/7733/2224 2462/7732/2218

v 52.2719 66.7736 -108.731
vt 10.39 86.8088
vn 0.106385 0.994135 0.0194244
v 38.9006 66.9807 -108.731
vt -2.59641 91.6835
vn -8.67651e-19 0.999787 0.0206407
vt -7.16759 79.4821
vt 5.8188 74.6074
f 2466/7735/2225 2467/7736/2226 2464/7737/2224 2465/7738/2223 

v 52.2719 66.7736 -158.133
vt 133.381 20.7798
vn 0.0752197 0.994598 -0.0715329
v 52.2273 66.7743 -158.133
vt 133.381 20.8261
vn 0.0154565 0.997796 -0.0645375
v 52.2273 66.7743 -110.834
vt 84.3192 20.8261
vn 0.0154888 0.99988 -4.81269e-17
v 52.153 66.7755 -110.605
vt 84.082 20.9031
v 51.8711 66.7798 -110.076
vt 83.5332 21.1956
v 50.7744 66.7968 -110.101
vt 83.5594 22.3333
v 50.477 66.8014 -110.637
vt 84.1153 22.6418
v 50.3847 66.8028 -110.91
vt 84.3979 22.7375
v 50.3847 66.8028 -158.133
vt 133.381 22.7375
v 45.9587 66.8714 -158.133
vt 133.381 27.329
v 45.9587 66.8714 -110.974
vt 84.4642 27.329
v 45.8501 66.8731 -110.639
vt 84.1175 27.4416
v 45.6265 66.8766 -110.22
vt 83.6822 27.6736
v 44.6038 66.8924 -110.243
vt 83.7066 28.7345
v 44.3696 66.896 -110.666
vt 84.1446 28.9775
v 44.2405 66.898 -111.047
vt 84.5398 29.1114
v 44.2405 66.898 -158.133
vt 133.381 29.1114
v 39.6901 66.9685 -158.133
vt 133.381 33.832
v 39.6901 66.9685 -111.113
vt 84.6092 33.832
v 39.5472 66.9707 -110.674
vt 84.1529 33.9801
v 39.3819 66.9733 -110.363
vt 83.8312 34.1516
v 38.9006 66.9807 -110.374
vt 83.8427 34.651
vn 0 1 -4.7366e-17
vt 82.1385 34.651
vn -4.33825e-19 0.999787 0.0206407
vt 82.1385 20.7798
f 2468/7739/2227 2469/7740/2228 2470/7741/2229 2471/7742/2229 2472/7743/2229 2473/7744/2229 2474/7745/2229 2475/7746/2229 2476/7747/2228 2477/7748/2228 2478/7749/2229 2479/7750/2229 2480/7751/2229 2481/7752/2229 2482/7753/2229 2483/7754/2229 2484/7755/2228 2485/7756/2228 2486/7757/2229 2487/7758/2229 2488/7759/2229 2489/7760/2230 2467/7761/2231 2466/7762/2225 

v 52.23 66.77 -158.166
vt 35.4079 -120.025
vn 0.0246311 0.989781 -0.140454
vt 35.4067 -119.991
vt 35.3608 -119.996
f 2490/7763/2232 2469/7764/2228 2468/7765/2227

v 51.9213 67.2473 -111.515
vt 85.0256 69.6547
vn 0.548723 0.83247 0.0767885
vt 84.3192 69.0704
vn 0.758251 0.64327 0.10611
vt 133.381 69.0704
vn 0.839637 0.543148 -5.48672e-17
vt 133.415 69.0651
v 52.338 66.6031 -159.226
vt 134.514 68.859
vn 0.798861 0.598719 -0.0579376
v 51.9213 67.2473 -158.314
vt 133.569 69.6547
vn 0.586828 0.808593 -0.0425599
f 2491/7766/2233 2470/7767/2234 2469/7768/2235 2490/7769/2235 2492/7770/2236 2493/7771/2237 

v 51.6837 67.2473 -110.77
vt 74.0884 80.7859
vn 0.344887 0.890786 0.295894
vt 74.0732 80.0748
vn 0.635505 0.725025 0.265466
vt 74.3225 80.0731
vt 74.899 80.7859
f 2494/7772/2238 2471/7773/2239 2470/7774/2234 2491/7775/2233 

vt 65.236 89.6111
vt 64.688 88.9103
vn 0.325089 0.822751 0.466259
vt 65.3099 88.9037
f 2494/7776/2238 2472/7777/2240 2471/7778/2239

v 50.9406 67.2473 -110.77
vt -21.0869 108.97
vn -0.336722 0.8914 0.303357
vt -21.2592 108.134
vn -0.316959 0.821329 0.474295
vt -20.1217 108.102
vt -20.316 108.97
f 2495/7779/2241 2473/7780/2242 2472/7781/2240 2494/7782/2238 

vt -83.7238 64.9543
vt -83.8402 64.283
vn -0.622251 0.73073 0.280779
vt -83.2045 64.2761
f 2495/7783/2241 2474/7784/2243 2473/7785/2242

v 50.6722 67.2473 -111.549
vt -87.3792 53.0616
vn -0.543667 0.83536 0.0812393
vt -86.8498 52.3829
vn -0.752736 0.648642 0.11248
vt -86.5515 52.3808
vt -86.5253 53.0616
f 2496/7786/2244 2475/7787/2245 2474/7788/2243 2495/7789/2241 

v 50.6722 67.2473 -158.277
vt -133.53 47.1495
vn -0.570219 0.819399 -0.0586196
v 50.3062 66.6815 -159.076
vt -134.359 46.4506
vn -0.781364 0.618885 -0.0803257
vt -133.381 46.6004
vn -0.839637 0.543148 -2.20997e-16
vt -84.3979 46.6004
vt -85.0607 47.1495
f 2497/7790/2246 2498/7791/2247 2476/7792/2248 2475/7793/2245 2496/7794/2244 

v 50.9405 67.2473 -159.474
vt -126.893 16.6902
vn -0.394546 0.877811 -0.271627
v 50.3254 66.6557 -159.273
vt -126.55 15.8478
vn -0.712528 0.669205 -0.210875
vt -126.346 15.8846
vt -125.621 16.6902
f 2499/7795/2249 2500/7796/2250 2498/7797/2247 2497/7798/2246 

v 50.6884 66.5641 -160.488
vt -120.119 8.9668
vn -0.532576 0.477824 -0.698604
v 50.4704 66.5641 -159.895
vt -119.464 8.9668
vn -0.88015 0.347378 -0.323518
v 50.4043 66.6126 -159.595
vt -119.148 9.03315
vn -0.712077 0.65149 -0.261739
vt -118.806 9.09197
vt -119.222 9.9009
f 2501/7799/2251 2502/7800/2252 2503/7801/2253 2500/7802/2250 2499/7803/2249 

vt -120.119 69.2668
v 50.6884 66.4653 -160.488
vt -120.119 69.1643
vn -0.572275 0 -0.820062
vt -119.464 69.2668
f 2501/7804/2251 2504/7805/2254 2502/7806/2252

v 52.0593 66.5641 -160.488
vt 19.9265 69.2668
vn 0.572176 0.484659 -0.661604
v 52.0593 66.4183 -160.488
vt 19.9265 69.1155
vn 0.614777 -2.8921e-14 -0.788701
vt 21.3485 69.1643
vt 21.3485 69.2668
f 2505/7807/2255 2506/7808/2256 2504/7809/2254 2501/7810/2251 

vt 136.579 69.2668
v 52.3118 66.5641 -159.485
vt 135.506 69.2668
vn 0.914004 0.334163 -0.230067
vt 136.579 69.1155
f 2505/7811/2255 2507/7812/2257 2506/7813/2256

v 51.7433 67.2473 -159.474
vt 135.639 45.9978
vn 0.422671 0.873224 -0.242548
v 52.3366 66.5934 -159.289
vt 135.303 45.1245
vn 0.752946 0.640143 -0.152607
vt 135.506 45.0853
vt 136.579 45.0853
f 2508/7814/2258 2509/7815/2259 2507/7816/2257 2505/7817/2255 

vt 135.068 52.9285
vt 135.936 52.0498
vt 136.001 52.0365
vt 136.284 52.9285
f 2493/7818/2237 2492/7819/2236 2509/7820/2259 2508/7821/2258 

vt 55.8288 -117.192
vn 0.0234865 0.990717 -0.133894
vt 50.473 -114.607
vt 50.4739 -114.93
vn 0.0338968 0.987788 -0.152072
vt 50.387 -115.588
vt 48.9991 -115.901
vt 48.517 -114.93
vt 48.4476 -114.735
vt 48.432 -114.67
vt 48.3021 -113.559
vt 48.2524 -113.535
vt 48.6712 -118.467
vn 0.0540723 0.987315 -0.149286
f 2228/7822/2260 2503/7823/2232 2502/7824/2261 2504/7825/2261 2506/7826/2261 2507/7827/2261 2509/7828/2261 2492/7829/2261 2490/7830/2232 2468/7831/2227 2227/7832/2262 

vt 42.5361 -124.388
v 39.7409 66.8899 -158.732
vt 48.3407 -119.066
vn 0.0182773 0.992016 -0.124782
vt 48.3195 -118.438
vt 43.6328 -119.001
v 44.1757 66.7978 -158.912
vt 43.7952 -119.803
vn 0.0153598 0.991551 -0.128806
v 44.2139 66.7463 -159.304
vt 43.804 -120.214
v 44.4936 66.5939 -160.444
vt 43.656 -121.434
v 45.8518 66.5678 -160.483
vt 42.2618 -121.642
v 46.0198 66.7158 -159.324
vt 41.9464 -120.459
v 46.033 66.7565 -159.009
vt 41.8941 -120.133
vt 41.8631 -119.214
vt 37.3045 -119.763
vt 37.5012 -120.733
vt 37.5056 -120.939
vt 37.4638 -121.283
f 2228/7833/2260 2510/7834/2263 2485/7835/2228 2484/7836/2228 2511/7837/2264 2512/7838/2264 2513/7839/2264 2514/7840/2264 2515/7841/2264 2516/7842/2264 2477/7843/2228 2476/7844/2228 2498/7845/2264 2500/7846/2264 2503/7847/2232 

vt 57.0719 -121.496
vn 9.49107e-16 0.992679 -0.120783
v 38.9006 66.7228 -160.253
vt 56.5078 -118.258
v 39.5825 66.7051 -160.279
vt 55.8158 -118.408
vn 0.0211943 0.992456 -0.120755
v 39.7241 66.8149 -159.352
vt 55.5049 -117.479
v 39.7494 66.8768 -158.839
vt 55.387 -116.955
vt 55.3766 -116.844
vt 49.8711 -122.475
f 2229/7848/2265 2517/7849/2265 2518/7850/2266 2519/7851/2266 2520/7852/2266 2510/7853/2263 2228/7854/2260 

vt 9.63211 -129.779
vt 9.06802 -133.017
vt 16.2688 -133.996
vn -0.0234865 0.990717 -0.133894
v 38.0602 66.8899 -158.732
vt 10.7633 -128.365
vn -0.0182773 0.992016 -0.124782
v 38.0517 66.8768 -158.839
vt 10.7529 -128.476
vn -0.0211943 0.992456 -0.120755
v 38.077 66.8149 -159.352
vt 10.635 -129
v 38.2186 66.7051 -160.279
vt 10.3241 -129.929
f 2517/7855/2265 2229/7856/2265 2230/7857/2267 2521/7858/2268 2522/7859/2269 2523/7860/2269 2524/7861/2269 

vt 18.3378 -126.95
vt 24.1424 -132.272
v 27.3968 66.6126 -159.595
vt 29.2147 -129.168
vn -0.0246311 0.989781 -0.140454
v 27.4757 66.6557 -159.273
vt 29.1729 -128.824
vn -0.0153598 0.991551 -0.128806
v 27.4949 66.6815 -159.076
vt 29.1773 -128.617
v 27.4164 66.8028 -158.133
vt 29.374 -127.647
vn -0.0154565 0.997796 -0.0645375
v 31.8424 66.8714 -158.133
vt 24.8154 -127.098
v 31.7681 66.7565 -159.009
vt 24.7844 -128.017
v 31.7813 66.7158 -159.324
vt 24.7321 -128.343
v 31.9493 66.5678 -160.483
vt 24.4167 -129.526
v 33.3075 66.5939 -160.444
vt 23.0225 -129.318
v 33.5872 66.7463 -159.304
vt 22.8745 -128.098
v 33.6254 66.7978 -158.912
vt 22.8833 -127.687
v 33.5606 66.898 -158.133
vt 23.0457 -126.886
v 38.111 66.9685 -158.133
vt 18.359 -126.322
f 2521/7862/2268 2230/7863/2267 2525/7864/2270 2526/7865/2271 2527/7866/2271 2528/7867/2272 2529/7868/2272 2530/7869/2271 2531/7870/2271 2532/7871/2271 2533/7872/2271 2534/7873/2271 2535/7874/2271 2536/7875/2272 2537/7876/2272 

vt 15.0695 -129.038
vt 9.71361 -131.623
v 24.9015 66.0328 -162.805
vt 16.8712 -132.898
vn -0.0540723 0.987315 -0.149286
v 25.5293 66.7736 -158.133
vt 17.2901 -127.966
vn -0.0752197 0.994598 -0.0715329
v 25.5711 66.77 -158.166
vt 17.2404 -127.99
v 25.4631 66.6031 -159.226
vt 17.1105 -129.101
vn -0.0338968 0.987788 -0.152072
v 25.4645 66.5934 -159.289
vt 17.0948 -129.166
v 25.4893 66.5641 -159.485
vt 17.0255 -129.361
v 25.7418 66.4183 -160.488
vt 16.5433 -130.332
v 27.1127 66.4653 -160.488
vt 15.1554 -130.019
v 27.3307 66.5641 -159.895
vt 15.0685 -129.361
f 2525/7877/2270 2230/7878/2267 2538/7879/2273 2539/7880/2274 2540/7881/2270 2541/7882/2275 2542/7883/2275 2543/7884/2275 2544/7885/2275 2545/7886/2275 2546/7887/2275 

vt 23.4886 -111.76
vt 27.0009 -115.076
vt 30.7341 -112.361
vn -0.0643528 0.937506 -0.341967
f 2230/7888/1981 2231/7889/1983 2538/7890/2276

vt 21.1264 -110.1
vt 17.2307 -112.576
vt 23.1465 -113.379
f 2538/7891/2276 2231/7892/1983 2232/7893/1986

vt 13.7558 -112.156
vt 15.6183 -115.526
v 17.902 65.5755 -162.338
vt 20.9223 -113.502
vn -0.200123 0.90134 -0.384106
f 2538/7894/2276 2232/7895/1986 2547/7896/2277

vt 11.3265 -105.813
vt 5.91057 -107.515
vt 10.204 -108.533
f 2547/7897/2277 2232/7898/1986 2233/7899/1987

vt -55.6696 -76.7881
vt -57.7732 -78.8456
vt -53.9797 -77.8851
f 2547/7900/2277 2233/7901/1987 2070/7902/1783

vt -62.4768 -51.5694
vt -66.3126 -52.3438
vt -63.706 -52.9001
f 2070/7903/1783 2233/7904/1987 2069/7905/1781

vt -70.0867 -68.3206
vt -72.6712 -67.6691
vt -71.6125 -68.6642
f 2069/7906/1781 2233/7907/1987 2234/7908/1988

vt -83.8285 -3.24532
vt -85.3753 -3.47697
vt -85.0162 -4.73835
f 2069/7909/1781 2234/7910/1988 2068/7911/1782

usemtl _DimGray_
v 16.293 65.0473 -147.446
vt -122.296 -33.0684
vt -137.742 -31.3119
f 2070/6336/1788 2548/7912/1788 2547/7913/1788

f 2548/7912/1788 2070/6336/1788 2072/6335/1788

vt -120.154 62.0149
v 16.3605 65.7602 -145.381
vt -120.154 62.7576
v 16.3605 65.7602 -147.446
vt -122.296 62.7576
vt -122.296 62.0149
f 2072/7914/2205 2549/7915/2206 2550/7916/2196 2548/7917/2195 

v 17.7491 65.5253 -145.381
vt -55.515 68.1893
v 17.7557 65.5923 -145.381
v 19.1819 67.083 -145.381
vt -54.0288 69.8051
v 20.508 67.9334 -145.381
v 25.2058 68.3076 -145.381
v 38.9006 68.3076 -145.381
vn -1.13325e-24 -0.707107 0.707107
v 38.9006 68.9879 -145.381
vn -1.13325e-24 0.707107 0.707107
v 25.1885 68.9879 -145.381
v 19.8189 68.6704 -145.381
v 17.5437 67.2418 -145.381
vt -57.0253 67.6935
f 2551/7918/2207 2552/7660/2208 2553/7919/2209 2554/7662/2210 2555/7663/2194 2556/7618/2278 2557/7617/2279 2558/7664/2211 2559/7665/2212 2560/7666/2213 2549/7667/2206 2072/7920/2205 

v 17.7491 65.5253 -147.446
vt 122.296 62.451
v 17.7557 65.5923 -147.446
vt 122.296 62.5209
vt 120.154 62.5209
vt 120.154 62.451
f 2561/7921/2203 2562/7922/2202 2552/7923/2208 2551/7924/2207 

vt 57.0253 67.6935
v 17.5437 67.2418 -147.446
v 19.8189 68.6704 -147.446
v 25.1885 68.9879 -147.446
v 38.9006 68.9879 -147.446
vn -6.3974e-25 0.707107 -0.707107
v 38.9006 68.3076 -147.446
vn -6.3974e-25 -0.707107 -0.707107
v 25.2058 68.3076 -147.446
v 20.508 67.9334 -147.446
v 19.1819 67.083 -147.446
vt 54.0288 69.8051
vt 55.515 68.1893
f 2548/7925/2195 2550/7645/2196 2563/7646/2197 2564/7647/2198 2565/7648/2199 2566/7601/2280 2567/7600/2281 2568/7649/2193 2569/7650/2200 2570/7926/2201 2562/7652/2202 2561/7927/2203 

vt -122.296 19.9001
vt -122.296 17.9334
vt -120.154 17.9335
vt -120.154 19.9001
f 2563/7928/2197 2550/7929/2196 2549/7930/2206 2560/7931/2213 

vt -122.296 -7.20116
vt -122.296 -9.98787
vt -120.154 -9.98787
vt -120.154 -7.20116
f 2564/7932/2198 2563/7933/2197 2560/7934/2213 2559/7935/2212 

vt -122.296 -43.4786
vt -122.296 -49.058
vt -120.154 -49.058
vt -120.154 -43.4786
f 2565/7936/2199 2564/7937/2198 2559/7938/2212 2558/7939/2211 

vt -33.5755 122.296
vt -47.7984 122.296
vt -47.7984 120.154
vt -33.5755 120.154
f 2566/7940/2280 2565/7941/2199 2558/7942/2211 2557/7943/2279 

v 52.6126 68.9879 -147.446
vt -19.3526 122.296
v 52.6126 68.9879 -145.381
vt -19.3526 120.154
f 2571/7944/2177 2566/7940/2280 2557/7943/2279 2572/7945/2187 

v 61.4406 65.7602 -147.446
vt 10.1256 67.6935
vt 11.636 68.1893
v 60.0454 65.5923 -147.446
v 58.6192 67.083 -147.446
vt 13.1221 69.8051
v 57.2931 67.9334 -147.446
v 52.5953 68.3076 -147.446
v 57.9822 68.6704 -147.446
v 60.2574 67.2418 -147.446
f 2573/7592/2167 2413/7946/2168 2414/7947/2170 2574/7596/2171 2575/7948/2172 2576/7598/2173 2577/7599/2174 2567/7600/2281 2566/7601/2280 2571/7602/2177 2578/7603/2178 2579/7604/2179 

v 61.4406 65.7602 -145.381
vt 120.154 69.0894
vt 120.154 68.3466
vt 122.296 68.3466
vt 122.296 69.0894
f 2580/7949/2180 2412/7950/2181 2413/7951/2168 2573/7952/2167 

v 60.0454 65.5923 -145.381
vt -11.636 68.1893
vt -10.1256 67.6935
v 60.2574 67.2418 -145.381
v 57.9822 68.6704 -145.381
v 52.5953 68.3076 -145.381
v 57.2931 67.9334 -145.381
v 58.6192 67.083 -145.381
vt -13.1221 69.8051
f 2581/7609/2182 2415/7953/2183 2412/7954/2181 2580/7613/2180 2582/7614/2185 2583/7615/2186 2572/7616/2187 2557/7617/2279 2556/7618/2278 2584/7619/2190 2585/7620/2191 2586/7955/2192 

vt -122.296 69.0688
vt -122.296 68.9989
vt -120.154 68.9989
vt -120.154 69.0688
f 2574/7956/2171 2414/7957/2170 2415/7958/2183 2581/7959/2182 

vn 0.311884 0.95012 -9.0384e-16
f 2414/7574/2282 2415/7576/2282 2412/7571/2282 2413/7573/2282 

f 2415/7576/2161 2411/7572/2162 2412/7571/2161

vt -122.296 59.5107
vt -122.296 57.3708
vt -120.154 57.3708
vt -120.154 59.5107
f 2575/7960/2172 2574/7961/2171 2581/7962/2182 2586/7963/2192 

vt -122.296 50.3609
vt -122.296 48.7268
vt -120.154 48.7268
vt -120.154 50.3609
f 2576/7964/2173 2575/7965/2172 2586/7966/2192 2585/7967/2191 

vt -122.296 24.952
vt -122.296 20.0637
vt -120.154 20.0637
vt -120.154 24.952
f 2577/7968/2174 2576/7969/2173 2585/7970/2191 2584/7971/2190 

vt 33.5755 122.296
vt 19.3705 122.296
vt 19.3705 120.154
vt 33.5755 120.154
f 2567/7972/2281 2577/7973/2174 2584/7974/2190 2556/7975/2278 

vt 47.7804 122.296
vt 47.7804 120.154
f 2568/7976/2193 2567/7972/2281 2556/7975/2278 2555/7977/2194 

vt 122.296 -46.8753
vt 122.296 -41.987
vt 120.154 -41.9869
vt 120.154 -46.8753
f 2569/7978/2200 2568/7979/2193 2555/7980/2194 2554/7981/2210 

vt 122.296 -7.80032
vt 122.296 -6.16628
vt 120.154 -6.16628
vt 120.154 -7.80032
f 2570/7982/2201 2569/7983/2200 2554/7984/2210 2553/7985/2209 

vt 122.296 10.9501
vt 122.296 13.09
vt 120.154 13.09
vt 120.154 10.9501
f 2562/7986/2202 2570/7987/2201 2553/7988/2209 2552/7989/2208 

vt 122.296 59.8366
vt 122.296 61.8032
vt 120.154 61.8032
vt 120.154 59.8366
f 2573/7990/2167 2579/7991/2179 2582/7992/2185 2580/7993/2180 

vt 122.296 46.8816
vt 122.296 49.6683
vt 120.154 49.6683
vt 120.154 46.8816
f 2579/7994/2179 2578/7995/2178 2583/7996/2186 2582/7997/2185 

vt 122.296 17.9759
vt 122.296 23.5553
vt 120.154 23.5553
vt 120.154 17.9759
f 2578/7998/2178 2571/7999/2177 2572/8000/2187 2583/8001/2186 

vt -122.296 -31.4787
f 2547/7913/1788 2548/7912/1788 2561/8002/1788

f 2547/7913/1788 2561/8002/1788 2073/6337/1789

vt -120.154 -31.4787
f 2551/8003/1788 2073/6337/1789 2561/8002/1788

f 2072/6335/1788 2073/6337/1789 2551/8003/1788

usemtl Durango
vt -133.381 -36.0873
vt -137.742 -44.0958
vn -0.115108 0.990632 -0.0734766
vt -102.856 -44.0958
vn -0.167748 0.985818 0.00492162
f 2539/8004/2274 2547/8005/2283 2073/8006/2284

vt -17.9838 -127.108
vt -19.5941 -131.789
vt -12.8989 -134.678
f 2539/8007/2274 2538/8008/2273 2547/8009/2283

v 25.5293 66.7736 -108.731
vt -82.1385 -36.0873
vn -0.106385 0.994135 0.0194244
f 2539/8004/2274 2073/8006/2284 2587/8010/2285

vt -85.5212 -26.8264
vt -106.782 -33.2542
vt -73.1447 -35.8796
vn -0.184287 0.953754 0.237469
f 2587/8011/2285 2073/8012/2284 2075/8013/2286

vt -91.6549 -13.2406
vt -81.1436 -24.4052
v 25.5293 66.2552 -96.1806
vt -79.0848 -16.6707
vn -0.0819274 0.975187 0.205664
f 2587/8014/2285 2075/8015/2286 2588/8016/2287

v 25.5293 65.3979 -93.9981
vt -68.502 67.9398
vn -0.0785027 0.927123 0.366442
vt -69.3249 70.2286
vt -76.6952 67.1075
f 2589/8017/2288 2588/8018/2287 2075/8019/2286

vt -36.2731 88.3498
vn -1.17099e-18 0.965419 0.260703
vt -50.1318 87.7626
vt -50.0426 85.332
f 2464/8020/2289 2588/8021/2287 2589/8022/2288

vt -60.2788 68.1278
vt -73.2652 63.2531
vt -68.694 51.0517
vt -55.7076 55.9264
vn -1.46374e-18 0.965419 0.260703
f 2467/8023/2226 2587/8024/2285 2588/8025/2287 2464/8026/2290 

v 25.5738 66.7743 -158.133
vt -133.381 -46.3168
vt -133.381 -46.363
vt -82.1385 -46.363
vt -82.1385 -32.4919
vt -83.8427 -32.4919
v 38.4192 66.9733 -110.363
vt -83.8312 -32.9913
vn -0.0154888 0.99988 -4.65938e-17
v 38.2539 66.9707 -110.674
vt -84.1529 -33.1627
v 38.111 66.9685 -111.113
vt -84.6092 -33.3109
vt -133.381 -33.3109
vt -133.381 -38.0314
v 33.5606 66.898 -111.047
vt -84.5398 -38.0314
v 33.4315 66.896 -110.666
vt -84.1446 -38.1653
v 33.1973 66.8924 -110.243
vt -83.7066 -38.4084
v 32.1746 66.8766 -110.22
vt -83.6822 -39.4693
v 31.951 66.8731 -110.639
vt -84.1175 -39.7012
v 31.8424 66.8714 -110.974
vt -84.4642 -39.8138
vt -133.381 -39.8138
vt -133.381 -44.4053
v 27.4164 66.8028 -110.91
vt -84.3979 -44.4053
v 27.3241 66.8014 -110.637
vt -84.1153 -44.5011
v 27.0267 66.7968 -110.101
vt -83.5594 -44.8096
v 25.93 66.7798 -110.076
vt -83.5332 -45.9473
v 25.6481 66.7755 -110.605
vt -84.082 -46.2398
v 25.5738 66.7743 -110.834
vt -84.3192 -46.3168
f 2590/8027/2272 2539/8028/2274 2587/8029/2285 2467/8030/2226 2489/8031/2230 2591/8032/2291 2592/8033/2291 2593/8034/2291 2537/8035/2272 2536/8036/2272 2594/8037/2291 2595/8038/2291 2596/8039/2291 2597/8040/2291 2598/8041/2291 2599/8042/2291 2529/8043/2272 2528/8044/2272 2600/8045/2291 2601/8046/2291 2602/8047/2291 2603/8048/2291 2604/8049/2291 2605/8050/2291 

vt 31.2718 -127.875
vt 31.2706 -127.909
vt 31.3177 -127.88
f 2590/8051/2272 2540/8052/2270 2539/8053/2274

vt -84.3192 32.5975
vn -0.758251 0.64327 0.10611
v 25.8798 67.2473 -111.515
vt -85.0256 33.1819
vn -0.548723 0.83247 0.0767885
v 25.8798 67.2473 -158.314
vt -133.569 33.1819
vn -0.586828 0.808593 -0.0425599
vt -134.514 32.3861
vn -0.798861 0.598719 -0.0579376
vt -133.415 32.5922
vn -0.839637 0.543148 -3.75241e-17
vt -133.381 32.5975
f 2605/8054/2292 2606/8055/2293 2607/8056/2294 2541/8057/2295 2540/8058/2296 2590/8059/2296 

vt -94.489 33.6668
vn -0.635505 0.725025 0.265466
v 26.1174 67.2473 -110.77
vt -94.5042 34.3779
vn -0.344887 0.890786 0.295894
vt -95.3148 34.3779
vt -94.7383 33.6651
f 2604/8060/2297 2608/8061/2298 2606/8062/2293 2605/8063/2292 

vt -95.8168 45.95
vn -0.325089 0.822751 0.466259
vt -96.3648 46.6508
vt -96.4386 45.9434
f 2603/8064/2299 2608/8065/2298 2604/8066/2297

vt -45.8917 108.134
vn 0.316959 0.821329 0.474295
v 26.8605 67.2473 -110.77
vt -46.0641 108.97
vn 0.336722 0.8914 0.303357
vt -46.8349 108.97
vt -47.0292 108.102
f 2602/8067/2300 2609/8068/2301 2608/8069/2298 2603/8070/2299 

vt 50.7982 106.653
vn 0.622251 0.73073 0.280779
vt 50.6818 107.324
vt 50.1625 106.646
f 2601/8071/2302 2609/8072/2301 2602/8073/2300

vt 64.9619 98.968
vn 0.752736 0.648642 0.11248
v 27.1289 67.2473 -111.549
vt 65.4913 99.6466
vn 0.543667 0.83536 0.0812393
vt 64.6373 99.6466
vt 64.6635 98.9658
f 2600/8074/2303 2610/8075/2304 2609/8076/2301 2601/8077/2302 

vt 134.359 82.9234
vn 0.781364 0.618885 -0.0803257
v 27.1289 67.2473 -158.277
vt 133.53 83.6224
vn 0.570219 0.819399 -0.0586196
vt 85.0607 83.6224
vt 84.3979 83.0733
vt 133.381 83.0733
vn 0.839637 0.543148 -3.66516e-16
f 2527/8078/2305 2611/8079/2306 2610/8080/2304 2600/8081/2303 2528/8082/2307 

vt 141.242 60.7303
vn 0.712528 0.669205 -0.210875
v 26.8606 67.2473 -159.474
vt 141.584 61.5726
vn 0.394546 0.877811 -0.271627
vt 140.313 61.5726
vt 141.038 60.7671
f 2526/8083/2308 2612/8084/2309 2611/8085/2306 2527/8086/2305 

vt 142.631 50.0289
vn 0.88015 0.347378 -0.323518
v 27.1127 66.5641 -160.488
vt 143.286 50.0289
vn 0.532576 0.477824 -0.698604
vt 142.389 50.963
vt 141.973 50.1541
vt 142.315 50.0953
vn 0.712077 0.65149 -0.261739
f 2546/8087/2310 2613/8088/2311 2612/8089/2309 2526/8090/2308 2525/8091/2312 

vt 143.286 69.1643
vn 0.572275 1.87524e-16 -0.820062
vt 143.286 69.2668
vt 142.631 69.2668
f 2545/8092/2313 2613/8093/2311 2546/8094/2310

vt 47.2244 69.1155
vn -0.614777 -5.77128e-14 -0.788701
v 25.7418 66.5641 -160.488
vt 47.2244 69.2668
vn -0.572176 0.484659 -0.661604
vt 45.8025 69.2668
vt 45.8025 69.1643
f 2544/8095/2314 2614/8096/2315 2613/8097/2311 2545/8098/2313 

vt -119.114 69.2668
vn -0.914004 0.334163 -0.230067
vt -120.188 69.2668
vt -120.188 69.1155
f 2543/8099/2316 2614/8100/2315 2544/8101/2314

vt -118.911 4.10511
vn -0.752946 0.640143 -0.152607
v 26.0578 67.2473 -159.474
vt -119.247 4.9784
vn -0.422671 0.873224 -0.242548
vt -120.188 4.06597
vt -119.114 4.06597
f 2542/8102/2317 2615/8103/2318 2614/8104/2315 2543/8105/2316 

vt -125.745 8.94474
vt -124.876 9.82342
vt -126.093 9.82342
vt -125.81 8.93146
f 2541/8106/2295 2607/8107/2294 2615/8108/2318 2542/8109/2317 

vt -47.0813 85.0256
vt -46.8349 84.2533
vt -46.0641 84.2533
vt -45.7857 85.0607
vt -45.7857 133.53
vt -46.064 134.771
vt -46.8967 134.771
vt -47.0813 133.569
f 2606/8110/2293 2608/8111/2298 2609/8112/2301 2610/8113/2304 2611/8114/2306 2612/8115/2309 2615/8116/2318 2607/8117/2294 

vt 46.064 -72.708
vt 45.8025 -73.9768
vt 47.2244 -73.9768
vt 46.8967 -72.708
f 2612/8118/2309 2613/8119/2311 2614/8120/2315 2615/8121/2318 

v 38.9006 67.2473 -110.77
vt -33.5755 108.97
vn 5.4734e-18 0.956422 0.291987
v 38.529 67.2473 -110.77
vt -33.9609 108.97
vt -34.0748 108.461
vt -33.5755 108.475
vn 1.04698e-17 0.829487 0.558526
f 2616/8122/2319 2617/8123/2298 2591/8124/2299 2489/8125/2320 

v 38.9006 67.2473 -159.474
vt -33.5755 134.771
vn 2.80433e-29 0.956422 -0.291987
v 38.4694 67.2473 -159.474
vt -34.0227 134.771
v 38.2914 67.2473 -158.314
vt -34.2073 133.569
v 38.2914 67.2473 -111.515
vt -34.2073 85.0256
vt -33.9609 84.2533
vt -33.5755 84.2533
f 2618/8126/2321 2619/8127/2318 2620/8128/2294 2621/8129/2293 2617/8130/2298 2616/8131/2319 

vt 33.5755 -73.682
vn -2.76101e-29 0.829487 -0.558526
vt 34.2828 -73.715
vn -0.417352 0.808684 -0.414545
vt 34.0227 -72.708
vt 33.5755 -72.708
f 2517/8132/2322 2524/8133/2323 2619/8134/2318 2618/8135/2321 

vt -122.167 12.265
vt -122.39 12.8425
vt -123.136 12.1184
f 2523/8136/2317 2619/8137/2318 2524/8138/2323

vt -127.33 17.582
vt -126.83 18.0874
vt -128.047 18.0874
vt -127.86 17.4976
f 2522/8139/2295 2620/8140/2294 2619/8141/2318 2523/8142/2317 

vt -84.6092 39.8299
vt -85.0256 40.1744
vt -133.569 40.1744
vt -134.112 39.7166
vt -134.002 39.7329
vn -0.839637 0.543148 -2.98869e-16
vt -133.381 39.8299
f 2593/8143/2292 2621/8144/2293 2620/8145/2294 2522/8146/2295 2521/8147/2324 2537/8148/2324 

vt -90.5812 42.8583
vt -90.5901 43.2752
vt -91.4007 43.2752
vt -91.0609 42.855
f 2592/8149/2297 2617/8150/2298 2621/8151/2293 2593/8152/2292 

vt -90.0756 54.4763
vt -90.3968 54.8871
vt -90.4401 54.4724
f 2591/8153/2299 2617/8154/2298 2592/8155/2297

vt 32.8681 -73.715
vn 0.417352 0.808684 -0.414545
vn 2.84557e-29 0.956422 -0.291987
v 39.3317 67.2473 -159.474
vt 33.1282 -72.708
f 2518/8156/2325 2517/8132/2322 2618/8135/2326 2622/8157/2258 

vt -33.1282 134.771
v 39.2721 67.2473 -110.77
vt -33.19 84.2533
v 39.5097 67.2473 -111.515
vt -32.9436 85.0256
v 39.5097 67.2473 -158.314
vt -32.9436 133.569
f 2622/8158/2258 2618/8126/2321 2616/8131/2319 2623/8159/2238 2624/8160/2233 2625/8161/2237 

vt -33.19 108.97
vt -33.0761 108.461
f 2623/8162/2238 2616/8122/2319 2489/8125/2320 2488/8163/2240 

vt 59.2681 97.8474
vt 58.9468 97.4366
vt 59.3114 97.4327
f 2623/8164/2238 2488/8165/2240 2487/8166/2239

vt 70.1743 89.6832
vt 70.1654 89.2663
vt 70.6451 89.263
vt 70.9849 89.6832
f 2623/8167/2238 2487/8168/2239 2486/8169/2234 2624/8170/2233 

vt 85.0256 76.6472
vt 84.6092 76.3028
vt 133.381 76.3028
vn 0.839637 0.543148 -2.39137e-16
vt 134.002 76.2057
vt 134.112 76.1895
vt 133.569 76.6472
f 2624/8171/2233 2486/8172/2234 2485/8173/2327 2510/8174/2327 2520/8175/2236 2625/8176/2237 

vt 137.021 61.1925
vt 137.521 60.6871
vt 138.051 60.6026
vt 138.238 61.1925
f 2625/8177/2237 2520/8178/2236 2519/8179/2259 2622/8180/2258 

vt 138.781 53.8619
vt 138.559 53.2844
vt 139.528 53.1377
f 2622/8181/2258 2519/8182/2259 2518/8183/2325

vt 134.189 79.5709
v 33.3347 67.2473 -158.277
vt 133.53 80.1261
v 33.3347 67.2473 -111.549
vt 85.0607 80.1261
vt 84.5398 79.6946
vt 133.381 79.6946
vn 0.839637 0.543148 1.46835e-16
f 2535/8184/2305 2626/8185/2306 2627/8186/2304 2594/8187/2303 2536/8188/2328 

vt 139.886 56.557
v 33.0664 67.2473 -159.474
vt 140.176 57.2703
vt 138.904 57.2703
vt 139.481 56.6303
f 2534/8189/2308 2628/8190/2309 2626/8191/2306 2535/8192/2305 

vt 141.027 46.1334
vn 0.38771 0.806359 -0.446616
vt 140.168 47.0268
vt 139.816 46.3419
f 2533/8193/2329 2628/8194/2309 2534/8195/2308

vt 40.7857 -73.9699
v 32.2636 67.2473 -159.474
vt 40.4597 -72.708
vt 39.627 -72.708
vt 39.3768 -73.9215
f 2532/8196/2323 2629/8197/2318 2628/8198/2309 2533/8199/2329 

vt -120.545 8.20062
vt -120.818 8.91047
vt -121.754 8.00298
f 2531/8200/2317 2629/8201/2318 2532/8202/2323

vt -126.515 13.2859
v 32.0856 67.2473 -158.314
vt -125.853 13.9554
vt -127.07 13.9554
vt -126.84 13.2304
f 2530/8203/2295 2630/8204/2294 2629/8205/2318 2531/8206/2317 

vt -84.4642 36.2137
v 32.0856 67.2473 -111.515
vt -85.0256 36.6781
vt -133.569 36.6781
vt -134.289 36.0718
vt -133.381 36.2137
vn -0.839637 0.543148 -3.87768e-17
f 2599/8207/2292 2631/8208/2293 2630/8209/2294 2530/8210/2295 2529/8211/2330 

vt -92.5351 38.2626
v 32.3232 67.2473 -110.77
vt -92.5471 38.8266
vt -93.3577 38.8266
vt -92.8996 38.2601
f 2598/8212/2297 2632/8213/2298 2631/8214/2293 2599/8215/2292 

vt -92.9462 50.2131
vt -93.3808 50.7689
vt -93.4394 50.2079
f 2597/8216/2299 2632/8217/2298 2598/8218/2297

vt -39.4912 108.311
v 33.0663 67.2473 -110.77
vt -39.6271 108.97
vt -40.3979 108.97
vt -40.552 108.282
f 2596/8219/2300 2633/8220/2301 2632/8221/2298 2597/8222/2299 

vt 53.9409 102.734
vt 53.8492 103.263
vt 53.44 102.728
f 2595/8223/2302 2633/8224/2301 2596/8225/2300

vt 67.1734 94.6477
vt 67.5894 95.181
vt 66.7355 95.181
vt 66.7561 94.6447
f 2594/8226/2303 2627/8227/2304 2633/8228/2301 2595/8229/2302 

vt -40.6443 85.0256
vt -40.3979 84.2533
vt -39.6271 84.2533
vt -39.3487 85.0607
vt -39.3487 133.53
vt -39.627 134.771
vt -40.4597 134.771
vt -40.6443 133.569
f 2631/8230/2293 2632/8231/2298 2633/8232/2301 2627/8233/2304 2626/8234/2306 2628/8235/2309 2629/8236/2318 2630/8237/2294 

vt -36.1839 85.9192
f 2589/8022/2288 2463/8238/2221 2464/8020/2224

vt -43.8206 66.9454
vn 2.16866e-18 0.995446 0.0953267
vt -57.5121 64.7202
vn -0.0767713 0.99285 0.0914091
v 25.5293 63.891 -78.2628
vt -54.9058 48.5325
vn -0.0688321 0.985469 0.155283
f 2463/8239/2331 2589/8240/2332 2634/8241/2333

vt -81.1826 20.7005
vt -78.8232 4.18444
vn -0.132418 0.984651 0.113705
vt -69.3162 9.38576
f 2589/8242/2332 1404/8243/2334 2634/8244/2333

vt -77.6073 -5.18572
vt -81.9702 10.9174
v 18.1272 64.6238 -94.9451
vt -87.3035 5.2505
vn -0.181087 0.956322 0.229469
f 1404/8245/2334 2589/8246/2332 2635/8247/2335

vt -75.9162 66.4403
vt -68.4024 68.4655
vt -76.5973 67.6498
f 2635/8248/2335 2589/8249/2288 2075/8250/2286

vt -85.4529 52.4029
vt -86.6453 50.6956
vn -0.231668 0.945439 0.229075
vt -84.509 51.3851
f 2075/8251/2286 2079/8252/2336 2635/8253/2335

vt -83.36 -12.8613
vt -84.8403 -14.5489
vt -71.3627 -20.5422
f 2635/8254/2335 2079/8255/2336 1404/8256/2334

vt -70.9832 9.61229
vt -57.3346 6.99861
vt -56.3223 7.99256
f 2079/8257/1794 1329/8258/821 1404/8259/820

vt -59.3807 -1.67831
vt -72.9516 1.3127
vt -73.3749 -0.076444
f 1329/8260/821 2079/8261/1794 1327/8262/1793

vt -74.3406 23.2008
vt -67.4362 31.8394
vt -77.8688 28.9071
f 1405/8263/824 2634/8264/2333 1404/8265/2334

vt -66.633 35.3801
vt -73.9128 27.0556
vt -64.2178 31.1928
f 2634/8266/2333 1405/8267/824 1406/8268/826

v 38.9006 64.0981 -78.2628
vt -36.9554 61.6573
vn 0 0.983861 0.178935
vt -50.7923 60.6841
vt -50.4696 55.8609
f 2636/8269/2337 2634/8270/2333 1406/8271/826

vt -41.2143 50.7577
f 2634/8241/2333 2636/8272/2337 2463/8239/2331

vt -25.075 61.4306
f 2636/8273/2337 2135/7730/1871 2463/7729/2220

vt -16.2011 65.1665
vt -30.0381 66.1398
vt -16.5238 60.3434
f 2135/8274/1871 2636/8275/2337 2128/8276/1853

vt -30.3608 61.3166
f 1408/8277/1852 2128/8276/1853 2636/8275/2337

vt -36.6327 56.8341
f 1406/8271/826 1408/8278/829 2636/8269/2337

v 44.4664 67.2473 -158.277
vt -133.53 43.6533
vt -134.189 43.098
vt -133.381 43.2218
vn -0.839637 0.543148 2.75972e-16
vt -84.5398 43.2218
v 44.4664 67.2473 -111.549
vt -85.0607 43.6533
f 2637/8279/2246 2511/8280/2247 2484/8281/2338 2483/8282/2245 2638/8283/2244 

v 44.7347 67.2473 -159.474
vt -125.484 12.3878
vt -125.194 11.6745
vt -124.789 11.7478
vt -124.213 12.3878
f 2639/8284/2249 2512/8285/2250 2511/8286/2247 2637/8287/2246 

vt -117.001 5.96473
vt -117.859 5.07134
vn -0.38771 0.806359 -0.446616
vt -116.649 5.27978
f 2639/8288/2249 2513/8289/2339 2512/8290/2250

v 45.5375 67.2473 -159.474
vt 26.6912 -72.708
vt 26.3652 -73.9699
vt 27.7741 -73.9215
vt 27.524 -72.708
f 2640/8291/2258 2514/8292/2325 2513/8293/2339 2639/8294/2249 

vt 137.21 49.9298
vt 136.937 49.22
vt 138.145 49.0223
f 2640/8295/2258 2515/8296/2259 2514/8297/2325

v 45.7155 67.2473 -158.314
vt 136.044 57.0605
vt 136.706 56.391
vt 137.031 56.3355
vt 137.261 57.0605
f 2641/8298/2237 2516/8299/2236 2515/8300/2259 2640/8301/2258 

v 45.7155 67.2473 -111.515
vt 85.0256 73.151
vt 84.4642 72.6866
vt 133.381 72.6866
vn 0.839637 0.543148 -4.01139e-18
vt 134.289 72.5447
vt 133.569 73.151
f 2642/8302/2233 2478/8303/2234 2477/8304/2340 2516/8305/2236 2641/8306/2237 

v 45.4779 67.2473 -110.77
vt 72.1313 85.2345
vt 72.1193 84.6706
vt 72.4838 84.6681
vt 72.9419 85.2345
f 2643/8307/2238 2479/8308/2239 2478/8309/2234 2642/8310/2233 

vt 62.252 93.7293
vt 61.8174 93.1734
vt 62.3106 93.1682
f 2643/8311/2238 2480/8312/2240 2479/8313/2239

v 44.7348 67.2473 -110.77
vt -27.5239 108.97
vt -27.6597 108.311
vt -26.5989 108.282
vt -26.753 108.97
f 2644/8314/2241 2481/8315/2242 2480/8316/2240 2643/8317/2238 

vt -86.8912 60.8928
vt -86.9829 60.3639
vt -86.482 60.3584
f 2644/8318/2241 2482/8319/2243 2481/8320/2242

vt -89.4774 48.596
vt -89.0613 48.0627
vt -88.6441 48.0596
vt -88.6234 48.596
f 2638/8321/2244 2483/8322/2245 2482/8323/2243 2644/8324/2241 

vt -26.753 84.2533
vt -26.5066 85.0256
vt -26.5066 133.569
vt -26.6912 134.771
vt -27.524 134.771
vt -27.8022 133.53
vt -27.8022 85.0607
vt -27.5239 84.2533
f 2643/8325/2238 2642/8326/2233 2641/8327/2237 2640/8328/2258 2639/8329/2249 2637/8330/2246 2638/8331/2244 2644/8332/2241 

vt 79.4901 -101.841
vt 77.8798 -97.1602
vt 72.795 -104.73
vn 0.115108 0.990632 -0.0734766
f 2227/8333/2262 2468/8334/2227 2226/8335/2341

vt 137.742 22.2416
vt 133.381 30.2501
vt 102.856 22.2416
vn 0.167748 0.985818 0.00492162
f 2226/8336/2341 2468/8337/2227 2416/8338/2342

vt 82.1385 30.2501
f 2416/8338/2342 2468/8337/2227 2466/8339/2225

vt 101.655 32.4373
vt 80.3941 38.8651
vt 68.0177 29.8119
f 2416/8340/2342 2466/8341/2225 2417/8342/2216

vt 63.6696 39.6305
vt 74.1809 50.7951
vt 61.6109 47.3651
f 2417/8343/2216 2466/8344/2225 2465/8345/2223

vt 6.76771 92.7208
vt 5.94479 90.432
vt 14.138 89.5997
f 2465/8346/2223 2462/8347/2218 2417/8348/2216

vt -20.316 84.2533
vt -20.0696 85.0256
vt -20.0696 133.569
vt -20.2542 134.771
vt -21.0869 134.771
vt -21.3652 133.53
vt -21.3652 85.0607
vt -21.0869 84.2533
f 2494/8349/2238 2491/8350/2233 2493/8351/2237 2508/8352/2258 2499/8353/2249 2497/8354/2246 2496/8355/2244 2495/8356/2241 

vt 21.3485 -73.9768
vt 21.0869 -72.708
vt 20.2542 -72.708
vt 19.9265 -73.9768
f 2501/8357/2251 2499/8358/2249 2508/8359/2258 2505/8360/2255 

vt 60.1362 46.7248
vt 58.6559 48.4124
vt 46.6586 40.7315
f 2424/8361/2215 2461/8362/2217 2136/8363/1872

vt 54.4706 54.087
vn 0.698231 0.713271 0.060984
vt 68.1192 56.7006
vn 0.650226 0.759057 0.0322294
vt 53.4583 55.0809
f 2152/8364/2343 2424/8365/2344 2136/8366/1875

vt 67.5936 53.7018
vt 54.0227 50.7108
vt 68.0169 52.3127
vn 0.636777 0.770605 0.0261229
f 2424/8367/2344 2152/8368/2343 2150/8369/2345

vt 68.6801 49.0509
vt 102.039 51.6016
vt 68.315 50.4565
f 2150/8370/2345 2411/8371/2159 2424/8372/2344

vt 102.145 54.277
vt 68.7701 51.9477
vt 102.185 53.1694
vn 0.673457 0.73921 0.00495124
f 2411/8373/2159 2150/8374/2345 2387/8375/2346

vt 102.367 65.9923
vn 0.940117 0.340853 -3.36646e-08
vt 70.5869 44.4143
vt 71.7028 62.6947
vt 72.8321 63.544
vt 74.8098 64.0378
vt 98.3669 64.298
vt 99.5838 64.0578
vt 100.839 62.8968
vt 104.646 47.0052
vt 104.304 45.2837
vt 109.425 45.4566
f 2387/8376/2347 2150/6668/2347 1536/6671/2347 1537/8377/2347 2373/8378/2347 2374/8379/2347 2375/8380/2347 2376/8381/2347 2377/8382/2347 2378/8383/2347 2379/8384/2347 2372/8385/2347 2388/8386/2347 

usemtl _DimGray_
v 69.298 45.4468 -98.4029
vt 71.4251 45.2236
vn 0.940117 0.340853 -5.94222e-08
f 2645/8387/2348 2373/8378/2348 1537/8377/2348

v 63.6918 60.9093 -99.407
vt 72.4666 62.2839
f 2373/8378/2348 2645/8387/2348 2646/8388/2348

usemtl LightSteelBlue
vn 0.940117 0.340853 -5.45797e-08
v 69.0249 46.1999 -129.475
vt 103.655 46.0546
v 68.7177 47.0473 -129.654
vt 103.841 46.9895
v 63.627 61.088 -126.075
vt 100.129 62.4811
v 63.3485 61.8561 -125.192
vt 99.2126 63.3285
v 63.289 62.0204 -124.307
vt 98.2943 63.5098
v 63.3739 61.7863 -101.763
vt 74.9109 63.2515
v 63.5161 61.3941 -100.093
vt 73.1778 62.8187
f 2646/8388/2349 2645/8387/2349 2647/8389/2349 2648/8390/2349 2649/8391/2349 2650/8392/2349 2651/8393/2349 2652/8394/2349 2653/8395/2349 

usemtl _DimGray_
f 2645/8387/2348 2372/8385/2348 2647/8389/2348

f 2372/8385/2348 2645/8387/2348 1537/8377/2348

usemtl Durango
vt 93.2149 37.5629
vt 104.29 41.8654
vn 0.839757 0.542846 0.0112361
vt 70.5749 40.9076
f 1538/8396/1010 2372/8397/2350 1537/8398/1008

vt 104.221 42.0195
vt 93.1899 37.6049
v 71.3214 42.3889 -128.649
vt 102.768 38.1374
vn 0.831842 0.554843 0.0137256
f 2372/8399/2350 1538/8400/1010 2654/8401/2351

vt 93.9668 33.1837
vt 102.74 35.5876
vn 0.792904 0.609155 0.0152869
vt 93.1649 35
f 1539/8402/1011 2654/8403/2352 1538/8404/1010

vt 110.104 34.1275
vn 0.81154 0.584211 0.00998942
vt 102.796 35.9116
vt 93.9839 33.6543
f 1560/8405/2353 2654/8406/2352 1539/8407/1011

vt 102.785 37.2095
vt 110.103 35.464
v 71.1316 42.8288 -135.615
vt 110.006 37.7657
vn 0.820276 0.571802 0.0137647
f 2654/8408/2352 1560/8409/2353 2655/8410/2354

vt 126.228 34.5891
vn 0.854484 0.519439 -0.00640117
vt 110.023 36.4983
vn 0.82796 0.560787 -0.000942604
vt 110.094 34.1956
vn 0.820047 0.572291 -0.00256259
f 1617/8411/2355 2655/8412/2356 1560/8413/2357

vt 126.232 35.5664
v 71.0937 42.9022 -148.234
vt 123.112 37.5309
vn 0.837881 0.545844 0.00318232
vt 110.023 37.4399
f 1617/8414/2355 2656/8415/2358 2655/8416/2356

vt 126.235 36.1669
v 71.1316 42.9629 -159.635
vt 134.934 38.1963
vn 0.853228 0.520534 -0.0323615
vt 123.108 38.1213
f 1617/8417/2355 2657/8418/2359 2656/8419/2358

vt 143.332 37.4061
vt 134.873 39.1799
vt 126.138 37.3127
f 1619/8420/1096 2657/8421/2359 1617/8422/2355

vt 134.386 28.3593
vt 142.787 26.3287
v 70.0938 42.7503 -172.692
vt 147.972 28.0827
vn 0.918807 0.374404 -0.124959
f 2657/8423/2359 1619/8424/1096 2658/8425/2360

vt 139.994 32.8678
v 70.8876 38.5933 -174.652
vt 147.078 29.8366
vn 0.944355 0.247698 -0.216423
vt 145.271 34.3235
f 1619/8426/1096 2659/8427/2361 2658/8428/2360

vt 138.996 25.2518
vt 146.006 25.3281
vt 138.952 28.4278
f 1620/8429/1097 2659/8430/2361 1619/8431/1096

vt 145.908 36.2247
vt 138.898 36.1526
v 71.307 36.4671 -173.903
vt 145.048 34.0073
vn 0.967499 0.0732766 -0.242025
f 2659/8432/2361 1620/8433/1097 2660/8434/2362

vt 140.214 30.6838
vt 145.546 35.719
vt 139.393 37.8571
f 1622/8435/1099 2660/8436/2362 1620/8437/1097

vt 145.157 36.0632
vt 139.822 31.0314
v 71.597 31.4813 -173.827
vt 145.007 30.8845
vn 0.968126 0.0525757 -0.244884
f 2660/8438/2362 1622/8439/1099 2661/8440/2363

vt 139.573 21.2502
v 72.1973 29.2824 -174.031
vt 144.805 18.7243
vn 0.924325 0.268123 -0.27154
vt 144.757 21.0976
vn 0.919342 0.276892 -0.279537
f 1622/8441/1101 2662/8442/2364 2661/8443/2365

vt 142.201 29.905
v 73.3759 27.0085 -168.747
vt 141.863 25.0895
vn 0.986529 0.119339 -0.111891
vt 147.473 27.4626
f 1622/8444/1101 2663/8445/2366 2662/8446/2364

vt 143.229 25.9503
vt 143.535 30.768
vt 133.167 26.8564
f 2663/8447/2366 1622/8448/1101 1624/8449/1103

vt 143.54 29.5151
vt 133.477 30.4187
v 74.1046 25.858 -159.979
vt 134.415 28.3171
vn 0.991697 -0.0878119 -0.0939505
f 2663/8450/2366 1624/8451/1103 2664/8452/2367

usemtl _DimGray_
vt -12.7639 -27.1839
vt -12.7639 -29.4692
vt 2.94027 -29.4692
vn -1.38946e-18 -0.357399 0.933952
vt 3.21245 -27.1839
f 1626/8453/1105 1632/8454/1113 2664/8455/2368 1624/8456/1106 

vt -12.7639 -16.6728
vt -12.7639 -20.8143
v 73.4776 22.066 -161.229
vt 2.28991 -20.8143
vn 1.21777e-18 -0.239271 0.970953
vt 2.94027 -16.6728
f 1632/8457/1113 1631/8458/1112 2665/8459/2369 2664/8460/2368 

vt -12.7639 0.388474
vt -12.7639 -3.20412
v 72.5596 18.6493 -161.797
vt 1.3377 -3.20412
vn 9.84509e-19 -0.0793386 0.996848
vt 2.28991 0.388474
f 1631/8461/1112 1630/8462/1111 2666/8463/2370 2665/8464/2369 

vt -12.7639 20.384
vt -12.7639 17.8333
v 71.837 16.1903 -161.783
vt 0.588131 17.8333
vn 5.28683e-19 -0.41272 0.910858
vt 1.3377 20.384
f 1630/8465/1111 1629/8466/1110 2667/8467/2371 2666/8468/2370 

vt -12.7639 -92.524
vt -12.7639 -93.3346
v 71.49 15.6786 -162.373
vt 0.228189 -93.3346
vn 9.66148e-19 -0.755775 0.654831
vt 0.588131 -92.524
f 1629/8469/1110 1628/8470/1109 2668/8471/2372 2667/8472/2371 

vt 12.7639 138.47
vn -0.0279378 -0.995742 -0.0878497
v 70.4747 16.3767 -175.224
vt 0.824922 151.819
vn -0.029113 -0.996353 -0.0802069
vt -0.228189 138.47
vn 0 -0.998527 -0.0542488
f 1628/8473/2373 2669/8474/2374 2668/8475/2375

vt -55.0837 127.994
v 70.2685 16.7593 -178.692
vt -73.5053 137.262
vn -0.0469031 -0.994049 -0.0983222
vt -71.9624 133.981
f 1628/8476/2373 2670/8477/2376 2669/8478/2374

vt -38.5367 133.868
v 68.5819 17.025 -180.948
vt -54.8706 148.216
vn -0.029644 -0.995721 -0.0875252
vt -55.6425 145.385
f 1628/8479/2373 2671/8480/2377 2670/8481/2376

vt -24.8895 137.033
v 61.2498 17.3666 -182.922
vt -32.9237 156.994
vn -0.0368843 -0.995622 -0.0858897
vt -39.6942 152.955
f 1628/8482/2373 2672/8483/2378 2671/8484/2377

vt -57.498 126.877
v 51.6617 17.9359 -183.909
vt -62.0449 150.14
vn -0.0250544 -0.995084 -0.0958081
vt -70.1616 144.273
f 1628/8485/2373 2673/8486/2379 2672/8487/2378

vt 20.3388 161.207
vt 12.7639 138.747
vt 33.5755 138.747
vn -8.9396e-18 -0.994551 -0.104248
v 38.9006 17.9359 -183.909
vt 33.5755 161.207
f 2673/8488/2379 1628/8489/2373 1643/8490/2380 2674/8491/2380 

vt 54.387 138.747
vn 0.0279378 -0.995742 -0.0878497
v 26.1394 17.9359 -183.909
vt 46.8121 161.207
vn 0.0250544 -0.995084 -0.0958081
f 1645/8492/2381 2675/8493/2382 2674/8491/2380 1643/8490/2380 

vt 120.289 116.89
vt 115.742 93.6272
v 16.5513 17.3666 -182.922
vt 128.406 111.023
vn 0.0368843 -0.995622 -0.0858897
f 2675/8494/2382 1645/8495/2381 2676/8496/2383

vt 97.5834 138.943
vt 89.5492 118.982
v 9.21925 17.025 -180.948
vt 104.354 134.904
vn 0.029644 -0.995721 -0.0875252
f 2676/8497/2383 1645/8498/2381 2677/8499/2384

vt 117.364 123.761
vt 101.031 109.413
v 7.53257 16.7593 -178.692
vt 118.136 120.93
vn 0.0469031 -0.994049 -0.0983222
f 2677/8500/2384 1645/8501/2381 2678/8502/2385

vt 132.377 105.198
vt 113.956 95.9303
v 7.32642 16.3767 -175.224
vt 130.834 101.917
vn 0.029113 -0.996353 -0.0802069
f 2678/8503/2385 1645/8504/2381 2679/8505/2386

vt 66.326 151.819
vt 54.387 138.47
v 6.31113 15.6786 -162.373
vt 67.3791 138.47
vn 5.67785e-18 -0.998527 -0.0542488
f 2679/8506/2386 1645/8507/2381 2680/8508/2387

vt -54.387 -93.3346
vt -54.387 -92.524
v 5.96412 16.1903 -161.783
vt -67.739 -92.524
vn -2.06015e-19 -0.41272 0.910858
vt -67.3791 -93.3346
vn -4.02562e-19 -0.755775 0.654831
f 1645/8509/1124 1660/8510/1140 2681/8511/2388 2680/8512/2389 

vt -54.387 17.8333
vt -54.387 20.384
v 5.24147 18.6493 -161.797
vt -68.4886 20.384
vn -6.4404e-19 -0.0793386 0.996848
vt -67.739 17.8333
f 1660/8513/1140 1659/8514/1139 2682/8515/2390 2681/8516/2388 

vt -54.387 -3.20412
vt -54.387 0.388474
v 4.32347 22.066 -161.229
vt -69.4408 0.388474
vn 3.55588e-20 -0.239271 0.970953
vt -68.4886 -3.20412
f 1659/8517/1139 1658/8518/1138 2683/8519/2391 2682/8520/2390 

vt -54.387 -20.8143
vt -54.387 -16.6728
v 3.69647 25.858 -159.979
vt -70.0912 -16.6728
vn 9.02852e-20 -0.357399 0.933952
vt -69.4408 -20.8143
f 1658/8521/1138 1657/8522/1137 2684/8523/2392 2683/8524/2391 

vt -54.387 -29.4692
vt -54.387 -27.1839
v 3.43406 27.8763 -159.096
vt -70.3634 -27.1839
vn -1.34851e-18 -0.499975 0.86604
vt -70.0912 -29.4692
f 1657/8525/1137 1656/8526/1136 2685/8527/2393 2684/8528/2392 

vt -54.387 -56.2034
vt -54.387 -53.3202
v 3.26596 30.1148 -157.448
vt -70.5377 -53.3202
vn -2.45108e-18 -0.772792 0.634659
vt -70.3634 -56.2034
f 1656/8529/1136 1655/8530/1135 2686/8531/2394 2685/8532/2393 

vt -54.387 -106.723
vt -54.387 -103.257
v 3.25897 31.535 -154.423
vt -70.545 -103.257
vn -1.65135e-18 -0.963591 0.26738
vt -70.5377 -106.723
f 1655/8533/1135 1654/8534/1134 2687/8535/2395 2686/8536/2394 

vt -54.387 -125.487
vt -54.387 -120.489
v 3.30877 32.0276 -149.629
vt -70.4933 -120.489
vn 8.59363e-21 -0.99869 0.0511777
vt -70.545 -125.487
f 1654/8537/1134 1653/8538/1133 2688/8539/2396 2687/8540/2395 

vt 54.387 124.56
vt 54.387 117.064
v 3.24936 32.0276 -142.403
vt 70.555 117.064
vn -4.90797e-19 -0.998674 -0.0514862
vt 70.4933 124.56
f 1653/8541/1133 1652/8542/1132 2689/8543/2397 2688/8544/2396 

vt 54.387 119.883
vt 54.387 114.914
vt 70.6468 114.914
vn -9.08485e-19 -0.97332 -0.229451
vt 70.555 119.883
f 1652/8545/1132 1651/8546/1131 2005/8547/2398 2689/8548/2397 

vt 54.387 116.536
vt 54.387 113.239
vt 70.6506 113.239
vn -1.32547e-18 -0.88021 -0.474585
vt 70.6468 116.536
f 1651/8549/1131 1650/8550/1130 2003/8551/2399 2005/8552/2398 

vt 54.387 106.862
vt 54.387 103.959
vt 70.7522 103.959
vn -1.995e-18 -0.672866 -0.739764
vt 70.6506 106.862
f 1650/8553/1130 1649/8554/1129 2002/8555/2400 2003/8556/2399 

vt 54.387 80.2059
vt 54.387 77.0811
vt 70.5153 77.0811
vn -5.25835e-19 -0.372372 -0.928083
vt 70.7522 80.2059
f 1649/8557/1129 1648/8558/1128 2001/8559/2401 2002/8560/2400 

vt 54.387 50.4974
vt 54.387 46.3491
vt 69.8318 46.3491
vt 70.5153 50.4974
f 1648/8561/1128 1647/8562/1127 1663/8563/1143 2001/8564/2401 

usemtl Durango
vt -117.527 13.4143
vt -118.031 11.2763
vn -0.953398 0.301704 0.00269346
vt -113.09 10.7408
f 2007/8565/1703 2689/8566/2402 2005/8567/1701

vt -116.48 10.1188
vt -115.991 12.26
vt -123.976 10.1188
vn -0.952909 0.30301 -0.0122298
f 2689/8568/2402 2007/8569/1703 2688/8570/2403

v 3.94041 33.9942 -150.118
vt -124.489 12.26
vn -0.949941 0.311609 -0.0226276
f 2688/8570/2403 2007/8569/1703 2690/8571/2404

vt -116.055 29.2933
vt -124.489 24.8139
vn -0.986986 0.159893 -0.0170841
vt -115.991 24.8139
f 2008/8572/1707 2690/8573/2405 2007/8574/1705

vt -132.095 27.4205
vt -123.572 22.7524
vt -115.147 27.2488
f 2010/8575/1711 2690/8576/2405 2008/8577/1707

vt -131.973 27.6193
v 3.97002 33.4358 -155.553
vt -129.086 22.3662
vn -0.987153 0.153206 -0.0453632
vt -123.449 22.9536
f 2010/8578/1711 2691/8579/2406 2690/8580/2405

vt -128.502 28.7295
vt -129.128 21.8099
vt -125.578 23.497
f 2010/8581/1711 2013/8582/1714 2691/8583/2406

vt -118.578 7.32171
vn -0.950803 0.303066 -0.0642266
vt -119.841 9.3737
vn -0.948832 0.303897 -0.0858138
vt -123.366 7.63527
vn -0.951636 0.277252 -0.132365
f 2687/8584/2407 2691/8585/2408 2013/8586/2409

vt -126.506 6.09047
vt -122.075 8.79236
vt -127.708 8.17875
f 2687/8587/2407 2690/8588/2404 2691/8589/2408

vt -122.975 9.8544
vt -123.497 11.9935
vt -127.945 9.31861
f 2688/8590/2403 2690/8591/2404 2687/8592/2407

vn -0.949772 0.290234 -0.117038
vt -121.687 5.78842
vn -0.970407 0.205498 -0.126812
f 2013/8586/2410 2686/8593/2411 2687/8584/2409

vt -136.471 6.07324
vn -0.973484 0.168243 -0.154996
vt -124.388 4.43189
vt -126.05 6.29393
f 2014/8594/2412 2686/8595/2411 2013/8596/2410

vt -121.176 28.6635
vt -133.27 30.2284
vt -122.893 26.3405
vn -0.992971 0.0193169 -0.116767
f 2686/8597/2411 2014/8598/2412 2685/8599/2413

vt -135.988 23.1443
v 4.42521 27.0085 -168.747
vt -135.682 18.3266
vn -0.986529 0.119339 -0.111891
vt -125.62 19.2327
f 2014/8600/2412 2692/8601/2414 2685/8602/2413

vt -130.315 17.7942
vt -130.654 22.6097
v 5.60379 29.2824 -174.031
vt -135.925 20.1673
vn -0.924325 0.268123 -0.27154
f 2692/8603/2414 2014/8604/2412 2693/8605/2415

vt -127.906 0.764657
vt -122.674 3.29055
vt -127.858 3.13788
vn -0.919342 0.276892 -0.279537
f 2693/8606/2415 2014/8607/2412 2016/8608/2416

vt -119.036 -2.10168
vt -119.042 0.272008
vt -120.367 -0.677787
vn -0.871407 0.273808 -0.407036
f 2693/8609/2415 2016/8610/2416 2018/8611/2417

vt -106.286 7.42079
vt -107.651 8.81178
v 7.39844 29.2824 -177.82
vt -110.634 7.42079
vn -0.784041 0.399647 -0.474935
f 2693/8612/2415 2018/8613/2417 2694/8614/2418

vt -98.4929 -20.0951
vt -95.5457 -18.6291
vt -99.7901 -18.6291
vn -0.703043 0.305643 -0.642116
f 2694/8615/2418 2018/8616/2417 2021/8617/2419

vt -66.3284 7.50187
v 9.89101 29.2824 -180.412
vt -68.6754 6.1167
vn -0.447582 0.503746 -0.738857
vt -64.9452 6.1167
f 2021/8618/2419 2695/8619/2420 2694/8620/2418

vt -44.2439 -34.758
vt -41.9576 -33.2747
vt -44.5783 -33.2747
vn -0.313482 0.226064 -0.922293
f 2695/8621/2420 2021/8622/2419 2027/8623/2421

vt 43.0638 -6.8252
v 12.9786 29.2824 -180.8
vt 40.413 -8.23202
vn 0.0723332 0.479406 -0.874607
vt 43.6408 -8.23202
f 2027/8624/2421 2696/8625/2422 2695/8626/2420

v 12.9786 30.5798 -180.752
vt 23.1732 25.9571
vn -0.227488 0.0358227 -0.973122
vt 23.1619 24.6106
vt 25.8325 25.9796
f 2697/8627/2423 2696/8628/2422 2027/8629/2421

v 16.1841 30.9047 -181.616
vt 13.5575 26.324
vn -0.248216 -0.00616278 -0.968685
vt 16.988 24.6402
vn -0.245444 0.0185356 -0.969234
vt 17.001 25.9867
vn -0.261938 0.0146038 -0.964974
f 2698/8630/2424 2696/8631/2425 2697/8632/2426

v 17.0308 30.3227 -181.775
vt 19.9943 40.6097
vn -0.172364 -0.0090856 -0.984991
vt 24.3171 39.529
vt 20.8873 41.2143
f 2699/8633/2427 2696/8634/2425 2698/8635/2424

vt 14.6578 19.2331
v 13.2063 28.524 -180.918
vt 18.721 17.3623
vn -0.262656 0.100789 -0.959611
vt 18.9803 18.1511
f 2699/8636/2427 2700/8637/2428 2696/8638/2425

vt 10.4837 10.0858
v 13.5805 28.0457 -181.089
vt 14.1201 7.70462
vn -0.227046 0.0508441 -0.972556
vt 14.5422 8.2048
f 2699/8639/2427 2701/8640/2429 2700/8641/2428

vt 27.1814 36.0047
v 15.4382 27.5778 -181.413
vt 28.8737 33.1565
vn -0.117886 -0.0623185 -0.99107
vt 30.8298 33.6421
f 2699/8642/2427 2702/8643/2430 2701/8644/2429

vt 47.1549 47.2998
v 22.1053 27.5778 -181.795
vt 41.8987 44.4389
vn -0.0452586 -0.0916505 -0.994762
vt 48.8255 44.4389
f 2699/8645/2427 2703/8646/2431 2702/8647/2430

v 27.1606 30.3227 -182.239
vt 38.4645 43.9734
vn -0.0263275 -0.0779716 -0.996608
vt 43.7238 41.1178
vt 48.9828 43.9734
f 2704/8648/2432 2703/8649/2431 2699/8650/2427

vt 40.4141 47.4263
v 30.6772 27.5778 -182.082
vt 36.774 44.565
vn -0.0111297 -0.0711977 -0.9974
vt 45.6703 44.565
f 2704/8651/2432 2705/8652/2433 2703/8653/2431

vt 42.1052 37.7989
vt 45.7528 40.6506
v 38.9006 30.3227 -182.239
vt 33.5755 40.6506
vn -2.7663e-19 -0.0569946 -0.998374
f 2705/8654/2433 2704/8655/2432 2706/8656/2434

vt 45.7528 31.6751
vn -0.0295682 -0.00533497 -0.999549
v 27.1901 31.8572 -182.239
vt 45.7223 33.2667
vn -0.0143276 0.000274883 -0.999897
vt 33.5755 31.6751
f 2704/8657/2435 2707/8658/2436 2706/8659/1142

vt 38.9041 31.543
v 17.2953 31.8572 -181.813
vt 49.1465 33.1346
vn -0.0887468 -0.00328166 -0.996049
vt 38.8736 33.1346
f 2704/8660/2435 2708/8661/2437 2707/8662/2436

vt 48.7068 35.9597
vt 38.4645 34.3679
vt 48.9828 34.3679
vn -0.136235 -0.00355735 -0.99067
f 2708/8663/2437 2704/8664/2435 2699/8665/2438

vt 27.4193 30.6531
v 16.1841 31.4707 -181.616
vt 28.3128 31.8439
vn -0.181069 0.00308799 -0.983466
vt 27.1422 32.2448
f 2699/8666/2438 2709/8667/2439 2708/8668/2437

vt 26.951 32.8658
vt 26.0574 31.6751
vt 26.951 32.2788
vn -0.185115 0 -0.982717
f 2709/8669/2439 2699/8670/2438 2698/8671/2440

vt 14.1387 32.2788
vt 17.5822 31.9417
vt 14.1387 32.8658
vn -0.217956 0.0461966 -0.974865
f 2698/8672/2424 2697/8673/2426 2709/8674/2441

v 12.9786 37.2792 -180.695
vt 17.2247 37.4991
vn -0.180184 0.0368099 -0.982944
vt 13.7655 31.474
vt 17.209 30.5498
f 2710/8675/2442 2709/8676/2441 2697/8677/2426

v 17.6956 36.7665 -181.408
vt 32.7749 25.3211
vn -0.109608 0.0572615 -0.992324
vt 34.2965 19.8109
vt 37.7231 25.8546
f 2711/8678/2443 2709/8679/2441 2710/8680/2442

vt 23.1183 16.5593
vt 21.6296 22.0785
vt 21.9484 16.9621
vn -0.125231 0.0917301 -0.987878
f 2709/8681/2441 2711/8682/2443 2708/8683/2444

vt 49.1465 19.4259
vt 48.7498 24.5369
vt 38.8736 19.4259
vn -0.033781 0.0527311 -0.998037
f 2708/8684/2444 2711/8685/2443 2707/8686/2445

vt 36.371 24.2734
vt 46.2528 29.3735
v 30.3534 36.6199 -182.159
vt 33.1003 29.2213
vn -0.0256975 0.0246924 -0.999365
f 2707/8687/2445 2711/8688/2443 2712/8689/2446

vt 33.0206 36.1528
vt 46.1732 36.3049
v 17.6956 40.1063 -181.366
vt 46.1758 39.7695
vn -0.102866 0.147752 -0.98366
f 2712/8690/2446 2711/8691/2443 2713/8692/2447

vt 36.5526 36.8117
vt 31.6107 39.7444
vt 31.6042 36.2799
f 2710/8693/2442 2713/8694/2447 2711/8695/2443

vt 28.2422 34.0157
vt 33.1822 31.0799
v 12.1554 40.1976 -180.414
vt 34.0728 34.1104
vn -0.148625 0.214609 -0.965326
f 2713/8696/2447 2710/8697/2442 2714/8698/2448

usemtl _Brown_
vt 27.7152 32.5917
vt 25.9656 36.4632
vn -0.259244 0.0526414 -0.964376
vt 25.069 33.4345
vn -0.218673 0.0111382 -0.975735
f 2034/8699/1734 2714/8700/2449 2710/8701/2450

vt 11.16 29.6581
vt 12.8915 25.7784
v 11.1826 41.0955 -180.037
vt 12.24 30.592
vn -0.376775 0.0830568 -0.922574
f 2714/8702/2449 2034/8703/1734 2715/8704/2451

vt -14.893 27.0727
vt -14.3061 22.2508
vt -13.1886 28.1641
f 2715/8705/2451 2034/8706/1734 2035/8707/1736

usemtl Durango
v 17.3589 43.9354 -179.999
vt 21.0322 -30.0449
vn -0.126989 0.430868 -0.893435
vt 27.2799 -33.314
vn -0.157169 0.354403 -0.92179
vt 28.9052 -32.1081
vn -0.183744 0.378755 -0.907074
f 2716/8708/2452 2715/8709/2453 2035/8710/2454

vt 42.5466 -2.96525
vt 36.1944 0.095738
vt 41.497 -3.93311
f 2715/8711/2453 2716/8712/2452 2714/8713/2448

vt 29.595 -8.81007
vt 29.0182 -13.0023
vt 34.8488 -12.9024
f 2716/8714/2452 2713/8715/2447 2714/8716/2448

v 28.3575 43.5414 -180.933
vt 33.0607 -9.9206
vn -0.0355565 0.473736 -0.879949
vt 44.0586 -13.6953
vt 44.5092 -9.48764
f 2717/8717/2455 2713/8718/2447 2716/8719/2452

vt 35.6893 -2.11357
v 30.3534 39.9597 -182.116
vt 33.5537 -5.99106
vn -0.0129433 0.154236 -0.987949
vt 46.7062 -5.83237
f 2717/8720/2455 2718/8721/2456 2713/8722/2447

v 38.9006 43.1474 -181.07
vt 33.4711 -6.55298
vn -2.58113e-14 0.451382 -0.892331
vt 42.3359 -10.0349
vt 44.4071 -6.12262
f 2719/8723/2457 2718/8724/2456 2717/8725/2455

vt 44.7592 -3.70623
vt 35.8787 -0.264563
vn -2.58114e-14 0.451382 -0.892331
v 38.9006 39.848 -182.023
vt 35.8932 -3.82683
vn 0 0.146484 -0.989213
f 2718/8726/2456 2719/8727/2458 2720/8728/2459

vt 31.265 -0.538075
v 47.4477 39.9597 -182.116
vt 22.3845 -3.97974
vn 0.0129433 0.154236 -0.987949
vt 31.2505 -4.10034
f 2719/8729/2458 2721/8730/2460 2720/8731/2459

vt 24.815 -10.0209
vt 33.6798 -6.539
v 49.4436 43.5414 -180.933
vt 22.7438 -6.10864
vn 0.0355565 0.473736 -0.879949
f 2721/8732/2460 2719/8733/2458 2722/8734/2461

vt 31.0209 -61.7037
vt 19.6158 -57.6904
vn 0.0171435 0.598866 -0.800666
vt 20.0888 -61.185
f 2719/8735/2458 2243/8736/2462 2722/8737/2461

vt 23.1969 -49.124
vt 34.6561 -52.9803
vn -2.58116e-14 0.451382 -0.892331
vt 34.6409 -49.124
vn -7.94993e-14 0.572568 -0.819857
f 2243/8738/2462 2719/8739/2463 2242/8740/2464

vt 32.4932 -53.2448
vt 43.9524 -49.3886
vn -0.0171435 0.598866 -0.800666
vt 32.5084 -49.3886
f 2719/8741/2458 2240/8742/2465 2242/8743/2464

vt 47.5263 -57.0193
vt 36.1211 -61.0326
vt 47.0533 -60.5138
f 2240/8744/2465 2719/8745/2458 2717/8746/2455

vt 33.4916 -57.4687
vt 32.8273 -60.932
vt 43.9481 -57.4687
vn -0.083396 0.623652 -0.77724
f 2240/8747/2465 2717/8748/2455 2239/8749/2466

vt 46.931 -64.0471
vt 35.852 -67.6419
vt 47.2963 -67.1083
f 2239/8750/2466 2717/8751/2455 2716/8752/2452

vt 29.5704 -67.8082
vt 29.7192 -70.8875
v 9.80846 44.2346 -178.492
vt 37.701 -70.4799
vn -0.13709 0.528677 -0.83768
f 2239/8753/2466 2716/8754/2452 2723/8755/2467

vt 26.4731 -9.40964
vt 34.3715 -11.3736
vt 34.4586 -9.0818
f 2716/8756/2452 2035/8757/2454 2723/8758/2467

vt -95.7522 15.7674
vn -0.88241 0.26914 -0.385896
vt -96.7149 18.2454
vn -0.837402 0.350874 -0.419101
vt -97.3166 16.0323
vn -0.829302 0.197711 -0.522655
f 2036/8759/2468 2723/8760/2469 2035/8761/2470

v 9.41089 46.3589 -175.082
vt -125.151 16.0938
vn -0.879437 0.390005 -0.272921
vt -128.652 13.7951
vt -127.848 11.2609
f 2724/8762/2471 2723/8763/2469 2036/8764/2468

vt -100.389 -34.9137
vt -97.1353 -32.2764
vt -99.5342 -32.4793
vn -0.762253 0.503387 -0.406905
f 2723/8765/2469 2724/8766/2471 2237/8767/2472

v 12.0057 54.9552 -169.514
vt -94.1647 -14.7626
vn -0.870853 0.449148 -0.199704
vt -100.185 -25.3029
vt -97.7861 -25.1062
f 2725/8768/2473 2237/8769/2472 2724/8770/2471

vt -115.283 -10.5041
vt -108.664 -0.328516
vt -111.486 -0.0297553
vn -0.785692 0.522066 -0.331867
f 2237/8771/2472 2725/8772/2473 2235/8773/2474

vt -111.095 -19.8576
vt -108.144 -9.70458
vt -113.913 -19.5271
f 2725/8774/2473 2068/8775/1779 2235/8776/2474

vt -87.9807 -24.4201
vt -89.8396 -34.8288
vt -86.062 -25.549
f 2068/8777/1779 2725/8778/2473 2067/8779/1778

vt -141.476 24.8471
vt -132.847 31.5588
vt -135.394 32.8093
f 2725/8780/2473 2058/8781/1777 2067/8782/1778

vt -135.533 37.8846
vt -144.266 31.309
vt -141.055 30.3855
vn -0.937088 0.3488 -0.014276
f 2058/8783/1777 2725/8784/2473 2056/8785/2475

vt -144.198 31.533
vt -143.059 26.0134
vn -0.937559 0.344299 -0.0494072
vt -140.987 30.6108
f 2725/8786/2473 2054/8787/2476 2056/8788/2475

v 9.00945 46.3589 -171.073
vt -142.424 20.5288
vn -0.939805 0.335926 -0.0626123
vt -139.778 24.5032
vt -141.006 30.0036
f 2726/8789/2477 2054/8790/2476 2725/8791/2473

vt -138.635 22.921
vt -141.26 18.9326
vt -138.795 20.8776
vn -0.942351 0.32931 -0.0594066
f 2054/8792/2476 2726/8793/2477 2053/8794/2478

vt -141.101 25.5964
vt -143.586 23.6771
vt -140.309 24.4859
vn -0.953979 0.296995 -0.041457
f 2053/8795/2478 2726/8796/2477 2052/8797/2479

vt -140.85 27.2506
vt -144.13 26.4492
vt -139.387 26.3627
vn -0.900963 0.432945 -0.0287066
f 2052/8798/2479 2726/8799/2477 2051/8800/2480

vt -144.231 20.4113
vt -145.859 16.4101
vt -139.489 20.3226
f 2726/8801/2477 2039/8802/1741 2051/8803/2480

vt -143.816 15.2602
vt -141.174 11.2235
vt -139.637 15.2602
f 2724/8804/2471 2039/8805/1741 2726/8806/2477

vt -131.062 13.1416
vt -133.859 17.0722
vt -134.635 10.7701
vn -0.923668 0.297298 -0.241767
f 2039/8807/1741 2724/8808/2471 2037/8809/2481

vt -118.024 2.95478
vt -117.555 9.28717
vt -120.152 4.39921
f 2037/8810/2481 2724/8811/2471 2036/8812/2468

vt -135.63 14.1
vt -133.784 18.5713
vt -137.377 16.2294
f 2038/8813/1740 2039/8814/1741 2037/8815/2481

vt -139.637 18.3416
vt -138.338 27.8332
vt -143.816 18.3416
f 2726/8816/2477 2725/8817/2473 2724/8818/2471

vt -128.621 7.76144
vn -0.873032 0.486285 -0.0366338
vt -135.912 11.5501
vt -142.207 7.51849
f 2040/8819/2482 2051/8820/2480 2039/8821/1741

vt -123.567 1.00801
vt -142.504 5.20097
vt -135.393 1.08344
f 2041/8822/1749 2051/8823/2480 2040/8824/2482

vt -142.387 5.61462
vt -123.446 1.4407
vt -114.869 5.04084
f 2051/8825/2480 2041/8826/1749 2042/8827/1748

usemtl _DimGray_
vt -114.545 22.741
v 9.02668 46.8908 -140.287
vt -114.87 23.9283
vt -142.065 23.2531
f 2042/8828/1773 2727/8829/1773 2051/8830/1773

v 9.11925 47.1461 -139.846
vt -114.412 24.21
f 2042/8828/1773 2728/8831/1773 2727/8829/1773

f 2043/6303/1773 2728/8831/1773 2042/8828/1773

f 2043/6303/1773 2062/6302/1773 2728/8831/1773

usemtl LightSteelBlue
vn -0.940117 0.340853 -3.64252e-08
v 14.533 62.0781 -155.939
vt -131.105 40.6849
v 14.3412 61.5489 -157.989
vt -133.231 40.101
v 13.8184 60.1069 -160.265
vt -135.592 38.51
v 11.4494 53.5731 -165.438
vt -140.957 31.3011
v 10.0374 49.6786 -167.332
vt -142.922 27.0041
v 9.57363 48.3994 -167.476
vt -143.071 25.5928
v 9.38921 47.8907 -167.102
vt -142.684 25.0315
v 9.19087 47.3437 -166.169
vt -141.717 24.428
f 2064/6307/2483 2065/6308/2483 2729/8832/2483 2730/8833/2483 2731/8834/2483 2732/8835/2483 2733/8836/2483 2734/8837/2483 2735/8838/2483 2736/8839/2483 2727/8829/2483 2728/8831/2483 2062/6302/2483 2063/6305/2483 

usemtl _DimGray_
f 2065/6308/1773 2060/6309/1773 2729/8832/1773

f 2729/8832/1773 2060/6309/1773 2730/8833/1773

vt -133.73 41.1886
f 2730/8833/1773 2060/6309/1773 2059/8840/1773

f 2730/8833/1773 2059/8840/1773 2731/8834/1773

vt -136.419 39.3769
f 2731/8834/1773 2059/8840/1773 2058/8841/1773

vt -140.957 31.301
f 2731/8834/1773 2058/8841/1773 2732/8842/1773

vt -141.98 31.9059
f 2732/8842/1773 2058/8841/1773 2056/8843/1773

f 2732/8842/1773 2056/8843/1773 2733/8836/1773

vt -144.077 27.3199
f 2733/8836/1773 2056/8843/1773 2054/8844/1773

f 2733/8836/1773 2054/8844/1773 2734/8837/1773

vt -143.517 24.159
f 2734/8837/1773 2054/8844/1773 2052/8845/1773

vt -144.292 25.2817
f 2052/8845/1773 2054/8844/1773 2053/8846/1773

f 2052/8845/1773 2735/8838/1773 2734/8837/1773

f 2051/8830/1773 2735/8838/1773 2052/8845/1773

f 2051/8830/1773 2736/8839/1773 2735/8838/1773

f 2051/8830/1773 2727/8829/1773 2736/8839/1773

vt -18.3985 -61.8934
vn -0.238585 0.794675 -0.558183
v 17.075 62.4406 -165.624
vt -19.5926 -62.5102
vn -0.221506 0.790923 -0.570418
vt -19.2862 -73.2504
vn -0.304482 0.630262 -0.714185
f 2068/8847/2484 2737/8848/2485 2235/8849/2486

vt 11.8745 -94.3875
vn -0.102748 0.863053 -0.494553
vt 17.7725 -96.1232
vt 18.8227 -95.2845
f 2213/8850/2487 2737/8851/2485 2068/8852/2484

vt 13.213 -92.1385
v 23.4202 62.8544 -166.574
vt 12.5052 -93.0147
vn -0.07284 0.869823 -0.487957
vt 19.1241 -93.829
f 2213/8853/2487 2738/8854/2488 2737/8855/2485

vt 28.2453 -95.7404
vn -0.0304428 0.879273 -0.475345
vt 36.5686 -97.0365
vt 37.1469 -96.0699
f 2214/8856/2489 2738/8857/2488 2213/8858/2487

vt 28.2569 -95.707
v 31.5839 63.0062 -167.035
vt 28.1039 -96.6732
vn -0.021492 0.894684 -0.446183
vt 36.5803 -97.0026
f 2214/8859/2489 2739/8860/2490 2738/8861/2488

vt 32.1167 -93.896
vn -4.72229e-14 0.902365 -0.430974
vt 39.6976 -94.8706
vt 39.7821 -93.896
f 2215/8862/2491 2739/8863/2490 2214/8864/2489

vt 35.1203 -107.562
vt 27.5706 -106.37
v 38.9006 63.0442 -167.253
vt 27.5282 -107.461
vn 8.53598e-16 0.922058 -0.387053
f 2739/8865/2490 2215/8866/2491 2740/8867/2492

vt 39.5207 -103.762
vn -4.72226e-14 0.902365 -0.430974
v 46.2172 63.0062 -167.035
vt 31.971 -104.954
vn 0.021492 0.894684 -0.446183
vt 39.5631 -104.853
f 2215/8868/2493 2741/8869/2494 2740/8870/2492

vt 27.4498 -94.2632
vt 35.0306 -93.2886
vn -4.72222e-14 0.902365 -0.430974
vt 27.3653 -93.2886
vn 0.0304428 0.879273 -0.475345
f 2741/8871/2494 2215/8872/2495 2216/8873/2496

vt 38.7721 -91.3413
vt 38.6191 -90.3751
v 54.3809 62.8544 -166.574
vt 30.2957 -91.6707
vn 0.07284 0.869823 -0.487957
f 2741/8874/2494 2216/8875/2496 2742/8876/2497

vt 30.3069 -91.6992
vt 38.6302 -90.403
vt 29.7286 -90.7326
vn 0.102748 0.863053 -0.494553
f 2742/8877/2497 2216/8878/2496 2219/8879/2498

usemtl interior
vt -57.5513 -118.017
vt -50.8184 -123.903
vt -41.9778 -124.994
vn -0.0514698 -0.958658 0.279868
f 2211/8880/1959 2216/8881/1962 2219/8882/2499

vt -17.0192 -120.942
vt -9.98778 -116.807
f 2211/6908/1959 2219/8883/2499 2212/8884/1955

vt -47.2465 -83.5694
vt -55.1082 -85.7441
vt -48.1733 -86.7387
f 2212/8885/1955 2219/8886/2499 2223/8887/2150

usemtl _DimGray_
v 60.7261 62.4406 -165.624
vt 47.091 -81.2106
vn 0.221506 0.790923 -0.570418
vt 52.989 -79.475
vt 46.0408 -80.372
vn 0.238585 0.794675 -0.558183
f 2743/8888/2500 2219/8889/2498 2223/8890/2501

vt 52.5115 -78.7421
vt 51.8037 -77.8659
vt 45.8926 -79.5564
f 2742/8891/2497 2219/8892/2498 2743/8893/2500

usemtl LightSteelBlue
vt 40.638 -50.6428
vn 0.157736 0.709053 -0.687287
v 59.7383 55.7593 -172.743
vt 43.2062 -60.4926
vn 0.112076 0.592607 -0.797656
vt 47.2788 -50.0328
vn 0.0900463 0.694894 -0.713452
f 2743/8894/2502 2744/8895/2503 2742/8896/2504

vt 46.5483 -59.1119
vt 43.8161 -49.3063
v 63.6481 55.1613 -172.414
vt 42.5261 -59.9896
vn 0.159308 0.615967 -0.771496
f 2744/8897/2503 2743/8898/2502 2745/8899/2505

usemtl _DimGray_
vt 65.1777 -43.9441
vt 64.0501 -54.6294
vn 0.304482 0.630262 -0.714185
vt 65.1371 -54.705
vn 0.311202 0.627746 -0.713504
f 2743/8900/2500 2407/8901/2506 2745/8902/2507

vt 78.2532 -39.1085
vt 77.0591 -38.4918
vt 77.9469 -49.8488
f 2743/8903/2500 2223/8904/2501 2407/8905/2506

vt 66.5249 -22.0448
v 66.2297 46.8015 -177.055
vt 67.1292 -32.3693
vn 0.242471 0.472959 -0.847064
vt 67.6127 -22.1076
f 2407/8906/2506 2746/8907/2508 2745/8908/2507

vt 50.3039 -36.5095
vt 50.3598 -26.1675
v 67.3033 46.1954 -177.126
vt 49.262 -37.2546
vn 0.168253 0.412128 -0.895456
f 2746/8909/2508 2407/8910/2506 2747/8911/2509

usemtl Durango
vt 135.423 27.398
vt 142.042 17.2225
vn 0.762253 0.503387 -0.406905
vt 138.244 27.6968
f 2408/8912/2153 2747/8913/2510 2407/8914/2154

vt 134.144 4.05948
vt 128.123 14.5998
v 68.3902 46.3589 -175.082
vt 131.745 4.25615
vn 0.879437 0.390005 -0.272921
f 2747/8915/2510 2408/8916/2153 2748/8917/2511

vt 145.028 50.7366
v 68.7917 46.3589 -171.073
vt 146.328 41.2449
vn 0.939805 0.335926 -0.0626123
vt 150.507 41.2449
f 2408/8918/2153 2749/8919/2512 2748/8920/2511

v 67.6599 49.9648 -168.445
vt 144.025 47.1651
vn 0.937559 0.344299 -0.0494072
vt 146.671 43.1907
vt 145.254 52.6654
f 2750/8921/2513 2749/8922/2512 2408/8923/2153

vt 146.549 42.1776
vt 143.924 46.166
v 68.3297 48.1174 -168.652
vt 144.084 44.1227
vn 0.942351 0.32931 -0.0594066
f 2749/8924/2512 2750/8925/2513 2751/8926/2514

usemtl _DimGray_
vt 144.077 50.2085
v 68.6986 47.0999 -167.905
vt 143.517 47.0476
vt 144.292 48.1702
f 2750/8927/2138 2752/8928/2138 2751/8929/2138

f 2750/8927/2138 2396/7519/2138 2752/8928/2138

f 2750/8927/2138 2397/7520/2138 2396/7519/2138

vt 141.98 54.7945
f 2405/8930/2138 2397/7520/2138 2750/8927/2138

f 2405/8930/2138 2398/7521/2138 2397/7520/2138

vt 136.419 62.2654
f 2404/8931/2138 2398/7521/2138 2405/8930/2138

f 2404/8931/2138 2399/7522/2138 2398/7521/2138

vt 133.73 64.0772
f 2403/8932/2138 2399/7522/2138 2404/8931/2138

f 2403/8932/2138 2400/7523/2138 2399/7522/2138

vt 131.257 64.7566
f 2402/8933/2138 2400/7523/2138 2403/8932/2138

f 2402/8933/2138 2401/7524/2138 2400/7523/2138

f 2402/8933/2138 2390/7513/2138 2401/7524/2138

f 2386/7509/2138 2390/7513/2138 2402/8933/2138

usemtl Durango
vt 131.245 63.2428
vn 0.9159 0.40138 -0.0046333
vt 137.216 64.5269
vt 108.918 62.9439
f 2402/8934/2515 2410/8935/2156 2386/8936/2140

vt 133.817 62.9221
vn 0.928676 0.370632 -0.013897
vt 137.323 64.8654
vt 131.346 63.6115
f 2403/8937/2516 2410/8938/2156 2402/8939/2515

vt 136.542 60.952
vn 0.929601 0.366388 -0.0400208
vt 137.376 64.7151
vt 133.865 62.7814
f 2404/8940/2517 2410/8941/2156 2403/8942/2516

vt 139.162 59.3619
vt 137.523 61.8792
vt 136.603 58.1361
f 2409/8943/2155 2410/8944/2156 2404/8945/2517

vt 136.645 58.2102
vt 145.274 51.4985
vt 139.192 59.4608
f 2404/8946/2517 2408/8947/2153 2409/8948/2155

vt 145.253 54.8385
vt 136.52 61.4141
vt 142.042 53.915
vn 0.937088 0.3488 -0.014276
f 2408/8949/2153 2404/8950/2517 2405/8951/2518

vt 144.118 49.3229
vt 145.257 54.8426
vt 142.046 53.9203
f 2750/8952/2513 2408/8953/2153 2405/8954/2518

usemtl interior
vt -118.326 9.40591
vt -121.048 10.1844
vt -119.115 4.42512
vn -0.635292 -0.403986 0.658179
f 2405/8955/2148 2406/8956/2149 2750/8957/2519

vt -84.6102 3.57019
vt -87.4059 8.96393
vt -86.8352 -1.69662
vn -0.874894 0.193055 0.444174
f 2750/8958/2519 2406/8959/2149 2248/8960/2520

vt -143.171 48.9747
vt -147.609 38.621
vn -0.994769 0.0983135 0.0277315
vt -145.703 38.6035
f 2406/8961/2149 2249/8962/2521 2248/8963/2520

vt -146.276 60.6175
vt -147.641 50.1235
vt -142.507 60.1509
f 2407/8964/2151 2249/8965/2521 2406/8966/2149

vt -145.175 52.4642
vt -143.627 62.9328
vt -149.429 53.4217
vn -0.503697 0.854113 0.129536
f 2249/8967/2521 2407/8968/2151 2747/8969/2522

vt -33.6561 156.265
vt -42.8081 151.985
vt -33.4775 151.908
f 2747/8970/2522 2244/8971/2001 2249/8972/2521

v 59.9867 46.1954 -178.123
vt -32.4054 158.331
vn -0.0260391 0.968101 0.249205
vt -34.1295 154.586
vt -24.746 158.331
f 2753/8973/2523 2244/8974/2001 2747/8975/2522

vt -33.477 160.053
vt -24.9652 156.417
vt -23.0205 160.053
f 2243/8976/1999 2244/8977/2001 2753/8978/2523

usemtl _DimGray_
v 49.6868 46.8015 -178.675
vt 33.7174 -3.28153
vn 0.0378911 0.305207 -0.951532
vt 23.0205 -3.94591
vn 0.0881453 0.326508 -0.941075
vt 33.477 -3.94591
vn 0.0381371 0.312729 -0.949077
f 2754/8979/2524 2753/8980/2525 2243/8981/2526

vt 22.7318 0.696522
vt 33.429 1.35464
v 59.2615 46.8015 -177.987
vt 23.4719 1.35464
vn 0.106624 0.328963 -0.938304
f 2753/8982/2525 2754/8983/2524 2755/8984/2527

usemtl LightSteelBlue
vt 33.429 -34.416
vn 0.0454637 0.498136 -0.865906
vt 22.5884 -23.6747
vt 23.4719 -34.416
vn 0.0885648 0.499642 -0.861693
f 2754/8985/2528 2744/8986/2503 2755/8987/2529

vt 23.5871 -22.6645
vt 34.4641 -33.369
v 49.2625 56.1388 -173.351
vt 34.4692 -22.211
vn 0.0354407 0.605551 -0.795017
f 2744/8988/2503 2754/8989/2528 2756/8990/2530

vt 23.4755 -34.2196
v 38.9006 46.8015 -178.751
vt 34.6638 -34.2196
vn 1.21438e-17 0.492626 -0.870241
vt 23.8766 -23.0688
f 2754/8991/2528 2757/8992/2531 2756/8993/2530

usemtl _DimGray_
vt 34.6652 -0.299506
vn -4.78708e-14 0.300069 -0.953918
vt 34.6638 0.359177
vn 2.16845e-18 0.298854 -0.954299
vt 23.4755 0.359177
f 2242/8994/2532 2757/8995/2533 2754/8996/2524

vt 32.4854 0.217946
vt 32.484 -0.440737
vn -4.7871e-14 0.300069 -0.953918
v 28.1143 46.8015 -178.675
vt 43.6738 0.217946
vn -0.0378911 0.305207 -0.951532
f 2757/8997/2533 2242/8998/2534 2758/8999/2535

vt 43.9524 -0.852992
vn -0.0381371 0.312729 -0.949077
vt 43.6982 -0.193782
vt 32.5084 -0.852992
f 2240/9000/2536 2758/9001/2535 2242/9002/2534

vt 43.9481 -5.54715
vn -0.0881453 0.326508 -0.941075
vt 33.2512 -4.88277
vt 33.4916 -5.54715
f 2239/9003/2537 2758/9004/2535 2240/9005/2536

vt 33.5488 -0.0725438
vt 44.2461 -0.730657
v 18.5396 46.8015 -177.987
vt 43.5059 -0.0725438
vn -0.106624 0.328963 -0.938304
f 2758/9006/2535 2239/9007/2537 2759/9008/2538

vt 33.4044 -11.8624
vt 34.1306 -12.5358
vt 41.79 -12.5358
vn -0.168253 0.412128 -0.895456
f 2759/9009/2538 2239/9010/2537 2237/9011/2539

usemtl Durango
vt 34.1306 -56.3814
vt 42.3071 -58.9091
vt 41.79 -56.3814
vn -0.108643 0.593768 -0.797268
f 2239/9012/2466 2723/9013/2467 2237/9014/2540

usemtl _DimGray_
vt 33.8042 -6.92848
vt 42.1904 -7.59466
v 11.5714 46.8015 -177.055
vt 41.0964 -6.92848
vn -0.242471 0.472959 -0.847064
f 2759/9015/2538 2237/9016/2539 2760/9017/2541

vt 13.7792 -36.8461
vt 13.8352 -47.1881
vt 14.877 -47.9332
f 2235/9018/2486 2760/9019/2541 2237/9020/2539

vt -5.80754 -47.0033
vt -5.20321 -36.6788
v 14.153 55.1613 -172.414
vt -6.29103 -36.7415
vn -0.311202 0.627746 -0.713504
f 2760/9021/2541 2235/9022/2486 2761/9023/2542

vt -2.22865 -73.3094
vt -3.35625 -62.6241
vt -3.31565 -73.385
f 2235/9024/2486 2737/9025/2485 2761/9026/2542

usemtl LightSteelBlue
vt 21.4524 -60.4754
vn -0.157736 0.709053 -0.687287
v 18.0628 55.7593 -172.743
vt 18.7203 -70.281
vn -0.112076 0.592607 -0.797656
vt 22.7425 -71.1587
vn -0.159308 0.615967 -0.771496
f 2737/9027/2543 2762/9028/2544 2761/9029/2545

vt 22.4156 -70.6177
vt 24.9839 -60.7679
vt 18.343 -60.1578
vn -0.0900463 0.694894 -0.713452
f 2762/9030/2544 2737/9031/2543 2738/9032/2546

vt 36.4034 -51.9913
v 28.5386 56.1388 -173.351
vt 30.4726 -61.5279
vn -0.0354407 0.605551 -0.795017
vt 41.3508 -62.0669
f 2738/9033/2546 2763/9034/2547 2762/9035/2544

vt 33.168 -62.3341
vt 38.9826 -52.7263
vt 30.5025 -52.509
vn -0.0394724 0.685834 -0.726686
f 2763/9036/2547 2738/9037/2546 2739/9038/2548

vt 39.1304 -60.1259
vt 36.2004 -50.3764
vt 28.6079 -50.3226
vn 1.83922e-16 0.677941 -0.735116
f 2763/9039/2547 2739/9040/2548 2740/9041/2549

vt 41.6839 -57.6242
vt 31.0491 -47.9427
v 38.9006 56.2148 -173.465
vt 30.9354 -57.5178
vn -7.85719e-18 0.585009 -0.811027
f 2763/9042/2547 2740/9043/2549 2764/9044/2550

vt 36.0913 -47.1453
vt 25.4566 -56.8268
vt 36.205 -56.7204
vn -8.2937e-18 0.585009 -0.811027
f 2740/9045/2549 2756/9046/2530 2764/9047/2551

vt 30.9102 -48.7884
vn 0.0394724 0.685834 -0.726686
vt 27.9802 -58.5379
vt 38.5027 -48.7345
f 2741/9048/2552 2756/9049/2530 2740/9050/2549

vt 27.9844 -49.3051
vt 33.7989 -58.913
vt 36.4644 -49.0879
f 2742/9051/2504 2756/9052/2530 2741/9053/2552

vt 36.3959 -57.3265
vt 30.4652 -47.7899
vt 25.5178 -57.8655
f 2756/9054/2530 2742/9055/2504 2744/9056/2503

vt 35.8261 -21.8017
vt 25.0775 -21.892
vt 35.9089 -32.9999
f 2764/9057/2551 2756/9058/2530 2757/9059/2531

vt 42.0658 -22.3885
vt 31.3172 -22.2982
vt 31.2344 -33.4964
vn 1.17101e-17 0.492626 -0.870241
f 2763/9060/2547 2764/9061/2550 2757/9062/2553

vt 32.4854 -34.4538
vt 43.6738 -34.4538
vn -0.0454637 0.498136 -0.865906
vt 43.2726 -23.303
f 2757/9063/2553 2758/9064/2554 2763/9065/2547

vt 32.4794 -35.9871
vt 43.3565 -25.2826
vt 32.4744 -24.8291
f 2758/9066/2554 2762/9067/2544 2763/9068/2547

vt 44.3895 -26.0921
vt 33.5488 -36.8333
vt 43.5059 -36.8333
vn -0.0885648 0.499642 -0.861693
f 2762/9069/2544 2758/9070/2554 2759/9071/2555

vt 35.0153 -26.4675
vt 33.8042 -37.1767
vt 41.0964 -37.1767
vn -0.132513 0.506174 -0.85219
f 2762/9072/2544 2759/9073/2555 2760/9074/2556

vt 28.3534 -30.5009
vt 34.2005 -41.3398
vt 32.4062 -31.2245
f 2762/9075/2544 2760/9076/2556 2761/9077/2545

usemtl _DimGray_
vt 23.4512 -0.0545829
vt 23.1969 -0.713793
vt 34.6409 -0.713793
vn -4.78706e-14 0.300069 -0.953918
f 2754/9078/2524 2243/9079/2526 2242/9080/2557

usemtl LightSteelBlue
vt 32.7542 -32.7512
vt 31.5432 -22.0419
vt 25.4621 -32.7512
vn 0.132513 0.506174 -0.85219
f 2755/9081/2529 2744/9082/2503 2746/9083/2558

vt 31.9149 -35.291
vt 37.7619 -24.4522
vt 33.7092 -25.1758
f 2746/9084/2558 2744/9085/2503 2745/9086/2505

usemtl _DimGray_
vt 24.368 -4.64701
vt 32.7542 -3.98083
vt 25.4621 -3.98083
f 2747/9087/2509 2755/9088/2527 2746/9089/2508

vt 32.4054 -9.28295
vt 33.1316 -8.60954
vt 24.746 -9.28295
f 2753/9090/2525 2755/9091/2527 2747/9092/2509

usemtl Durango
v 67.9926 44.2346 -178.492
vt 24.2289 -53.5256
vn 0.13709 0.528677 -0.83768
vt 32.4054 -50.9979
vn 0.083396 0.623652 -0.77724
vt 24.746 -50.9979
vn 0.108643 0.593768 -0.797268
f 2765/9093/2559 2753/9094/2560 2747/9095/2561

v 60.4422 43.9354 -179.999
vt 36.5326 -63.7864
vn 0.126989 0.430868 -0.893435
vt 36.6814 -60.7071
vt 28.5509 -63.3787
f 2766/9096/2562 2753/9097/2560 2765/9098/2559

vt 31.1983 -65.2789
vt 20.1193 -61.6841
vt 19.754 -64.7453
f 2722/9099/2461 2753/9100/2560 2766/9101/2562

vt 34.1414 -57.9317
vt 33.477 -54.4684
vt 23.0205 -54.4684
f 2722/9102/2461 2243/9103/2462 2753/9104/2560

v 60.1055 40.1063 -181.366
vt 22.9171 -12.0953
vn 0.102866 0.147752 -0.98366
vt 33.915 -8.32055
vt 22.4665 -7.8876
f 2767/9105/2563 2722/9106/2461 2766/9107/2562

vt 33.4928 -4.91939
vt 31.3572 -1.0419
vt 20.3403 -4.76071
f 2721/9108/2460 2722/9109/2461 2767/9110/2563

vt 34.0105 39.6681
vt 20.858 39.8201
v 47.4477 36.6199 -182.159
vt 34.0132 36.2035
vn 0.0256975 0.0246924 -0.999365
f 2721/9111/2460 2767/9112/2563 2768/9113/2564

v 60.1055 36.7665 -181.408
vt 20.8606 36.3556
vn 0.109608 0.0572615 -0.992324
f 2769/9114/2565 2768/9113/2564 2767/9112/2563

vt 20.7829 29.5922
v 50.611 31.8572 -182.239
vt 30.6647 24.4921
vn 0.033781 0.0527311 -0.998037
vt 33.9355 29.4399
f 2769/9115/2565 2770/9116/2566 2768/9117/2564

vt 18.3391 24.784
v 60.5058 31.8572 -181.813
vt 17.9424 19.6731
vn 0.125231 0.0917301 -0.987878
vt 28.2153 19.6731
f 2769/9118/2565 2771/9119/2567 2770/9120/2566

vt 44.056 23.4346
v 61.617 31.4707 -181.616
vt 42.5672 17.9154
vn 0.217956 0.0461966 -0.974865
vt 43.7372 18.3182
f 2769/9121/2565 2772/9122/2568 2771/9123/2567

vt 32.1818 20.5586
vt 33.7034 26.0688
v 64.8225 37.2792 -180.695
vt 28.7552 26.6023
vn 0.180184 0.0368099 -0.982944
f 2772/9124/2568 2769/9125/2565 2773/9126/2569

vt 34.7982 39.8704
vt 29.8563 36.9377
vt 34.8048 36.4059
f 2767/9127/2563 2773/9128/2569 2769/9129/2565

vt 33.0086 31.6134
vt 37.9487 34.5492
v 65.6457 40.1976 -180.414
vt 32.118 34.6439
vn 0.148625 0.214609 -0.965326
f 2773/9130/2569 2767/9131/2563 2774/9132/2570

vt 37.2253 -9.48164
vt 36.6485 -5.28939
vt 31.3947 -9.38173
f 2767/9133/2563 2766/9134/2562 2774/9135/2570

vt 30.4413 2.35266
v 66.6185 41.0955 -180.037
vt 24.089 -0.70832
vn 0.157169 0.354403 -0.92179
vt 25.1386 -1.67619
f 2766/9136/2562 2775/9137/2571 2774/9138/2570

vt 38.2983 -27.0485
vt 44.546 -23.7794
v 68.0402 42.1431 -179.208
vt 36.673 -25.8425
vn 0.183744 0.378755 -0.907074
f 2775/9139/2571 2766/9140/2562 2776/9141/2572

vt 31.6497 -7.41921
vt 39.5481 -5.45528
vt 31.5626 -5.12744
f 2776/9142/2572 2766/9143/2562 2765/9144/2559

vt 132.518 29.4773
vn 0.837402 0.350874 -0.419101
v 68.8871 41.8928 -177.959
vt 131.556 26.9993
vn 0.88241 0.26914 -0.385896
vt 133.12 27.2642
vn 0.829302 0.197711 -0.522655
f 2765/9145/2573 2777/9146/2574 2776/9147/2575

vt 148.56 32.0682
vt 145.059 34.3669
vt 147.757 29.534
f 2765/9148/2573 2748/9149/2511 2777/9150/2574

vt 131.38 -0.53321
vt 134.633 -3.17055
vt 133.778 -0.736134
f 2748/9151/2511 2765/9152/2573 2747/9153/2510

vt 141.831 29.2619
v 70.0428 40.573 -176.207
vt 142.3 22.9295
vn 0.923668 0.297298 -0.241767
vt 144.427 24.3739
f 2748/9154/2511 2778/9155/2576 2777/9156/2574

vt 148.142 37.0962
vt 145.345 33.1656
vt 148.918 30.7941
f 2748/9157/2511 2658/9158/2360 2778/9159/2576

vt 147.865 36.2397
vt 150.507 40.2764
vt 146.328 40.2764
f 2658/9160/2360 2748/9161/2511 2749/9162/2512

vt 148.421 40.1199
vt 146.794 44.1211
v 68.9963 46.2789 -166.505
vt 142.051 44.0324
vn 0.900963 0.432945 -0.0287066
f 2658/9163/2360 2749/9164/2512 2779/9165/2577

vt 146.789 45.4201
vt 143.51 46.2214
vn 0.953979 0.296995 -0.041457
vt 142.047 45.3336
f 2749/9166/2512 2752/9167/2578 2779/9168/2577

vt 146.76 44.5502
vt 144.275 46.4695
vt 143.482 45.359
f 2749/9169/2512 2751/9170/2514 2752/9171/2578

usemtl interior
vt -130.146 50.6198
vn -0.796817 -0.158042 0.583185
vt -133.184 47.6678
vt -129.281 49.5643
vn -0.909651 0.12483 0.396173
f 2751/9172/2579 2248/9173/2520 2752/9174/2580

vt -102.621 17.4782
vt -105.146 12.3484
vt -102.27 15.459
f 2750/9175/2519 2248/9176/2520 2751/9177/2579

vt -135.652 58.8965
vt -139.527 56.9432
vt -134.183 58.0193
vn -0.766032 0.612871 0.193863
f 2752/9178/2580 2248/9179/2520 2779/9180/2581

vt -147.056 23.8
vt -114.545 24.9662
vn -0.599704 0.789068 -0.133146
vt -142.052 25.9631
f 2248/9181/2520 2385/9182/2582 2779/9183/2581

vt -114.565 17.3183
vt -147.057 15.7214
vt -110.738 14.8086
f 2385/9184/2582 2248/9185/2520 2247/9186/2125

vt -102.465 24.3859
vt -97.9899 23.427
vt -101.408 25.0532
f 2385/9187/2582 2247/9188/2125 2381/9189/2137

usemtl _DimGray_
vt 142.065 46.1417
f 2393/7516/2138 2385/7504/2138 2779/9190/2138

f 2389/7512/2138 2385/7504/2138 2393/7516/2138

usemtl Durango
vt 123.11 37.9636
vn 0.836366 0.548161 0.00353123
vt 142.051 42.1375
vt 114.533 41.5637
vn 0.83445 0.551067 0.0043553
f 2656/9191/2583 2779/9192/2577 2385/9193/2584

vt 142.045 42.1152
vt 123.108 37.9222
vt 134.934 37.9977
vn 0.873032 0.486285 -0.0366338
f 2779/9194/2577 2656/9195/2583 2657/9196/2585

vt 141.734 39.6016
vt 134.443 35.8129
vt 148.029 35.5699
f 2779/9197/2577 2657/9198/2585 2658/9199/2360

vt 114.543 41.1032
vt 110.023 37.3924
vn 0.832082 0.554635 0.00443621
vt 123.112 37.4835
f 2385/9200/2584 2655/9201/2586 2656/9202/2583

vt 110.017 37.7236
vt 114.518 41.4571
vt 109.399 41.2611
vn 0.82952 0.558417 0.00818175
f 2655/9203/2586 2385/9204/2584 2388/9205/2587

vt 109.38 41.6054
vn 0.832079 0.554562 0.010259
vt 102.787 37.5201
vt 110.009 38.0698
vn 0.829901 0.557769 0.0126162
f 2388/9206/2588 2654/9207/2351 2655/9208/2589

vt 104.28 41.2444
vt 102.794 37.3749
vt 109.4 41.4393
f 2372/9209/2350 2654/9210/2351 2388/9211/2588

usemtl _DimGray_
f 2393/7516/2138 2779/9190/2138 2394/7517/2138

f 2394/7517/2138 2779/9190/2138 2395/7518/2138

f 2395/7518/2138 2779/9190/2138 2752/8928/2138

f 2395/7518/2138 2752/8928/2138 2396/7519/2138

usemtl Durango
vt 146.163 36.0458
vt 148.008 31.5744
vt 149.756 33.7038
f 2658/9212/2360 2659/9213/2361 2778/9214/2576

usemtl _Brown_
v 71.4153 36.4671 -175.117
vt 148.641 29.3873
vn 0.97246 0.12189 -0.198657
vt 150.004 33.8131
vn 0.902313 0.186861 -0.388477
vt 148.262 31.6792
vn 0.967581 0.249181 -0.0411863
f 2780/9215/2590 2778/9216/2591 2659/9217/2592

vt 131.498 30.3251
vt 129.799 26.0172
v 69.3281 36.4671 -178.636
vt 134.043 26.0172
vn 0.797159 0.0686899 -0.599849
f 2778/9218/2591 2780/9219/2590 2781/9220/2593

v 71.4153 30.6014 -175.117
vt 129.799 31.9642
vn 0.919387 -1.99102e-15 -0.393355
vt 134.043 38.0484
vt 129.799 38.0484
f 2782/9221/2594 2781/9222/2593 2780/9223/2590

v 69.3281 30.6014 -178.636
vt 134.043 31.9642
vn 0.74693 -3.0121e-15 -0.664902
v 69.3281 31.4641 -178.636
vt 134.043 32.859
v 70.126 31.5165 -177.291
vt 132.421 32.9133
vn 0.86012 -5.90695e-15 -0.510091
v 70.2885 32.3169 -177.017
vt 132.09 33.7436
v 70.1365 33.1129 -177.273
vt 132.399 34.5692
v 69.3281 33.1811 -178.636
vt 134.043 34.64
vn 0.74693 -3.0088e-15 -0.664902
f 2783/9224/2595 2784/9225/2595 2785/9226/2596 2786/9227/2596 2787/9228/2596 2788/9229/2597 2781/9222/2593 2782/9221/2594 

v 67.3188 30.6014 -180.168
vt 97.9807 31.9642
vn 0.319156 0.00619867 -0.947682
v 67.3188 31.4471 -180.168
vt 97.9807 32.8414
vn 0.416539 4.56889e-18 -0.909118
vt 95.36 32.859
vt 95.36 31.9642
f 2789/9230/2598 2790/9231/2599 2784/9232/2595 2783/9233/2595 

vt 36.2597 31.9642
v 67.0027 31.4471 -180.235
vt 36.5948 32.8414
vn 0.210108 0.00144281 -0.977677
vt 36.2597 32.8414
f 2789/9234/2598 2791/9235/2600 2790/9236/2599

vt 37.742 32.4033
vt 37.4069 31.5262
v 66.0502 31.6001 -180.443
vt 38.7533 32.5621
vn 0.226645 0.010756 -0.973918
f 2791/9237/2600 2789/9238/2598 2792/9239/2601

vt 40.9201 29.7462
vt 39.5739 28.7101
v 64.8225 30.5798 -180.752
vt 42.2332 28.6876
vn 0.234596 0.0125843 -0.972011
f 2792/9240/2601 2789/9241/2598 2793/9242/2602

usemtl Durango
v 64.8225 29.2824 -180.8
vt 42.2261 25.1582
vn -0.0723332 0.479406 -0.874607
vt 42.2148 26.5047
vn 0.227488 0.0358227 -0.973122
vt 39.5555 26.5272
vn 0.313482 0.226064 -0.922293
f 2794/9243/2603 2793/9244/2604 2789/9245/2605

vt 47.7901 25.2681
vn 0.245444 0.0185356 -0.969234
v 61.617 30.9047 -181.616
vt 51.2206 26.9519
vn 0.248216 -0.00616278 -0.968685
vt 47.777 26.6146
vn 0.261938 0.0146038 -0.964974
f 2794/9246/2606 2795/9247/2607 2793/9248/2608

vt 41.1754 38.7287
v 60.7703 30.3227 -181.775
vt 45.4982 39.8093
vn 0.172364 -0.0090856 -0.984991
vt 44.6052 40.4139
f 2794/9249/2606 2796/9250/2609 2795/9251/2607

v 64.5948 28.524 -180.918
vt 46.2633 18.6142
vn 0.262656 0.100789 -0.959611
vt 50.3264 20.485
vt 46.004 19.403
f 2797/9252/2610 2796/9253/2609 2794/9254/2606

v 64.2206 28.0457 -181.089
vt 50.4215 10.0681
vn 0.227046 0.0508441 -0.972556
vt 54.0578 12.4493
vt 49.9994 10.5683
f 2798/9255/2611 2796/9256/2609 2797/9257/2610

v 62.3629 27.5778 -181.413
vt 37.1995 32.8421
vn 0.117886 -0.0623185 -0.99107
vt 38.8919 35.6902
vt 35.2434 33.3276
f 2799/9258/2612 2796/9259/2609 2798/9260/2611

v 55.6958 27.5778 -181.795
vt 25.1427 44.0629
vn 0.0452586 -0.0916505 -0.994762
vt 19.8865 46.9238
vt 18.2159 44.0629
f 2800/9261/2613 2796/9262/2609 2799/9263/2612

vt 23.357 40.8804
v 50.6405 30.3227 -182.239
vt 28.6162 43.7361
vn 0.0263275 -0.0779716 -0.996608
vt 18.0979 43.7361
f 2800/9264/2613 2801/9265/2614 2796/9266/2609

v 47.1239 27.5778 -182.082
vt 30.3391 44.3408
vn 0.0111297 -0.0711977 -0.9974
vt 26.699 47.2021
vt 21.4429 44.3408
f 2802/9267/2615 2801/9268/2614 2800/9269/2613

vt 21.3981 40.6506
vt 25.0457 37.7989
f 2801/9270/2614 2802/9271/2615 2706/8656/2434

v 38.9006 27.5778 -182.082
vt 33.5755 37.7989
vn 0 -0.0569946 -0.998374
f 2803/9272/2616 2706/8656/2434 2802/9271/2615

f 2706/8656/2434 2803/9272/2616 2705/8654/2433

v 26.1394 27.5778 -184.945
vt -46.8121 161.192
vn -0.0134466 0.965107 -0.261512
vt -50.9965 157.924
vt -42.1052 158.222
vt -33.5755 158.222
f 2804/9273/2617 2703/9274/218 2705/9275/218 2803/9276/218 

v 16.5513 27.5778 -183.958
vt -56.7574 160.168
vn -0.0365164 0.955318 -0.293314
f 2703/9274/218 2804/9273/2617 2805/9277/2618

v 16.5513 27.0085 -184.68
vt 39.9811 -112.394
vn -0.114237 0.779812 -0.615503
vt 40.0577 -111.444
vt 30.0598 -111.444
v 26.1394 27.0085 -185.667
vt 29.9832 -112.394
vn -0.0318407 0.784553 -0.619244
f 2806/9278/2619 2805/9279/2618 2804/9280/2617 2807/9281/2620 

v 9.21925 27.0085 -182.706
vt 20.848 -113.86
vn -0.311287 0.783611 -0.537638
v 9.54043 27.5306 -182.131
vt 20.6813 -113.004
vn -0.285592 0.756639 -0.588162
vt 13.1664 -112.927
vt 12.9719 -113.86
f 2808/9282/2621 2809/9283/2622 2805/9284/2618 2806/9285/2619 

v 6.96323 27.0085 -180.45
vt -63.5166 -103.871
vn -0.61926 0.642155 -0.451835
vt -66.6398 -103.019
vt -66.826 -103.871
f 2810/9286/2623 2809/9287/2622 2808/9288/2621

vt -55.9223 -89.3096
v 6.96323 27.5778 -179.728
vt -55.4191 -88.5001
vn -0.652712 0.607404 -0.4528
vt -59.0733 -88.5672
f 2810/9289/2623 2811/9290/2624 2809/9291/2622

vt -122.441 -21.2784
vt -123.141 -21.9247
v 4.84821 27.0085 -174.81
vt -116.893 -21.9247
vn -0.865481 0.422943 -0.268442
f 2811/9292/2624 2810/9293/2623 2812/9294/2625

v 6.96323 20.5367 -180.45
vt -123.141 21.5244
vn -0.852569 -0.18306 -0.489506
vt -116.893 28.2374
vn -0.971523 -0.0577868 -0.229792
vt -123.141 28.2374
vn -0.799603 0 -0.600529
f 2813/9295/2626 2812/9296/2627 2810/9297/2628

v 5.41755 20.5367 -174.81
vt -127.266 30.3835
vn -0.961081 -0.242353 -0.132621
vt -127.11 37.1205
vt -133.332 30.3835
f 2814/9298/2629 2812/9299/2627 2813/9300/2626

vt -145.559 28.3158
vt -139.214 35.0546
vn -0.992168 -0.098201 -0.077193
vt -145.518 35.0546
f 2814/9301/2629 2692/9302/2630 2812/9303/2627

v 4.99455 20.5367 -168.747
vt -139.255 28.3158
vn -0.965619 -0.249715 -0.072273
f 2815/9304/2631 2692/9302/2630 2814/9301/2629

vt -131.302 29.9269
vn -0.985109 -0.157729 -0.0684169
vt -139.087 35.0732
vt -139.129 28.3345
f 2683/9305/2632 2692/9306/2630 2815/9307/2631

vt -136.735 38.8779
vt -128.966 33.7071
vt -127.611 37.6743
vn -0.986489 -0.130443 -0.0991118
f 2692/9308/2630 2683/9309/2632 2684/9310/2633

vt -127.144 36.2891
vt -137.207 35.3854
vt -128.082 34.1874
vn -0.991697 -0.0878119 -0.0939505
f 2685/9311/2413 2692/9312/2414 2684/9313/2634

vt -134.019 41.2183
vt -141.836 39.5782
vt -134.642 37.5543
vn -0.962654 -0.267974 -0.0385712
f 2683/9314/2632 2815/9315/2631 2682/9316/2635

vt -141.202 41.8173
vt -134.03 37.1184
vn -0.928302 -0.359459 -0.0950984
vt -134.012 39.7769
f 2815/9317/2631 2681/9318/2636 2682/9319/2635

vt -124.302 53.9915
vt -131.266 58.9942
vt -124.966 53.4024
vn -0.91328 -0.394304 -0.102198
f 2681/9320/2636 2815/9321/2631 2680/9322/2637

vt -145.559 46.9824
vt -132.755 41.6239
vt -139.255 46.9824
f 2814/9323/2629 2680/9324/2637 2815/9325/2631

vt -130.12 48.1377
vt -142.856 53.6557
vt -143.487 48.9307
vn -0.90825 -0.407175 -0.0963846
f 2680/9326/2637 2814/9327/2629 2679/9328/2638

vt -143.042 49.202
vt -142.401 53.9256
vt -146.642 49.6364
vn -0.876764 -0.358222 -0.320876
f 2679/9329/2638 2814/9330/2629 2678/9331/2639

vt -131.73 44.1292
vt -127.266 48.1859
vt -133.332 48.1859
f 2678/9332/2639 2814/9333/2629 2813/9334/2626

vt -78.6247 72.7126
vt -79.6701 76.9472
vt -81.5443 73.0105
vn -0.55259 -0.39713 -0.732757
f 2678/9335/2639 2813/9336/2626 2677/9337/2640

vt -65.5367 69.0952
vt -63.5166 72.9591
v 9.21925 20.5367 -182.706
vt -66.826 72.9591
vn -0.460451 -0.187958 -0.867558
f 2677/9338/2640 2813/9339/2626 2816/9340/2641

vt -63.5166 21.5244
vt -63.5166 28.2374
vt -66.826 21.5244
f 2813/9341/2626 2810/9342/2628 2816/9343/2641

vt -66.826 28.2374
vn -0.500517 0 -0.865727
f 2816/9343/2641 2810/9342/2628 2808/9344/2642

vt 20.848 21.5244
vt 20.848 28.2374
vt 12.9719 28.2374
vn -0.159405 0.0181408 -0.987047
f 2816/9345/2641 2808/9346/2642 2806/9347/2643

v 16.5513 20.5367 -184.68
vt 12.9719 21.5244
vn -0.146661 -0.265885 -0.952783
f 2816/9345/2641 2806/9347/2643 2817/9348/2644

vt 38.7857 28.2374
v 25.5059 23.4991 -185.667
vt 29.4412 24.5972
vn -0.0832425 -0.012659 -0.996449
vt 38.7857 21.5244
f 2806/9349/2643 2818/9350/2645 2817/9351/2644

vt 27.582 29.3621
vt 36.9259 33.0037
v 25.0569 25.3872 -185.667
vt 28.0443 31.3213
vn -0.110909 0.023013 -0.993564
f 2818/9352/2645 2806/9353/2643 2819/9354/2646

vt 31.3039 14.0939
vt 40.1848 15.7802
v 25.5808 26.0952 -185.667
vt 30.7634 14.8303
vn -0.0678135 0.045797 -0.996646
f 2819/9355/2646 2806/9356/2643 2820/9357/2647

vt 30.5596 16.8626
vt 39.9811 17.8117
vt 29.9832 17.8117
vn -0.0511924 0.0313143 -0.998198
f 2820/9358/2647 2806/9359/2643 2807/9360/2648

vt 47.3915 27.2902
vt 46.8121 28.2375
v 38.9006 27.0085 -185.667
vt 33.5755 28.2375
vn -9.92617e-24 -8.9235e-07 -1
v 38.9006 26.3903 -185.667
vt 33.5755 27.5963
v 30.2202 26.3903 -185.667
vt 42.5792 27.5963
vn -3.60866e-08 -8.9235e-07 -1
f 2820/9361/2647 2807/9362/2648 2821/9363/2649 2822/9364/2649 2823/9365/2650 

vt 46.8121 -109.62
vt 46.8121 -108.667
v 38.9006 27.5778 -184.945
vt 33.5755 -108.667
vn 0 0.944709 -0.32791
vt 33.5755 -109.62
vn 0 0.784951 -0.619558
f 2807/9366/2620 2804/9367/2617 2824/9368/2651 2821/9369/2652 

vt -33.5755 161.192
f 2803/9276/218 2824/9370/2651 2804/9273/2617

v 51.6617 27.5778 -184.945
vt -20.3388 161.192
vn 0.0134466 0.965107 -0.261512
f 2824/9370/2651 2803/9276/218 2825/9371/2653

vt -16.1544 157.924
vt -25.0457 158.222
f 2800/9372/218 2825/9371/2653 2803/9276/218 2802/9373/218 

v 61.2498 27.5778 -183.958
vt -10.3935 160.168
vn 0.0365164 0.955318 -0.293314
f 2825/9371/2653 2800/9372/218 2826/9374/2654

vt -9.23899 157.528
vn -0.125322 0.99168 -0.029418
f 2799/9375/2655 2826/9374/2654 2800/9372/218

v 64.9798 28.0457 -182.136
vt -147.63 61.623
vn -0.306335 0.863001 -0.401731
vt -150.912 58.7937
vt -148.03 58.7937
f 2827/9376/2656 2826/9377/2654 2799/9378/2655

vt 47.8813 -114.301
v 68.2607 27.5306 -182.131
vt 44.5962 -115.338
vn 0.285592 0.756639 -0.588162
vt 52.1109 -115.243
f 2827/9379/2656 2828/9380/2657 2826/9381/2654

vt 33.6048 -92.1271
vt 30.3295 -94.8098
vt 33.6828 -94.0209
f 2794/9382/2603 2828/9383/2657 2827/9384/2656

v 67.9101 29.2824 -180.412
vt 22.9853 -87.7486
vn 0.447582 0.503746 -0.738857
vt 22.8469 -90.3164
vt 26.2131 -87.7486
f 2829/9385/2658 2828/9386/2657 2794/9387/2603

vt 107.953 -50.7179
v 70.8379 27.5778 -179.728
vt 105.23 -53.0501
vn 0.652712 0.607404 -0.4528
vt 108.884 -53.1147
f 2829/9388/2658 2830/9389/2659 2828/9390/2657

vt 112.602 -53.7643
vt 115.218 -51.3131
v 70.4027 29.2824 -177.82
vt 111.488 -51.3131
vn 0.784041 0.399647 -0.474935
f 2830/9391/2659 2829/9392/2658 2831/9393/2660

vt 115.218 13.6754
vt 112.871 15.0606
vn 0.703043 0.305643 -0.642116
vt 111.488 13.6754
f 2829/9394/2658 2783/9395/2661 2831/9396/2660

vt 95.36 -17.5493
vt 97.6463 -19.0326
vt 97.9807 -17.5493
f 2783/9397/2661 2829/9398/2658 2789/9399/2605

vt 26.2131 -6.2817
vt 23.5622 -4.87488
vt 22.9853 -6.2817
f 2794/9400/2603 2789/9401/2605 2829/9402/2658

vt 129.799 2.1177
vn 0.871407 0.273808 -0.407036
vt 132.746 0.651677
vt 134.043 2.1177
f 2782/9403/2662 2831/9404/2660 2783/9405/2661

vt 136.397 19.7571
vt 135.032 18.3661
vt 139.381 18.3661
f 2782/9406/2662 2662/9407/2364 2831/9408/2660

vt 141.18 17.8337
vt 141.175 15.46
vt 142.505 16.8839
f 2661/9409/2365 2662/9410/2364 2782/9411/2662

usemtl _Brown_
vt 149.5 38.0484
vt 148.149 32.8768
vn 0.99923 0.0297985 -0.0255319
vt 149.5 31.9642
f 2780/9412/2590 2661/9413/2663 2782/9414/2594

vt 149.097 33.5868
vt 150.412 38.7674
vt 149.148 38.7674
vn 0.986071 0.14112 0.088035
f 2661/9415/2663 2780/9416/2590 2660/9417/2664

vt 150.412 40.0469
vt 149.883 42.3089
vt 149.148 40.0469
f 2780/9418/2590 2659/9419/2592 2660/9420/2664

usemtl Durango
v 72.9529 27.0085 -174.81
vt 135.427 -1.18205
vn 0.865481 0.422943 -0.268442
vt 139.381 1.40142
vt 135.032 1.40142
f 2832/9421/2665 2831/9422/2660 2662/9423/2364

vt 145.262 -0.405218
vt 141.436 -3.17396
vt 146.978 -2.48073
f 2831/9424/2660 2832/9425/2665 2830/9426/2659

v 70.8379 27.0085 -180.45
vt 146.72 3.63117
vn 0.61926 0.642155 -0.451835
vt 146.019 4.27752
vt 140.472 3.63117
f 2833/9427/2666 2830/9428/2659 2832/9429/2665

vt 105.111 -57.6083
vt 105.614 -58.4178
vt 108.765 -57.6755
f 2830/9430/2659 2833/9431/2666 2828/9432/2657

vt 114.123 -66.3722
vt 110.999 -67.2238
v 68.5819 27.0085 -182.706
vt 114.309 -67.2238
vn 0.311287 0.783611 -0.537638
f 2828/9433/2657 2833/9434/2666 2834/9435/2667

vt 110.999 28.2374
vn 0.799603 1.76093e-17 -0.600529
v 68.5819 20.5367 -182.706
vt 114.309 21.5244
vn 0.460451 -0.187958 -0.867558
vt 114.309 28.2374
vn 0.500517 0 -0.865727
f 2833/9436/2668 2835/9437/2669 2834/9438/2670

v 70.8379 20.5367 -180.45
vt 110.999 21.5244
vn 0.852569 -0.18306 -0.489506
f 2833/9436/2668 2836/9439/2671 2835/9437/2669

vt 140.472 28.2374
vn 0.971523 -0.0577868 -0.229792
vt 146.72 21.5244
vt 146.72 28.2374
f 2832/9440/2672 2836/9441/2671 2833/9442/2668

vt 144.859 31.6455
v 72.3836 20.5367 -174.81
vt 145.015 24.9084
vn 0.961081 -0.242353 -0.132621
vt 151.081 24.9084
f 2832/9443/2672 2837/9444/2673 2836/9445/2671

vt 143.887 29.1983
vn 0.992168 -0.098201 -0.077193
vt 150.233 22.4595
vt 150.192 29.1983
f 2663/9446/2674 2837/9447/2673 2832/9448/2672

v 72.8066 20.5367 -168.747
vt 143.929 22.4595
vn 0.965619 -0.249715 -0.072273
f 2663/9446/2674 2838/9449/2675 2837/9447/2673

vt 143.868 29.2183
vt 136.082 24.0719
vn 0.985109 -0.157729 -0.0684169
vt 143.91 22.4795
f 2663/9450/2674 2665/9451/2676 2838/9452/2675

vt 135.679 24.9916
vt 143.448 30.1624
vt 134.324 28.9588
vn 0.986489 -0.130443 -0.0991118
f 2665/9453/2676 2663/9454/2674 2664/9455/2677

vt 144.24 22.5359
vt 136.422 24.176
vt 137.046 20.5119
vn 0.962654 -0.267974 -0.0385712
f 2838/9456/2675 2665/9457/2676 2666/9458/2678

vt 137.005 18.205
vn 0.928302 -0.359459 -0.0950984
vt 144.177 22.9038
vt 136.987 20.8635
f 2667/9459/2679 2838/9460/2675 2666/9461/2678

vt 142.202 30.2727
vt 135.239 25.27
vt 135.902 24.6809
vn 0.91328 -0.394304 -0.102198
f 2838/9462/2675 2667/9463/2679 2668/9464/2680

vt 137.429 18.8413
vt 150.233 24.1998
vt 143.929 24.1998
f 2668/9465/2680 2837/9466/2673 2838/9467/2675

vt 149.761 26.4382
vt 137.025 20.9202
vt 150.392 21.7132
vn 0.90825 -0.407175 -0.0963846
f 2837/9468/2673 2668/9469/2680 2669/9470/2681

vt 149.669 26.7644
vt 150.31 22.0409
vt 153.909 22.4753
vn 0.876764 -0.358222 -0.320876
f 2837/9471/2673 2669/9472/2681 2670/9473/2682

vt 145.015 31.4
vt 149.478 27.3433
vt 151.081 31.4
f 2837/9474/2673 2670/9475/2682 2836/9476/2671

vt 121.929 57.1507
vt 120.884 52.9161
vt 123.803 53.2139
vn 0.55259 -0.39713 -0.732757
f 2836/9477/2671 2670/9478/2682 2671/9479/2683

vt 110.999 57.1159
vt 113.02 53.2519
vt 114.309 57.1159
f 2836/9480/2671 2671/9481/2683 2835/9482/2669

vt 40.6447 86.5105
vt 40.2093 82.4605
vt 48.0835 82.8545
vn 0.16889 -0.465874 -0.868584
f 2835/9483/2669 2671/9484/2683 2672/9485/2684

vt 43.994 91.0454
vt 51.3961 87.3155
v 61.2498 20.5367 -184.68
vt 51.8701 91.0454
vn 0.146661 -0.265885 -0.952783
f 2835/9486/2669 2672/9487/2684 2839/9488/2685

vt 21.6073 96.1815
vt 21.48 92.4239
vt 31.4725 93.0987
vn 0.0365766 -0.541257 -0.840061
f 2839/9489/2685 2672/9490/2684 2673/9491/2686

vt 26.8168 106.58
vt 36.628 103.33
v 51.6617 20.5367 -185.667
vt 36.8147 106.58
vn 0.0324964 -0.197699 -0.979724
f 2839/9492/2685 2673/9493/2686 2840/9494/2687

vt 20.3388 108.516
vt 20.3388 105.26
v 38.9006 20.5367 -185.667
vt 33.5755 108.516
vn -7.20581e-18 -0.388413 -0.921485
f 2840/9495/2687 2673/9496/2686 2841/9497/2688

vt 33.5755 105.26
vn -1.38515e-17 -0.559977 -0.828508
f 2841/9497/2688 2673/9496/2686 2674/9498/2689

vt 46.8121 105.26
vn -0.0365766 -0.541257 -0.840061
f 2675/9499/2690 2841/9497/2688 2674/9498/2689

v 26.1394 20.5367 -185.667
vt 46.8121 108.516
vn -0.0324964 -0.197699 -0.979724
f 2675/9499/2690 2842/9500/2691 2841/9497/2688

vt 30.1699 107.166
vt 39.9811 110.417
vt 29.9832 110.417
f 2675/9501/2690 2817/9502/2644 2842/9503/2691

vt 45.507 94.694
vn -0.16889 -0.465874 -0.868584
vt 45.3796 98.4517
vt 35.5144 95.3689
f 2676/9504/2692 2817/9505/2644 2675/9506/2690

vt 13.4459 95.5559
vt 20.848 99.2857
vt 12.9719 99.2857
f 2676/9507/2692 2816/9508/2641 2817/9509/2644

vt 24.9989 89.4706
vt 24.5635 93.5206
vt 17.1247 89.8646
f 2677/9510/2640 2816/9511/2641 2676/9512/2692

vt 39.9811 25.1507
vt 30.6368 28.2242
vt 29.9832 25.1507
f 2817/9513/2644 2818/9514/2645 2842/9515/2691

vt 46.8121 21.5244
vt 47.4692 24.5972
v 27.1522 22.437 -185.667
vt 45.7616 23.4955
vn 4.90497e-08 3.57072e-07 -1
f 2842/9516/2691 2818/9517/2645 2843/9518/2693

vt 156.195 -33.716
vn 0.426433 0.808954 -0.404658
vt 157.238 -31.9717
vn 0.690789 0.513439 -0.509108
v 25.7738 23.515 -185.287
vt 156.756 -31.9455
vn 0.685873 0.51145 -0.517684
f 2843/9519/2694 2818/9520/2695 2844/9521/2696

vt 158.83 13.6006
vt 159.312 13.5837
vt 159.583 15.5785
vn 0.797336 -0.0304704 -0.602765
f 2844/9522/2696 2818/9523/2695 2819/9524/2697

vt 161.359 15.9324
v 25.3338 25.2898 -185.287
vt 160.873 15.8293
vn 0.737643 -0.267917 -0.619761
vt 160.62 13.9495
f 2819/9525/2697 2845/9526/2698 2844/9527/2696

vt 151.179 58.7451
vt 151.663 58.8601
vt 151.295 59.6964
vn 0.474731 -0.672221 -0.56811
f 2845/9528/2698 2819/9529/2697 2820/9530/2699

vt 148.587 62.4085
v 25.8471 25.9554 -185.287
vt 148.112 62.243
vn 0.26314 -0.825582 -0.499171
vt 148.486 61.4554
f 2820/9531/2699 2846/9532/2700 2845/9533/2698

vt 71.1467 151.171
vt 71.4797 151.547
vt 66.7234 152.34
vn 0.0381336 -0.920118 -0.38978
f 2846/9534/2700 2820/9535/2699 2823/9536/2701

vt 64.2712 152.415
v 30.3938 26.2327 -185.287
vt 64.0391 152.015
vn 0.027853 -0.91867 -0.394043
vt 68.7111 151.31
f 2823/9537/2701 2847/9538/2702 2846/9539/2700

vt 33.5754 160.147
vn -2.96456e-17 -0.923603 -0.383351
v 38.9006 26.2327 -185.287
vt 33.5754 159.721
vt 42.3991 159.721
vt 42.5792 160.147
f 2822/9540/2703 2848/9541/2703 2847/9542/2702 2823/9543/2701 

vt 33.5755 159.721
vt 33.5755 160.147
v 47.5809 26.3903 -185.667
vt 24.5717 160.147
vn -0.0381336 -0.920118 -0.38978
v 47.4073 26.2327 -185.287
vt 24.7518 159.721
vn -0.027853 -0.91867 -0.394043
f 2848/9544/2703 2822/9545/2703 2849/9546/2704 2850/9547/2705 

v 51.6617 27.0085 -185.667
vt 20.3388 28.2375
vn 0.0511924 0.0313143 -0.998198
v 52.2203 26.0952 -185.667
vt 19.7594 27.2902
vn 0.0678135 0.045797 -0.996646
vt 24.5717 27.5963
vn 3.60866e-08 -8.9235e-07 -1
f 2851/9548/2706 2852/9549/2707 2849/9550/2708 2822/9364/2649 2821/9363/2649 

v 61.2498 27.0085 -184.68
vt 26.8168 18.2416
vn 0.159405 0.0181408 -0.987047
vt 36.2383 17.2925
vt 36.8147 18.2416
f 2853/9551/2709 2852/9552/2707 2851/9553/2706

vt 26.6215 16.2874
v 52.7442 25.3872 -185.667
vt 35.5024 14.601
vn 0.110909 0.023013 -0.993564
vt 36.0429 15.3375
f 2853/9554/2709 2854/9555/2710 2852/9556/2707

vt 29.7343 32.7713
v 52.2952 23.4991 -185.667
vt 39.0782 29.1297
vn 0.0832425 -0.012659 -0.996449
vt 38.6159 31.0889
f 2853/9557/2709 2855/9558/2711 2854/9559/2710

vt 37.3055 24.5972
vt 27.961 28.2374
vt 27.961 21.5244
f 2855/9560/2711 2853/9561/2709 2839/9562/2685

vt 51.8701 28.2374
vt 43.994 21.5244
vt 51.8701 21.5244
f 2853/9563/2709 2835/9564/2669 2839/9565/2685

vt 43.994 28.2374
f 2834/9566/2670 2835/9564/2669 2853/9563/2709

vt 44.1607 -99.4876
vt 43.994 -100.343
vt 51.8701 -100.343
vn 0.114237 0.779812 -0.615503
vt 51.6756 -99.4102
f 2828/9567/2657 2834/9568/2667 2853/9569/2712 2826/9570/2654 

vt 26.7402 -106.057
vt 26.8168 -107.007
vt 36.8147 -107.007
vn 0.0318407 0.784553 -0.619244
vt 36.7381 -106.057
f 2826/9571/2654 2853/9572/2712 2851/9573/2713 2825/9574/2653 

vt 20.3388 -108.667
vt 20.3388 -109.62
f 2825/9575/2653 2851/9576/2713 2821/9369/2652 2824/9368/2651 

vt 36.1611 28.0736
vt 26.8168 25.0001
vt 36.8147 25.0001
f 2855/9577/2711 2839/9578/2685 2840/9579/2687

vt 19.6818 24.5972
vt 20.3388 21.5244
v 50.6489 22.437 -185.667
vt 21.3894 23.4955
vn -4.90497e-08 3.57072e-07 -1
f 2855/9580/2711 2840/9581/2687 2856/9582/2714

v 47.7305 21.4339 -185.667
vt 24.4165 22.4551
vn 2.30805e-09 3.13888e-07 -1
f 2856/9582/2714 2840/9581/2687 2857/9583/2715

vt 33.5755 21.5244
v 38.9006 21.1389 -185.667
vt 33.5755 22.1491
vn -1.48893e-23 2.5281e-07 -1
v 43.6897 21.1389 -185.667
vt 28.6079 22.1491
vn 2.00899e-08 2.5281e-07 -1
f 2857/9583/2715 2840/9581/2687 2841/9584/2688 2858/9585/2716 2859/9586/2717 

v 30.0706 21.4339 -185.667
vt 42.7344 22.4551
vn -2.30805e-09 3.13888e-07 -1
v 34.1114 21.1389 -185.667
vt 38.543 22.1491
vn -2.00899e-08 2.5281e-07 -1
f 2842/9516/2691 2860/9587/2718 2861/9588/2719 2858/9585/2716 2841/9584/2688 

vt 45.7615 23.4955
f 2842/9516/2691 2843/9589/2693 2860/9587/2718

vt 135.329 -75.9102
vn 0.218103 0.890843 -0.398535
vt 137.678 -73.7353
v 27.3872 22.5167 -185.287
vt 137.24 -73.5626
vn 0.352695 0.83409 -0.424147
f 2860/9590/2720 2843/9591/2694 2862/9592/2721

vt 149.292 -42.9749
vt 148.134 -44.5663
vt 148.587 -44.6932
f 2844/9593/2696 2862/9594/2721 2843/9595/2694

v 27.4286 22.6817 -185.287
vt 45.4748 23.7494
vn -8.26387e-08 6.20719e-08 -1
vt 45.5178 23.5782
vt 47.1913 24.6137
f 2863/9596/2722 2862/9597/2722 2844/9598/2722

v 30.3857 21.68 -185.287
vt 42.4075 22.7104
f 2864/9599/2722 2862/9597/2722 2863/9596/2722

v 30.2472 21.5738 -185.287
vt 42.5512 22.6002
f 2864/9599/2722 2865/9600/2722 2862/9597/2722

v 30.8004 21.6502 -185.287
vt 41.9773 22.6794
f 2865/9600/2722 2864/9599/2722 2866/9601/2722

v 30.2127 22.2096 -185.781
vt 31.3861 130.333
vn 0.163341 -0.379906 -0.910489
vt 30.8129 129.532
vn 0.488133 -0.22637 -0.842901
vt 31.2421 129.575
vn -0.119422 -0.719068 -0.684602
f 2867/9602/2723 2866/9603/2724 2864/9604/2725

vt 139.383 18.1663
vt 140.179 18.7472
v 29.9676 25.566 -185.781
vt 140.367 22.2329
vn 0.284123 0.33464 -0.898493
f 2866/9605/2724 2867/9606/2723 2868/9607/2726

vt 42.587 23.2596
v 29.8892 22.2319 -185.781
vt 42.9225 23.2829
vn -0.152462 -0.606962 -0.77997
v 27.5827 22.9832 -185.781
vt 45.315 24.0621
vn -0.314456 -0.607832 -0.729148
v 26.3586 23.7316 -185.781
vt 46.5847 24.8384
vn -0.423848 -0.337417 -0.840537
v 26.045 24.9812 -185.781
vt 46.9099 26.1345
vn -0.494814 0.00543828 -0.868982
v 26.3304 25.3468 -185.781
vt 46.6139 26.5138
vn -0.256385 0.371489 -0.892336
vt 42.8412 26.7412
f 2867/9608/2723 2869/9609/2727 2870/9610/2728 2871/9611/2729 2872/9612/2730 2873/9613/2731 2868/9614/2726 

vt 31.6833 129.478
vt 32.1635 130.269
vt 31.8287 130.236
f 2864/9615/2725 2869/9616/2727 2867/9617/2723

vt -25.3626 141.433
vt -25.6303 140.548
vt -22.8182 142.154
vn -0.320746 -0.752337 -0.575423
f 2869/9618/2727 2864/9619/2725 2863/9620/2732

vt -25.7849 145.176
vt -26.143 145.683
vt -28.3191 144.42
f 2863/9621/2732 2870/9622/2728 2869/9623/2727

vt -64.4597 125.566
vt -64.0179 125.13
v 25.8593 23.6796 -185.287
vt -62.7377 126.573
vn -0.594721 -0.462877 -0.657307
f 2870/9624/2728 2863/9625/2732 2874/9626/2733

vt 47.1026 24.7844
f 2863/9596/2722 2844/9598/2722 2874/9627/2722

vt 47.6477 26.4547
f 2874/9627/2722 2844/9598/2722 2845/9628/2722

v 25.4573 25.3457 -185.287
vt 47.5196 26.5126
f 2874/9627/2722 2845/9628/2722 2875/9629/2722

vt 47.1152 27.145
f 2875/9629/2722 2845/9628/2722 2846/9630/2722

v 25.8232 25.8332 -185.287
vt 47.14 27.0183
f 2875/9629/2722 2846/9630/2722 2876/9631/2722

v 30.4862 26.1254 -185.287
vt 42.3033 27.3214
f 2876/9631/2722 2846/9630/2722 2877/9632/2722

vt 42.3991 27.4327
f 2877/9632/2722 2846/9630/2722 2847/9633/2722

vt 33.5754 27.4327
vn -1.05027e-16 6.20719e-08 -1
f 2848/9634/2734 2877/9632/2722 2847/9633/2722

v 38.9006 25.7742 -185.287
vt 33.5754 26.9571
f 2878/9635/2734 2877/9632/2722 2848/9634/2734

v 31.9167 25.7742 -185.287
vt 40.8195 26.9571
f 2879/9636/2722 2877/9632/2722 2878/9635/2734

v 31.9167 21.8648 -185.287
vt 40.8195 22.902
f 2880/9637/2722 2877/9632/2722 2879/9636/2722

f 2877/9632/2722 2880/9637/2722 2866/9601/2722

v 38.9006 21.8648 -185.287
vt 33.5754 22.902
f 2881/9638/2734 2866/9601/2722 2880/9637/2722

f 2881/9638/2734 2865/9600/2722 2866/9601/2722

v 38.9006 21.2965 -185.287
vt 33.5754 22.3125
f 2882/9639/2734 2865/9600/2722 2881/9638/2734

v 34.2072 21.2965 -185.287
vt 38.4437 22.3125
f 2865/9600/2722 2882/9639/2734 2883/9640/2722

vt 38.4437 -140.651
vn 0.032086 0.920235 -0.39005
vt 33.5754 -140.651
vn -2.76374e-17 0.923603 -0.383351
vt 33.5754 -141.078
vt 38.543 -141.078
vn 0.0439282 0.922184 -0.38425
f 2883/9641/2735 2882/9642/2736 2858/9643/2736 2861/9644/2737 

vt 33.5755 -140.651
v 43.5939 21.2965 -185.287
vt 28.7072 -140.651
vn -0.032086 0.920235 -0.39005
vt 28.6079 -141.078
vn -0.0439282 0.922184 -0.38425
vt 33.5755 -141.078
f 2882/9645/2736 2884/9646/2738 2859/9647/2739 2858/9648/2736 

vt 33.5755 22.902
vt 28.7072 22.3125
vn 8.26387e-08 6.20719e-08 -1
vt 33.5755 22.3125
f 2881/9649/2734 2884/9650/2740 2882/9651/2734

v 47.5539 21.5738 -185.287
vt 24.5997 22.6002
f 2884/9650/2740 2881/9649/2734 2885/9652/2740

v 47.0007 21.6502 -185.287
vt 25.1736 22.6794
f 2885/9652/2740 2881/9649/2734 2886/9653/2740

v 45.8844 21.8648 -185.287
vt 26.3314 22.902
f 2886/9653/2740 2881/9649/2734 2887/9654/2740

usemtl _Silver_1
vn -1.83177e-16 3.95461e-08 -1
vt 33.5755 26.9571
v 45.8844 25.7742 -185.287
vt 26.3314 26.9571
vn 8.31202e-08 3.95461e-08 -1
f 2881/9649/2741 2878/9655/2741 2888/9656/2742 2887/9654/2742 

vn -8.31202e-08 3.95461e-08 -1
f 2878/9635/2741 2881/9638/2741 2880/9637/2743 2879/9636/2743 

usemtl Durango
v 47.3149 26.1254 -185.287
vt 24.8477 27.3214
f 2889/9657/2740 2888/9656/2740 2878/9655/2734

f 2889/9657/2740 2887/9654/2740 2888/9656/2740

f 2887/9654/2740 2889/9657/2740 2886/9653/2740

vt -88.4118 20.9046
vn -0.351665 0.414382 -0.839416
v 47.8335 25.566 -185.781
vt -89.1539 20.3237
vn -0.284123 0.33464 -0.898493
vt -88.1677 16.2576
vn -0.488133 -0.22637 -0.842901
f 2889/9658/2744 2890/9659/2745 2886/9660/2746

vt 34.2699 -89.1799
v 51.9779 25.8332 -185.287
vt 29.4414 -89.5949
vn 0.188449 0.593249 -0.782651
vt 33.7628 -89.9742
f 2889/9661/2744 2891/9662/2747 2890/9663/2745

v 51.954 25.9554 -185.287
vt 20.0357 27.145
vt 20.0109 27.0183
f 2892/9664/2740 2891/9665/2740 2889/9657/2740

v 52.3438 25.3457 -185.287
vt 19.6313 26.5126
f 2892/9664/2740 2893/9666/2740 2891/9665/2740

v 52.4673 25.2898 -185.287
vt 19.5033 26.4547
f 2894/9667/2740 2893/9666/2740 2892/9664/2740

v 51.9419 23.6796 -185.287
vt 20.0483 24.7844
f 2894/9667/2740 2895/9668/2740 2893/9666/2740

v 52.0273 23.515 -185.287
vt 19.9597 24.6137
f 2896/9669/2740 2895/9668/2740 2894/9667/2740

v 50.3725 22.6817 -185.287
vt 21.6761 23.7494
f 2896/9669/2740 2897/9670/2740 2895/9668/2740

v 50.4139 22.5167 -185.287
vt 21.6331 23.5782
f 2898/9671/2740 2897/9670/2740 2896/9669/2740

v 47.4154 21.68 -185.287
vt 24.7434 22.7104
f 2898/9671/2740 2899/9672/2740 2897/9670/2740

f 2885/9652/2740 2899/9672/2740 2898/9671/2740

f 2899/9672/2740 2885/9652/2740 2886/9653/2740

vt 36.1802 126.361
v 47.5884 22.2096 -185.781
vt 35.6071 127.162
vn -0.163341 -0.379906 -0.910489
vt 35.7511 126.404
vn 0.119422 -0.719068 -0.684602
f 2886/9673/2746 2900/9674/2748 2899/9675/2749

vt -90.3208 16.5496
vt -89.5253 15.9687
vt -90.5095 20.0353
f 2900/9676/2748 2886/9677/2746 2890/9678/2745

v 47.9119 22.2319 -185.781
vt 24.2284 23.2829
vn 0.152462 -0.606962 -0.77997
vt 24.5639 23.2596
vt 24.3097 26.7412
v 51.4707 25.3468 -185.781
vt 20.537 26.5138
vn 0.256385 0.371489 -0.892336
v 51.7561 24.9812 -185.781
vt 20.241 26.1345
vn 0.494814 0.00543828 -0.868982
v 51.4425 23.7316 -185.781
vt 20.5662 24.8384
vn 0.423848 -0.337417 -0.840537
v 50.2184 22.9832 -185.781
vt 21.8359 24.0621
vn 0.314456 -0.607832 -0.729148
f 2901/9679/2750 2900/9680/2748 2890/9681/2745 2902/9682/2751 2903/9683/2752 2904/9684/2753 2905/9685/2754 

vt 34.8418 127.222
vt 35.322 126.432
vt 35.1766 127.19
f 2901/9686/2750 2899/9687/2749 2900/9688/2748

vt 87.1949 120.1
vt 86.9271 120.985
vt 84.3827 121.706
vn 0.320746 -0.752337 -0.575423
f 2899/9689/2749 2901/9690/2750 2897/9691/2755

vt 87.2187 123.715
vt 86.8606 123.208
vt 89.3947 122.451
f 2905/9692/2754 2897/9693/2755 2901/9694/2750

vt 116.828 96.2303
vt 117.27 96.6663
vt 115.548 97.6732
vn 0.594721 -0.462877 -0.657307
f 2897/9695/2755 2905/9696/2754 2895/9697/2756

vt 120.258 97.3339
vt 119.532 97.2554
vt 121.228 96.2054
f 2904/9698/2753 2895/9699/2756 2905/9700/2754

vt 127.228 42.0408
vt 126.993 43.3564
vt 126.5 41.986
f 2904/9701/2753 2903/9702/2752 2895/9703/2756

vt 127.464 43.0474
vn 0.559368 0.186553 -0.807654
vt 127.761 41.2946
vt 128.258 42.664
f 2893/9704/2757 2895/9705/2756 2903/9706/2752

vt 97.409 -22.6359
vt 97.6667 -22.2296
vt 96.6264 -22.2309
f 2903/9707/2752 2902/9708/2751 2893/9709/2757

vt 96.9545 -19.9841
vt 96.6241 -20.5232
vt 97.6644 -20.5219
f 2891/9710/2747 2893/9711/2757 2902/9712/2751

vt 29.8099 -91.6094
vt 33.5764 -91.2954
vt 29.2552 -90.9125
f 2902/9713/2751 2890/9714/2745 2891/9715/2747

vt -65.4883 -115.528
vn -0.138266 0.903008 -0.406767
vt -67.9963 -113.666
vn -0.352695 0.83409 -0.424147
vt -65.8535 -115.804
vn -0.218103 0.890843 -0.398535
f 2885/9716/2758 2898/9717/2759 2857/9718/2760

vt -85.5802 -110.941
vn -0.426433 0.808954 -0.404658
vt -83.2317 -113.116
vt -85.1427 -110.769
f 2856/9719/2761 2857/9720/2760 2898/9721/2759

vt -101.676 -81.3814
vt -102.834 -79.7901
vn -0.685873 0.51145 -0.517684
vt -102.129 -81.5084
f 2898/9722/2759 2896/9723/2762 2856/9724/2761

vt -116.241 -73.2065
vn -0.690789 0.513439 -0.509108
vt -115.198 -74.9508
vt -115.759 -73.1803
f 2855/9725/2763 2856/9726/2761 2896/9727/2762

vt -120.227 3.21727
vt -119.746 3.2341
vt -120.498 5.21202
vn -0.797336 -0.0304704 -0.602765
f 2855/9728/2763 2896/9729/2762 2854/9730/2764

vt -123.655 4.53358
vn -0.737643 -0.267917 -0.619761
vt -124.142 4.63669
vt -123.402 2.65383
f 2894/9731/2765 2854/9732/2764 2896/9733/2762

vt -106.219 82.5067
vt -105.735 82.3917
vt -105.851 83.343
vn -0.474731 -0.672221 -0.56811
f 2854/9734/2764 2894/9735/2765 2852/9736/2766

vt -100.965 85.2608
vn -0.26314 -0.825582 -0.499171
vt -101.439 85.4263
vt -101.339 84.4732
f 2892/9737/2767 2852/9738/2766 2894/9739/2765

vt -5.1107 160.974
vt -4.77769 160.598
vt -0.35439 161.768
f 2852/9740/2766 2892/9741/2767 2849/9742/2704

vt 2.48417 160.377
vt 2.25207 160.777
vt -2.18785 159.672
f 2850/9743/2705 2849/9744/2704 2892/9745/2767

vt 24.7518 27.4327
f 2892/9664/2740 2889/9657/2740 2850/9746/2740

vt 33.5755 27.4327
f 2850/9746/2740 2889/9657/2740 2848/9747/2734

f 2889/9657/2740 2878/9655/2734 2848/9747/2734

vt -4.88561 -143.017
vt -0.761554 -143.825
vt -4.63509 -142.633
f 2857/9748/2760 2859/9749/2739 2885/9750/2758

vt 2.53127 -141.297
vt -1.52354 -140.581
vt 2.3703 -141.704
f 2884/9751/2738 2885/9752/2758 2859/9753/2739

vt 67.8121 -130.756
vn 0.138266 0.903008 -0.406767
vt 63.7572 -131.472
vt 63.9182 -131.879
f 2865/9754/2768 2883/9755/2735 2861/9756/2737

vt 66.8337 -132.729
vt 70.9578 -131.921
vt 70.7073 -131.538
f 2861/9757/2737 2860/9758/2720 2865/9759/2768

vt 124.766 -83.1449
vt 122.258 -85.0069
vt 122.623 -85.283
f 2862/9760/2721 2865/9761/2768 2860/9762/2720

vt 139.454 22.3907
vt 138.712 22.9716
vn 0.351665 0.414382 -0.839416
vt 138.468 18.3246
f 2868/9763/2726 2877/9764/2769 2866/9765/2724

vt 37.5942 -92.2817
vn -0.188449 0.593249 -0.782651
vt 32.7657 -91.8667
vt 33.2727 -92.661
f 2876/9766/2770 2877/9767/2769 2868/9768/2726

vt 33.4637 -93.9558
vt 37.2302 -94.2699
vt 37.7849 -93.573
f 2868/9769/2726 2873/9770/2731 2876/9771/2770

vt -38.1761 -31.984
vn -0.559368 0.186553 -0.807654
vt -38.5064 -31.4449
vt -39.2164 -31.9827
f 2875/9772/2771 2876/9773/2770 2873/9774/2731

vt -39.2192 -34.0915
vt -38.9615 -34.4978
vt -38.1789 -34.0928
f 2873/9775/2731 2872/9776/2730 2875/9777/2771

vt -79.9737 49.1787
vt -79.677 50.9315
vt -80.4704 50.5481
f 2874/9778/2733 2875/9779/2771 2872/9780/2730

vt -78.6245 51.3438
vt -78.8588 50.0282
vt -78.1307 49.9734
f 2872/9781/2730 2871/9782/2729 2874/9783/2733

vt -68.2217 128.697
vt -68.9476 128.775
vt -69.9178 127.647
f 2874/9784/2733 2871/9785/2729 2870/9786/2728

vt 149.44 25.0168
vt 143.887 22.5136
vt 150.192 22.5136
f 2662/9787/2364 2663/9788/2366 2832/9789/2665

vt -140.958 4.65439
vt -139.643 5.178
vn -0.755382 0.492712 -0.43201
vt -139.632 6.00822
f 2827/9790/2656 2797/9791/2772 2794/9792/2603

vt -123.062 -40.2593
vt -124.319 -40.9084
vt -122.978 -40.9084
vn -0.436698 0.842068 -0.316568
f 2797/9793/2772 2827/9794/2656 2798/9795/2773

vt -124.319 -86.8348
vt -122.119 -88.6582
vt -122.978 -86.8348
f 2827/9796/2656 2799/9797/2655 2798/9798/2773

vt -139.214 0.0857545
vt -144.767 2.58886
vt -145.518 0.0857545
f 2692/9799/2414 2693/9800/2415 2812/9801/2625

vt -110.634 -23.3597
vt -106.68 -25.9432
vt -106.286 -23.3597
f 2694/9802/2418 2812/9803/2625 2693/9804/2415

vt -118.999 -36.3219
vt -122.826 -33.5532
vt -124.541 -35.6287
f 2812/9805/2625 2694/9806/2418 2811/9807/2624

vt -68.6754 -84.8383
vt -66.0595 -87.2895
vt -64.9452 -84.8383
f 2695/9808/2420 2811/9809/2624 2694/9810/2418

vt -55.5852 -82.5368
vt -58.3078 -80.2046
vt -59.2395 -82.6015
f 2811/9811/2624 2695/9812/2420 2809/9813/2622

vt 43.7791 -96.2371
vt 43.6408 -93.6693
vt 40.413 -93.6693
f 2809/9814/2622 2695/9815/2420 2696/9816/2422

vt 35.8183 -103.317
vt 32.543 -100.634
v 12.8213 28.0457 -182.136
vt 32.465 -102.528
vn 0.306335 0.863001 -0.401731
f 2809/9817/2622 2696/9818/2422 2906/9819/2774

vt 167.798 24.6758
vn 0.755382 0.492712 -0.43201
vt 169.113 24.1522
vt 167.787 25.506
f 2700/9820/2775 2906/9821/2774 2696/9822/2422

vt 163.732 -5.84819
vt 162.474 -5.19909
vt 162.39 -5.84819
vn 0.436698 0.842068 -0.316568
f 2906/9823/2774 2700/9824/2775 2701/9825/2776

vt 161.532 -36.2514
vn 0.125322 0.99168 -0.029418
vt 163.732 -34.4279
vt 162.39 -34.4279
f 2702/9826/2777 2906/9827/2774 2701/9828/2776

vt 124.004 119.406
vt 120.722 122.235
vt 121.122 119.406
f 2805/9829/2618 2906/9830/2774 2702/9831/2777

vt 20.1955 -130.458
vt 16.9104 -129.421
vt 12.6808 -130.363
f 2809/9832/2622 2906/9833/2774 2805/9834/2618

vt -57.9119 157.528
f 2805/9277/2618 2702/9835/2777 2703/9274/218

vt 21.4286 33.2667
vn 0.0143276 0.000274883 -0.999897
vt 21.3981 31.6751
vn 0.0295682 -0.00533497 -0.999549
f 2770/9836/2778 2801/9837/2779 2706/8659/1142

vt 17.9424 33.137
vn 0.0887468 -0.00328166 -0.996049
vt 28.1848 31.5453
vt 28.2153 33.137
f 2771/9838/2780 2801/9839/2779 2770/9840/2778

vt 28.6162 34.3162
vt 18.3739 35.9081
vt 18.0979 34.3162
vn 0.136235 -0.00355735 -0.99067
f 2801/9841/2779 2771/9842/2780 2796/9843/2781

vt 37.7776 31.9174
vn 0.181069 0.00308799 -0.983466
vt 38.6711 30.7266
vt 38.9482 32.3182
f 2772/9844/2782 2796/9845/2781 2771/9846/2780

vt 39.933 31.6751
vt 39.0394 32.8658
vt 39.0394 32.2788
vn 0.185115 0 -0.982717
f 2796/9847/2781 2772/9848/2782 2795/9849/2783

vt 47.2569 31.9417
vt 50.7005 32.2788
vt 50.7005 32.8658
f 2793/9850/2608 2795/9851/2607 2772/9852/2568

vt 51.0345 31.6205
vt 47.5753 37.6456
vt 47.591 30.6963
f 2772/9853/2568 2773/9854/2569 2793/9855/2608

usemtl _Brown_
vt 43.7624 37.6277
vn 0.218673 0.0111382 -0.975735
v 65.9123 32.3074 -180.471
vt 42.6092 32.4705
vn 0.229972 0.00638852 -0.973176
vt 43.7766 30.6784
f 2773/9856/2784 2907/9857/2785 2793/9858/2602

vt 40.0531 38.4528
v 66.1115 33.0778 -180.425
vt 38.6873 34.0948
vn 0.212194 0.000154572 -0.977228
vt 38.8992 33.2957
f 2773/9859/2784 2908/9860/2786 2907/9861/2785

v 67.3188 36.4671 -180.168
vt 36.2875 37.9608
vn 0.357269 0.0322167 -0.933446
vt 37.5679 34.4453
vt 38.9338 38.8032
f 2909/9862/2787 2908/9863/2786 2773/9864/2784

vt 39.0576 34.9873
vt 37.7773 38.5028
v 66.3545 33.1811 -180.371
vt 38.7995 35.0944
vn 0.211302 -0.00149882 -0.97742
f 2908/9865/2786 2909/9866/2787 2910/9867/2788

vt 37.282 34.64
vt 36.2597 38.0484
v 67.3188 33.1811 -180.168
vt 36.2597 34.64
vn 0.416539 -3.59271e-18 -0.909118
f 2910/9868/2788 2909/9869/2787 2911/9870/2789

vt 95.36 38.0484
vt 95.36 34.64
vt 97.9807 34.64
vt 97.9807 38.0484
f 2781/9871/2593 2788/9872/2597 2911/9873/2789 2909/9874/2787 

usemtl _Gainsboro_3
vn 0.416539 -1.03405e-16 -0.909118
vn 0.74693 -2.15511e-14 -0.664902
f 2790/9231/2790 2911/9873/2790 2788/9872/2791 2784/9232/2791 

f 2791/9235/2600 2910/9868/2600 2911/9870/2790 2790/9236/2790 

vt 38.4291 34.202
vn 0.213798 0.00288559 -0.976874
f 2910/9875/2600 2791/9237/2600 2792/9239/2792 2907/9861/2792 2908/9860/2792 

usemtl _Brown_
vt 43.8844 30.749
vt 42.7169 32.5411
vt 42.5711 31.8074
f 2793/9876/2602 2907/9877/2785 2792/9878/2601

usemtl _Gainsboro_3
vn 0.86012 -4.23047e-14 -0.510091
f 2784/9225/2791 2788/9229/2791 2787/9228/2793 2786/9227/2793 2785/9226/2793 

usemtl _Brown_
vt 96.7818 36.8963
vn 0.6447 0.0974386 -0.7582
vt 95.36 30.999
vt 97.9807 30.999
f 2776/9879/2794 2781/9880/2593 2909/9881/2787

vt 131.018 26.626
vt 132.241 32.5678
vt 130.676 32.3057
vn 0.851718 0.132522 -0.506966
f 2781/9882/2593 2776/9883/2794 2777/9884/2795

vt 134.074 32.5935
vt 136.64 28.2981
vt 136.243 33.9742
f 2778/9885/2591 2781/9886/2593 2777/9887/2795

vt 74.2183 25.0749
vt 74.8053 29.8968
vn 0.376775 0.0830568 -0.922574
vt 73.1009 30.9882
f 2909/9888/2787 2775/9889/2796 2776/9890/2794

vt 51.12 27.2485
vt 52.8515 31.1282
vn 0.259244 0.0526414 -0.964376
vt 51.7715 32.0621
f 2909/9891/2787 2774/9892/2797 2775/9893/2796

vt 39.5912 36.939
vt 37.8416 33.0675
vt 40.4878 33.9103
f 2774/9894/2797 2909/9895/2787 2773/9896/2784

usemtl Durango
v 38.9006 31.8572 -182.239
vt 33.5755 33.2667
f 2706/8659/1142 2912/9897/1142 2770/9836/2778

f 2912/9897/1142 2706/8659/1142 2707/8658/2436

vt 42.441 35.536
vt 33.5755 30.5951
vn -3.71848e-18 0.0270479 -0.999634
vt 45.7223 30.5951
f 2712/9898/2446 2912/9899/2798 2707/9900/2445

v 38.9006 33.3556 -182.183
vt 35.3766 28.9133
vn -7.80676e-18 0.0372556 -0.999306
vt 35.3772 27.3579
vt 44.2413 32.3015
v 38.9006 36.5082 -182.066
vt 35.3752 32.1856
vn -2.02411e-18 0.020952 -0.99978
v 38.9006 35.613 -182.099
vt 35.3756 31.2564
v 37.8759 35.613 -182.111
vt 36.4385 31.2564
vn 0.0113818 0.0372532 -0.999241
v 37.0897 35.4826 -182.124
vt 37.2541 31.121
v 36.7907 35.3176 -182.134
vt 37.5643 30.9498
v 36.6575 34.4939 -182.166
vt 37.7028 30.0948
v 36.8602 34.3222 -182.17
vt 37.4926 29.9165
v 37.0711 34.2361 -182.171
vt 37.2739 29.8272
v 37.1868 33.6018 -182.193
vt 37.1541 29.1688
v 37.3185 33.4651 -182.197
vt 37.0177 29.0269
v 37.6017 33.3556 -182.198
vt 36.7239 28.9133
f 2913/9901/2799 2912/9902/2798 2712/9903/2446 2914/9904/2800 2915/9905/2799 2916/9906/2801 2917/9907/2801 2918/9908/2801 2919/9909/2801 2920/9910/2801 2921/9911/2801 2922/9912/2801 2923/9913/2801 2924/9914/2801 

vt 31.7693 27.3294
vn -3.90346e-18 0.0270479 -0.999634
vt 31.77 28.8848
v 40.1994 33.3556 -182.198
vt 30.4226 28.8848
vn -0.0113818 0.0372532 -0.999241
v 40.4826 33.4651 -182.197
vt 30.1289 28.9984
v 40.6143 33.6018 -182.193
vt 29.9924 29.1403
v 40.73 34.2361 -182.171
vt 29.8726 29.7988
v 40.9409 34.3222 -182.17
vt 29.6539 29.888
v 41.1436 34.4939 -182.166
vt 29.4438 30.0663
v 41.0104 35.3176 -182.134
vt 29.5823 30.9213
v 40.7114 35.4826 -182.124
vt 29.8925 31.0925
v 39.9252 35.613 -182.111
vt 30.7081 31.2279
vt 31.771 31.2279
vt 31.7714 32.1571
vn -1.73495e-18 0.020952 -0.99978
vt 22.9053 32.273
f 2912/9915/2802 2913/9916/2799 2925/9917/2803 2926/9918/2803 2927/9919/2803 2928/9920/2803 2929/9921/2803 2930/9922/2803 2931/9923/2803 2932/9924/2803 2933/9925/2803 2915/9926/2799 2914/9927/2804 2768/9928/2564 

vt 31.77 -127.74
vn -2.34189e-17 0.900065 -0.435755
v 39.0046 33.5028 -181.88
vt 31.6656 -127.389
vn -0.0053922 0.645074 -0.764101
vt 30.4226 -127.74
vn -0.111959 0.888695 -0.444619
f 2913/9929/2805 2934/9930/2806 2925/9931/2807

vt 33.5755 -127.254
v 38.9006 33.5028 -181.88
vt 33.5755 -126.905
vn -3.68678e-17 0.55032 -0.834954
vt 33.4675 -126.905
f 2913/9932/2805 2935/9933/2808 2934/9934/2806

v 38.7965 33.5028 -181.88
vt 33.6834 -126.905
vn 0.0053922 0.645074 -0.764101
f 2935/9933/2808 2913/9932/2805 2936/9935/2809

vt 35.4809 -126.701
vt 35.3766 -127.052
vt 36.7239 -127.052
vn 0.111959 0.888695 -0.444619
f 2936/9936/2809 2913/9937/2805 2924/9938/2810

vt 36.9462 -126.787
v 37.6405 33.5028 -181.895
vt 36.9019 -126.437
vn 0.180251 0.739324 -0.648775
vt 35.7028 -126.437
f 2924/9939/2810 2937/9940/2811 2936/9941/2809

vt 120.664 -70.8351
vt 120.881 -71.1127
vt 121.119 -70.9063
vn 0.431842 0.788444 -0.438029
f 2937/9942/2811 2924/9943/2810 2923/9944/2812

vt 120.099 -74.616
v 37.3884 33.5926 -181.894
vt 119.859 -74.3634
vn 0.451479 0.624846 -0.636973
vt 119.646 -74.5412
f 2923/9945/2812 2938/9946/2813 2937/9947/2811

vt 151.957 -8.45605
vt 152.261 -8.62743
vt 152.332 -8.44369
vn 0.762634 0.513427 -0.393423
f 2938/9948/2813 2923/9949/2812 2922/9950/2814

vt 152.436 -10.9974
v 37.2713 33.7046 -181.89
vt 152.124 -10.854
vn 0.738166 0.321842 -0.592899
vt 152.061 -11.0102
f 2922/9951/2814 2939/9952/2815 2938/9953/2813

vt 160.896 31.3282
vt 161.222 31.2197
vt 161.239 31.8887
vn 0.932918 0.189439 -0.306232
f 2939/9954/2815 2922/9955/2814 2921/9956/2816

vt 161.69 32.3882
v 37.1682 34.2248 -181.868
vt 161.36 32.3762
vn 0.527435 -0.420239 -0.738385
vt 161.35 31.8258
f 2921/9957/2816 2940/9958/2817 2939/9959/2815

vt 37.372 159.099
vn 0.000447455 -0.999306 -0.0372526
v 38.9006 34.2361 -182.15
vt 35.4742 159.1
vn 0.000223727 -0.999307 -0.0372192
v 38.8477 34.2248 -181.846
vt 35.5253 158.784
vn 0.00469845 -0.677127 -0.735851
vt 37.2674 158.785
f 2921/9960/2818 2941/9961/2819 2942/9962/2820 2940/9963/2817 

usemtl _DimGray_
vt 35.3762 155.463
vn 0.0102714 -0.862408 -0.50611
vt 37.2739 155.463
vn -0.199137 -0.823854 -0.530668
v 37.1839 34.3837 -182.437
vt 37.1601 155.779
vn -0.0680184 -0.691176 -0.719478
f 2941/9964/2821 2921/9965/2822 2943/9966/2823

v 36.9857 34.4525 -182.436
vt -38.7047 146.293
vn -0.299062 -0.607673 -0.735728
vt -38.8892 146.177
vt -38.6619 145.93
f 2944/9967/2824 2943/9968/2823 2921/9969/2822

vt 37.2751 28.487
vt 37.4806 28.5584
v 36.7951 34.5899 -182.432
vt 37.6782 28.7011
vn -0.582565 -0.323487 -0.745637
v 36.9203 35.2489 -182.399
vt 37.5479 29.3854
vn -0.600265 0.472234 -0.645505
v 37.2014 35.3809 -182.39
vt 37.2563 29.5224
vn -0.171129 0.740108 -0.65035
v 37.9404 35.4853 -182.376
vt 36.4896 29.6308
vn -0.0376834 0.696236 -0.716823
v 38.8282 35.4852 -182.365
vt 35.5687 29.6308
vn 0.0100019 0.551912 -0.833842
v 38.8576 34.4003 -182.416
vt 35.5388 28.5041
vn 0.0157248 -0.46532 -0.885003
f 2943/9970/2823 2944/9971/2824 2945/9972/2825 2946/9973/2826 2947/9974/2827 2948/9975/2828 2949/9976/2829 2950/9977/2830 

vt -77.8947 121.987
vt -78.0458 121.796
vt -77.7662 121.614
vn -0.460105 -0.702501 -0.542951
f 2945/9978/2825 2944/9979/2824 2920/9980/2831

vt -50.9464 142.658
vt -50.7583 142.801
vt -51.0115 143.018
f 2921/9981/2822 2920/9982/2831 2944/9983/2824

vt -91.1168 114.027
vt -90.9699 114.26
vn -0.854076 -0.108826 -0.508636
vt -91.2685 114.391
f 2920/9984/2831 2919/9985/2832 2945/9986/2825

vt -130.632 17.749
vt -130.61 17.0528
vt -130.3 16.9514
f 2946/9987/2826 2945/9988/2825 2919/9989/2832

vt -122.613 18.6351
vt -122.649 19.5005
vn -0.705666 0.521637 -0.479511
vt -122.955 19.4283
f 2919/9990/2832 2918/9991/2833 2946/9992/2826

vt -88.8705 -87.0416
vt -88.5793 -86.9225
vt -88.7883 -86.6364
vn -0.314603 0.845068 -0.432301
f 2946/9993/2826 2918/9994/2833 2917/9995/2834

vt -69.959 -96.4917
vt -70.2203 -96.6709
vt -69.9972 -96.9034
f 2917/9996/2834 2947/9997/2827 2946/9998/2826

vt -19.2423 -129.72
vt -19.0417 -129.475
vt -19.8062 -129.16
vn -0.0848268 0.897947 -0.431852
f 2947/9999/2827 2917/10000/2834 2916/10001/2835

vt -5.75363 -125.65
vt -5.88684 -125.933
vt -5.14785 -126.164
f 2916/10002/2835 2948/10003/2828 2947/10004/2827

vt 35.4264 -126.157
vn 0.00507355 0.901293 -0.433179
vt 35.5047 -126.463
vt 36.4256 -126.463
vt 36.4893 -126.157
f 2915/10005/2836 2949/10006/2829 2948/10007/2828 2916/10008/2835 

vt 39.8537 152.72
vt 38.1177 152.753
vt 38.0653 152.43
f 2943/10009/2823 2950/10010/2830 2941/10011/2821

usemtl Durango
vt 33.5755 159.512
v 38.9006 34.2248 -181.846
vt 33.5755 159.196
vn 0 -0.676965 -0.736015
vt 33.6303 159.196
f 2941/10012/2819 2951/10013/2837 2942/10014/2820

vn -0.000223727 -0.999307 -0.0372192
v 38.9534 34.2248 -181.846
vt 33.5206 159.196
vn -0.00469845 -0.677127 -0.735851
f 2951/10013/2837 2941/10012/2838 2952/10015/2839

vt 31.6719 159.906
vt 29.7741 159.905
vn -0.000447455 -0.999306 -0.0372526
v 40.6329 34.2248 -181.868
vt 29.8787 159.591
vn -0.527435 -0.420239 -0.738385
vt 31.6208 159.589
f 2941/10016/2838 2928/10017/2840 2953/10018/2841 2952/10019/2839 

usemtl _DimGray_
vt 29.8726 156.132
vn 0.199137 -0.823854 -0.530668
vt 31.7704 156.132
vn -0.0102714 -0.862408 -0.50611
v 40.6172 34.3837 -182.437
vt 29.9865 156.448
vn 0.0680184 -0.691176 -0.719478
f 2928/10020/2842 2941/10021/2843 2954/10022/2844

v 38.9435 34.4003 -182.416
vt 29.0061 154.375
vn -0.0157248 -0.46532 -0.885003
vt 27.2701 154.343
vt 29.0584 154.053
f 2955/10023/2845 2954/10024/2844 2941/10025/2843

v 40.8154 34.4525 -182.436
vt 29.6653 28.5206
vn 0.299062 -0.607673 -0.735728
vt 29.8709 28.4491
vt 31.6071 28.4663
v 38.9729 35.4852 -182.365
vt 31.5773 29.5929
vn -0.0100019 0.551912 -0.833842
v 39.8607 35.4853 -182.376
vt 30.6563 29.5929
vn 0.0376834 0.696236 -0.716823
v 40.5997 35.3809 -182.39
vt 29.8897 29.4845
vn 0.171129 0.740108 -0.65035
v 40.8808 35.2489 -182.399
vt 29.598 29.3475
vn 0.600265 0.472234 -0.645505
v 41.006 34.5899 -182.432
vt 29.4678 28.6632
vn 0.582565 -0.323487 -0.745637
f 2956/10026/2846 2954/10027/2844 2955/10028/2845 2957/10029/2847 2958/10030/2848 2959/10031/2849 2960/10032/2850 2961/10033/2851 

vt 99.0288 122.699
vt 98.8443 122.814
vt 98.8015 122.451
f 2954/10034/2844 2956/10035/2846 2928/10036/2842

vt 108.359 115.831
vn 0.460105 -0.702501 -0.542951
vt 108.547 115.688
vt 108.613 116.048
f 2929/10037/2852 2928/10038/2842 2956/10039/2846

vt 128.465 92.2463
vt 128.314 92.4375
vt 128.185 92.065
f 2956/10040/2846 2961/10041/2851 2929/10042/2852

vt 136.885 82.6403
vn 0.854076 -0.108826 -0.508636
vt 137.032 82.4071
vt 137.184 82.7707
f 2930/10043/2853 2929/10044/2852 2961/10045/2851

vt 157.745 28.7235
vt 157.767 29.4197
vt 157.436 28.622
f 2961/10046/2851 2960/10047/2850 2930/10048/2853

vt 154.348 28.9099
vn 0.705666 0.521637 -0.479511
vt 154.312 28.0445
vt 154.654 28.8377
f 2931/10049/2854 2930/10050/2853 2960/10051/2850

vt 135.379 -48.3271
vt 135.671 -48.4463
vt 135.588 -48.041
vn 0.314603 0.845068 -0.432301
f 2931/10052/2854 2960/10053/2850 2932/10054/2855

vt 123.006 -63.1163
vt 122.745 -62.9371
vt 122.783 -63.3489
f 2959/10055/2849 2932/10056/2855 2960/10057/2850

vt 82.392 -109.37
vt 82.5926 -109.615
vt 83.1566 -109.055
vn 0.0848268 0.897947 -0.431852
f 2932/10058/2855 2959/10059/2849 2933/10060/2856

vt 70.9334 -111.195
vt 70.8002 -110.912
vt 70.1944 -111.427
f 2958/10061/2848 2933/10062/2856 2959/10063/2849

vt 31.6416 -127.171
vt 31.7199 -126.866
vn -0.00507355 0.901293 -0.433179
vt 30.657 -126.865
vt 30.7207 -127.172
f 2957/10064/2847 2915/10065/2857 2933/10066/2856 2958/10067/2848 

usemtl Durango
vt -141.339 19.694
vt -141.67 19.7059
vn -0.932918 0.189439 -0.306232
v 40.5298 33.7046 -181.89
vt -141.329 19.1435
vn -0.738166 0.321842 -0.592899
f 2953/10068/2841 2928/10069/2858 2962/10070/2859

vt -139.364 19.7295
vn -0.762634 0.513427 -0.393423
vt -139.038 19.838
vt -139.382 20.3986
f 2927/10071/2860 2962/10072/2859 2928/10073/2858

vt -115.941 -48.6449
vt -116.254 -48.7883
v 40.4127 33.5926 -181.894
vt -115.879 -48.8011
vn -0.451479 0.624846 -0.636973
f 2962/10074/2859 2927/10075/2860 2963/10076/2861

vt -115.974 -44.5705
vn -0.431842 0.788444 -0.438029
vt -115.67 -44.3991
vt -116.044 -44.3867
f 2926/10077/2862 2963/10078/2861 2927/10079/2860

vt -65.0041 -107.366
vt -65.2449 -107.618
v 40.1606 33.5028 -181.895
vt -64.791 -107.544
vn -0.180251 0.739324 -0.648775
f 2963/10080/2861 2926/10081/2862 2964/10082/2863

vt -66.3927 -103.892
vt -66.1761 -103.614
vt -66.6306 -103.685
f 2925/10083/2807 2964/10084/2863 2926/10085/2862

vt 30.2435 -127.21
vt 30.1992 -127.56
vt 31.4427 -127.21
f 2964/10086/2863 2925/10087/2807 2934/10088/2806

vt 31.4427 27.7427
vt 31.4962 28.4924
vt 29.7541 28.4924
vt 29.8606 27.9522
vt 29.9821 27.8359
vt 30.2435 27.7427
f 2934/10089/2806 2952/10090/2839 2953/10091/2841 2962/10092/2859 2963/10093/2861 2964/10094/2863 

vt 33.5755 28.3663
vt 33.5206 28.3663
vt 33.4675 27.6165
vt 33.5755 27.6165
f 2951/10095/2837 2952/10096/2839 2934/10097/2806 2935/10098/2808 

vt 33.6303 28.3663
vt 33.6834 27.6165
f 2942/10099/2820 2951/10095/2837 2935/10098/2808 2936/10100/2809 

vt 35.6492 28.5314
vt 35.7028 27.7817
vt 36.9019 27.7817
vt 37.1634 27.8749
vt 37.2848 27.9913
vt 37.3914 28.5314
f 2942/10101/2820 2936/10102/2809 2937/10103/2811 2938/10104/2813 2939/10105/2815 2940/10106/2817 

vt 22.956 36.1745
vt 31.8221 36.0587
vn -2.31326e-18 0.020952 -0.99978
vt 22.9565 39.6391
f 2768/10107/2564 2914/10108/2864 2721/10109/2460

vt 31.8226 39.5232
f 2720/10110/2459 2721/10109/2460 2914/10108/2804

vt 44.1903 39.6486
vt 35.3242 39.5327
vt 35.3247 36.0682
f 2718/10111/2456 2720/10112/2459 2914/10113/2864

vt 44.1908 36.184
f 2914/10113/2864 2712/10114/2446 2718/10111/2456

vt 33.0232 39.6174
f 2713/8692/2447 2718/10115/2456 2712/8690/2446

vn -4.08844e-18 0.0270479 -0.999634
vt 24.7099 35.536
vt 21.4286 30.5951
f 2912/9899/2865 2768/10116/2564 2770/10117/2566

vt 108.958 64.1383
vt 137.258 65.6693
vt 102.398 65.6693
f 2386/10118/2140 2410/10119/2156 2387/10120/2141

vt 102.398 51.528
vt 137.258 51.528
vt 102.375 52.6361
f 2387/10121/2346 2410/10122/2160 2411/10123/2159

vt 39.7821 54.1368
vt 32.1183 56.01
vt 32.1167 54.1368
f 2214/10124/1984 2217/10125/1982 2215/10126/1965

usemtl _Brown_
vt 28.1343 34.4373
vn -0.212194 0.000154572 -0.977228
vt 29.4147 37.9528
vt 26.7684 38.7952
f 2031/10127/2866 2034/10128/1734 2710/10129/2450

vt 27.7857 38.5463
vt 26.5054 35.0308
vt 26.7635 35.1379
vn -0.211302 -0.00149882 -0.97742
f 2034/10130/1734 2031/10131/2866 2030/10132/2867

vt 29.4451 38.0484
f 2034/10133/1734 2030/6183/2867 2033/6184/1735

vt 25.5451 38.4113
vn -0.229972 0.00638852 -0.973176
f 2031/6181/2866 2710/10134/2450 2032/6182/2868

vt 22.6172 32.3369
vt 21.464 37.4941
vt 21.4498 30.5448
vn -0.234596 0.0125843 -0.972011
f 2032/10135/2868 2710/10136/2450 2697/10137/2869

vt 22.498 32.4145
vt 21.3306 30.6224
vt 22.6439 31.6808
f 2032/10138/2868 2697/10139/2869 2029/10140/1729

vt 25.8123 28.3817
vt 24.4661 29.4178
vt 23.153 28.3592
f 2027/10141/1727 2029/10142/1729 2697/10143/2869

usemtl _DimGray_
f 2647/8389/2348 2372/8385/2348 2648/8390/2348

f 2379/8384/2348 2648/8390/2348 2372/8385/2348

f 2378/8383/2348 2648/8390/2348 2379/8384/2348

f 2378/8383/2348 2649/8391/2348 2648/8390/2348

f 2377/8382/2348 2649/8391/2348 2378/8383/2348

f 2377/8382/2348 2650/8392/2348 2649/8391/2348

f 2376/8381/2348 2650/8392/2348 2377/8382/2348

f 2376/8381/2348 2651/8393/2348 2650/8392/2348

f 2376/8381/2348 2652/8394/2348 2651/8393/2348

f 2375/8380/2348 2652/8394/2348 2376/8381/2348

f 2375/8380/2348 2653/8395/2348 2652/8394/2348

f 2374/8379/2348 2653/8395/2348 2375/8380/2348

f 2374/8379/2348 2646/8388/2348 2653/8395/2348

f 2373/8378/2348 2646/8388/2348 2374/8379/2348

usemtl interior
vt -98.2077 38.401
vt -104.46 36.1508
vt -97.6727 36.7293
f 2379/10144/2135 2247/10145/2125 2372/10146/2127

usemtl Durango
vt 52.1562 60.8578
vt 46.4301 57.9712
vt 53.2283 59.9286
f 2136/10147/1875 2137/10148/1874 2152/10149/2343

usemtl interior
vt -100.156 70.4611
vt -105.133 68.3345
vt -104.456 67.418
vn -0.913235 -0.37259 -0.164859
f 2210/10150/1953 2383/10151/2144 2384/10152/2870

vt -97.6331 73.6675
vt -102.033 70.7712
vt -102.232 69.5979
f 2210/10153/1953 2384/10154/2870 2380/10155/2136

usemtl _DimGray_
f 2383/7502/2138 2382/7499/2138 2392/7515/2138

usemtl interior
vt -4.4416 68.3408
vn 4.41753e-12 0.32762 0.94481
vt -4.4416 80.5286
vt -5.6227 80.5286
v 65.8492 33.8598 -132.383
vt -5.6227 68.3408
f 2369/10156/2871 2247/10157/2871 2246/10158/2871 2965/10159/2871 

vn 1 2.35773e-12 -4.90878e-12
v 65.8492 46.6918 -135.283
vt 109.68 48.6541
v 65.8492 46.6918 -131.298
vt 105.546 48.6541
v 65.8492 45.2152 -129.932
vt 104.129 47.1224
v 65.8492 35.372 -125.265
vt 99.2884 36.9125
v 65.8492 29.5978 -123.575
vt 97.5348 30.9232
v 65.8492 31.2954 -110.463
vt 83.9343 32.684
v 65.8492 30.4563 -107.663
vt 81.0304 31.8137
v 65.8492 28.494 -105.601
vt 78.8913 29.7782
vt 80.0916 20.8596
v 65.8492 19.8957 -123.062
v 65.8492 28.8719 -126.02
f 2965/6423/2872 2246/6424/2872 2966/10160/2872 2967/10161/2872 2968/10162/2872 2969/10163/2872 2970/10164/2872 2971/10165/2872 2972/10166/2872 2973/10167/2872 2256/10168/2872 2974/6421/2872 2975/6422/2872 

v 18.0248 46.6918 -135.283
vt 55.229 -10.0735
vn -2.03142e-12 -0.509506 -0.860467
v 27.6276 46.6918 -135.283
vt 45.2684 -10.0735
vn -3.40821e-20 -0.509506 -0.860467
v 50.1735 46.6918 -135.283
vt 21.8825 -10.0735
v 59.7763 46.6918 -135.283
vt 11.9219 -10.0735
vn 2.03142e-12 -0.509506 -0.860467
vt 5.6227 -10.0735
vt 5.6227 -12.1208
vn -3.47301e-20 0.480807 -0.876827
vt 61.5282 -12.1208
v 11.9519 46.6918 -135.283
vt 61.5282 -10.0735
f 2976/10169/2873 2977/10170/2874 2978/10171/2874 2979/10172/2875 2966/10173/2875 2246/10174/2876 2245/10175/2876 2980/10176/2873 

vt 55.229 48.6541
vn -0.707107 1.42077e-14 -0.707107
v 18.0248 48.2325 -135.283
vt 55.229 50.2522
vn -0.462362 0.251677 -0.850224
v 27.6276 48.2325 -135.283
vt 45.2684 50.2522
vn 0.462362 0.251677 -0.850224
vt 45.2684 48.6541
vn 0.707107 -1.42077e-14 -0.707107
f 2976/10177/2877 2981/10178/2878 2982/10179/2879 2977/10180/2880 

vt -109.68 50.2522
vt -109.68 48.6541
v 18.0248 46.6918 -131.298
vt -105.546 48.6541
vn -0.707107 1.42077e-14 0.707107
v 18.0248 48.1745 -131.298
vt -105.546 50.192
vn -0.463122 0.257486 0.848068
v 18.0248 49.1923 -131.979
vt -106.252 51.2477
vn -0.493146 0.767325 0.409902
v 18.0248 49.1923 -134.661
vt -109.034 51.2477
vn -0.494549 0.763747 -0.414863
f 2981/10181/2878 2976/10182/2877 2983/10183/2881 2984/10184/2882 2985/10185/2883 2986/10186/2884 

vt -55.229 50.192
vt -55.229 48.6541
v 27.6276 46.6918 -131.298
vt -45.2684 48.6541
vn 0.707107 -1.42077e-14 0.707107
v 27.6276 48.1745 -131.298
vt -45.2684 50.192
vn 0.463122 0.257486 0.848068
f 2984/10187/2882 2983/10188/2881 2987/10189/2885 2988/10190/2886 

v 11.9519 46.6918 -131.298
vt -61.5282 107.392
vn -2.58399e-12 -0.400551 0.916274
v 11.9519 45.2152 -129.932
vt -61.5282 105.305
vn 1.13776e-20 0.560202 0.828356
vt -5.6227 105.305
vt -5.6227 107.392
vn 2.58399e-12 -0.400551 0.916274
v 59.7763 46.6918 -131.298
vt -11.9219 107.392
v 50.1735 46.6918 -131.298
vt -21.8825 107.392
vn 2.80778e-20 -0.400551 0.916274
vt -45.2684 107.392
vt -55.229 107.392
f 2989/10191/2887 2990/10192/2888 2968/10193/2888 2967/10194/2889 2991/10195/2889 2992/10196/2890 2987/10197/2890 2983/10198/2887 

vn -1 2.35773e-12 -4.90878e-12
vt -80.0916 20.8596
v 11.9519 28.494 -105.601
vt -78.8913 29.7782
v 11.9519 30.4563 -107.663
vt -81.0304 31.8137
v 11.9519 31.2954 -110.463
vt -83.9343 32.684
v 11.9519 29.5978 -123.575
vt -97.5348 30.9232
v 11.9519 35.372 -125.265
vt -99.2884 36.9125
vt -104.129 47.1224
f 2245/7449/2891 2250/7450/2891 2251/7451/2891 2252/7452/2891 2253/10199/2891 2993/10200/2891 2994/10201/2891 2995/10202/2891 2996/10203/2891 2997/10204/2891 2990/10205/2891 2989/10183/2891 2980/10182/2891 

vt -5.6227 18.9901
vn 0 0.33181 0.943346
vt -61.5282 18.9901
vt -61.5282 9.99107
vn 0 -0.133374 0.991066
vt -5.6227 9.99107
f 2973/10206/2892 2993/10207/2892 2253/10208/2893 2256/10209/2893 

vt -5.6227 80.6319
vn 0 0.864883 0.501974
vt -61.5282 80.6319
vt -61.5282 77.6791
vt -5.6227 77.6791
f 2972/10210/2894 2994/10211/2894 2993/10212/2892 2973/10213/2892 

vt -5.6227 89.7842
vn 0 0.996704 0.0811259
vt -61.5282 89.7842
vt -61.5282 86.7527
vt -5.6227 86.7527
f 2971/10214/2895 2995/10215/2895 2994/10216/2894 2972/10217/2894 

vt 5.6227 -92.7572
vn 0 0.991723 -0.128393
vt 61.5282 -92.7572
vt 61.5282 -79.0432
vt 5.6227 -79.0432
f 2970/10218/2896 2996/10219/2896 2995/10220/2895 2971/10221/2895 

vt -5.6227 63.324
vn 0 0.355791 0.934565
vt -61.5282 63.324
vt -61.5282 57.0833
vn 0 0.280986 0.959712
vt -5.6227 57.0833
f 2969/10222/2897 2997/10223/2897 2996/10224/2898 2970/10225/2898 

vt -61.5282 87.1865
vt -61.5282 75.8873
vt -5.6227 75.8873
vt -5.6227 87.1865
f 2990/10226/2888 2997/10227/2897 2969/10228/2897 2968/10229/2888 

usemtl FrontColor
vt 61.5282 109.68
vt 55.229 109.68
vt 45.2684 109.68
vn -2.07004e-12 -1 -2.99805e-23
vt 45.2684 105.546
vt 55.229 105.546
vt 61.5282 105.546
f 2980/10230/2873 2976/10231/2873 2977/10232/2899 2987/10233/2899 2983/10234/2887 2989/10235/2887 

usemtl interior
vt 109.68 50.2522
v 27.6276 49.1923 -134.661
vt 109.034 51.2477
vn 0.494549 0.763747 -0.414863
v 27.6276 49.1923 -131.979
vt 106.252 51.2477
vn 0.493146 0.767325 0.409902
vt 105.546 50.192
f 2977/10160/2880 2982/10236/2879 2998/10237/2900 2999/10238/2901 2988/10239/2886 2987/10161/2885 

vt 55.229 -17.5467
vt 55.229 -16.3599
vt 45.2684 -16.3599
vt 45.2684 -17.5467
f 2981/10240/2878 2986/10241/2884 2998/10242/2900 2982/10243/2879 

vt -55.229 109.034
vt -55.229 106.252
vt -45.2684 106.252
vt -45.2684 109.034
f 2986/10244/2884 2985/10245/2883 2999/10246/2901 2998/10247/2900 

vt -55.229 101.671
vt -55.229 100.401
vt -45.2684 100.401
vt -45.2684 101.671
f 2985/10248/2883 2984/10249/2882 2988/10250/2886 2999/10251/2901 

usemtl FrontColor
vt 21.8825 109.68
vt 21.8825 105.546
f 2987/10233/2890 2977/10232/2874 2978/10252/2874 2992/10253/2890 

vt 11.9219 109.68
vt 5.6227 109.68
vt 5.6227 105.546
vt 11.9219 105.546
vn 2.07004e-12 -1 -2.99805e-23
f 2979/10254/2875 2966/10255/2875 2967/10256/2889 2991/10257/2889 2992/10253/2902 2978/10252/2902 

usemtl interior
vt -11.9219 48.6541
vn 0.707107 1.42077e-14 0.707107
v 59.7763 48.1745 -131.298
vt -11.9219 50.192
v 50.1735 48.1745 -131.298
vt -21.8825 50.192
vt -21.8825 48.6541
vn -0.707107 -1.42077e-14 0.707107
f 2991/10258/2903 3000/10259/2886 3001/10260/2882 2992/10261/2904 

vn 0.707107 1.42077e-14 -0.707107
v 59.7763 48.2325 -135.283
v 59.7763 49.1923 -134.661
v 59.7763 49.1923 -131.979
f 2979/10160/2905 3002/10236/2879 3003/10237/2900 3004/10238/2901 3000/10239/2886 2991/10161/2903 

vt 11.9219 50.2522
vt 11.9219 48.6541
vt 21.8825 48.6541
vn -0.707107 -1.42077e-14 -0.707107
v 50.1735 48.2325 -135.283
vt 21.8825 50.2522
f 3002/10262/2879 2979/10263/2905 2978/10264/2906 3005/10265/2878 

v 50.1735 49.1923 -131.979
v 50.1735 49.1923 -134.661
f 3005/10181/2878 2978/10182/2906 2992/10183/2904 3001/10184/2882 3006/10185/2883 3007/10186/2884 

vt -11.9219 100.401
vt -11.9219 101.671
vt -21.8825 101.671
vt -21.8825 100.401
f 3000/10266/2886 3004/10267/2901 3006/10268/2883 3001/10269/2882 

vt -11.9219 106.252
vt -11.9219 109.034
vt -21.8825 109.034
vt -21.8825 106.252
f 3004/10270/2901 3003/10271/2900 3007/10272/2884 3006/10273/2883 

vt 11.9219 -16.3599
vt 11.9219 -17.5467
vt 21.8825 -17.5467
vt 21.8825 -16.3599
f 3003/10274/2900 3002/10275/2879 3005/10276/2878 3007/10277/2884 

vn -5.87455e-12 1 -3.63874e-30
vt -4.4416 97.0034
vt -5.6227 97.0034
f 2255/7058/2907 2371/10278/2907 2974/10279/2907 2256/7059/2907 

vt -4.4416 50.1706
vn 4.52088e-12 0.312968 0.949764
vt -4.4416 59.9738
vt -5.6227 59.9738
vt -5.6227 50.1706
f 2371/10280/2908 2370/10281/2908 2975/10282/2908 2974/10283/2908 

vt -4.4416 97.3697
vn -4.89791e-13 0.786997 0.616957
vt -4.4416 105.755
vt -5.6227 105.755
vt -5.6227 97.3697
f 2370/10284/2909 2369/10285/2909 2965/10286/2909 2975/10287/2909 

vt 136.501 17.9542
vt 132.063 28.308
vt 134.595 17.9367
f 2236/10288/1991 2055/10289/1762 2050/10290/1757

vt -4.49034 -21.7211
vt -2.6114 -25.9503
vt -1.20851 -19.1023
f 2144/10291/1890 2106/10292/1889 2105/10293/1820

vt -18.3081 49.2482
vt -22.108 49.6968
vn -0.739403 -0.251529 -0.624513
vt -22.4821 48.7929
f 2105/10294/1820 2145/10295/2910 2144/10296/1890

vt -17.6322 51.5613
vt -21.3218 53.2983
vt -21.4283 52.0409
f 2105/10297/1820 2115/10298/1825 2145/10299/2910

vt -13.3686 65.8373
vt -13.2808 53.0607
vt -9.98573 50.6581
f 2112/10300/1822 2115/10301/1825 2105/10302/1820

usemtl Durango
vt 20.8822 35.229
vt 33.0532 36.3072
vt 22.1448 36.9241
vn 0.825886 0.563664 0.0139398
f 1440/10303/902 1442/10304/904 2146/10305/2911

vt 20.8652 35.167
vt 22.102 36.881
vn 0.709651 0.700771 0.0729048
vt 13.6587 34.6842
f 1440/10306/900 2146/10307/2912 1439/10308/898

vt 6.64613 29.0604
vt 13.4345 26.9666
vt 21.6176 29.9919
f 1438/10309/897 1439/10310/898 2146/10311/2912

v 66.7695 43.2412 -36.811
vt 6.64801 36.7394
vn 0.69631 0.707723 0.119503
vt 6.70917 34.2186
vt 21.6902 34.9802
vn 0.687591 0.717378 0.112192
f 3008/10312/2913 1438/10313/896 2146/10314/2914

vt -5.43643 35.5258
vt 6.63743 34.3073
vt 6.54657 36.8272
f 1437/10315/895 1438/10316/896 3008/10317/2913

vt 1.80329 14.0743
vn 0.120442 0.987699 0.0997252
vt -13.4191 11.4261
vt -7.38452 6.27234
f 3008/10318/2915 1436/10319/892 1437/10320/894

vt -13.5043 10.8321
vt 1.6788 13.6965
v 58.5118 44.0388 -38.829
vt -3.19876 21.0884
vn 0.0706703 0.989546 0.125717
f 1436/10321/892 3008/10322/2915 3009/10323/2916

v 62.8509 44.8684 -47.231
vt 0.190125 26.8953
vn 0.11003 0.985101 0.132168
vt -7.67448 20.9711
vt -0.892618 15.2757
f 3010/10324/2917 3009/10325/2916 3008/10326/2915

vt -4.40509 24.9727
vt 4.5311 29.107
v 58.1745 45.0283 -44.4905
vt -1.03677 29.9038
vn 0.0626358 0.984153 0.165888
f 3009/10327/2916 3010/10328/2917 3011/10329/2918

vt 5.10863 -9.93382
vn -0.066934 0.964055 -0.257135
vt 6.20911 -7.51672
vn -0.0381153 0.98297 -0.179769
vt 0.625129 -8.19144
vn -0.174854 0.929132 -0.325792
f 2108/10330/2919 3011/10331/2920 3010/10332/2921

vt 24.3535 -5.80346
vt 13.5701 -4.62004
vt 13.5015 -7.27499
f 1425/10333/872 3011/10334/2920 2108/10335/2919

vt 21.2448 -16.1994
v 50.3324 45.0283 -43.1621
vt 19.0533 -13.2581
vn -0.0101537 0.995533 -0.0938668
vt 10.8031 -13.2581
f 1425/10336/872 3012/10337/2922 3011/10338/2920

vt 23.4482 -13.2079
vt 29.0819 -10.5353
vt 20.936 -10.5353
f 1425/10339/872 1426/10340/871 3012/10341/2922

v 50.2541 44.6466 -40.8471
vt -21.1447 20.2889
vn 0.0347906 0.991814 0.122856
vt -20.936 22.7149
vn 0.0181908 0.986415 0.163262
vt -29.0819 22.7149
vn 0.0243604 0.994019 0.106459
f 3013/10342/2923 3012/10343/2924 1426/10344/2925

vt -19.5344 22.7088
vt -10.8031 25.0958
vt -19.0533 25.0958
f 3013/10345/2923 3011/10346/2918 3012/10347/2924

vt -11.3031 19.604
vt -10.5998 25.5341
vt -19.3576 23.2466
f 3009/10348/2916 3011/10349/2918 3013/10350/2923

vt -11.7958 26.1853
vt -14.2812 7.90931
vt -5.78208 19.7061
f 3013/10351/2923 1436/10352/892 3009/10353/2916

vt -14.0654 8.71671
vt -10.593 26.8311
vt -20.6872 13.0667
f 1436/10354/892 3013/10355/2923 1434/10356/890

vt -23.1503 27.1785
vt -22.2693 6.50233
vt -16.2995 22.4933
f 1426/10357/2925 1434/10358/890 3013/10359/2923

vt -22.0479 7.93244
vt -21.5916 28.6223
vt -29.8493 10.9446
f 1434/10360/890 1426/10361/2925 1432/10362/888

vt -15.542 11.928
vt 3.89128 10.6531
vt -15.5056 12.7623
f 1427/10363/873 1432/10364/886 1426/10365/874

vt 3.37978 2.3515
vt -16.0357 3.87427
vt 3.33352 1.62064
f 1432/10366/886 1427/10367/873 1428/10368/885

usemtl _DimGray_
v 57.5023 45.7325 -48.0605
vt -11.0376 49.424
vn 0.184942 0.690973 0.698823
vt -21.4035 48.0695
vt -10.4614 47.6214
vn 0.248147 0.707406 0.661815
f 3014/10369/2926 1425/10370/870 2108/10371/2927

vt -21.3725 48.2338
vt -11.0053 49.5776
vt -21.3317 49.9894
f 1425/10372/870 3014/10373/2926 1424/10374/869

usemtl LightSteelBlue
vt -10.688 45.032
vn 0.155391 0.806468 0.570494
vt -18.5186 60.4827
vt -21.0092 45.5593
vn 0.0670416 0.819677 0.568889
f 3014/10375/2928 2125/10376/1845 1424/10377/2929

vt -19.928 60.1687
vt -11.5761 44.9936
vt -10.8267 60.1687
f 2125/10378/1845 3014/10379/2928 2122/10380/1842

vt 2.56474 47.6627
vt 0.897835 62.4861
vt -3.90827 48.0726
f 2121/10381/1841 2122/10382/1842 3014/10383/2928

usemtl _DimGray_
vt -3.96197 48.3889
vt 2.33191 49.9113
vn 0.349041 0.726465 0.591962
vt -4.14399 50.2726
f 2108/10384/2927 2121/10385/2930 3014/10386/2926

vt 2.21413 49.664
vt -4.07421 48.1189
vt 2.76776 47.7228
vn 0.359672 0.756218 0.5466
f 2121/10387/2930 2108/10388/2927 2109/10389/2931

usemtl Durango
vt 7.43611 -4.49283
vt 2.79746 -3.21978
vt 0.631399 -5.30851
vn -0.24549 0.910478 -0.332812
f 2108/10390/2919 3010/10391/2921 2109/10392/2932

vt -6.8077 6.51838
vt -4.10776 7.84691
v 66.047 44.7085 -49.9714
vt -8.46663 7.53336
vn -0.315834 0.887289 -0.336107
f 2109/10393/2932 3010/10394/2921 3015/10395/2933

vt 9.47496 25.7073
vt 3.24695 15.8381
vt 13.7361 24.7375
vn 0.189234 0.976975 0.0985404
f 3010/10396/2917 3008/10397/2915 3015/10398/2934

vt 17.7486 24.402
vt 5.3137 18.5201
vt 21.0447 23.761
vn 0.240904 0.96594 0.0944733
f 3015/10399/2934 3008/10400/2915 2110/10401/2935

vt 6.73162 34.3535
vt 21.7549 32.4392
vt 23.1874 36.3876
vn 0.658806 0.745306 0.102437
f 3008/10402/2913 2146/10403/2914 2110/10404/2936

vt 16.4702 43.0573
vn 0.489607 0.7785 0.392713
vt 16.695 38.8631
vt 19.3919 43.0894
f 2110/10405/2937 2146/10406/2937 2117/10407/2937

vt -11.7757 1.08811
vt -13.1714 2.44241
vt -16.5031 2.02403
vn -0.309687 0.918072 -0.247464
f 2109/10408/2932 3015/10409/2933 2110/10410/2938

usemtl _DimGray_
vt 9.9778 46.5784
vt 6.09555 44.6809
vt 10.8751 45.2976
f 2119/10411/1837 2109/10412/2931 2110/10413/1835

vt 7.4539 46.33
vt 11.4259 48.0316
vt 7.21679 48.3346
f 2109/10414/2931 2119/10415/1837 2121/10416/2930

usemtl LightSteelBlue
v 38.9006 54.3465 -57.9781
vt -31.1228 58.6966
vn -4.63359e-18 0.835291 0.549808
vt -23.022 43.623
vt -21.7195 58.6966
f 3016/10417/2939 1424/10418/2929 2125/10419/1845

vt -22.7135 43.7829
vt -30.6218 58.9585
vn -1.1584e-18 0.835291 0.549808
vt -31.7926 44.0422
vn 0 0.82376 0.566939
f 1424/10420/2929 3016/10421/2940 1423/10422/2941

vt -36.2255 53.7113
vt -44.1337 38.5357
vt -35.0546 38.795
f 3016/10423/2939 1415/10424/842 1423/10425/2941

vt -43.9161 39.2433
vt -35.8153 54.3169
vn -3.47519e-18 0.835291 0.549808
vt -45.2186 54.3169
f 1415/10426/842 3016/10427/2942 1413/10428/840

vt -45.2186 51.9159
vt -35.8153 51.9159
vt -36.7962 66.2203
f 1413/10429/840 3016/10430/2942 2126/10431/1846

vt -31.1228 56.5061
vn -2.3168e-18 0.835291 0.549808
vt -21.7195 56.5061
vt -30.1419 70.8105
f 3016/10432/2943 2125/10433/1845 2126/10434/1846

vt -35.0121 68.0822
vt -40.6627 68.0822
vt -43.9764 54.1111
f 2126/10435/1846 1411/10436/838 1413/10437/840

usemtl _DimGray_
vt -40.6627 75.6881
vt -35.0121 75.6881
vt -35.0256 76.3742
f 1411/10438/836 2126/10439/1847 1409/10440/1849

vt -35.0397 76.3612
vn -3.49378e-13 0.566089 0.824344
vt -40.6352 76.3612
vt -40.6767 75.674
f 1409/10441/2944 1407/10442/834 1411/10443/836

usemtl interior
vt 15.1411 -10.425
vt 35.5707 -13.4913
vn -4.91192e-14 0.993401 -0.114697
vt 25.8105 -7.95653
vn 0.0108517 0.991374 -0.130614
f 2108/10444/1815 1422/10445/2945 1425/10446/2946

vt 25.5062 -8.71443
vt 35.1498 -14.45
vt 34.6422 -7.37974
f 1425/10447/2946 1422/10448/864 1097/10449/866

usemtl _DimGray_
v 8.50312 45.4468 -98.4029
vt -71.4251 22.3351
vn -0.940117 0.340853 -5.94222e-08
f 3017/10450/2947 1322/6366/2947 1324/6374/2947

v 8.77619 46.1999 -129.475
vt -103.655 23.166
f 1322/6366/2947 3017/10450/2947 3018/10451/2947

usemtl LightSteelBlue
vn -0.940117 0.340853 -5.45797e-08
v 14.1093 60.9093 -99.407
vt -72.4666 39.3953
v 14.285 61.3941 -100.093
vt -73.1778 39.9302
v 14.4272 61.7863 -101.763
vt -74.9109 40.3629
v 14.5121 62.0204 -124.307
vt -98.2943 40.6212
v 14.4526 61.8561 -125.192
vt -99.2126 40.4399
v 14.1741 61.088 -126.075
vt -100.129 39.5925
v 9.0834 47.0473 -129.654
vt -103.841 24.1009
f 3017/10450/2948 3019/10452/2948 3020/10453/2948 3021/10454/2948 3022/10455/2948 3023/10456/2948 3024/10457/2948 3025/10458/2948 3018/10451/2948 

usemtl _DimGray_
f 3017/10450/2947 2088/6373/2947 3019/10452/2947

f 2088/6373/2947 3017/10450/2947 1324/6374/2947

f 3019/10452/2947 2088/6373/2947 2087/6372/2947

f 3019/10452/2947 2087/6372/2947 3020/10453/2947

f 3020/10453/2947 2087/6372/2947 2086/6371/2947

f 3020/10453/2947 2086/6371/2947 3021/10454/2947

f 3021/10454/2947 2086/6371/2947 2085/6370/2947

f 3021/10454/2947 2085/6370/2947 3022/10455/2947

f 3022/10455/2947 2085/6370/2947 3023/10456/2947

f 3023/10456/2947 2085/6370/2947 2084/6369/2947

f 3023/10456/2947 2084/6369/2947 3024/10457/2947

f 3024/10457/2947 2084/6369/2947 2083/6368/2947

f 3024/10457/2947 2083/6368/2947 3025/10458/2947

f 3025/10458/2947 2083/6368/2947 2082/6367/2947

f 3025/10458/2947 2082/6367/2947 1322/6366/2947

f 1322/6366/2947 3018/10451/2947 3025/10458/2947

usemtl Durango
vt -111.69 20.2058
vn -0.983336 0.16763 0.0703587
vt -114.299 22.8912
vt -115.178 21.55
f 2004/10459/2949 1305/10460/1704 2006/10461/1706

vt -113.25 19.2013
vt -110.109 18.6508
vt -115.846 21.9008
f 2004/10462/2949 1776/10463/1311 1305/10464/1704

vt -108.965 26.7586
vt -108.48 28.1628
vt -111.623 28.7008
f 1778/10465/1309 1776/10466/1311 2004/10467/2949

vt -104.774 27.3718
vt -67.464 30.0275
vt -110.55 30.549
f 1776/10468/1305 1283/10469/1307 1305/10470/726

vt -67.5066 30.2128
vt -110.597 26.5467
vt -67.5106 26.0221
f 1282/10471/720 1305/10472/726 1283/10473/1307

usemtl _Silver_1
v 40.3874 34.0313 -2.99251
vt -42.1123 35.2662
vn 0.775832 0.25019 0.579214
vt -43.8737 38.7499
vt -44.0701 34.15
f 3026/10474/2950 1232/10475/1266 1200/10476/1228

v 40.4213 36.303 -2.99476
vt -41.3144 37.9324
vn 0.838364 -0.201494 0.506503
vt -43.1193 39.0539
vt -41.3463 35.576
f 3027/10477/2951 1232/10478/1267 3026/10479/2950

vt -39.9581 40.0006
vt -41.9859 40.6652
vn -1.3217e-17 -0.147122 0.989118
vt -40.1915 39.5271
f 1231/10480/641 1232/10481/2952 3027/10482/2951

vt -25.3566 18.2118
vt -25.3566 17.684
v 40.3861 36.303 -3.52497
vt -24.8054 17.684
vn 0.966553 -0.248301 -0.0641984
v 40.6237 36.7528 -3.54075
vt -24.8054 18.2118
vn 0.514673 -0.856705 -0.0341845
f 1231/10483/641 3027/10484/2951 3028/10485/2953 3029/10486/2954 

vt -25.3566 37.3692
vt -25.3566 35.0127
v 40.3522 34.0313 -3.52272
vt -24.8054 35.0127
vn 0.933336 0.353612 -0.0619921
vt -24.8054 37.3692
f 3027/10487/2951 3026/10488/2950 3030/10489/2955 3028/10490/2953 

vt -25.3566 49.0123
v 40.6514 33.7403 -3.01004
vt -25.3566 48.6043
vn 0.280896 0.86172 0.422536
v 40.6162 33.7403 -3.54025
vt -24.8054 48.6043
vn 0.405168 0.913846 -0.0269114
vt -24.8054 49.0123
f 3026/10491/2950 3031/10492/2956 3032/10493/2957 3030/10494/2955 

vt -40.9622 30.0901
vt -42.8816 28.909
vn 3.72968e-17 0.0132123 0.999913
vt -40.7091 29.7701
f 3026/10495/2950 1200/10496/2958 3031/10497/2956

vt -24.2545 -3.43952
vt -32.4504 -2.00751
vt -34.2971 -3.43952
vn 4.71205e-17 0.0132123 0.999913
f 1223/10498/633 3031/10499/2956 1200/10500/2959

vt -25.5427 -7.84495
vt -16.9852 -6.20145
vt -33.6738 -6.08206
f 1223/10501/633 1224/10502/634 3031/10503/2956

vt -25.3554 33.6304
vt -25.356 16.9413
v 56.6703 33.6873 -4.60657
vt -24.8048 16.9413
vn -0.487414 0.87257 0.0323739
vt -24.8042 33.6304
f 3031/10504/2956 1224/10505/634 3033/10506/2960 3032/10507/2957 

vt 25.3566 21.2901
vt 25.3566 22.029
v 57.0399 34.2958 -4.63112
vt 24.8054 22.029
vn -0.9646 0.255816 0.0640686
vt 24.8054 21.2901
f 1224/10508/634 1225/10509/635 3034/10510/2961 3033/10511/2960 

vt 25.3566 36.264
vt 25.3566 38.1309
v 56.9871 36.0948 -4.62761
vt 24.8054 38.1309
vn -0.869387 -0.490747 0.0577446
vt 24.8054 36.264
f 1225/10512/635 1226/10513/636 3035/10514/2962 3034/10515/2961 

vt 25.3566 34.309
vt 25.3566 34.8646
v 56.5383 36.3858 -4.5978
vt 24.8054 34.8646
vn -0.32085 -0.94689 0.021311
vt 24.8054 34.309
f 1226/10516/636 1227/10517/637 3036/10518/2963 3035/10519/2962 

vt 25.3566 19.9576
vt 25.3566 24.6943
v 51.9965 36.7528 -4.29614
vt 24.8054 24.6943
vn -0.040122 -0.999191 0.00266502
vt 24.8054 19.9576
f 1227/10520/637 1229/10521/639 3037/10522/2964 3036/10523/2963 

vt 19.955 -26.7379
vt 31.7516 -27.5214
vt 31.7881 -26.9715
vt 19.9915 -26.1879
f 1229/10524/639 1231/10525/641 3029/10526/2954 3037/10527/2964 

usemtl _DimGray_
vt -16.4952 37.6622
vn 0.0662739 1.19209e-07 0.997801
vt -16.9618 37.9641
vt -21.6832 38.3447
vt -33.5057 38.3447
vt -33.7527 37.8782
vt -33.7879 35.5219
vt -33.5135 35.22
vt -16.8245 35.165
vt -16.4404 35.7962
f 3035/10528/2965 3036/10529/2965 3037/10530/2965 3029/10531/2965 3028/10532/2965 3030/10533/2965 3032/10534/2965 3033/10535/2965 3034/10536/2965 

usemtl _Silver_1
v 40.4666 32.1145 -2.99777
vt -32.6423 41.4622
vn 0.314616 -0.838491 0.444915
vt -24.2545 42.9237
vt -34.2971 42.9237
vn 5.26151e-17 0.0132123 0.999913
f 3038/10537/2966 1223/10538/633 1200/10539/2967

vt -17.1966 38.7304
vt -25.3726 40.4775
vt -33.7056 38.7304
f 1221/10540/631 1223/10541/633 3038/10542/2966

vt 15.4783 -26.4406
vt 31.951 -27.5347
v 40.4314 32.1145 -3.52798
vt 31.9876 -26.9847
vn 0.457372 -0.888757 -0.0303785
vt 15.5148 -25.8906
f 1221/10543/631 3038/10544/2966 3039/10545/2968 1222/10546/632 

vt -25.3566 7.78065
vt -25.3566 7.40199
vt -24.8054 7.40199
vt -24.8054 7.78065
f 3038/10547/2966 1201/10548/605 1203/10549/607 3039/10550/2968 

vt -43.3329 35.454
vn 2.66405e-17 0.0132123 0.999913
vt -41.5214 34.2177
vt -41.323 34.5403
f 1200/10551/2969 1201/10552/605 3038/10553/2966

usemtl _DimGray_
vt -16.5756 33.2231
vt -17.1966 33.5336
vt -33.7056 33.5336
vt -33.9251 33.2251
vt -33.98 31.0297
vt -33.8239 30.7809
vt -21.9472 30.7809
vt -17.7011 31.3603
vt -16.8085 31.826
f 1220/10554/2965 1222/10555/2965 3039/10556/2965 1203/10557/2965 1202/10558/2965 1204/10559/2965 1206/10560/2965 1218/10561/2965 1219/10562/2965 

usemtl Durango
vt -42.9284 -13.3322
f 1715/10563/1216 1193/2722/590 1194/2724/591

f 1715/4513/1216 1192/2720/589 1193/2721/590

vt -20.3729 30.5488
vt -16.8924 30.5488
vt -20.6108 31.0414
f 1183/10564/580 1179/10565/565 1180/10566/566

usemtl _DimGray_
vt -12.7639 -103.257
vt -12.7639 -106.723
vt 3.38682 -106.723
v 74.5421 31.535 -154.423
vt 3.39407 -103.257
vn -4.61223e-19 -0.963591 0.26738
f 1633/10567/1114 1625/10568/1104 1623/10569/1107 3040/10570/2970 

usemtl Durango
vt 130.938 24.2286
vt 132.617 26.0755
vt 127.829 25.7619
vn 0.951636 0.277252 -0.132365
f 1623/10571/1100 1621/10572/1102 3040/10573/2971

v 73.8311 33.4358 -155.553
vt 129.093 27.8139
vn 0.948832 0.303897 -0.0858138
vn 0.950803 0.303066 -0.0642266
f 3041/10574/2972 3040/10573/2973 1621/10572/2971

v 73.8607 33.9942 -150.118
vt 124.85 30.9108
vn 0.949941 0.311609 -0.0226276
vt 129.281 28.2089
vt 130.483 30.2972
f 3042/10575/2974 3040/10576/2973 3041/10577/2972

vt 124.978 32.1996
v 74.4923 32.0276 -149.629
vt 124.456 30.0605
vn 0.952909 0.30301 -0.0122298
vt 129.426 29.5247
f 3042/10578/2974 3043/10579/2975 3040/10580/2973

v 73.9281 33.9942 -141.926
vt 116.543 32.6743
vn 0.952225 0.305357 0.00498293
vt 124.528 30.5331
vt 125.041 32.6743
f 3044/10581/2976 3043/10582/2975 3042/10583/2974

v 74.5517 32.0276 -142.403
vt 117.032 30.5331
vn 0.953398 0.301704 0.00269346
f 3044/10581/2976 3045/10584/2977 3043/10582/2975

vt 117.1 31.3764
vt 116.596 33.5144
v 74.6403 31.535 -137.638
vt 112.16 30.8409
vn 0.956545 0.286301 0.0552606
f 3045/10585/2977 3044/10586/2976 3046/10587/2978

v 73.9854 33.4358 -136.523
vt 111.001 33.0768
vn 0.953694 0.295411 0.0565678
vt 112.173 31.0003
vt 116.602 33.6869
f 3047/10588/2979 3046/10589/2978 3044/10590/2976

vt 111.952 33.6115
vt 110.737 35.663
v 74.0326 32.1664 -133.151
vt 107.259 34.2929
vn 0.962844 0.245048 0.113501
f 3046/10591/2978 3047/10592/2979 3048/10593/2980

vt 110.043 36.3809
vn 0.981826 0.185617 0.039554
vt 107.433 33.6955
vn 0.983336 0.16763 0.0703587
vt 110.921 35.0397
vn 0.97552 0.216623 0.0378773
f 1552/10594/2981 3048/10595/2982 3047/10596/2983

v 73.883 31.6492 -130.124
vt 104.158 33.6769
vn 0.988247 0.115569 0.100054
vt 107.299 34.2274
vt 109.894 36.9269
f 3049/10597/2984 3048/10598/2982 1552/10599/2981

vt 104.294 33.2438
v 74.0146 30.2993 -130.585
vt 104.78 31.8396
vn 0.992279 0.0428789 0.11638
vt 107.438 33.7818
f 3049/10600/2984 3050/10601/2985 3048/10602/2982

v 73.7362 29.4721 -128.511
vt 101.869 31.3427
vn 0.98481 0.0149374 0.172993
vt 104.039 32.2017
vt 103.546 33.6033
f 3051/10603/2986 3050/10604/2985 3049/10605/2984

vt 102.048 30.8806
v 73.7986 27.3599 -128.845
vt 102.4 28.6897
vn 0.98312 -0.0604044 0.172702
vt 104.218 31.7387
f 3051/10606/2986 3052/10607/2987 3050/10608/2985

v 73.4679 26.6955 -127.48
vt 99.3477 27.743
vn 0.992623 -0.112878 0.0442515
vt 100.805 28.4322
vt 100.452 30.6231
f 3053/10609/2988 3052/10610/2987 3051/10611/2986

vt 100.774 25.1098
v 72.8238 22.9437 -127.817
vt 101.019 21.1534
vn 0.985006 -0.164422 -0.0522414
vt 102.226 25.8104
f 3053/10612/2988 3054/10613/2989 3052/10614/2987

vt 98.2171 27.6575
vt 97.7102 31.5889
v 73.1844 23.5124 -126.76
vt 97.0614 28.2534
vn 0.957722 -0.141966 -0.250227
f 3054/10615/2989 3053/10616/2988 3055/10617/2990

vt 100.665 25.1045
vn 0.970301 -0.241036 -0.0204367
vt 101.399 28.4222
vn 0.998634 -0.0519644 -0.00541507
v 73.4947 24.2936 -121.238
vt 94.929 25.9187
vn 0.969897 -0.243431 0.00634596
f 3055/10618/2991 3053/10619/2992 3056/10620/2993

v 73.1134 29.3451 -94.1568
vt 67.034 30.6012
vn 0.99584 -0.0884496 0.0218861
vt 95.1267 25.3588
vt 101.601 27.8515
f 3057/10621/2994 3056/10622/2993 3053/10623/2992

vt 95.0422 23.1514
vt 66.992 28.6166
v 72.9661 26.4872 -104.257
vt 77.4325 25.5246
vn 0.98389 -0.175265 0.0352449
f 3056/10624/2993 3057/10625/2994 3058/10626/2995

vt 67.0271 30.7055
v 72.9402 26.637 -94.1568
vt 67.0264 27.8908
vn 0.997954 -0.063844 0.00351209
vt 77.5029 27.7351
f 3057/10627/2994 3059/10628/2996 3058/10629/2995

vt 67.0118 27.9262
vn 0.997949 -0.0638437 -0.00474508
vt 67.0109 30.7409
vn 0.998486 -0.0545484 -0.00708591
v 72.9598 26.4364 -87.3286
vt 59.9291 27.7177
vn 0.997351 -0.072264 -0.0083455
f 3059/10630/2997 3057/10631/2998 3060/10632/2999

vt 59.9128 27.7532
vt 66.993 30.7802
v 73.0214 25.0767 -73.0067
vt 45.0576 26.3383
vn 0.999938 -0.010191 -0.00441818
f 3060/10633/2999 3057/10634/2998 3061/10635/3000

vt 19.7794 28.8249
vn 0.998888 -0.0461385 -0.00967716
vt 45.0598 26.3337
vt 66.9955 30.774
f 1122/10636/3001 3061/10637/3000 3057/10638/2998

vt 19.78 28.8252
vt 20.7164 23.934
vn 0.999994 -0.00344491 0.000551515
vt 45.0604 26.3335
f 1122/10639/3001 1124/10640/3002 3061/10641/3000

v 73.1671 23.8918 -67.5621
vt 39.4623 24.2681
vn 0.99967 -0.0255132 0.00308742
vt 45.1065 25.5213
vt 20.7664 23.0823
f 3062/10642/3003 3061/10643/3000 1124/10644/3002

v 73.1024 23.8572 -85.7594
vt 58.303 24.6074
vn 0.996812 0.0790693 0.0106575
vt 45.0755 25.8795
vn 0.996754 0.0804915 -0.00136836
vt 39.4275 24.6435
vn 0.994451 0.105133 -0.00373952
f 3063/10645/3004 3061/10646/3005 3062/10647/3006

vt 45.0844 26.094
vt 58.3124 24.827
vt 59.9399 27.5064
vn 0.995051 0.0985626 0.0125699
f 3061/10648/3005 3063/10649/3004 3060/10650/3007

v 73.3899 23.9204 -94.1568
vt 67.0567 24.9717
vn 0.992617 0.119894 0.01835
vt 59.9628 27.5891
vt 58.3413 24.9059
f 3064/10651/3008 3060/10652/3007 3063/10653/3004

vt 67.0241 27.2168
vn 0.986569 0.163334 0.00196256
vt 59.9415 27.0059
vt 67.025 24.3607
f 3059/10654/3009 3060/10655/3007 3064/10656/3008

vt 67.021 27.1963
vn 0.986571 0.163335 0.000112707
vt 67.021 24.3401
vn 0.984504 0.175332 0.00324835
vt 77.4973 27.0388
f 3059/10657/3010 3064/10658/3011 3058/10659/3011

vt 95.1241 24.655
vn 0.982282 0.187302 0.00638348
vt 77.5069 26.9713
vt 67.0336 24.2609
f 3056/10660/3012 3058/10661/3011 3064/10662/3011

vt 67.0129 23.2826
vn 0.884896 -0.465779 -0.00299368
v 72.9671 23.1171 -94.1568
vt 67.0144 22.341
vn 0.906231 -0.422782 -0.000710071
vt 95.1028 23.7201
f 3064/10663/3013 3065/10664/3014 3056/10665/2993

vt 67.0433 21.2924
vn 0.968541 -0.248765 0.00667809
vt 67.0566 22.2339
vn 0.884583 -0.465614 0.0267859
vt 58.3413 22.1598
vn 0.950887 -0.309309 0.0119424
f 3065/10666/3015 3064/10667/3016 3063/10668/3017

vt 58.304 25.0096
vt 39.4285 25.0459
vt 67.0146 24.2339
f 3063/10669/3017 3062/10670/3003 3065/10671/3015

vt 20.7307 23.8991
vt 67.0136 24.2615
vt 39.4274 25.0716
f 1124/10672/3002 3065/10673/3015 3062/10674/3003

vt 20.7169 18.3509
vn 0.707087 -0.707087 -0.00748308
vt 20.72 17.9334
v 72.6824 22.8324 -94.1568
vt 67.0015 18.4417
vt 66.9984 18.8593
f 1124/10675/3018 1125/10676/3018 3066/10677/3018 3065/10678/3018 

vt 20.7409 19.3896
vn 0.857492 0.514495 0.00158135
vt 20.7413 19.0453
v 72.8532 22.5478 -94.1568
vt 67.0237 19.4645
vt 67.0233 19.8088
f 1125/10679/3019 1126/10680/3019 3067/10681/3019 3066/10682/3019 

vt 20.7288 22.8647
vn 0.953789 -0.300468 -0.00241402
v 71.5692 18.0882 -94.5802
vt 67.4576 18.4257
vt 67.0116 23.2387
vn 0.96107 -0.276263 -0.00485211
f 1126/10683/3020 3068/10684/3020 3067/10685/3021

vt 22.3351 18.0576
vn 0.945893 -0.324479 2.56291e-05
vt 67.46 18.0576
vt 20.7381 22.5679
f 1127/10686/3022 3068/10687/3020 1126/10688/3020

vt 67.46 16.9076
vn 0.995373 0.0960658 -0.00181308
vt 22.3351 16.9076
vt 20.5385 15.5958
f 3068/10689/3023 1127/10690/483 1128/10691/485

vt 67.4538 18.788
vt 20.5288 17.6042
vt 100.57 17.5284
vn 0.986407 -0.160838 0.0336452
f 3068/10692/3023 1128/10693/485 1133/10694/3024

vt 67.4607 18.2977
vt 100.575 16.9976
v 71.7169 18.0995 -125.931
vt 99.9795 18.3099
vn 0.95863 -0.276314 0.0684068
f 3068/10695/3023 1133/10696/3024 3069/10697/3025

vt 99.4266 14.8277
vt 99.9824 13.498
v 71.7999 17.8665 -127.373
vt 100.924 14.5736
vn 0.965366 -0.260796 -0.00732378
f 3069/10698/3025 1133/10699/3024 3070/10700/3026

vt 90.5678 22.5226
vn 0.862575 -0.0131666 0.505759
vt 87.9297 22.5887
vn 0.868585 -0.0543529 0.49255
vt 86.9348 21.5626
vn 0.861237 0.0767818 0.50237
f 1134/10701/3027 3070/10702/3028 1133/10703/3029

vt 90.3384 13.3301
v 73.8546 22.2811 -129.959
vt 91.0931 18
vn 0.887992 -0.100111 0.448829
vt 87.7002 13.3964
f 1134/10704/3027 3071/10705/3030 3070/10706/3028

usemtl _DimGray_
vt 12.7639 27.6505
vt 12.7639 32.3132
vt -2.68091 32.3132
vn -2.33776e-18 -0.157327 -0.987547
vt -1.88329 27.6505
vn -9.51255e-19 -0.0435716 -0.99905
f 1641/10707/1122 1640/10708/1121 3071/10709/3031 1134/10710/3032 

vt 12.7639 46.3491
vt 12.7639 50.4974
v 74.5135 26.1761 -130.866
vt -3.36439 50.4974
vn -2.05616e-18 -0.372372 -0.928083
vt -2.68091 46.3491
f 1640/10711/1121 1639/10712/1120 3072/10713/3033 3071/10714/3031 

vt 12.7639 77.0811
vt 12.7639 80.2059
v 74.7419 28.7687 -132.4
vt -3.6013 80.2059
vn -1.61738e-18 -0.672866 -0.739764
vt -3.36439 77.0811
f 1639/10715/1120 1638/10716/1119 3073/10717/3034 3072/10718/3033 

vt 12.7639 103.959
vt 12.7639 106.862
v 74.644 30.4154 -134.664
vt -3.49969 106.862
vn -1.77485e-18 -0.88021 -0.474585
vt -3.6013 103.959
f 1638/10719/1119 1637/10720/1118 3074/10721/3035 3073/10722/3034 

vt 12.7639 113.239
vt 12.7639 116.536
vt -3.49588 116.536
vn -5.72315e-19 -0.97332 -0.229451
vt -3.49969 113.239
f 1637/10723/1118 1636/10724/1117 3046/10725/3036 3074/10726/3035 

vt 12.7639 114.914
vt 12.7639 119.883
vt -3.40404 119.883
vn 2.58314e-19 -0.998674 -0.0514862
vt -3.49588 114.914
f 1636/10727/1117 1635/10728/1116 3045/10729/3037 3046/10730/3036 

vt 12.7639 117.064
vt 12.7639 124.56
vt -3.34241 124.56
vn -8.59363e-21 -0.99869 0.0511777
vt -3.40404 117.064
f 1635/10731/1116 1634/10732/1115 3043/10733/3038 3045/10734/3037 

vt -12.7639 -120.489
vt -12.7639 -125.487
vt 3.39407 -125.487
vt 3.34241 -120.489
f 1634/10735/1115 1633/10736/1114 3040/10737/2970 3043/10738/3038 

usemtl Durango
vt 111.927 33.7529
vt 107.233 34.4301
vt 108.857 32.5521
vn 0.960764 0.242444 0.134734
f 3046/10739/2978 3048/10740/2980 3074/10741/3039

vt 108.216 33.9164
vt 106.567 35.7714
vt 103.936 33.7934
vn 0.960245 0.166616 0.223982
f 3074/10742/3039 3048/10743/2980 3050/10744/3040

vt 108.189 34.3697
vt 103.908 34.2447
vt 105.888 32.5964
vn 0.956122 0.182711 0.229012
f 3074/10745/3039 3050/10746/3040 3073/10747/3041

vt 102.794 32.6449
vt 100.771 34.2397
vt 101.206 29.9437
vn 0.947133 0.0401214 0.318322
f 3073/10748/3041 3050/10749/3040 3072/10750/3042

vt 101.764 29.7975
vt 101.337 34.0944
vt 99.5434 31.0312
vn 0.928516 -0.0215654 0.370666
f 3072/10751/3042 3050/10752/3040 3052/10753/3043

vt 98.8767 24.7732
vt 96.6551 26.0042
vt 97.7497 20.7229
f 3072/10754/3042 3052/10755/3043 3071/10756/3030

vt 93.9136 19.1849
vt 92.8592 24.4743
vt 91.4486 19.875
vn 0.881223 -0.113002 0.458995
f 3071/10757/3030 3052/10758/3043 3054/10759/3044

vt 90.8483 17.5026
vt 89.9447 12.1867
vt 93.3123 16.8088
f 3054/10760/3044 3070/10761/3028 3071/10762/3030

v 73.0705 22.9431 -126.76
vt 97.7735 28.7076
vn 0.969889 -0.235037 -0.0638174
vt 98.693 23.3201
vt 98.8998 28.7083
vn 0.951815 -0.211368 -0.222197
f 3075/10763/3045 3070/10764/3026 3054/10765/3046

vt 101.027 15.7356
vt 100.524 21.1779
vt 99.5289 15.9855
f 3070/10766/3026 3075/10767/3045 3069/10768/3025

vt 67.0258 23.1245
vn 0.962043 -0.27287 0.00379456
vt 99.9794 18.3344
vt 100.844 23.5502
vn 0.96323 -0.268659 0.00316249
f 3067/10769/3047 3069/10770/3047 3075/10771/3048

vt 99.9795 18.2535
vt 67.0276 23.0555
vt 67.4607 18.2413
vn 0.960838 -0.277077 0.00442655
f 3069/10772/3047 3067/10773/3047 3068/10774/3049

vt 67.0347 20.2265
vn 0.857432 0.514459 0.0119532
vt 67.0371 19.8822
vt 100.855 20.3604
v 72.8997 23.2278 -126.76
vt 100.852 20.7047
f 3066/10775/3050 3067/10776/3050 3075/10777/3050 3076/10778/3050 

vt 97.7855 8.27957
vn 0.840883 0.50453 -0.195873
vt 98.9117 8.28035
vt 97.8257 8.62156
f 3075/10779/3051 3054/10780/3051 3076/10781/3051

vt 100.328 4.46684
vn 0.700356 -0.700356 0.137846
vt 99.3236 5.29323
vt 99.2666 4.87956
f 3054/10782/3052 3055/10783/3052 3076/10784/3052

vt 67.0101 18.6163
vn 0.707102 -0.707102 -0.0038611
vt 67.0118 18.1987
vt 100.828 18.7786
vt 100.826 19.1962
f 3065/10785/3053 3066/10786/3053 3076/10787/3053 3055/10788/3053 

vt 100.842 23.4641
vt 95.115 24.3397
vt 67.0237 23.021
f 3055/10789/2991 3056/10790/2993 3065/10791/3014

usemtl _DimGray_
vt 12.7639 18.6888
vt -1.88329 18.6888
vt -1.91616 15.4888
vt 12.7639 15.8825
f 1641/10792/1122 1134/10793/3032 1135/10794/1142 1627/10795/1108 

usemtl Durango
vt 67.0052 30.6175
vt 19.1259 34.4231
vn 0.999473 0.0324366 -0.000867879
vt 19.7888 28.6738
f 3057/10796/2998 1119/10797/3054 1122/10798/3001

vt 19.1412 34.5363
vt 67.0198 30.7222
vt 67.0197 35.7711
f 1119/10799/3054 3057/10800/2998 1459/10801/916

vt 67.0436 30.6421
vt 104.359 33.0377
vn 0.999807 -0.0140081 0.0137793
vt 67.0494 35.691
vn 0.998726 0.0494235 0.0101586
f 3057/10802/2994 3049/10803/3055 1459/10804/3056

vt 104.36 33.0481
vt 67.0443 30.6546
vt 102.684 30.7865
vn 0.997256 -0.0718491 0.0178124
f 3049/10805/3055 3057/10806/2994 3051/10807/3057

vt 67.0442 30.6022
vt 101.61 27.8428
vt 102.684 30.7344
f 3057/10808/2994 3053/10809/2992 3051/10810/3057

vt 67.0338 35.435
vt 104.343 32.7792
vt 110.12 35.9565
f 1459/10811/3056 3049/10812/3055 1552/10813/1018

vt 110.121 35.6514
vt 67.031 39.3175
vt 67.0351 35.1267
f 1552/10814/1018 1451/10815/1012 1459/10816/3056

vt 67.0315 35.0157
vt 20.0465 39.7385
vt 19.1533 33.7699
f 1459/10817/916 1117/10818/911 1119/10819/3054

vt 116.597 34.2569
vn 0.984628 0.174387 0.00987511
vt 110.131 35.012
vt 110.994 33.6614
f 3044/10820/3058 1552/10821/2981 3047/10822/2983

vt 110.135 35.8596
vt 116.602 35.1172
vt 116.645 39.5969
f 1552/10823/2981 3044/10824/3058 1616/10825/1091

vt 125.041 34.5674
vn 0.986986 0.159893 -0.0170841
vt 116.607 39.0469
vt 116.543 34.5674
f 3042/10826/3059 1616/10827/1091 3044/10828/3058

vt 124.983 34.0782
vt 133.506 38.7463
vt 116.559 38.5745
f 3042/10829/3059 1618/10830/1095 1616/10831/1091

vt 130.611 33.4898
vn 0.987153 0.153206 -0.0453632
vt 133.498 38.7429
vt 124.974 34.0772
f 3041/10832/3060 1618/10833/1095 3042/10834/3059

vt 133.76 31.2298
vt 133.135 38.1493
vt 130.21 32.9168
f 1621/10835/1098 1618/10836/1095 3041/10837/3060

vt 110.128 35.7884
vt 116.645 39.5143
vt 110.118 39.4486
f 1552/10838/2981 1616/10839/1091 1545/10840/1093

vt -19.3012 3.51809
vt -17.6914 -5.55168
vt -12.6623 1.82643
f 1435/10841/891 1106/10842/455 1109/10843/893

vt -25.0049 3.21918
vt -15.8549 -6.72218
vt -18.2469 2.17336
f 1433/10844/887 1106/10845/455 1435/10846/891

vt -17.5115 -6.38549
vt -25.8549 4.24186
vt -29.8543 -2.69319
f 1106/10847/455 1433/10848/887 1105/10849/454

vt -33.6125 1.09587
vt -27.4868 -7.20565
vt -24.3998 0.180854
f 1431/10850/889 1105/10851/454 1433/10852/887

vt -26.5823 -7.91159
vt -33.0568 0.120861
vt -35.1643 -7.02902
f 1105/10853/454 1431/10854/889 1104/10855/453

vt -24.9783 -17.5409
vt -20.1815 -23.4972
vn 2.32935e-18 0.953723 0.300686
vt -23.323 -16.3985
f 1102/10856/450 1103/10857/3061 1429/10858/878

vt -14.1114 -27.6622
vt -12.8828 -26.0698
vn -1.87286e-17 0.982532 0.186096
vt -22.7269 -19.5359
f 1102/10859/450 1429/10860/3062 1101/10861/443

vt -19.3113 -19.7255
vt -8.80825 -25.1371
vt -20.571 -14.7633
f 1101/10862/443 1429/10863/3062 1100/10864/879

usemtl _DimGray_
vt -55.653 40.2227
f 1392/3418/755 1396/3423/755 1330/10865/755

f 1391/3417/755 1396/3423/755 1392/3418/755

f 1392/3418/755 1330/10865/755 1393/3419/755

vt -65.5395 40.4975
f 1393/3419/755 1330/10865/755 1328/10866/755

f 1393/3419/755 1328/10866/755 1394/3420/755

f 1394/3420/755 1328/10866/755 1395/3421/755

f 1326/3179/755 1395/3421/755 1328/10866/755

f 1266/3182/755 1395/3421/755 1326/3179/755

f 1266/3182/755 1388/3414/755 1395/3421/755

vt -23.7163 63.29
vn -0.445045 -0.351086 -0.823816
v 4.51128 37.8874 -131.948
vt -23.5835 63.093
vn -0.50408 -0.60783 -0.613552
v 4.24876 38.055 -131.743
vt -23.2393 63.2703
vn -0.893712 -0.204143 -0.399505
v 4.52756 38.8336 -132.225
vt -23.7945 64.0938
vn -0.819676 0.130054 -0.557869
vt -24.0537 64.0086
vn -0.643284 0.00603981 -0.765604
vt -24.0359 63.9786
vn -0.679057 -0.195307 -0.707627
vt -23.7649 63.428
f 1310/10867/3063 3077/10868/3064 3078/10869/3065 3079/10870/3066 1313/10871/3067 1311/10872/3068 1303/10873/3068 

vt 47.4069 90.5537
vn -0.257896 -0.720276 -0.643966
vt 47.4503 90.5717
vt 47.3593 90.7912
f 1309/10874/3069 3077/10875/3064 1310/10876/3063

vt -18.5963 127.478
vn -0.331751 -0.926543 -0.177367
v 4.27648 37.2316 -130.079
vt -18.4395 127.639
vn -0.509183 -0.843149 -0.172722
vt -19.9213 129.084
vt -19.954 129.05
f 1308/10877/3070 3080/10878/3071 3077/10879/3064 1309/10880/3069 

vt -100.745 78.2618
vn -0.325413 -0.908843 0.260979
v 4.27648 37.2316 -126.669
vt -100.745 78.5156
vn -0.515286 -0.819061 0.252229
vt -104.281 78.5156
vt -104.281 78.2911
f 1307/10881/3072 3081/10882/3073 3080/10883/3071 1308/10884/3070 

vt -109.584 -18.815
vn -0.257802 -0.720013 0.644298
v 4.53599 37.9564 -125.35
vt -109.655 -18.7649
vn -0.489683 -0.611485 0.621527
vt -110.573 -20.0568
vt -110.366 -20.2038
f 1306/10885/3074 3082/10886/3075 3081/10887/3073 1307/10888/3072 

vt -93.3967 -14.373
vn -0.465595 -0.490522 0.736621
vt -93.6765 -14.9715
vt -93.5982 -15.0081
vt -93.4976 -14.6486
vn -0.216817 -0.605546 0.765705
f 1302/10889/3076 3082/10890/3075 1306/10891/3074 1298/10892/3077 

vt -118.893 31.8509
vn -0.656061 -0.0684105 0.751601
v 4.56241 38.931 -124.816
vt -119.211 31.9541
vn -0.833923 0.0781146 0.546324
v 4.27199 38.1199 -125.54
vt -119.961 31.0601
vn -0.879711 -0.220713 0.421182
vt -119.629 30.88
vt -119.205 31.386
f 1301/10893/3078 3083/10894/3079 3084/10895/3080 3082/10896/3075 1302/10897/3076 

vt -113.803 48.5497
vn -0.451928 0.53459 0.714125
v 4.8412 39.7096 -124.816
vt -114 48.5824
vn -0.686946 0.514083 0.513638
vt -114.233 47.7569
vt -113.913 47.6576
f 1300/10898/3081 3085/10899/3082 3083/10900/3079 1301/10901/3078 

vt -105.312 72.7727
vn -0.173459 0.900635 0.398457
v 5.07353 40.3585 -125.643
vt -105.434 72.7841
vn -0.49639 0.813785 0.302244
vt -105.274 71.6789
vt -105.082 71.6264
vt -105.166 71.9769
vn -0.267178 0.793182 0.547246
f 1318/10902/3083 3086/10903/3084 3085/10904/3082 1300/10905/3081 1299/10906/3085 

vt -95.3896 84.3196
vn -0.0399191 0.9923 0.117247
v 5.20131 40.7154 -127.091
vt -95.4835 84.3171
vn -0.40291 0.910616 0.0918736
vt -95.1643 82.7984
vt -95.0444 82.7699
f 1317/10907/3086 3087/10908/3087 3086/10909/3084 1318/10910/3083 

vt -104.358 -68.1378
vn -0.0549294 0.986821 -0.152207
v 5.20131 40.7154 -130.123
vt -104.327 -68.237
vn -0.414506 0.90228 -0.118641
vt -101.182 -68.237
vt -101.156 -68.1466
f 1316/10911/3088 3088/10912/3089 3087/10913/3087 1317/10914/3086 

vt 31.0686 -102.593
vn -0.205303 0.864246 -0.459272
v 5.03868 40.2612 -131.501
vt 31.2151 -102.559
vn -0.517917 0.782093 -0.346544
vt 31.5132 -101.073
vt 31.4091 -101.071
f 1315/10915/3090 3089/10916/3091 3088/10917/3089 1316/10918/3088 

vt 13.6569 -66.1284
vn -0.46314 0.500787 -0.731241
v 4.79474 39.5799 -132.225
vt 13.8631 -66.0702
vn -0.693203 0.490223 -0.528348
vt 13.9736 -65.0144
vt 13.8239 -65.0308
f 1314/10919/3092 3090/10920/3093 3089/10921/3091 1315/10922/3090 

vt -7.40191 13.2716
vt -7.14275 13.3569
vt -7.36625 14.1481
vt -7.5768 14.1083
f 1313/10923/3067 3079/10924/3066 3090/10925/3093 1314/10926/3092 

vt -106.007 13.9378
vt -106.507 15.6178
vt -106.507 14.7957
f 3078/10927/3065 3090/10928/3093 3079/10929/3066

v 4.38326 38.4306 -131.612
vt -105.872 14.3517
vn -0.607571 0.478347 0.634067
f 3091/10930/3094 3090/10928/3093 3078/10927/3065

v 4.52213 38.8185 -131.612
vt -105.872 14.779
vn -0.72016 -0.319461 0.615885
f 3092/10931/3095 3090/10928/3093 3091/10930/3094

vt -105.757 16.3685
f 3092/10931/3095 3089/10932/3091 3090/10928/3093

v 4.64892 39.1726 -131.009
vt -105.246 15.1691
vn -0.755207 -0.597229 0.270146
f 3093/10933/3096 3089/10932/3091 3092/10931/3095

vt -104.327 16.8689
f 3093/10933/3096 3088/10934/3089 3089/10932/3091

v 4.73344 39.4087 -129.861
vt -104.055 15.4292
vn -0.843677 -0.530205 0.0842118
f 3094/10935/3097 3088/10934/3089 3093/10933/3096

v 4.73344 39.4087 -127.334
vt -101.435 15.4292
vn -0.761013 -0.642742 -0.087986
f 3095/10936/3098 3088/10934/3089 3094/10935/3097

vt -101.182 16.8689
f 3095/10936/3098 3087/10937/3087 3088/10934/3089

v 4.66703 39.2232 -126.129
vt -100.184 15.2249
vn -0.729341 -0.611677 -0.306451
f 3096/10938/3099 3087/10937/3087 3095/10936/3098

vt -99.6803 16.4757
f 3096/10938/3099 3086/10939/3084 3087/10937/3087

v 4.54628 38.8859 -125.44
vt -99.4691 14.8533
vn -0.775304 -0.138162 -0.616292
f 3097/10940/3100 3086/10939/3084 3096/10938/3099

vt -98.8224 14.9029
f 3083/10941/3079 3086/10939/3084 3097/10940/3100

vt -98.8224 15.7608
f 3086/10939/3084 3083/10941/3079 3085/10942/3082

v 4.40137 38.4812 -125.44
vt -99.4691 14.4074
vn -0.500345 0.642401 -0.580496
f 3098/10943/3101 3083/10941/3079 3097/10940/3100

vt -99.573 14.0093
f 3083/10941/3079 3098/10943/3101 3084/10944/3080

v 4.25043 38.0597 -126.042
vt -100.094 13.943
vn -0.460716 0.837788 -0.293007
f 3084/10944/3080 3098/10943/3101 3099/10945/3102

v 4.58667 38.098 -126.143
vt 18.8949 -76.2588
vn 0.0094524 0.896496 -0.44295
vt 19.2543 -76.3285
vt 19.3844 -75.5605
f 3100/10946/3103 3099/10947/3102 3098/10948/3101

vt -0.87179 -102.412
vt -1.21682 -102.29
v 4.47965 37.7991 -127.135
vt -1.71896 -103.246
vn -0.0146148 0.983767 -0.178857
f 3099/10949/3102 3100/10950/3103 3101/10951/3104

v 4.57947 37.7633 -127.135
vt 121.038 -0.0820702
vn 0.333059 0.930199 -0.15428
vt 121.11 0.00166505
vt 120.287 0.701925
v 4.62734 38.0834 -126.143
vt 120.258 0.667802
vn 0.304377 0.850091 -0.429767
f 3102/10952/3105 3101/10953/3104 3100/10954/3103 3103/10955/3106 

v 4.55952 37.7705 -129.697
vt 103.885 78.4276
vn 0.335383 0.936689 0.100658
v 4.47965 37.7991 -129.697
vt 103.885 78.5156
vn 0.0372588 0.994701 0.0958254
vt 101.227 78.5156
vt 101.227 78.4057
f 3104/10956/3107 3105/10957/3108 3101/10958/3104 3102/10959/3105 

v 4.5849 38.0665 -131.102
vt 54.2041 120.277
vn 0.330264 0.922392 0.200294
v 4.57647 38.0695 -131.102
vt 54.1995 120.285
vn -0.108992 0.947266 0.301343
vt 52.9013 119.559
vt 52.9443 119.482
f 3106/10960/3109 3107/10961/3110 3105/10962/3108 3104/10963/3107 

v 4.12364 37.7056 -129.746
vt -124.97 6.79148
vn -0.455228 0.884852 0.0990156
vt -124.736 7.09713
vt -125.932 7.98114
f 3108/10964/3111 3105/10965/3108 3107/10966/3110

v 4.12364 37.7056 -127.076
vt -101.167 -57.3717
vn -0.552104 0.827279 -0.103876
vt -101.227 -56.9899
vt -103.885 -56.9899
vt -103.936 -57.3717
f 3109/10967/3112 3101/10968/3104 3105/10969/3108 3108/10970/3111 

vt -24.2476 -94.4422
vt -23.9466 -94.6847
vt -23.2698 -93.7662
f 3101/10971/3104 3109/10972/3112 3099/10973/3102

v 4.02805 37.4386 -126.78
vt -100.86 13.2587
vn -0.898785 -0.4002 0.178958
vt -101.167 13.5528
f 3110/10974/3113 3099/10945/3102 3109/10975/3112

f 3084/10944/3080 3099/10945/3102 3110/10974/3113

vt -122.6 33.3914
vt -122.362 33.1287
vt -121.072 34.0488
vt -121.387 34.2562
f 3110/10976/3113 3081/10977/3073 3082/10978/3075 3084/10979/3080 

v 4.02805 37.4386 -129.985
vt -104.184 78.5875
vn -0.892122 -0.433906 -0.125876
vt -104.281 78.2521
vt -100.745 78.2521
vt -100.86 78.5875
f 3111/10980/3114 3080/10981/3071 3081/10982/3073 3110/10983/3113 

vt -66.2016 101.615
vt -66.5108 101.382
vt -64.653 100.47
vt -64.4553 100.757
f 3078/10984/3065 3077/10985/3064 3080/10986/3071 3111/10987/3114 

vt -104.184 13.2587
v 4.23836 38.0259 -131.21
vt -105.455 13.9058
vn -0.460862 0.789199 0.405919
f 3111/10988/3114 3112/10989/3115 3078/10927/3065

vt -103.936 13.5528
f 3111/10988/3114 3108/10990/3111 3112/10989/3115

f 3111/10988/3114 3109/10975/3112 3108/10990/3111

f 3110/10974/3113 3109/10975/3112 3111/10988/3114

vt -122.761 38.1908
vt -123.093 38.024
vt -122.131 36.7968
f 3107/10991/3110 3112/10992/3115 3108/10993/3111

v 4.63408 38.357 -131.449
vt -108.521 75.1112
vn -0.2497 0.744295 0.619415
vt -108.781 74.5823
vt -108.417 74.6519
v 4.58946 38.1058 -131.143
vt -108.424 74.7098
vn -0.285142 0.760619 0.583227
v 4.60069 38.2041 -131.266
vt -108.469 74.867
f 3113/10994/3116 3112/10995/3115 3107/10996/3110 3114/10997/3117 3115/10998/3117 

v 4.64668 38.4143 -131.508
vt -98.5268 84.9634
vn -0.303318 0.453348 0.838137
vt -98.8201 84.988
vt -98.8336 84.3777
vt -98.5201 84.8769
f 3116/10999/3118 3091/11000/3094 3112/11001/3115 3113/11002/3116 

v 4.72607 38.7629 -131.526
vt -102.539 49.5458
vn -0.446944 -0.374937 0.812197
vt -102.769 49.6039
vt -102.903 49.1982
vt -102.609 49.1811
f 3117/11003/3119 3092/11004/3095 3091/11005/3094 3116/11006/3118 

v 4.77637 38.9573 -131.166
vt -121.166 -1.05263
vn -0.469937 -0.73068 0.495244
vt -121.668 -1.28061
vt -121.45 -1.37184
v 4.75828 38.8954 -131.282
vt -121.259 -1.15426
vn -0.413735 -0.775362 0.477114
f 3118/11007/3120 3092/11008/3095 3117/11009/3119 3119/11010/3121 

v 4.8154 39.0904 -130.948
vt -123.427 13.3835
vn -0.514939 -0.780589 0.354286
vt -123.593 13.5
vt -124.133 12.9978
vt -123.617 13.1946
f 3120/11011/3122 3093/11012/3096 3092/11013/3095 3118/11014/3120 

v 4.84913 39.2097 -130.312
vt -122.184 44.6137
vn -0.529011 -0.825684 0.195941
vt -122.933 44.5401
vt -122.813 44.3771
f 3121/11015/3123 3093/11016/3096 3120/11017/3122

v 4.87854 39.313 -129.831
vt -121.253 48.1551
vn -0.562388 -0.820385 0.103382
vt -121.333 48.3194
vt -122.483 47.914
vt -121.733 47.9777
f 3122/11018/3124 3094/11019/3097 3093/11020/3096 3121/11021/3123 

v 4.88453 39.309 -127.362
vt -101.464 80.0541
vn -0.558051 -0.826937 -0.0689424
vt -101.435 80.2418
vt -104.055 80.2418
vt -104.024 80.0616
v 4.87572 39.3148 -128.608
vt -102.756 80.0651
vn -0.550523 -0.83482 -1.34199e-15
f 3123/11022/3125 3095/11023/3098 3094/11024/3097 3122/11025/3124 3124/11026/3126 

v 4.8651 39.1975 -126.622
vt -81.4658 97.703
vn -0.533986 -0.832432 -0.148041
vt -82.1515 98.0811
vt -82.2168 97.9027
f 3125/11027/3127 3095/11028/3098 3123/11029/3125

v 4.85215 39.1255 -126.195
vt -75.0173 102.852
vn -0.524711 -0.802917 -0.282847
vt -74.8944 103.044
vt -76.1084 103.407
vt -75.444 102.993
f 3126/11030/3128 3096/11031/3099 3095/11032/3098 3125/11033/3127 

v 4.80126 38.8841 -125.681
vt -38.3255 112.57
vn -0.487553 -0.759959 -0.42983
vt -38.6128 113.095
vt -38.783 112.944
f 3127/11034/3129 3096/11035/3099 3126/11036/3128

v 4.78575 38.8112 -125.543
vt -19.2411 118.246
vn -0.462651 -0.375976 -0.802868
vt -18.988 118.369
vt -19.5734 118.922
vt -19.3525 118.366
f 3128/11037/3130 3097/11038/3100 3096/11039/3099 3127/11040/3129 

v 4.70426 38.4546 -125.56
vt 28.4631 24.6877
vn -0.268066 0.547957 -0.792391
vt 28.8013 24.7155
vt 28.6612 25.1388
vt 28.391 25.0606
f 3129/11041/3131 3098/11042/3101 3097/11043/3100 3128/11044/3130 

v 4.68325 38.3677 -125.704
vt 42.9773 -76.6384
vn 0.0807651 0.840973 -0.535015
vt 42.9648 -77.1816
vt 43.3272 -76.4097
vt 42.9921 -76.4633
f 3130/11045/3132 3100/11046/3103 3098/11047/3101 3129/11048/3131 

vt 107.376 -20.7504
vt 107.414 -20.7259
vt 107.116 -20.2712
v 4.64384 38.2041 -125.96
vt 107.274 -20.547
vn 0.282213 0.788189 -0.546913
f 3103/11049/3106 3100/11050/3103 3130/11051/3132 3131/11052/3133 

usemtl Durango
vt -106.071 23.6614
vt -100.568 23.6614
vt -100.302 23.8354
vt -100.153 23.9279
vt -100.134 24.3073
vt -100.277 24.3849
vt -100.809 24.6417
vt -101.252 24.7182
vt -102.02 24.8369
vt -103.312 24.8431
vt -106.087 24.3969
vt -106.34 24.2559
vt -106.322 23.885
vt -106.261 23.824
f 3115/11053/722 3131/11054/722 3130/11055/724 3129/11056/724 3128/11057/724 3127/11058/724 3126/11059/724 3125/11060/724 3123/11061/724 3124/11062/723 3119/11063/723 3117/11064/724 3116/11065/724 3113/11066/724 

vt -100.568 31.1166
vt -106.071 31.1166
vt -105.944 31.0137
vt -105.901 30.9727
vt -104.444 30.6633
vt -101.787 30.6558
vt -100.758 30.9904
f 3131/11067/722 3115/11068/722 3114/11069/727 3106/11070/727 3104/11071/727 3102/11072/727 3103/11073/727 

vt -105.339 19.1205
vt -102.565 19.5744
vt -103.834 19.5724
vt -104.333 19.4607
vt -104.993 19.3316
vt -105.219 19.1875
f 3119/11074/723 3124/11075/723 3122/11076/728 3121/11077/728 3120/11078/728 3118/11079/728 

usemtl _DimGray_
f 3078/10927/3065 3112/10989/3115 3091/10930/3094

vt 5.19834 55.2155
vn -0.724642 -0.429737 -0.538721
v 4.6542 38.0555 -90.7503
vt 5.49948 55.3795
vn -0.899684 -0.17597 -0.399505
v 4.95731 38.825 -91.2328
vt 4.92553 56.19
vn -0.815186 0.155737 -0.557869
vt 4.5925 56.072
vn -0.642777 0.0262429 -0.765604
vt 4.68284 55.9493
vn -0.684857 -0.173881 -0.707627
vt 4.95424 55.729
vt 5.07268 55.572
f 1289/11080/3134 3132/11081/3135 3133/11082/3136 1292/11083/3137 1291/11084/3138 1290/11085/3138 1281/11086/3138 

vt -28.9219 87.4815
vn -0.531146 -0.775487 -0.341326
v 4.65604 37.2316 -89.0863
vt -27.3868 86.7611
vn -0.535415 -0.826739 -0.172722
v 4.41423 37.4463 -88.9928
vt -27.1943 87.0523
vn -0.905311 -0.40567 -0.125876
vt -28.9553 87.8788
vt -29.2255 87.6676
f 1288/11087/3139 3134/11088/3140 3135/11089/3141 3132/11090/3135 1289/11091/3134 

vt 5.84046 99.5408
vn -0.36069 -0.915666 -0.177367
vt 5.94325 99.6567
vt 4.6742 100.781
f 1287/11092/3142 3134/11093/3140 1288/11094/3139

vt -58.2249 78.3449
vn -0.3538 -0.898173 0.260979
v 4.65604 37.2316 -85.6769
vt -58.2249 78.5234
vn -0.540759 -0.802471 0.252229
vt -61.7614 78.5234
vt -61.7614 78.3685
f 1286/11095/3143 3136/11096/3144 3134/11097/3140 1287/11098/3142 

vt -88.5437 14.2336
vn -0.521978 -0.697904 0.490376
vt -89.4822 13.0331
vt -89.3416 12.9232
f 1285/11099/3145 3136/11100/3144 1286/11101/3143

vt -85.0665 47.9435
vn -0.702945 -0.441135 0.557914
v 4.67946 38.1196 -84.5474
vt -85.3702 48.1524
vn -0.88621 -0.192972 0.421182
v 4.41423 37.4463 -85.788
vt -86.601 47.313
vn -0.910912 -0.371771 0.178958
vt -86.3683 47.0454
vt -85.1094 47.904
f 1284/11102/3146 3137/11103/3147 3138/11104/3148 3136/11105/3144 1285/11106/3145 

vt -87.8538 41.9769
vn -0.657886 -0.0477693 0.751601
v 4.9952 38.9212 -83.8237
vt -88.1391 42.0766
vn -0.831058 0.10427 0.546324
vt -88.9096 41.2
vt -88.5897 41.0168
vt -88.3796 41.4134
vn -0.689291 -0.316739 0.651578
f 1280/11107/3149 3139/11108/3150 3137/11109/3147 1284/11110/3146 1278/11111/3151 

vt -88.2368 40.8879
vn -0.302215 0.119046 0.945777
v 5.59656 39.6193 -83.5873
vt -88.0532 41.4789
vn -0.152541 0.499019 0.85306
v 5.29832 39.6907 -83.8237
vt -88.4476 41.5549
vn -0.670459 0.535407 0.513638
vt -88.7022 40.7356
vt -88.416 40.6385
vt -88.4098 40.6558
vn -0.571655 0.225181 0.788989
f 1277/11112/3152 3140/11113/3153 3141/11114/3154 3139/11115/3150 1280/11116/3149 1274/11117/3155 

vt -67.9583 41.2542
vn 0.155453 0.394641 0.90559
vt -68.1203 41.318
vt -68.3471 40.7423
f 1276/11118/3156 3140/11119/3153 1277/11120/3152

vt -38.9815 86.0743
vn 0.325852 0.827224 0.457734
v 5.86528 40.3015 -84.4671
vt -39.1656 86.1876
vn 0.0927812 0.892697 0.441003
vt -39.7882 85.1758
vt -39.6399 85.0846
vt -39.4912 85.2474
vn 0.281554 0.714766 0.640185
f 1273/11121/3157 3142/11122/3158 3140/11123/3153 1276/11124/3156 1272/11125/3159 

vt 8.40197 98.535
vn 0.363499 0.922797 0.127725
v 6.01307 40.6767 -86.0068
vt 8.29625 98.6994
vn 0.180586 0.975617 0.124744
vt 6.9077 97.8063
vt 7.02464 97.6245
vt 7.9624 98.251
vn 0.354543 0.90006 0.253358
f 1271/11126/3160 3143/11127/3161 3142/11128/3158 1273/11129/3157 1268/11130/3162 

vt 61.9135 78.4254
vn 0.361321 0.917266 -0.167543
v 6.01307 40.6767 -89.2329
vt 61.9135 78.5234
vn 0.171914 0.971528 -0.163032
vt 58.5672 78.5234
vt 58.5672 78.328
vt 59.2959 78.3555
vn 0.366501 0.930418 2.52571e-16
f 1296/11131/3163 3144/11132/3164 3143/11133/3161 1271/11134/3160 1270/11135/3165 

vt 92.7332 24.6602
vn 0.310318 0.787788 -0.532064
v 5.82497 40.1991 -90.6994
vt 92.7587 24.6907
vn 0.0678483 0.856363 -0.511897
vt 91.524 25.7262
vt 91.461 25.6511
f 1295/11136/3166 3145/11137/3167 3144/11138/3164 1296/11139/3163 

vt 86.022 6.93539
vn -0.00913295 0.733755 -0.679352
vt 85.5664 7.75318
vt 85.5317 7.73386
f 1294/11140/3168 3145/11141/3167 1295/11142/3166

vt 34.9239 -38.2183
vn -0.447182 0.515088 -0.731241
v 5.2478 39.5624 -91.2328
vt 35.2948 -38.0963
vn -0.677462 0.511755 -0.528348
v 5.51303 40.2357 -90.5091
vt 35.3602 -37.0368
vn -0.493095 0.797975 -0.346544
vt 34.9837 -37.0943
vt 34.926 -38.0287
f 1293/11143/3169 3146/11144/3170 3147/11145/3171 3145/11146/3167 1294/11147/3168 

vt 17.8241 18.5792
vt 18.1566 18.6984
vt 17.9127 19.4835
vt 17.531 19.401
f 1292/11148/3137 3133/11149/3136 3146/11150/3170 1293/11151/3169 

vt -63.4874 11.6094
vt -63.9878 13.2894
vt -63.9878 12.4673
f 3132/11152/3135 3146/11153/3170 3133/11154/3136

v 4.80043 38.4267 -90.6199
vt -63.3521 12.0233
vn -0.592246 0.497196 0.634067
f 3148/11155/3172 3146/11153/3170 3132/11152/3135

v 4.95141 38.81 -90.6199
vt -63.3521 12.4506
vn -0.729839 -0.296683 0.615885
f 3149/11156/3173 3146/11153/3170 3148/11155/3172

vt -63.2372 14.04
f 3149/11156/3173 3147/11157/3171 3146/11153/3170

v 5.08926 39.1599 -90.017
vt -62.7267 12.8407
vn -0.773594 -0.573213 0.270146
f 3150/11158/3174 3147/11157/3171 3149/11156/3173

v 5.68984 40.6846 -89.1307
vt -61.8074 14.5404
vn -0.38596 0.914855 -0.118641
f 3150/11158/3174 3151/11159/3175 3147/11157/3171

v 5.18116 39.3932 -88.8686
vt -61.5355 13.1008
vn -0.859915 -0.503443 0.0842118
f 3152/11160/3176 3151/11159/3175 3150/11158/3174

v 5.18116 39.3932 -86.3421
vt -58.9149 13.1008
vn -0.780827 -0.618521 -0.087986
f 3153/11161/3177 3151/11159/3175 3152/11160/3176

v 5.68984 40.6846 -86.0981
vt -58.6619 14.5404
vn -0.374109 0.922823 0.0918736
f 3153/11161/3177 3154/11162/3178 3151/11159/3175

v 5.10895 39.2099 -85.1362
vt -57.6641 12.8964
vn -0.748195 -0.588466 -0.306451
f 3155/11163/3179 3154/11162/3178 3153/11161/3177

v 5.55092 40.3319 -84.6508
vt -57.1606 14.1473
vn -0.470583 0.828975 0.302244
f 3155/11163/3179 3156/11164/3180 3154/11162/3178

v 4.97767 38.8766 -84.4472
vt -56.9494 12.5249
vn -0.779261 -0.113741 -0.616292
f 3157/11165/3181 3156/11164/3180 3155/11163/3179

vt -56.3027 12.5745
f 3139/11166/3150 3156/11164/3180 3157/11165/3181

vt -56.3027 13.4324
f 3156/11164/3180 3139/11166/3150 3141/11167/3154

vt -85.3591 43.8381
vt -84.9769 43.7143
vt -85.0913 44.8968
vt -85.4666 44.9496
f 3141/11168/3154 3140/11169/3153 3142/11170/3158 3156/11171/3180 

vt -76.9894 54.3913
vt -77.3361 54.4261
vt -77.2121 52.8792
vt -76.8574 52.7456
f 3143/11172/3161 3154/11173/3178 3156/11174/3180 3142/11175/3158 

vt 58.6619 69.0443
vt 58.5672 68.7089
vt 61.9135 68.7089
vt 61.8074 69.0443
f 3154/11176/3178 3143/11177/3161 3144/11178/3164 3151/11179/3175 

vt 51.812 -59.0928
vt 51.4612 -59.1194
vt 51.2978 -60.7226
vt 51.6584 -60.5998
f 3151/11180/3175 3144/11181/3164 3145/11182/3167 3147/11183/3171 

v 4.82012 38.4767 -84.4472
vt -56.9494 12.079
vn -0.47992 0.6578 -0.580496
f 3158/11184/3182 3139/11166/3150 3157/11165/3181

vt -57.0534 11.6809
f 3139/11166/3150 3158/11184/3182 3137/11185/3147

v 4.65601 38.0601 -85.0501
vt -57.5748 11.6145
vn -0.434173 0.851846 -0.293007
f 3137/11185/3147 3158/11184/3182 3159/11186/3183

v 4.94495 38.0838 -85.1361
vt 40.3898 -44.3068
vn -0.190864 0.899529 -0.392961
vt 40.7004 -44.3508
vt 40.7913 -43.5772
v 4.95738 38.1684 -85.0047
vt 40.4319 -44.1496
vn -0.159359 0.846797 -0.507484
f 3160/11187/3184 3159/11188/3183 3158/11189/3182 3161/11190/3185 

v 4.91306 37.8841 -85.8343
vt 29.4425 -69.0045
vn 0.0993267 0.95041 -0.294713
v 4.87693 37.7924 -86.1423
vt 29.3118 -69.3134
vn 0.0162933 0.98374 -0.178857
vt 30.0865 -68.4119
vt 29.7832 -68.3319
f 3162/11191/3186 3163/11192/3187 3159/11193/3183 3160/11194/3184 

v 4.89739 37.7843 -86.1423
vt 89.5052 29.9929
vn 0.362113 0.919278 -0.15428
vt 89.5191 30.0109
vt 89.2539 30.2162
f 3164/11195/3188 3163/11196/3187 3162/11197/3186

v 4.88152 37.7906 -88.7044
vt 61.3653 78.5183
vn 0.366501 0.930418 -1.2937e-15
v 4.87693 37.7924 -88.7044
vt 61.3653 78.5234
vn -0.0344732 0.997772 0.0571137
vt 58.7077 78.5234
vt 58.7077 78.5006
f 3165/11198/3189 3166/11199/3190 3163/11200/3187 3164/11201/3188 

v 4.51816 37.7101 -86.0837
vt -58.6469 -58.6942
vn -0.525847 0.844213 -0.103876
vt -58.7077 -58.3124
vt -61.3653 -58.3124
v 4.51816 37.7101 -88.7537
vt -61.4164 -58.6942
vn -0.427209 0.898715 0.0990156
f 3167/11202/3191 3163/11203/3187 3166/11204/3190 3168/11205/3192 

vt 10.7311 -68.1573
vt 11.0456 -68.382
vt 11.6682 -67.4261
f 3163/11206/3187 3167/11207/3191 3159/11208/3183

vt -58.3402 10.9302
vt -58.6469 11.2244
f 3138/11209/3148 3159/11186/3183 3167/11210/3191

f 3137/11185/3147 3159/11186/3183 3138/11209/3148

vt -61.6644 10.9302
f 3138/11209/3148 3167/11210/3191 3135/11211/3141

vt -61.4164 11.2244
f 3135/11211/3141 3167/11210/3191 3168/11212/3192

v 4.64289 38.0268 -90.218
vt -62.9352 11.5774
vn -0.435845 0.803286 0.405919
f 3135/11211/3141 3168/11212/3192 3169/11213/3193

v 4.90804 38.0525 -90.1332
vt -93.0064 15.9064
vn -0.214265 0.891228 0.399753
vt -93.2762 15.8
vt -92.4294 14.4907
v 4.90248 37.9996 -89.8765
vt -92.8447 15.6878
vn -0.199406 0.963227 0.180085
f 3170/11214/3194 3169/11215/3193 3168/11216/3192 3171/11217/3195 

v 4.93832 38.2585 -90.3914
vt -88.5868 48.1854
vn -0.226198 0.751771 0.619415
vt -88.793 47.8092
vt -88.5061 47.851
v 4.9329 38.2458 -90.377
vt -88.5859 48.1648
vn -0.261109 0.7692 0.583227
f 3172/11218/3196 3169/11219/3193 3170/11220/3194 3173/11221/3197 

v 5.00205 38.4078 -90.54
vt -83.6994 57.6711
vn -0.288929 0.462651 0.838137
vt -83.9234 57.6998
vt -83.9635 57.0907
vt -83.7197 57.4437
f 3174/11222/3198 3148/11223/3172 3169/11224/3193 3172/11225/3196 

v 5.23374 38.7235 -90.499
vt -86.5584 44.8144
vn -0.4585 -0.360714 0.812197
vt -86.8768 44.905
vt -87.023 44.5035
vt -86.7981 44.4837
v 5.00945 38.425 -90.5398
vt -86.7908 44.5018
vn -0.353613 0.139292 0.924962
v 5.23153 38.7184 -90.499
vt -86.5606 44.809
f 3175/11226/3199 3149/11227/3173 3148/11228/3172 3174/11229/3198 3176/11230/3200 3177/11231/3200 

v 5.28347 38.8245 -90.292
vt -93.0334 26.1143
vn -0.380379 -0.79046 0.480088
v 5.35897 39.0161 -89.9166
vt -92.7124 26.4213
vn -0.443947 -0.813564 0.375532
vt -93.5172 26.0911
vt -93.2166 25.9525
f 3178/11232/3201 3179/11233/3202 3149/11234/3173 3175/11235/3199 

v 5.37468 39.01 -89.9166
vt -91.6196 12.0245
vn -0.344804 -0.875335 0.338967
vt -91.6332 12.0356
vt -91.9146 11.6919
f 3180/11236/3203 3179/11237/3202 3178/11238/3201

v 5.48619 39.1935 -88.8146
vt -86.1278 45.7594
vn -0.364853 -0.926233 0.0947333
v 5.43654 39.2131 -88.8146
vt -86.1517 45.8093
vn -0.487693 -0.865095 0.117329
vt -87.2015 45.3067
vt -87.1939 45.2909
f 3181/11239/3204 3182/11240/3205 3179/11241/3202 3180/11242/3203 

v 5.5147 39.1823 -86.3902
vt -58.9649 78.4363
vn -0.365568 -0.928049 -0.0713108
v 5.43654 39.2131 -86.3902
vt -58.9649 78.5234
vn -0.478374 -0.875308 -0.0706745
vt -61.4796 78.5234
vt -61.4796 78.4681
v 5.52557 39.178 -87.2301
vt -59.836 78.4242
vn -0.366501 -0.930418 1.20871e-15
f 3183/11243/3206 3184/11244/3207 3182/11245/3205 3181/11246/3204 3185/11247/3208 

v 5.39525 39.0506 -85.2332
vt -28.8324 93.8766
vn -0.351632 -0.89267 -0.281947
v 5.3756 39.0583 -85.2332
vt -28.825 93.8972
vn -0.482492 -0.837851 -0.255358
vt -29.9654 94.3091
vt -29.995 94.2271
f 3186/11248/3209 3187/11249/3210 3184/11250/3207 3183/11251/3206 

v 5.35076 38.9953 -85.085
vt 17.325 95.8958
vn -0.449642 -0.792278 -0.412454
vt 17.2088 96.0185
vt 17.1929 96.0034
f 3188/11252/3211 3187/11253/3210 3186/11254/3209

v 5.2369 38.8545 -84.6729
vt -6.37822 92.4525
vn -0.511184 -0.74427 -0.42983
vt -6.69065 92.9881
vt -6.93384 92.7597
vt -6.79407 92.6647
f 3189/11255/3212 3155/11256/3179 3187/11257/3210 3188/11258/3211 

v 5.19441 38.8014 -84.5414
vt 7.53484 93.8581
vn -0.474232 -0.361258 -0.802868
vt 7.76229 93.9783
vt 7.15791 94.5108
vt 7.40677 93.9429
f 3190/11259/3213 3157/11260/3181 3155/11261/3179 3189/11262/3212 

v 5.04014 38.4504 -84.5353
vt 43.7992 28.8761
vn -0.250722 0.556106 -0.792391
vt 44.045 28.9037
vt 43.8923 29.3226
vt 43.6474 29.2438
v 5.1868 38.7914 -84.54
vt 43.6553 29.2334
vn -0.353613 0.139292 -0.924962
f 3191/11263/3214 3158/11264/3182 3157/11265/3181 3190/11266/3213 3192/11267/3215 

vt 56.5358 -39.6286
vt 56.786 -39.0006
vt 56.5445 -39.0542
v 4.97798 38.3076 -84.769
vt 56.5615 -39.345
vn -0.0972108 0.860645 -0.49984
f 3161/11268/3185 3158/11269/3182 3191/11270/3214 3193/11271/3216 

usemtl Durango
vt -63.3265 9.54455
vt -57.5094 9.61438
vt -57.2667 9.77556
vt -57.2711 10.1606
vt -63.495 9.74691
vt -63.4953 9.7275
vt -63.3413 9.55889
f 3173/11272/713 3193/11273/713 3191/11274/715 3192/11275/711 3176/11276/711 3174/11277/715 3172/11278/715 

vt -57.7308 30.3161
vt -63.548 30.2513
vt -63.2952 30.0489
vt -63.0291 29.9936
v 4.88348 37.809 -88.7918
vt -61.9041 29.7941
vt -61.8135 29.7748
vt -59.1558 29.7682
vt -58.8363 29.8727
vt -58.1119 30.0817
vt -57.9754 30.1703
f 3193/11279/713 3173/11280/713 3170/11281/718 3171/11282/718 3194/11283/718 3165/11284/718 3164/11285/718 3162/11286/718 3160/11287/718 3161/11288/718 

usemtl _DimGray_
vt -90.4188 -9.37115
vt -89.6781 -10.3991
vt -89.4271 -10.107
vt -89.4983 -10.0479
vn -0.241844 0.95639 0.163796
f 3171/11289/3195 3168/11290/3192 3166/11291/3190 3194/11292/3217 

usemtl Durango
vt -62.1045 -10.277
vt -55.8851 -9.79976
vt -55.8867 -9.78675
vt -56.0239 -9.71768
vt -56.4532 -9.53428
vt -56.6077 -9.46225
vt -57.8098 -9.29076
vt -58.681 -9.29634
vt -62.0661 -9.89491
f 3176/11293/711 3192/11294/711 3190/11295/712 3189/11296/712 3188/11297/712 3186/11298/712 3183/11299/712 3185/11300/709 3177/11301/709 

vt -65.1918 10.604
vt -61.7936 11.1235
vt -63.4376 11.141
vt -64.5836 10.9336
vt -64.9756 10.7239
vt -65.1916 10.6098
f 3177/11302/709 3185/11303/709 3181/11304/710 3180/11305/710 3178/11306/710 3175/11307/710 

usemtl _DimGray_
vt -35.8172 90.8424
vt -35.6418 91.1262
vt -36.8618 91.4695
f 3187/11308/3210 3155/11309/3179 3153/11310/3177

vt -41.7574 88.7043
vt -41.8663 88.3949
vt -40.6833 88.1292
f 3153/11311/3177 3184/11312/3207 3187/11313/3210

vt -61.5355 79.6978
vt -61.4796 79.3737
vt -58.9649 79.3737
vt -58.9149 79.6978
f 3152/11314/3176 3182/11315/3205 3184/11316/3207 3153/11317/3177 

vt -80.4629 60.2077
vt -80.6026 60.5055
vt -81.7592 60.1198
f 3182/11318/3205 3152/11319/3176 3150/11320/3174

vt -82.2932 58.5961
vt -82.1003 58.3238
vt -80.9977 58.6968
f 3150/11321/3174 3179/11322/3202 3182/11323/3205

vt -92.4442 35.0715
vt -92.7115 35.2713
vt -93.2656 34.7851
f 3179/11324/3202 3150/11325/3174 3149/11326/3173

f 3132/11152/3135 3169/11213/3193 3148/11155/3172

f 3135/11211/3141 3169/11213/3193 3132/11152/3135

vt -61.6644 77.7949
vt -61.7614 77.4595
vt -58.2249 77.4595
vt -58.3402 77.7949
f 3135/11327/3141 3134/11328/3140 3136/11329/3144 3138/11330/3148 

usemtl Durango
vt -46.064 -25.5631
vt -44.4542 -16.4933
vt -51.093 -18.185
vn -0.0915517 0.976062 0.197287
f 1237/11331/654 1238/11332/655 1243/11333/3218

vt -42.8371 -23.9257
vt -42.0893 -36.2427
vt -35.9959 -33.1112
f 1239/11334/656 1243/11335/3218 1238/11336/655

vt -42.9466 -35.4296
vt -43.4563 -23.1005
vt -50.4911 -26.7732
f 1243/11337/3218 1239/11338/656 1240/11339/657

usemtl _Silver_1
vt -20.4948 32.4849
vt -20.6002 33.7079
vt -21.7256 33.3607
f 1208/11340/612 1213/11341/622 1207/11342/611

vt -22.3866 33.2721
vt -22.2633 32.0507
vt -21.0824 32.87
f 1213/11343/622 1208/11344/612 1210/11345/623

usemtl Durango
vt -19.4962 28.7383
vt -18.3063 29.072
vt -18.3063 29.5445
f 1208/11346/613 1209/11347/614 1210/11348/615

usemtl _PaleTurquoise_1
vt -10.0533 32.5374
vt -15.847 33.3198
vt -16.0444 32.5552
vn 0.12255 -0.0298383 0.992014
f 1064/11349/389 1065/11350/390 1212/11351/3219

usemtl _Goldenrod_
vt -15.8336 34.0326
vt -12.6819 31.7552
vt -12.6958 34.0326
vn 0.496316 -0.10935 0.861227
f 1064/11352/617 1182/11353/578 1063/11354/3220

vt -16.5601 33.3986
vt -18.6592 33.3986
vt -18.5692 31.1229
f 1062/11355/568 1063/11356/3220 1182/11357/578

usemtl Durango
vt -10.9049 26.9584
vn 0.891307 0.232676 0.389146
v 71.996 30.2646 -15.2421
vt -12.98 29.5528
vn 0.894301 0.251774 0.369912
vt -14.4383 27.6691
vn 0.87955 0.19847 0.432437
f 1162/11358/3221 3195/11359/3222 1177/11360/3223

vt -10.7392 27.4259
vn 0.90907 0.286733 0.302284
vt -13.5845 28.876
vt -11.5651 26.2381
f 1163/11361/3224 3195/11362/3222 1162/11363/3221

vt -10.8206 27.1149
vt -11.3476 30.4436
vn 0.91556 0.313093 0.252433
vt -13.6607 28.5752
f 1163/11364/3224 1173/11365/3225 3195/11366/3222

vt -9.504 28.847
vn 0.924689 0.327253 0.194565
vt -11.8547 30.6063
vt -11.4353 27.2623
f 1164/11367/3226 1173/11368/3225 1163/11369/3224

vt -11.9879 30.112
vt -9.65721 28.3263
vt -8.65109 31.5382
f 1173/11370/3225 1164/11371/3226 1171/11372/553

vt -7.00577 29.8367
vt -8.77043 31.8357
vt -9.82057 28.638
f 1165/11373/552 1171/11374/553 1164/11375/3226

vt -15.9582 32.9833
vt -14.2876 30.7746
vn 0.959772 0.106786 0.259681
vt -11.9248 32.5797
f 1174/11376/557 3195/11377/3227 1173/11378/556

vt -15.6267 33.3131
vt -15.4369 29.2662
vt -13.9383 31.1181
f 1174/11379/557 1177/11380/560 3195/11381/3227

g Mesh10 DodgeDurango1 Model

usemtl RIMS
v 73.1738 15.8424 -39.8731
vt 10.8128 16.4112
vn 0.949579 -0.0544437 0.308765
v 73.1738 16.2988 -39.707
vt 10.6485 16.8875
vn 0.948131 -0.108721 0.298709
v 73.1738 18.9375 -38.7466
vt 9.69832 19.6408
vn 0.949579 -0.156764 0.271524
v 73.0486 18.7478 -38.4181
vt 9.33426 19.4429
v 73.0486 15.7765 -39.4995
vt 10.4042 16.3425
f 3196/11382/3228 3197/11383/3229 3198/11384/3230 3199/11385/3230 3200/11386/3228 

vt 10.5707 16.7646
vn 0.930086 -0.125638 0.345189
vt 10.7322 16.2875
vn 0.931984 -0.0629474 0.356993
v 73.3408 15.9169 -40.296
vt 11.2037 16.3654
v 73.3408 19.1521 -39.1184
vt 10.0586 19.748
vn 0.931984 -0.18125 0.313934
vt 9.63672 19.5235
f 3197/11387/3231 3196/11388/3232 3201/11389/3232 3202/11390/3233 3198/11391/3233 

vt 10.3833 17.0567
vn 0.954416 0.296798 -0.0316373
v 73.6748 15.4364 -32.6826
vt 3.07866 16.162
vn 0.97764 0.205526 -0.0444988
vt 10.5552 16.5832
vn 0.99745 0.0123932 -0.0702855
f 3197/11392/3234 3203/11393/3235 3196/11394/3236

vt 10.559 13.323
v 73.1738 16.2348 -34.8989
vt 5.57197 13.2438
vn 0.837813 0.545909 0.00726153
vt 3.27763 12.2554
f 3197/11395/3234 3204/11396/3237 3203/11397/3235

v 73.1738 16.6324 -34.7542
vt 4.91312 17.2173
vn 0.968729 0.124061 -0.21488
vt 2.70414 15.9736
vn 0.978762 0.102499 -0.177534
vt 5.06033 16.8038
vn 0.967803 0.0860896 -0.236529
f 3205/11398/3238 3203/11399/3239 3204/11400/3240

vt 2.81265 15.6891
vt 5.01706 16.941
v 73.1738 16.9566 -34.4822
vt 4.73859 17.2803
vn 0.967803 0.161796 -0.19282
f 3203/11401/3239 3205/11402/3238 3206/11403/3241

v 72.4641 17.8001 -36.7767
vt 7.01659 17.7915
vn 0.956788 0.145394 -0.251829
v 72.4641 19.7181 -35.1673
vt 5.39203 19.8177
vn 0.956788 0.222756 -0.186914
v 73.1738 17.9291 -33.6662
vt 3.70732 17.9278
vt 4.53104 16.9004
vt 4.80562 16.558
f 3207/11404/3242 3208/11405/3243 3209/11406/3243 3206/11407/3241 3205/11408/3238 

v 72.4641 20.7515 -36.0344
vt 6.73289 21.7473
vn 1 0 -0
vt 5.83346 20.6754
vt 7.50281 18.686
f 3210/11409/3244 3208/11410/3244 3207/11411/3244

v 72.4641 22.2377 -33.4604
vt 4.06294 23.2888
f 3211/11412/3244 3208/11410/3244 3210/11409/3244

v 72.4641 20.97 -32.999
vt 3.58436 21.9739
f 3211/11412/3244 3212/11413/3244 3208/11410/3244

v 72.4641 21.4048 -30.5333
vt 1.02678 22.4249
f 3211/11412/3244 3213/11414/3244 3212/11413/3244

v 72.4641 22.7538 -30.5333
vt 1.02678 23.8242
f 3214/11415/3244 3213/11414/3244 3211/11412/3244

v 72.4641 20.97 -28.0676
vt -1.53081 21.9739
f 3214/11415/3244 3215/11416/3244 3213/11414/3244

v 72.4641 22.2377 -27.6062
vt -2.00939 23.2888
f 3216/11417/3244 3215/11416/3244 3214/11415/3244

v 72.4641 19.7181 -25.8993
vt -3.77991 20.6754
f 3216/11417/3244 3217/11418/3244 3215/11416/3244

v 72.4641 20.7515 -25.0321
vt -4.67934 21.7473
f 3218/11419/3244 3217/11418/3244 3216/11417/3244

v 72.4641 17.8001 -24.2899
vt -5.44926 18.686
f 3218/11419/3244 3219/11420/3244 3217/11418/3244

v 72.4641 15.4474 -23.4335
vt -6.3375 16.2455
f 3218/11419/3244 3220/11421/3244 3219/11420/3244

v 72.4641 18.4746 -23.1216
vt -6.66105 19.3856
f 3221/11422/3244 3220/11421/3244 3218/11419/3244

v 72.4641 12.9436 -23.4335
vt -6.3375 13.6485
f 3220/11421/3244 3221/11422/3244 3222/11423/3244

v 72.4641 9.91637 -23.1216
vt -6.66105 10.5084
f 3221/11422/3244 3223/11424/3244 3222/11423/3244

v 72.4641 15.6816 -22.105
vt -7.7155 16.4885
f 3224/11425/3244 3223/11424/3244 3221/11422/3244

v 72.4641 12.7094 -22.105
vt -7.7155 13.4055
f 3223/11424/3244 3224/11425/3244 3225/11426/3244

v 73.0486 12.6145 -21.5671
vt -6.9603 13.3071
vn 0.682799 0.126868 -0.719507
vt -6.13629 13.4055
vt -6.13629 16.4885
vn 0.682799 -0.126868 -0.719507
v 73.0486 15.7765 -21.5671
vt -6.9603 16.5869
f 3226/11427/3245 3225/11428/3245 3224/11429/3246 3227/11430/3246 

vt -7.10717 14.0415
v 73.0486 9.64323 -22.6485
vt -6.32225 10.857
vn 0.682799 0.365303 -0.632724
vt -5.54574 11.1497
vt -6.28356 14.1431
f 3226/11431/3245 3228/11432/3247 3223/11433/3247 3225/11434/3245 

vt -7.37561 10.2069
vn 0.949579 0.156764 -0.271524
vt -8.44552 13.3072
vn 0.949579 0.0544437 -0.308765
v 73.1738 12.5486 -21.1935
vt -8.85417 13.2385
v 73.1738 9.90994 -22.1539
vt -7.90401 10.4852
vn 0.948131 0.108721 -0.298709
v 73.1738 9.45356 -22.32
vt -7.73968 10.0089
f 3228/11435/3248 3226/11436/3249 3229/11437/3249 3230/11438/3250 3231/11439/3248 

vt -8.43083 13.3071
vt -8.43083 16.5869
vn 0.949579 -0.0544437 -0.308765
v 73.1738 15.8424 -21.1935
vt -8.83954 16.6552
v 73.1738 15.3567 -21.1935
vt -8.83954 16.1515
vn 0.948131 -2.52504e-15 -0.31788
vt -8.83954 13.2388
f 3226/11440/3249 3227/11441/3251 3232/11442/3251 3233/11443/3252 3229/11444/3249 

vt -8.44552 16.4096
v 73.0486 18.7478 -22.6485
vt -7.37561 19.51
vn 0.949579 -0.156764 -0.271524
v 73.1738 18.9375 -22.32
vt -7.73968 19.7079
v 73.1738 16.2988 -21.3596
vt -8.68983 16.9545
vn 0.948131 -0.108721 -0.298709
vt -8.85417 16.4783
f 3227/11445/3251 3234/11446/3253 3235/11447/3253 3236/11448/3254 3232/11449/3251 

vt -7.10717 14.8905
vt -6.28356 14.7888
vt -5.54574 17.7822
vn 0.682799 -0.365303 -0.632724
vt -6.32225 18.0749
f 3227/11450/3246 3224/11451/3246 3221/11452/3255 3234/11453/3255 

vt -6.67707 15.8367
vt -5.91205 15.5152
vt -4.3889 18.1956
vn 0.682799 -0.559677 -0.469625
v 73.0486 21.17 -24.681
vt -5.0567 18.6883
f 3234/11454/3255 3221/11455/3255 3218/11456/3256 3237/11457/3256 

vt -5.31248 16.5936
vt -4.70301 16.0304
vt -2.35691 18.0306
vn 0.682799 -0.686545 -0.249882
v 73.0486 22.751 -27.4194
vt -2.81662 18.7215
f 3237/11458/3256 3218/11459/3256 3216/11460/3257 3238/11461/3257 

vt -2.50703 17.4341
vt -2.20418 16.6615
vt 0.779341 17.4383
vn 0.682799 -0.730606 4.75744e-16
v 73.0486 23.3001 -30.5333
vt 0.666933 18.2605
f 3238/11462/3257 3216/11463/3257 3214/11464/3258 3239/11465/3258 

vt 1.23861 17.1624
vt 4.22213 16.3856
vn 0.682799 -0.686545 0.249882
v 73.0486 22.751 -33.6472
vt 4.52498 17.1582
vt 1.35102 17.9846
f 3214/11466/3258 3211/11467/3259 3240/11468/3259 3239/11469/3258 

vt 4.16137 17.4059
vt 6.50747 15.4057
vn 0.682799 -0.559677 0.469625
v 73.0486 21.17 -36.3856
vt 7.11694 15.9689
vt 4.62109 18.0968
f 3211/11470/3259 3210/11471/3260 3241/11472/3260 3240/11473/3259 

vt 5.96726 17.5743
v 72.4641 18.4746 -37.945
vt 7.49041 14.8938
vn 0.682799 -0.365303 0.632724
vt 8.25544 15.2154
vt 6.63507 18.0669
f 3210/11474/3260 3242/11475/3261 3199/11476/3261 3241/11477/3260 

vt 8.71461 19.3856
f 3210/11409/3244 3207/11411/3244 3242/11478/3244

v 72.4641 15.4474 -37.633
vt 8.39105 16.2455
f 3242/11478/3244 3207/11411/3244 3243/11479/3244

v 73.1738 15.0418 -35.3331
vt 5.21778 15.3842
vn 0.956788 0.0504947 -0.28637
vt 7.71405 15.807
vt 6.86095 18.2599
vt 4.64104 17.0425
vt 4.78523 16.6279
f 3244/11480/3262 3243/11481/3262 3207/11482/3242 3205/11483/3238 3204/11484/3240 

v 72.4641 12.9436 -37.633
vt 7.65269 13.6485
vn 0.956788 -0.0504947 -0.28637
vt 7.65269 16.2455
vt 5.15606 15.8249
v 73.1738 13.7723 -35.3331
vt 5.15606 14.5081
vn 0.967803 -9.76902e-15 -0.251709
v 73.1738 13.3492 -35.3331
vt 5.15606 14.0691
vn 0.968729 -0.043086 -0.244353
f 3245/11485/3263 3243/11486/3262 3244/11487/3262 3246/11488/3264 3247/11489/3265 

vt 8.39105 13.6485
v 72.4641 9.91637 -37.945
vt 8.71461 10.5084
f 3245/11490/3244 3248/11491/3244 3243/11479/3244

v 72.4641 10.5909 -36.7767
vt 7.50281 11.2081
f 3249/11492/3244 3248/11491/3244 3245/11490/3244

v 72.4641 7.63949 -36.0344
vt 6.73289 8.14673
f 3249/11492/3244 3250/11493/3244 3248/11491/3244

v 72.4641 8.67288 -35.1673
vt 5.83346 9.21863
f 3251/11494/3244 3250/11493/3244 3249/11492/3244

v 72.4641 6.15336 -33.4604
vt 4.06294 6.60523
f 3251/11494/3244 3252/11495/3244 3250/11493/3244

v 72.4641 7.42101 -32.999
vt 3.58436 7.92011
f 3253/11496/3244 3252/11495/3244 3251/11494/3244

v 72.4641 6.98623 -30.5333
vt 1.02678 7.46914
f 3254/11497/3244 3252/11495/3244 3253/11496/3244

v 72.4641 5.63723 -30.5333
vt 1.02678 6.06987
f 3254/11497/3244 3255/11498/3244 3252/11495/3244

v 72.4641 7.42101 -28.0676
vt -1.53081 7.92011
f 3256/11499/3244 3255/11498/3244 3254/11497/3244

v 72.4641 6.15336 -27.6062
vt -2.00939 6.60523
f 3256/11499/3244 3257/11500/3244 3255/11498/3244

v 72.4641 8.67288 -25.8993
vt -3.77991 9.21863
f 3258/11501/3244 3257/11500/3244 3256/11499/3244

v 72.4641 7.63949 -25.0321
vt -4.67934 8.14673
f 3258/11501/3244 3259/11502/3244 3257/11500/3244

v 72.4641 10.5909 -24.2899
vt -5.44926 11.2081
f 3260/11503/3244 3259/11502/3244 3258/11501/3244

f 3222/11423/3244 3259/11502/3244 3260/11503/3244

f 3222/11423/3244 3223/11424/3244 3259/11502/3244

vt -6.67707 10.5024
v 73.0486 7.22102 -24.681
vt -5.0567 7.65087
vn 0.682799 0.559677 -0.469625
vt -4.3889 8.14352
vt -5.91205 10.824
f 3228/11504/3247 3261/11505/3266 3259/11506/3266 3223/11507/3247 

vt -5.34395 7.4412
vn 0.949579 0.240177 -0.201532
vt -7.38588 10.0078
vt -7.74826 9.80682
v 73.1738 9.08151 -22.6322
vt -7.43463 9.4126
vn 0.948131 0.204329 -0.24351
v 73.1738 6.93042 -24.4372
vt -5.62124 7.13327
f 3261/11508/3267 3228/11509/3248 3231/11510/3248 3262/11511/3268 3263/11512/3267 

v 73.3408 9.23887 -21.9481
vt -8.16271 9.58167
vn 0.931984 0.18125 -0.313934
v 73.3408 6.6015 -24.1612
vt -5.9656 6.76643
vn 0.931984 0.277691 -0.23301
vt -5.64142 7.11753
vt -7.43343 9.4137
vn 0.930086 0.236123 -0.281401
vt -7.74337 9.81083
f 3264/11513/3269 3265/11514/3270 3263/11515/3270 3262/11516/3271 3231/11517/3269 

usemtl TYRES
v 73.6748 8.33833 -20.3884
vt -9.75501 8.67621
vn 0.992531 0.0609976 -0.105651
v 73.6748 5.22179 -23.0034
vt -7.07028 5.42044
vn 0.992531 0.0934537 -0.078417
vt -5.83226 6.86179
vn 0.983235 0.139681 -0.117207
vt -8.10421 9.61699
vn 0.983235 0.0911705 -0.157912
f 3266/11518/3272 3267/11519/3273 3265/11520/3274 3264/11521/3275 

vt -6.78362 5.63895
vt -9.49614 8.87161
v 73.6748 12.1613 -18.9969
vt -10.9394 12.837
vn 0.995802 0.0158943 -0.0901408
v 73.6748 11.8777 -17.3885
vt -12.6078 12.5429
vn 0.903864 -0.0742901 0.42132
v 73.6748 7.52171 -18.9739
vt -10.9633 8.02456
vn 0.825486 -0.282211 0.488804
v 73.6748 3.97066 -21.9536
vt -7.87256 4.3412
vn 0.825486 -0.432373 0.362804
v 73.6748 1.65287 -25.9681
vt -3.70846 1.93706
vn 0.825486 -0.530384 0.193044
v 73.6748 0.847912 -30.5333
vt 1.02678 1.10211
vn 0.825486 -0.564423 3.1576e-16
v 73.6748 1.65287 -35.0984
vt 5.76201 1.93706
vn 0.825486 -0.530384 -0.193044
v 73.6748 3.97066 -39.113
vt 9.92611 4.3412
vn 0.825486 -0.432373 -0.362804
v 73.6748 7.52171 -42.0927
vt 13.0168 8.02456
vn 0.825486 -0.282211 -0.488804
v 73.6748 11.8777 -43.6781
vt 14.6613 12.5429
vn 0.903864 -0.0742901 -0.42132
v 73.6748 12.1613 -42.0697
vt 12.993 12.837
vn 0.995802 0.0158943 0.0901408
v 73.6748 8.33833 -40.6782
vt 11.5497 8.87161
vn 0.992531 0.0609976 0.105651
v 73.6748 5.22179 -38.0631
vt 8.83717 5.63895
vn 0.992531 0.0934537 0.078417
v 73.6748 3.18761 -34.5398
vt 5.1826 3.52898
vn 0.992531 0.114638 0.0417248
v 73.6748 2.48115 -30.5333
vt 1.02678 2.7962
vn 0.992531 0.121995 2.78692e-17
v 73.6748 3.18761 -26.5267
vt -3.12905 3.52898
vn 0.992531 0.114638 -0.0417248
f 3267/11522/3273 3266/11523/3272 3268/11524/3276 3269/11525/3277 3270/11526/3278 3271/11527/3279 3272/11528/3280 3273/11529/3281 3274/11530/3282 3275/11531/3283 3276/11532/3284 3277/11533/3285 3278/11534/3286 3279/11535/3287 3280/11536/3288 3281/11537/3289 3282/11538/3290 3283/11539/3291 

vt -11.2067 12.7765
vt -9.78553 8.80308
vt -8.132 9.73905
v 73.3408 12.4741 -20.7706
vt -9.33471 13.1015
vn 0.983235 0.0316632 -0.179571
f 3268/11540/3276 3266/11541/3272 3264/11542/3275 3284/11543/3292 

usemtl RIMS
vt -9.27843 13.202
vn 0.931984 0.0629474 -0.356993
vt -8.13336 9.81939
vt -7.71148 10.0439
vt -7.87302 10.521
vn 0.930086 0.125638 -0.345189
vt -8.80696 13.2799
f 3284/11544/3293 3264/11545/3269 3231/11546/3269 3230/11547/3294 3229/11548/3293 

v 73.6748 13.7646 -28.0892
vt -1.33494 14.5598
vn 0.97764 0.128839 0.166197
vt -7.51252 10.5603
vn 0.954416 0.207024 0.215014
vt -7.34062 10.0868
vn 0.99745 -0.0356849 0.0618081
f 3285/11549/3295 3230/11550/3296 3231/11551/3297

v 73.1738 12.9515 -25.8782
vt -2.76231 10.9909
vn 0.837813 0.422858 0.345341
vt -6.33387 7.50946
vt -0.443923 11.9216
f 3286/11552/3298 3230/11553/3296 3285/11554/3295

vt -0.990253 14.6583
vn 0.978762 -0.0355977 0.201884
v 73.1738 13.3492 -25.7335
vt -3.48824 14.2264
vn 0.968729 -0.043086 0.244353
vt -3.34103 13.8129
vn 0.967803 -0.0860896 0.236529
f 3285/11555/3299 3287/11556/3300 3286/11557/3301

vt -3.45463 14.0691
vt -0.956449 14.5
v 73.1738 13.7723 -25.7335
vt -3.45463 14.5081
vn 0.967803 -1.79635e-14 0.251709
f 3287/11558/3300 3285/11559/3299 3288/11560/3302

vt -8.05348 15.7728
vn 0.954416 -0.268078 0.13124
vt -3.44927 13.855
vn 0.837813 -0.51547 0.179888
vt -0.951092 13.8456
vn 0.97764 -0.177911 0.112109
f 3233/11561/3303 3288/11562/3304 3285/11563/3305

vt -8.49516 16.1515
vt -1.32363 14.5
vt -8.49516 16.6552
vn 0.99745 0.0123932 0.0702855
f 3233/11564/3303 3285/11565/3305 3232/11566/3306

v 73.6748 14.6265 -28.0892
vt -1.32363 15.394
f 3289/11567/3306 3232/11566/3306 3285/11565/3305

vt -8.5064 16.5867
vt -1.33494 15.3251
v 73.6748 15.4364 -28.384
vt -1.02988 16.1654
vn 0.97764 0.205526 0.0444988
f 3232/11568/3306 3289/11569/3306 3290/11570/3307

v 73.6748 11.8634 -29.6845
vt 0.146332 12.528
v 73.6748 11.7137 -30.5333
vt 1.02678 12.3728
v 73.6748 11.8634 -31.3821
vt 1.90722 12.528
v 73.6748 12.2944 -32.1285
vt 2.68147 12.975
v 73.6748 12.9546 -32.6826
vt 3.25614 13.6599
v 73.6748 13.7646 -32.9774
vt 3.56191 14.5
v 73.6748 14.6265 -32.9774
vt 3.56191 15.394
vt 3.25614 16.2341
v 73.6748 16.0967 -32.1285
vt 2.68147 16.919
v 73.6748 16.5276 -31.3821
vt 1.90722 17.366
v 73.6748 16.6773 -30.5333
vt 1.02678 17.5213
v 73.6748 16.5276 -29.6845
vt 0.146332 17.366
v 73.6748 16.0967 -28.938
vt -0.627917 16.919
vt -1.20259 16.2341
vt -1.50836 15.394
vt -1.50836 14.5
v 73.6748 12.9546 -28.384
vt -1.20259 13.6599
v 73.6748 12.2944 -28.938
vt -0.627917 12.975
f 3291/11571/3244 3292/11572/3244 3293/11573/3244 3294/11574/3244 3295/11575/3244 3296/11576/3244 3297/11577/3244 3203/11578/3244 3298/11579/3244 3299/11580/3244 3300/11581/3244 3301/11582/3244 3302/11583/3244 3290/11584/3244 3289/11585/3244 3285/11586/3244 3303/11587/3244 3304/11588/3244 

vt 0.177789 12.6739
vn 0.99745 -0.0670657 0.0244099
v 73.1738 5.28355 -27.2896
vt -2.31267 5.8315
vt 1.05816 12.5183
vn 0.97764 -0.1413 -0.155741
f 3291/11589/3308 3305/11590/3308 3292/11591/3309

vt -2.26453 5.82095
vt 0.236795 12.6594
vt -0.536944 13.1073
vn 0.97764 -0.00813362 0.21013
f 3305/11592/3308 3291/11593/3308 3304/11594/3310

v 73.1738 5.52639 -26.869
vt -2.70052 6.07333
vn 0.954416 0.0203817 0.297783
f 3304/11594/3310 3306/11595/3311 3305/11592/3308

v 73.1738 10.2503 -27.7669
vt -0.48718 10.5274
vn 0.837813 0.101947 0.536354
vt -1.27157 5.60184
vt 0.816096 12.6587
f 3307/11596/3312 3306/11597/3311 3304/11598/3310

vt -0.360624 13.2216
vn 0.978762 -0.157038 0.131771
v 73.1738 10.4619 -27.4004
vt -2.00154 11.2892
vn 0.968729 -0.190073 0.15949
vt -1.62354 11.0661
vn 0.967803 -0.217987 0.125855
f 3304/11599/3313 3308/11600/3314 3307/11601/3315

vt -1.87634 11.2833
vt -0.218633 13.2012
v 73.1738 10.7861 -27.1284
vt -2.15482 11.6226
vn 0.967803 -0.161796 0.19282
f 3308/11602/3314 3304/11603/3313 3309/11604/3316

vt -7.42926 8.44991
vn 0.954416 -0.28972 -0.0717815
vt -2.88516 10.5061
vn 0.837813 -0.510503 -0.193535
vt -1.17325 12.3255
vn 0.97764 -0.20835 -0.0284787
f 3262/11605/3317 3309/11606/3318 3304/11607/3319

vt -7.04791 9.74241
vt -0.488325 13.0786
vt -7.37122 10.1287
f 3262/11608/3317 3304/11609/3319 3231/11610/3297

vt -1.06211 13.7642
f 3303/11611/3297 3231/11610/3297 3304/11609/3319

vt -1.02988 13.7194
f 3231/11551/3297 3303/11612/3297 3285/11549/3295

vt -3.39356 9.44481
vn 0.956788 -0.222756 0.186914
vt -1.70886 11.3348
vt -1.98343 11.6772
v 73.1738 11.7586 -26.3124
vt -2.80716 12.7046
vn 0.956788 -0.145394 0.251829
vt -5.01813 11.471
f 3258/11613/3320 3308/11614/3314 3309/11615/3316 3310/11616/3321 3260/11617/3321 

vt -1.32402 8.02971
vn 0.956788 -0.273251 0.0994551
v 73.1738 9.61556 -28.8663
vt -0.392928 10.3841
vt -1.51998 11.0651
vt -1.89566 11.2921
vt -3.54682 9.37276
f 3256/11618/3322 3311/11619/3322 3307/11620/3315 3308/11621/3314 3258/11622/3320 

vt 1.09158 7.49046
vn 0.956788 -0.290787 4.09933e-16
v 73.1738 9.32163 -30.5333
vt 1.13098 10.022
vn 0.968729 -0.248122 -5.85403e-15
v 73.1738 9.39512 -30.1166
vt 0.699331 10.1016
vn 0.967803 -0.247885 0.0437088
vt -0.595615 10.3406
vt -1.46234 7.96174
f 3254/11623/3323 3312/11624/3324 3313/11625/3325 3311/11626/3322 3256/11627/3322 

vt 3.51295 7.99365
vn 0.956788 -0.273251 -0.0994551
v 73.1738 9.61556 -32.2003
vt 2.64622 10.3725
v 73.1738 9.39512 -30.95
vt 1.35128 10.1335
vn 0.967803 -0.247885 -0.0437088
vt 0.919628 10.0539
vt 0.959025 7.52237
f 3253/11628/3326 3314/11629/3326 3315/11630/3327 3312/11631/3324 3254/11632/3323 

vt 5.57635 9.45274
vn 0.956788 -0.222756 -0.186914
v 73.1738 10.4619 -33.6662
vt 3.9252 11.3721
vn 0.968729 -0.190073 -0.15949
v 73.1738 10.2503 -33.2997
vt 3.54951 11.1451
vn 0.967803 -0.217987 -0.125855
vt 2.42246 10.4641
vt 3.35356 8.10968
f 3251/11633/3328 3316/11634/3329 3317/11635/3330 3314/11636/3326 3253/11637/3326 

vt 5.39203 9.53437
vt 7.01659 11.5605
vn 0.956788 -0.145394 -0.251829
v 73.1738 11.7586 -34.7542
vt 4.80562 12.7941
v 73.1738 10.7861 -33.9382
vt 3.9819 11.7668
vn 0.967803 -0.161796 -0.19282
vt 3.70732 11.4243
f 3251/11638/3328 3249/11639/3331 3318/11640/3331 3319/11641/3332 3316/11642/3329 

vt 6.86095 11.4817
vt 7.71405 13.9346
vt 5.21778 14.3574
v 73.1738 12.9515 -35.1884
vt 5.0736 13.9428
vn 0.967803 -0.0860896 -0.236529
vt 4.64104 12.6991
f 3249/11643/3331 3245/11644/3263 3247/11645/3265 3320/11646/3333 3318/11647/3331 

vt 5.50197 14.255
vt 3.00398 14.687
vn 0.978762 -0.0355977 -0.201884
vt 5.35476 13.8415
f 3247/11648/3265 3296/11649/3334 3320/11650/3333

vt 2.96508 14.5
vt 5.46326 14.0691
vt 5.46326 14.5081
f 3296/11651/3334 3247/11652/3265 3246/11653/3264

vt 5.45706 14.0772
vn 0.837813 -0.51547 -0.179888
v 73.1738 15.3567 -39.8731
vt 10.0613 15.995
vn 0.954416 -0.268078 -0.13124
vt 2.95888 14.0678
vn 0.97764 -0.177911 -0.112109
f 3246/11654/3335 3321/11655/3336 3296/11656/3337

vt 3.37178 14.5
vt 10.5433 16.1515
vt 10.5433 16.6552
f 3296/11657/3337 3321/11658/3336 3196/11659/3236

v 73.1738 12.5486 -39.8731
vt 10.7866 13.2388
vn 0.949579 0.0544437 0.308765
vt 10.7866 16.1515
vn 0.948131 2.95962e-16 0.31788
vt 10.7866 16.6552
vt 10.3779 16.5869
v 73.0486 12.6145 -39.4995
vt 10.3779 13.3071
f 3322/11660/3338 3321/11661/3339 3196/11662/3228 3200/11663/3228 3323/11664/3338 

vt 10.6909 13.2388
vn 0.931984 0.0629474 0.356993
v 73.3408 12.4741 -40.296
vt 11.1625 13.1615
vt 11.1625 16.7326
vt 10.6909 16.6552
vt 10.6909 16.1515
vn 0.930086 3.19244e-16 0.367342
f 3322/11665/3340 3324/11666/3340 3201/11667/3232 3196/11668/3232 3321/11669/3341 

v 73.1738 9.45356 -38.7466
vt 9.63672 10.1336
vn 0.931984 0.18125 0.313934
v 73.3408 9.23887 -39.1184
vt 10.0586 9.90917
vt 11.2037 13.2917
vt 10.7322 13.3697
v 73.1738 9.90994 -38.9127
vt 9.79825 10.6108
vn 0.930086 0.125638 0.345189
f 3325/11670/3342 3326/11671/3342 3324/11672/3340 3322/11673/3340 3327/11674/3343 

v 73.1738 6.93042 -36.6294
vt 7.60698 7.25795
vn 0.931984 0.277691 0.23301
v 73.3408 6.6015 -36.9054
vt 7.93115 6.90685
vt 10.1283 9.72209
vt 9.70893 9.95125
v 73.1738 9.08151 -38.4344
vt 9.39899 9.55412
vn 0.930086 0.236123 0.281401
f 3328/11675/3344 3329/11676/3344 3326/11677/3342 3325/11678/3342 3330/11679/3345 

v 73.1738 5.28355 -33.777
vt 4.6907 5.06105
vn 0.931984 0.340638 0.123982
v 73.3408 4.88008 -33.9238
vt 4.8737 4.61961
vt 7.90779 6.50301
vt 7.59337 6.86288
v 73.1738 5.52639 -34.1976
vt 5.11871 5.32674
vn 0.930086 0.318128 0.183671
f 3331/11680/3346 3332/11681/3346 3329/11682/3344 3328/11683/3344 3333/11684/3347 

v 73.3408 4.28223 -30.5333
vt 1.17134 3.59864
vn 0.931984 0.3625 1.32108e-15
vt 4.67996 4.26381
vt 4.51614 4.71272
v 73.1738 5.19922 -33.2987
vt 4.02119 4.61889
vn 0.930086 0.361762 0.0637883
v 73.1738 4.7116 -30.5333
vt 1.15949 4.07637
f 3334/11685/3348 3332/11686/3346 3331/11687/3346 3335/11688/3349 3336/11689/3348 

usemtl TYRES
vt 1.10775 2.30112
vt 5.26136 3.04638
vt 4.61142 4.83181
vn 0.983235 0.171345 0.0623643
vt 1.09643 4.20113
vn 0.983235 0.182341 4.16549e-17
f 3282/11690/3290 3281/11691/3289 3332/11692/3350 3334/11693/3351 

vt 4.72499 4.94172
vt 5.39361 3.16321
vt 9.03209 5.30081
vt 7.80405 6.75067
vn 0.983235 0.139681 0.117207
f 3332/11694/3350 3281/11695/3289 3280/11696/3288 3329/11697/3352 

vt 7.86477 6.89667
vt 9.10279 5.45531
vt 11.7875 8.71109
vt 10.1367 9.65186
vn 0.983235 0.0911705 0.157912
f 3329/11698/3352 3280/11699/3288 3279/11700/3287 3326/11701/3353 

vt 10.1541 9.7617
vt 11.8077 8.82573
vt 13.2289 12.7991
vt 11.3568 13.1242
vn 0.983235 0.0316632 0.179571
f 3326/11702/3353 3279/11703/3287 3278/11704/3286 3324/11705/3354 

vt 11.3581 13.1615
vt 13.2302 12.837
v 73.6748 16.2297 -42.0697
vt 13.2302 17.057
vn 0.995802 -0.0158943 0.0901408
vt 11.3581 16.7326
vn 0.983235 -0.0316632 0.179571
f 3324/11706/3354 3278/11707/3286 3337/11708/3355 3201/11709/3356 

v 73.6748 16.5133 -43.6781
vt 14.6613 17.3512
vn 0.903864 0.0742901 -0.42132
vt 12.993 17.057
f 3277/11533/3285 3338/11710/3357 3337/11711/3355 3278/11534/3286 

v 72.6311 11.7305 -44.5131
vt 8.59752 12.3901
vn 0.335542 -0.163581 -0.927714
v 72.6311 16.6605 -44.5131
vt 8.59752 17.5039
vn 0.335542 0.163581 -0.927714
vt 7.21101 17.3512
vt 7.21101 12.5429
f 3339/11712/3358 3340/11713/3359 3338/11714/3357 3277/11715/3285 

v 66.2924 11.7305 -44.5131
vt 5.16301 12.3901
vn -0.335542 -0.163581 -0.927714
v 66.2924 16.6605 -44.5131
vt 5.16301 17.5039
vn -0.335542 0.163581 -0.927714
vt -1.41179 17.5039
vt -1.41179 12.3901
f 3341/11716/3360 3342/11717/3361 3340/11718/3359 3339/11719/3358 

vt -5.66831 17.5039
vt -5.66831 12.3901
v 65.2486 11.8777 -43.6781
vt -4.28181 12.5429
vn -0.825486 -0.098011 -0.555848
v 65.2486 16.5133 -43.6781
vt -4.28181 17.3512
vn -0.825486 0.098011 -0.555848
f 3342/11720/3361 3341/11721/3360 3343/11722/3362 3344/11723/3363 

vt -6.13427 15.9916
v 66.2924 7.09775 -42.827
vt -5.00049 11.0051
vn -0.335542 -0.471013 -0.815818
v 65.2486 7.52171 -42.0927
vt -3.68236 11.4615
vn -0.825486 -0.282211 -0.488804
vt -4.74841 16.1501
f 3341/11724/3360 3345/11725/3364 3346/11726/3365 3343/11727/3362 

vt 5.16301 11.8399
vt 5.16301 16.9536
vt -1.41179 16.9536
v 72.6311 7.09775 -42.827
vt -1.41179 11.8399
vn 0.335542 -0.471013 -0.815818
f 3345/11728/3364 3341/11729/3360 3339/11730/3358 3347/11731/3366 

vt 7.8568 10.3557
vt 8.99057 15.3422
vt 7.60472 15.5006
vt 6.53866 10.812
f 3347/11732/3366 3339/11733/3358 3277/11734/3285 3276/11735/3284 

v 72.6311 3.32112 -39.658
vt 6.60123 7.32586
vn 0.335542 -0.721633 -0.605522
vt 8.97536 11.8551
vt 7.67643 12.3635
vt 5.44411 8.10484
f 3348/11736/3367 3347/11737/3366 3276/11738/3284 3275/11739/3283 

v 66.2924 3.32112 -39.658
vt 5.16301 9.55321
vn -0.335542 -0.721633 -0.605522
vt 5.16301 14.6669
vt -1.41179 14.6669
vt -1.41179 9.55321
f 3349/11740/3368 3345/11741/3364 3347/11742/3366 3348/11743/3367 

vt -6.38097 13.215
vt -4.00684 8.68579
v 65.2486 3.97066 -39.113
vt -2.84972 9.46476
vn -0.825486 -0.432373 -0.362804
vt -5.08205 13.7234
f 3345/11744/3364 3349/11745/3368 3350/11746/3369 3346/11747/3365 

vt -6.16034 9.42276
v 66.2924 0.856094 -35.3884
vt -2.40487 5.95192
vn -0.335542 -0.885214 -0.322192
v 65.2486 1.65287 -35.0984
vt -1.57597 7.07381
vn -0.825486 -0.530384 -0.193044
vt -5.10712 10.3373
f 3349/11748/3368 3351/11749/3370 3352/11750/3371 3350/11751/3369 

vt 5.16301 10.9196
vt -1.41179 10.9196
v 72.6311 0.856094 -35.3884
vt -1.41179 5.80585
vn 0.335542 -0.885214 -0.322192
vt 5.16301 5.80585
f 3349/11752/3368 3348/11753/3367 3353/11754/3372 3351/11755/3370 

vt 4.39301 3.80075
vt 8.14848 7.27159
vt 7.09526 8.18616
vt 3.56411 4.92264
f 3353/11756/3372 3348/11757/3367 3275/11758/3283 3274/11759/3282 

v 72.6311 0 -30.5333
vt 0.703939 1.37076
vn 0.335542 -0.942025 4.32342e-16
vt 5.62538 2.75989
vt 5.10176 4.05277
vt 0.47428 2.74661
f 3354/11760/3373 3353/11761/3372 3274/11762/3282 3273/11763/3281 

vt 5.16301 6.16357
vt -1.41179 6.16357
vt -1.41179 1.04983
v 66.2924 0 -30.5333
vt 5.16301 1.04983
vn -0.335542 -0.942025 2.45988e-16
f 3351/11764/3370 3353/11765/3372 3354/11766/3373 3355/11767/3374 

vt -5.16301 -0.972521
vn -0.335542 -0.942025 2.38533e-16
vt 1.41179 -0.972521
v 72.6311 0.856094 -25.6781
vt 1.41179 4.14121
vn 0.335542 -0.885214 0.322192
v 66.2924 0.856094 -25.6781
vt -5.16301 4.14121
vn -0.335542 -0.885214 0.322192
f 3355/11768/3375 3354/11769/3373 3356/11770/3376 3357/11771/3377 

vt -3.61856 2.42491
vt 1.30288 1.03578
vt 1.53254 2.41164
vt -3.09494 3.71779
f 3356/11772/3376 3354/11773/3373 3273/11774/3281 3272/11775/3280 

v 72.6311 3.32112 -21.4086
vt -6.40707 6.53557
vn 0.335542 -0.721633 0.605522
vt -2.6516 3.06473
vt -1.8227 4.18662
vt -5.35385 7.45014
f 3358/11776/3378 3356/11777/3376 3272/11778/3280 3271/11779/3279 

vt -5.16301 4.02743
vt 1.41179 4.02743
vt 1.41179 9.14116
v 66.2924 3.32112 -21.4086
vt -5.16301 9.14116
vn -0.335542 -0.721633 0.605522
f 3357/11780/3377 3356/11781/3376 3358/11782/3378 3359/11783/3379 

vt 1.41179 8.23321
v 72.6311 7.09775 -18.2396
vt 1.41179 13.3469
vn 0.335542 -0.471013 0.815818
v 66.2924 7.09775 -18.2396
vt -5.16301 13.3469
vn -0.335542 -0.471013 0.815818
vt -5.16301 8.23321
f 3358/11784/3378 3360/11785/3380 3361/11786/3381 3359/11787/3379 

vt -7.49214 11.1422
vt -5.11801 6.61299
vt -3.9609 7.39196
vt -6.19322 11.6506
f 3360/11788/3380 3358/11789/3378 3271/11790/3279 3270/11791/3278 

v 72.6311 11.7305 -16.5534
vt -7.65938 14.9246
vn 0.335542 -0.163581 0.927714
vt -6.5256 9.93809
vt -5.20747 10.3944
vt -6.27352 15.083
f 3362/11792/3382 3360/11793/3380 3270/11794/3278 3269/11795/3277 

vt 1.41179 11.1376
vt 1.41179 16.2513
v 66.2924 11.7305 -16.5534
vt -5.16301 16.2513
vn -0.335542 -0.163581 0.927714
vt -5.16301 11.1376
f 3360/11796/3380 3362/11797/3382 3363/11798/3383 3361/11799/3381 

vt 1.41179 12.3901
v 72.6311 16.6605 -16.5534
vt 1.41179 17.5039
vn 0.335542 0.163581 0.927714
v 66.2924 16.6605 -16.5534
vt -5.16301 17.5039
vn -0.335542 0.163581 0.927714
vt -5.16301 12.3901
f 3362/11800/3382 3364/11801/3384 3365/11802/3385 3363/11803/3383 

vt -7.31468 17.5039
vt -7.31468 12.3901
vt -5.92817 12.5429
v 73.6748 16.5133 -17.3885
vt -5.92817 17.3512
vn 0.903864 0.0742901 0.42132
f 3364/11804/3384 3362/11805/3382 3269/11806/3277 3366/11807/3386 

v 73.6748 16.2297 -18.9969
vt -10.9394 17.057
vn 0.995802 -0.0158943 -0.0901408
vt -12.6078 17.3512
f 3268/11524/3276 3367/11808/3387 3366/11809/3386 3269/11525/3277 

vt -11.2121 12.837
vt -9.33997 13.1615
v 73.3408 15.9169 -20.7706
vt -9.33997 16.7326
vn 0.983235 -0.0316632 -0.179571
vt -11.2121 17.057
f 3268/11810/3276 3284/11811/3292 3368/11812/3388 3367/11813/3387 

usemtl RIMS
vt -9.2525 13.1615
vt -8.78093 13.2388
vt -8.78093 16.1515
vn 0.930086 -2.5582e-15 -0.367342
vt -8.78093 16.6552
vn 0.931984 -0.0629474 -0.356993
vt -9.2525 16.7326
f 3284/11814/3293 3229/11815/3293 3233/11816/3389 3232/11817/3390 3368/11818/3390 

vt -9.27843 16.4552
vt -8.80696 16.3772
vt -8.64543 16.8544
vn 0.930086 -0.125638 -0.345189
vt -7.71148 19.6133
vn 0.931984 -0.18125 -0.313934
v 73.3408 19.1521 -21.9481
vt -8.13336 19.8378
f 3368/11819/3390 3232/11820/3390 3236/11821/3391 3235/11822/3392 3369/11823/3392 

vt -8.3345 17.0602
vn 0.954416 0.296798 0.0316373
f 3290/11570/3307 3236/11824/3393 3232/11568/3306

v 73.1738 16.2348 -26.1677
vt -3.5185 13.2341
vn 0.837813 0.545909 -0.00726153
vt -8.50553 13.3133
vt -1.22416 12.2457
f 3370/11825/3394 3236/11826/3393 3290/11827/3307

vt -0.690408 16.0022
vn 0.978762 0.102499 0.177534
v 73.1738 16.6324 -26.3124
vt -2.89939 17.246
vn 0.968729 0.124061 0.21488
vt -3.0466 16.8324
vn 0.967803 0.0860896 0.236529
f 3290/11828/3395 3371/11829/3396 3370/11830/3397

vt -2.99023 16.9851
vt -0.785824 15.7333
v 73.1738 16.9566 -26.5844
vt -2.71176 17.3244
vn 0.967803 0.161796 0.19282
f 3371/11831/3396 3290/11832/3395 3372/11833/3398

v 73.1738 21.0886 -24.125
vt -3.93901 22.4658
vn 0.954416 -0.121 0.272853
vt -1.71315 18.0024
vn 0.837813 -0.279243 0.46914
vt 0.169456 16.3602
vn 0.97764 -0.0642257 0.20024
f 3373/11834/3399 3372/11835/3400 3290/11836/3401

vt -5.50188 21.9665
vt -1.06211 16.0974
v 73.1738 21.4606 -24.4372
vt -5.17857 22.3528
vn 0.99745 0.0546724 0.0458756
f 3373/11837/3399 3290/11838/3401 3374/11839/3402

vt -0.488325 16.783
f 3302/11840/3402 3374/11839/3402 3290/11838/3401

vt -5.22131 22.3026
vt -0.536944 16.7278
vt 0.236795 17.1757
vn 0.97764 0.186045 -0.0980213
f 3374/11841/3402 3302/11842/3402 3301/11843/3403

v 73.1738 21.7034 -24.8578
vt -4.78532 22.5549
vn 0.954416 0.247697 -0.166542
f 3301/11843/3403 3375/11844/3404 3374/11841/3402

v 73.1738 18.5639 -28.4999
vt -1.76917 17.1585
vn 0.837813 0.413523 -0.356466
vt -5.24539 20.7352
vt -0.841957 14.8388
f 3376/11845/3405 3375/11846/3404 3301/11847/3403

vt 0.409284 16.6378
vn 0.978762 0.192636 0.0701137
v 73.1738 18.7755 -28.8663
vt -0.48954 19.0082
vn 0.968729 0.233159 0.0848628
vt -0.867539 18.785
vn 0.967803 0.217987 0.125855
f 3301/11848/3406 3377/11849/3407 3376/11850/3408

vt -0.628937 18.8702
vt 0.238293 16.4881
v 73.1738 18.8489 -29.2831
vt -0.196963 18.9481
vn 0.985622 0.166396 0.0293402
f 3377/11851/3407 3301/11852/3406 3378/11853/3409

v 73.1738 23.5951 -30.055
vt 1.51459 24.4813
vn 0.954416 0.0826951 0.286795
vt 0.841169 19.5394
vn 0.837813 0.0876449 0.538876
vt 1.47248 17.1222
vn 0.97764 0.0795119 0.194676
f 3379/11854/3410 3378/11855/3411 3301/11856/3412

v 73.1738 18.8489 -31.7835
vt 2.32358 19.7738
vn 0.985622 0.166396 -0.0293402
v 73.1738 23.5951 -31.0116
vt 1.52289 24.6968
vn 1 -2.9116e-15 1.16778e-18
v 73.1738 23.6794 -30.5333
vt 1.02678 24.7843
vt 0.530662 24.6968
vt -0.270029 19.7738
v 73.1738 18.9224 -29.6998
vt 0.162239 19.85
vn 0.988821 0.146845 0.0258927
v 73.1738 19.0694 -30.5333
vt 1.02678 20.0025
vn 0.980671 0.195662 -6.97333e-17
f 3380/11857/3413 3381/11858/3414 3382/11859/3414 3379/11860/3414 3378/11861/3409 3383/11862/3415 3384/11863/3416 

vt 0.885969 19.442
vn 0.837813 0.0876449 -0.538876
vt 0.212548 24.384
vn 0.954416 0.0826951 -0.286795
vt 0.254661 17.0249
vn 0.97764 0.0795119 -0.194676
f 3380/11864/3417 3381/11865/3418 3299/11866/3419

vt 1.8756 17.142
vt 1.49785 24.4915
vt 1.00178 24.5792
vn 0.99745 0.0713698 3.06637e-16
f 3299/11867/3419 3381/11868/3418 3382/11869/3420

vt 1.65444 23.6991
vn 0.930086 -0.361762 0.0637883
v 73.1738 23.1075 -33.777
vt 4.51614 23.1566
vn 0.931984 -0.340638 0.123982
v 73.3408 23.5109 -33.9238
vt 4.67996 23.6055
v 73.3408 24.1088 -30.5333
vt 1.17134 24.2707
vn 0.931984 -0.3625 -1.39061e-17
vt 1.15949 23.793
f 3381/11870/3421 3385/11871/3422 3386/11872/3422 3387/11873/3423 3382/11874/3423 

vt 4.35676 23.123
vn 0.949579 -0.294621 0.107233
vt 4.49867 23.5124
vt 1.63509 24.0449
vn 0.948131 -0.313051 0.0551993
vt 1.13982 24.137
vn 0.949579 -0.313529 3.85697e-16
vt 1.13226 23.7227
f 3240/11875/3424 3385/11876/3424 3381/11877/3425 3382/11878/3426 3239/11879/3426 

vt 7.30445 21.5022
vn 0.949579 -0.240177 0.201532
v 73.1738 21.4606 -36.6294
vt 7.57538 21.8157
v 73.1738 21.7034 -36.2088
vt 7.14511 22.0777
vn 0.948131 -0.275292 0.15894
vt 4.65737 23.5926
vt 4.50316 23.208
f 3241/11880/3427 3388/11881/3427 3389/11882/3428 3385/11883/3424 3240/11884/3424 

vt 9.73726 19.3521
v 73.1738 21.0886 -36.9416
vt 7.92388 21.6315
vn 0.948131 -0.204329 0.24351
vt 7.61024 22.0257
vt 7.33294 21.7178
vt 9.37488 19.1511
f 3198/11885/3230 3390/11886/3429 3388/11887/3427 3241/11888/3427 3199/11889/3230 

vt 7.91692 21.3936
vn 0.930086 -0.236123 0.281401
vt 9.70893 19.0975
vt 10.1283 19.3266
v 73.3408 21.7895 -36.9054
vt 7.93115 22.1419
vn 0.931984 -0.277691 0.23301
vt 7.60698 21.7908
f 3390/11890/3430 3198/11891/3233 3202/11892/3233 3391/11893/3431 3388/11894/3431 

usemtl TYRES
vt 7.86477 22.7851
vn 0.983235 -0.139681 0.117207
vt 10.1367 20.0299
vn 0.983235 -0.0911705 0.157912
v 73.6748 20.0527 -40.6782
vt 11.7875 20.9707
vn 0.992531 -0.0609976 0.105651
v 73.6748 23.1692 -38.0631
vt 9.10279 24.2265
vn 0.992531 -0.0934537 0.078417
f 3391/11895/3432 3202/11896/3433 3392/11897/3434 3393/11898/3435 

vt 10.1541 20.0724
vt 11.3568 16.7099
vt 13.2289 17.035
vt 11.8077 21.0084
f 3202/11899/3433 3201/11900/3356 3337/11901/3355 3392/11902/3434 

v 73.6748 20.8693 -18.9739
vt -10.9633 21.8695
vn 0.825486 0.282211 0.488804
v 73.6748 20.0527 -20.3884
vt -9.49614 21.0224
vn 0.992531 -0.0609976 -0.105651
v 73.6748 23.1692 -23.0034
vt -6.78362 24.2551
vn 0.992531 -0.0934537 -0.078417
v 73.6748 25.2034 -26.5267
vt -3.12905 26.3651
vn 0.992531 -0.114638 -0.0417248
v 73.6748 25.9099 -30.5333
vt 1.02678 27.0978
vn 0.992531 -0.121995 -0
v 73.6748 25.2034 -34.5398
vt 5.1826 26.3651
vn 0.992531 -0.114638 0.0417248
vt 8.83717 24.2551
vt 11.5497 21.0224
v 73.6748 20.8693 -42.0927
vt 13.0168 21.8695
vn 0.825486 0.282211 -0.488804
v 73.6748 24.4204 -39.113
vt 9.92611 25.5528
vn 0.825486 0.432373 -0.362804
v 73.6748 26.7381 -35.0984
vt 5.76201 27.957
vn 0.825486 0.530384 -0.193044
v 73.6748 27.5431 -30.5333
vt 1.02678 28.7919
vn 0.825486 0.564423 -2.75017e-16
v 73.6748 26.7381 -25.9681
vt -3.70846 27.957
vn 0.825486 0.530384 0.193044
v 73.6748 24.4204 -21.9536
vt -7.87256 25.5528
vn 0.825486 0.432373 0.362804
f 3394/11903/3436 3366/11809/3386 3367/11808/3387 3395/11904/3437 3396/11905/3438 3397/11906/3439 3398/11907/3440 3399/11908/3441 3393/11909/3435 3392/11910/3434 3337/11711/3355 3338/11710/3357 3400/11911/3442 3401/11912/3443 3402/11913/3444 3403/11914/3445 3404/11915/3446 3405/11916/3447 

v 72.6311 21.2933 -18.2396
vt -6.5256 18.8701
vn 0.335542 0.471013 0.815818
vt -7.65938 13.8836
vt -6.27352 13.7251
vt -5.20747 18.4138
f 3406/11917/3448 3364/11918/3384 3366/11919/3386 3394/11920/3436 

vt 1.41179 11.8399
vt 1.41179 16.9536
v 66.2924 21.2933 -18.2396
vt -5.16301 16.9536
vn -0.335542 0.471013 0.815818
vt -5.16301 11.8399
f 3364/11921/3384 3406/11922/3448 3407/11923/3449 3365/11924/3385 

vt 1.41179 9.55321
v 72.6311 25.0699 -21.4086
vt 1.41179 14.6669
vn 0.335542 0.721633 0.605522
v 66.2924 25.0699 -21.4086
vt -5.16301 14.6669
vn -0.335542 0.721633 0.605522
vt -5.16301 9.55321
f 3406/11925/3448 3408/11926/3450 3409/11927/3451 3407/11928/3449 

vt -5.11801 19.2426
vt -7.49214 14.7133
vt -6.19322 14.2049
vt -3.9609 18.4636
f 3408/11929/3450 3406/11930/3448 3394/11931/3436 3405/11932/3447 

v 72.6311 27.5349 -25.6781
vt -2.6516 18.9573
vn 0.335542 0.885214 0.322192
vt -6.40707 15.4865
vt -5.35385 14.5719
vt -1.8227 17.8354
f 3410/11933/3452 3408/11934/3450 3405/11935/3447 3404/11936/3446 

vt -5.16301 5.80585
vt 1.41179 5.80585
vt 1.41179 10.9196
v 66.2924 27.5349 -25.6781
vt -5.16301 10.9196
vn -0.335542 0.885214 0.322192
f 3409/11937/3451 3408/11938/3450 3410/11939/3452 3411/11940/3453 

vt -5.16301 1.04983
vt 1.41179 1.04983
v 72.6311 28.391 -30.5333
vt 1.41179 6.16357
vn 0.335542 0.942025 -3.95071e-16
v 66.2924 28.391 -30.5333
vt -5.16301 6.16357
vn -0.335542 0.942025 -4.02525e-16
f 3411/11941/3453 3410/11942/3452 3412/11943/3454 3413/11944/3455 

vt 1.30288 18.0737
vt -3.61856 16.6846
vt -3.09494 15.3917
vt 1.53254 16.6979
f 3412/11945/3454 3410/11946/3452 3404/11947/3446 3403/11948/3445 

v 72.6311 27.5349 -35.3884
vt 5.62538 16.3496
vn 0.335542 0.885214 -0.322192
vt 0.703939 17.7388
vn 0.335542 0.942025 -3.87617e-16
vt 0.47428 16.3629
vt 5.10176 15.0567
f 3414/11949/3456 3412/11950/3457 3403/11951/3445 3402/11952/3444 

vt 5.16301 4.14121
vt -1.41179 4.14121
vt -1.41179 -0.972521
v 66.2924 27.5349 -35.3884
vt 5.16301 -0.972521
vn -0.335542 0.885214 -0.322192
f 3413/11953/3455 3412/11954/3457 3414/11955/3456 3415/11956/3458 

vt 5.16301 9.14116
vt -1.41179 9.14116
v 72.6311 25.0699 -39.658
vt -1.41179 4.02743
vn 0.335542 0.721633 -0.605522
v 66.2924 25.0699 -39.658
vt 5.16301 4.02743
vn -0.335542 0.721633 -0.605522
f 3415/11957/3458 3414/11958/3456 3416/11959/3459 3417/11960/3460 

vt 8.14848 14.7505
vt 4.39301 18.2213
vt 3.56411 17.0994
vt 7.09526 13.8359
f 3416/11961/3459 3414/11962/3456 3402/11963/3444 3401/11964/3443 

v 72.6311 21.2933 -42.827
vt 8.97536 14.0005
vn 0.335542 0.471013 -0.815818
vt 6.60123 18.5297
vt 5.44411 17.7507
vt 7.67643 13.492
f 3418/11965/3461 3416/11966/3459 3401/11967/3443 3400/11968/3442 

v 66.2924 21.2933 -42.827
vt 5.16301 8.23321
vn -0.335542 0.471013 -0.815818
vt 5.16301 13.3469
vt -1.41179 13.3469
vt -1.41179 8.23321
f 3419/11969/3462 3417/11970/3460 3416/11971/3459 3418/11972/3461 

vt -4.00684 17.1698
vt -6.38097 12.6405
v 65.2486 20.8693 -42.0927
vt -5.08205 12.1321
vn -0.825486 0.282211 -0.488804
v 65.2486 24.4204 -39.113
vt -2.84972 16.3908
vn -0.825486 0.432373 -0.362804
f 3417/11973/3460 3419/11974/3462 3420/11975/3463 3421/11976/3464 

vt -5.00049 17.803
vt -6.13427 12.8166
vt -4.74841 12.6581
vt -3.68236 17.3467
f 3419/11977/3462 3342/11978/3361 3344/11979/3363 3420/11980/3463 

vt 5.16301 11.1376
vt 5.16301 16.2513
vt -1.41179 16.2513
vt -1.41179 11.1376
f 3342/11981/3361 3419/11982/3462 3418/11983/3461 3340/11984/3359 

vt 8.99057 13.466
vt 7.8568 18.4525
vt 6.53866 17.9961
vt 7.60472 13.3075
f 3340/11985/3359 3418/11986/3461 3400/11987/3442 3338/11988/3357 

v 65.2486 7.52171 -18.9739
vt 10.9633 8.02456
vn -0.825486 -0.282211 0.488804
v 65.2486 11.8777 -17.3885
vt 12.6078 12.5429
vn -0.825486 -0.098011 0.555848
v 65.2486 16.5133 -17.3885
vt 12.6078 17.3512
vn -0.825486 0.098011 0.555848
v 65.2486 20.8693 -18.9739
vt 10.9633 21.8695
vn -0.825486 0.282211 0.488804
v 65.2486 24.4204 -21.9536
vt 7.87256 25.5528
vn -0.825486 0.432373 0.362804
v 65.2486 26.7381 -25.9681
vt 3.70846 27.957
vn -0.825486 0.530384 0.193044
v 65.2486 27.5431 -30.5333
vt -1.02678 28.7919
vn -0.825486 0.564423 -2.85202e-16
v 65.2486 26.7381 -35.0984
vt -5.76201 27.957
vn -0.825486 0.530384 -0.193044
vt -9.92611 25.5528
vt -13.0168 21.8695
vt -14.6613 17.3512
vt -14.6613 12.5429
vt -13.0168 8.02456
vt -9.92611 4.3412
vt -5.76201 1.93706
v 65.2486 0.847912 -30.5333
vt -1.02678 1.10211
vn -0.825486 -0.564423 5.0929e-17
v 65.2486 1.65287 -25.9681
vt 3.70846 1.93706
vn -0.825486 -0.530384 0.193044
v 65.2486 3.97066 -21.9536
vt 7.87256 4.3412
vn -0.825486 -0.432373 0.362804
f 3422/11989/3465 3423/11990/3466 3424/11991/3467 3425/11992/3468 3426/11993/3469 3427/11994/3470 3428/11995/3471 3429/11996/3472 3421/11997/3464 3420/11998/3463 3344/11999/3363 3343/12000/3362 3346/12001/3365 3350/12002/3369 3352/12003/3371 3430/12004/3473 3431/12005/3474 3432/12006/3475 

vt 3.6693 10.5875
vt 4.80307 15.574
vt 3.41721 15.7325
vt 2.35116 11.0439
f 3361/12007/3381 3363/12008/3383 3423/12009/3466 3422/12010/3465 

vt 4.38547 12.3901
vt 4.38547 17.5039
vt 2.99897 17.3512
vt 2.99897 12.5429
f 3363/12011/3383 3365/12012/3385 3424/12013/3467 3423/12014/3466 

vt 4.80307 13.2342
vt 3.6693 18.2206
vt 2.35116 17.7643
vt 3.41721 13.0757
f 3365/12015/3385 3407/12016/3449 3425/12017/3468 3424/12018/3467 

vt 4.89776 13.3534
vt 2.52363 17.8826
vt 1.36651 17.1037
vt 3.59883 12.845
f 3407/12019/3449 3409/12020/3451 3426/12021/3469 3425/12022/3468 

vt 4.41893 13.3353
vt 0.663465 16.8061
vt -0.165438 15.6843
vt 3.36571 12.4207
f 3409/12023/3451 3411/12024/3453 3427/12025/3470 3426/12026/3469 

vt 2.82285 13.8655
vt -2.09859 15.2547
vt -2.32825 13.8788
vt 2.29923 12.5727
f 3411/12027/3453 3413/12028/3455 3428/12029/3471 3427/12030/3470 

vt 0.0917715 14.9197
vt -4.82967 13.5306
vt -4.30605 12.2377
vt 0.32143 13.5438
f 3413/12031/3455 3415/12032/3458 3429/12033/3472 3428/12034/3471 

vt -2.40487 16.0701
vt -6.16034 12.5993
vt -5.10712 11.6847
vt -1.57597 14.9482
f 3415/12035/3458 3417/12036/3460 3421/12037/3464 3429/12038/3472 

vt 2.52363 7.97292
vt 4.89776 12.5021
vt 3.59883 13.0106
vt 1.36651 8.75189
f 3359/12039/3379 3361/12040/3381 3422/12041/3465 3432/12042/3475 

vt 0.663465 5.2159
vt 4.41893 8.68674
vt 3.36571 9.60132
vt -0.165438 6.33779
f 3357/12043/3377 3359/12044/3379 3432/12045/3475 3431/12046/3474 

vt -2.09859 3.85484
vt 2.82285 5.24397
vt 2.29923 6.53685
vt -2.32825 5.23069
f 3355/12047/3375 3357/12048/3377 3431/12049/3474 3430/12050/3473 

vt -4.82967 5.57895
vt 0.0917715 4.18982
vt 0.32143 5.56567
vt -4.30605 6.87183
f 3351/12051/3370 3355/12052/3374 3430/12053/3473 3352/12054/3371 

vt -11.2067 17.0576
vt -9.33471 16.7325
vt -8.132 20.095
vn 0.983235 -0.0911705 -0.157912
vt -9.78553 21.031
f 3367/12055/3387 3368/12056/3388 3369/12057/3476 3395/12058/3437 

vt -9.75501 21.0056
vt -8.10421 20.0648
v 73.3408 21.7895 -24.1612
vt -5.83226 22.82
vn 0.983235 -0.139681 -0.117207
vt -7.07028 24.2613
f 3395/12059/3437 3369/12060/3476 3433/12061/3477 3396/12062/3438 

usemtl RIMS
vt -8.16271 19.4671
vt -7.74337 19.2379
vt -5.95136 21.5341
vn 0.930086 -0.236123 -0.281401
vt -5.64142 21.9312
vn 0.931984 -0.277691 -0.23301
vt -5.9656 22.2823
f 3369/12063/3392 3235/12064/3392 3373/12065/3478 3374/12066/3479 3433/12067/3479 

vt -7.38588 19.2555
vt -5.34395 21.8221
vn 0.949579 -0.240177 -0.201532
vt -5.62124 22.1301
vt -5.93488 21.7358
vn 0.948131 -0.204329 -0.24351
vt -7.74826 19.4565
f 3234/12068/3253 3237/12069/3480 3374/12070/3480 3373/12071/3481 3235/12072/3253 

vt -2.47787 23.3014
vn 0.949579 -0.294621 -0.107233
v 73.1738 23.1075 -27.2896
vt -2.63208 23.6861
vt -5.11982 22.1712
vn 0.948131 -0.275292 -0.15894
vt -5.55009 21.9092
vt -5.27916 21.5956
f 3238/12073/3482 3434/12074/3482 3375/12075/3483 3374/12076/3480 3237/12077/3480 

vt 0.917815 23.7601
vt 0.910264 24.1744
vt 0.414989 24.0823
vn 0.948131 -0.313051 -0.0551993
v 73.1738 23.5358 -29.719
vt 0.067096 24.0176
vt -2.44859 23.5497
vt -2.30668 23.1604
f 3239/12078/3426 3382/12079/3426 3379/12080/3484 3435/12081/3484 3434/12082/3482 3238/12083/3482 

v 73.3408 23.5109 -27.1428
vt -2.63123 23.6563
vn 0.931984 -0.340638 -0.123982
vt -2.46741 23.2074
vt 0.0466329 23.6841
vn 0.930086 -0.361762 -0.0637883
vt 0.394299 23.75
vt 0.889249 23.8438
vt 0.877396 24.3215
f 3436/12084/3485 3434/12085/3485 3435/12086/3486 3379/12087/3486 3382/12088/3423 3387/12089/3423 

vt -5.89314 21.9645
vt -5.57873 21.6047
vt -5.15072 21.8703
vn 0.930086 -0.318128 -0.183671
vt -2.67606 23.4065
vt -2.85906 23.8479
f 3433/12090/3479 3374/12091/3479 3375/12092/3487 3434/12093/3485 3436/12094/3485 

usemtl TYRES
vt -6.98759 24.2377
vt -5.75954 22.7878
vt -2.68048 24.5967
vn 0.983235 -0.171345 -0.0623643
vt -3.34911 26.3753
f 3396/12095/3438 3433/12096/3477 3436/12097/3488 3397/12098/3439 

vt -3.2089 26.3592
vt -2.55896 24.5738
vt 0.956024 25.2045
vn 0.983235 -0.182341 -0
vt 0.944701 27.1045
f 3397/12099/3439 3436/12100/3488 3387/12101/3489 3398/12102/3440 

vt 1.09643 25.1923
vt 4.61142 24.5616
vn 0.983235 -0.171345 0.0623643
vt 5.26136 26.347
vt 1.10775 27.0923
f 3387/12103/3489 3386/12104/3490 3399/12105/3441 3398/12106/3440 

vt 4.72499 24.5659
vt 7.80405 22.757
vt 9.03209 24.2068
vt 5.39361 26.3444
f 3386/12107/3490 3391/12108/3432 3393/12109/3435 3399/12110/3441 

usemtl RIMS
vt 7.16537 21.7438
vn 0.930086 -0.318128 0.183671
vt 7.59337 21.4781
vt 7.90779 21.838
vt 4.8737 23.7214
vt 4.6907 23.2799
f 3389/12111/3491 3388/12112/3431 3391/12113/3431 3386/12114/3422 3385/12115/3422 

vt 6.83752 22.5503
vn 0.954416 0.247697 0.166542
vt 1.8154 17.171
vn 0.97764 0.186045 0.0980213
vt 7.2735 22.2979
vn 0.99745 0.0546724 -0.0458756
f 3389/12116/3492 3299/12117/3493 3388/12118/3494

vt 7.13502 21.0677
v 73.1738 18.5639 -32.5667
vt 3.65879 17.491
vn 0.837813 0.413523 0.356466
vt 2.73158 15.1712
f 3389/12119/3492 3437/12120/3495 3299/12121/3493

v 73.1738 18.7755 -32.2003
vt 2.53158 18.969
vn 0.968729 0.233159 -0.0848628
vt 1.63275 16.5987
vn 0.978762 0.192636 -0.0701137
vt 2.90958 18.7459
vn 0.967803 0.217987 -0.125855
f 3438/12122/3496 3299/12123/3497 3437/12124/3498

vt 1.81386 16.4726
vt 2.68109 18.8547
vt 2.24911 18.9326
f 3299/12125/3497 3438/12126/3496 3380/12127/3413

vt 2.64622 18.2332
vt 3.51295 20.6121
vn 0.956788 0.273251 -0.0994551
vt 0.959025 21.0833
vn 0.956788 0.290787 -1.0422e-16
vt 0.919628 18.5518
vn 0.980671 0.195662 -7.01266e-17
vt 2.21457 18.3129
f 3438/12128/3496 3212/12129/3499 3213/12130/3500 3384/12131/3501 3380/12132/3413 

vt 3.35356 20.7931
vt 2.42246 18.4387
vt 2.79814 18.2117
vt 3.9252 17.5307
vt 5.57635 19.45
f 3212/12133/3499 3438/12134/3496 3437/12135/3498 3209/12136/3243 3208/12137/3243 

vt -1.46234 20.644
vn 0.956788 0.273251 0.0994551
vt -0.595615 18.2651
vt -0.163966 18.3448
vt 0.267683 18.4244
vt 1.13098 18.5837
vt 1.09158 21.1152
f 3215/12138/3502 3377/12139/3407 3378/12140/3409 3383/12141/3415 3384/12142/3501 3213/12143/3500 

vt -1.32402 20.8731
vt -3.54682 19.53
vn 0.956788 0.222756 0.186914
v 73.1738 17.9291 -27.4004
vt -1.89566 17.6107
vt -0.768612 18.2917
vt -0.392928 18.5187
f 3215/12144/3502 3217/12145/3503 3439/12146/3503 3376/12147/3408 3377/12148/3407 

vt -2.80716 16.6475
vt -2.53258 16.99
vt -1.70886 18.0173
vt -3.39356 19.9073
vt -5.01813 17.8811
vn 0.956788 0.145394 0.251829
f 3371/12149/3396 3372/12150/3398 3439/12151/3503 3217/12152/3503 3219/12153/3504 

v 73.1738 15.0418 -25.7335
vt -3.24549 15.4419
vn 0.956788 0.0504947 0.28637
vt -2.81294 16.6856
vt -2.66875 17.1002
vt -4.88866 18.3176
vt -5.74176 15.8647
f 3440/12154/3505 3370/12155/3397 3371/12156/3396 3219/12157/3504 3220/12158/3505 

vt -3.19382 14.0691
vt -3.19382 14.5081
vt -3.19382 15.8249
vt -5.69045 16.2455
vt -5.69045 13.6485
vn 0.956788 -0.0504947 0.28637
f 3287/12159/3300 3288/12160/3302 3440/12161/3505 3220/12162/3505 3222/12163/3506 

vt -4.88866 11.424
vt -2.66875 12.6414
vt -3.10131 13.8851
vt -3.24549 14.2997
vt -5.74176 13.8769
f 3260/12164/3321 3310/12165/3321 3286/12166/3301 3287/12167/3300 3222/12168/3506 

vt 2.58914 16.7231
f 3298/12169/3494 3388/12118/3494 3299/12117/3493

vt 7.22894 22.3475
vt 2.5387 16.7777
vt 3.11248 16.0921
vn 0.97764 -0.0642257 -0.20024
f 3388/12170/3494 3298/12171/3494 3203/12172/3507

vt 7.55226 21.9612
vn 0.954416 -0.121 -0.272853
f 3203/12172/3507 3390/12173/3508 3388/12170/3494

vt 3.50492 18.2825
vn 0.837813 -0.279243 -0.46914
vt 5.73077 22.746
vt 1.62231 16.6404
f 3206/12174/3509 3390/12175/3508 3203/12176/3507

vt 0.555533 24.4934
vt 0.177789 17.1439
vt 1.05161 24.5811
f 3379/12177/3410 3301/12178/3412 3382/12179/3420

vt 1.05816 17.2995
vn 0.99745 0.0713698 7.90229e-16
f 3300/12180/3510 3382/12179/3420 3301/12178/3412

vt 0.995224 17.2977
f 3382/11869/3420 3300/12181/3510 3299/11867/3419

usemtl TYRES
vt -3.2089 3.03415
vt 0.944701 2.28888
vt 0.956024 4.1889
v 73.3408 4.88008 -27.1428
vt -2.55896 4.81958
vn 0.983235 0.171345 -0.0623643
f 3283/12182/3291 3282/12183/3290 3334/12184/3351 3441/12185/3511 

usemtl RIMS
vt -2.63123 4.21298
vn 0.931984 0.340638 -0.123982
vt 0.877396 3.54781
vt 0.889249 4.02553
v 73.1738 5.19922 -27.7679
vt -1.97246 4.56806
vn 0.930086 0.361762 -0.0637883
vt -2.46741 4.66189
f 3441/12186/3512 3334/12187/3348 3336/12188/3348 3442/12189/3513 3305/12190/3512 

v 73.0486 5.64003 -27.4194
vt -2.30668 5.23106
vn 0.949579 0.294621 -0.107233
vt -2.44859 4.84174
vt -1.95331 4.74963
vn 0.948131 0.313051 -0.0551993
vt 0.910264 4.21708
vn 0.949579 0.313529 -3.56161e-15
v 73.0486 5.09096 -30.5333
vt 0.917815 4.63139
f 3443/12191/3514 3305/12192/3514 3442/12193/3515 3336/12194/3516 3444/12195/3516 

vt -5.27916 7.14332
vt -5.55009 6.82977
vt -3.06235 5.3149
vn 0.948131 0.275292 -0.15894
vt -2.63208 5.05289
vt -2.47787 5.43752
f 3261/12196/3267 3263/12197/3267 3306/12198/3517 3305/12199/3514 3443/12200/3514 

vt -5.89314 6.37645
vt -2.85906 4.49304
vt -2.67606 4.93448
vt -3.10407 5.20017
vn 0.930086 0.318128 -0.183671
vt -5.57873 6.73632
f 3265/12201/3270 3441/12202/3512 3305/12203/3512 3306/12204/3518 3263/12205/3270 

usemtl TYRES
vt -6.98759 5.26995
vt -3.34911 3.13236
vt -2.68048 4.91087
vt -5.75954 6.71982
f 3267/12206/3273 3283/12207/3291 3441/12208/3511 3265/12209/3274 

usemtl RIMS
vt -5.31248 6.44522
vt -2.81662 4.31738
vn 0.682799 0.686545 -0.249882
vt -2.35691 5.00826
vt -4.70301 7.00844
f 3261/12210/3266 3443/12211/3519 3257/12212/3519 3259/12213/3266 

vt -2.50703 3.1674
vt 0.666933 2.34098
vn 0.682799 0.730606 1.00746e-15
vt 0.779341 3.16319
vt -2.20418 3.94002
f 3443/12214/3519 3444/12215/3520 3255/12216/3520 3257/12217/3519 

vt 1.35102 2.61686
v 73.0486 5.64003 -33.6472
vt 4.52498 3.44329
vn 0.682799 0.686545 0.249882
vt 4.22213 4.21591
vt 1.23861 3.43907
f 3444/12218/3520 3445/12219/3521 3252/12220/3521 3255/12221/3520 

vt 1.13226 4.66876
vt 1.13982 4.25444
vt 4.00339 4.78699
vn 0.948131 0.313051 0.0551993
vt 4.49867 4.8791
vn 0.949579 0.294621 0.107233
vt 4.35676 5.26843
f 3444/12222/3516 3336/12223/3516 3335/12224/3522 3331/12225/3523 3445/12226/3523 

vt 0.995224 12.5202
vn 0.97764 -0.1413 0.155741
vt 3.86998 5.74565
vn 0.954416 -0.175798 0.241216
vt 4.36605 5.83335
vn 0.99745 -0.0670657 -0.0244099
f 3292/12227/3524 3335/12228/3525 3331/12229/3526

vt 2.24447 9.87228
vn 0.837813 -0.266666 0.476402
vt 4.3622 5.35653
vt 2.12559 12.3676
f 3315/12230/3527 3335/12231/3525 3292/12232/3524

vt 0.934015 12.6288
vn 0.978762 -0.204999 -1.21024e-14
vt 0.953194 10.0938
vt 1.38517 10.1717
f 3292/12233/3528 3312/12234/3324 3315/12235/3327

vt 1.09896 10.0783
vt 1.11814 12.6133
vt 0.666984 10.1561
f 3312/12236/3324 3292/12237/3528 3313/12238/3325

vt -2.57707 5.62722
vn 0.954416 -0.175798 -0.241216
vt -0.459339 10.143
vn 0.837813 -0.266666 -0.476402
vt -0.340453 12.6383
f 3442/12239/3529 3313/12240/3530 3292/12241/3309

vt -1.81659 5.7438
f 3442/12242/3529 3292/11591/3309 3305/11590/3308

vt 1.8756 12.6758
f 3331/12229/3526 3293/12243/3526 3292/12227/3524

vt 1.8154 12.6641
vt 4.31673 5.82563
vt 2.58914 13.112
vn 0.97764 -0.00813362 -0.21013
f 3293/12244/3526 3331/12245/3526 3294/12246/3531

vt 4.75271 6.07801
vn 0.954416 0.0203817 -0.297783
f 3333/12247/3532 3294/12246/3531 3331/12245/3526

vt 3.00107 5.48896
vt 2.21668 10.4146
vn 0.837813 0.101947 -0.536354
vt 0.913407 12.5459
f 3333/12248/3532 3317/12249/3533 3294/12250/3531

vt 4.04357 11.3283
vt 2.40266 13.2607
vn 0.978762 -0.157038 -0.131771
vt 3.66557 11.1052
f 3316/12251/3329 3294/12252/3534 3317/12253/3330

vt 2.24546 13.2454
vt 3.90317 11.3274
vt 4.18164 11.6667
f 3294/12254/3534 3316/12255/3329 3319/12256/3332

vt 4.88602 10.2701
vn 0.837813 -0.510503 0.193535
vt 9.43012 8.21396
vn 0.954416 -0.28972 0.0717815
vt 3.17411 12.0896
vn 0.97764 -0.20835 0.0284787
f 3319/12257/3535 3330/12258/3536 3294/12259/3537

vt 2.5387 13.0839
vt 9.09828 9.74773
vt 9.4216 10.1341
vn 0.99745 -0.0356849 -0.0618081
f 3294/12260/3537 3330/12261/3536 3325/12262/3538

vt 7.61024 7.23765
vn 0.949579 0.240177 0.201532
vt 9.42362 9.51698
vn 0.948131 0.204329 0.24351
vt 9.73726 9.9112
vn 0.949579 0.156764 0.271524
v 73.0486 9.64323 -38.4181
vt 9.37488 10.1122
v 73.0486 7.22102 -36.3856
vt 7.33294 7.54558
f 3328/12263/3539 3330/12264/3540 3325/12265/3541 3446/12266/3541 3447/12267/3539 

vt 9.69832 10.076
vt 9.86266 10.5522
vn 0.948131 0.108721 0.298709
vt 10.8128 13.3056
vt 10.4042 13.3743
vt 9.33426 10.2739
f 3325/12268/3541 3327/12269/3542 3322/12270/3338 3323/12271/3338 3446/12272/3541 

vt 9.5613 10.5638
vn 0.954416 0.207024 -0.215014
vt 3.38373 14.5632
vn 0.97764 0.128839 -0.166197
vt 9.3894 10.0903
f 3327/12273/3543 3296/12274/3544 3325/12275/3538

vt 8.23246 7.17854
vt 4.6609 10.66
vn 0.837813 0.422858 -0.345341
vt 2.34251 11.5906
f 3327/12276/3543 3320/12277/3545 3296/12278/3544

vt 3.07866 13.7229
f 3295/12279/3538 3325/12275/3538 3296/12274/3544

vt 3.11248 13.7695
f 3325/12262/3538 3295/12280/3538 3294/12260/3537

vt 6.98265 11.5189
vn 0.682799 0.365303 0.632724
vt 7.75917 11.2262
vt 8.54408 14.4107
vn 0.682799 0.126868 0.719507
v 72.4641 12.7094 -38.9615
vt 7.72047 14.5123
f 3248/12281/3546 3446/12282/3546 3323/12283/3547 3448/12284/3547 

vt 5.96726 8.76485
vn 0.682799 0.559677 0.469625
vt 6.63507 8.27221
vt 8.25544 11.1238
vt 7.49041 11.4453
f 3250/12285/3548 3447/12286/3548 3446/12287/3546 3248/12288/3546 

vt 4.16137 5.63293
vt 4.62109 4.94204
vt 7.11694 7.06988
vt 6.50747 7.6331
f 3252/12289/3521 3445/12290/3521 3447/12291/3548 3250/12292/3548 

vt 4.50316 5.53098
vt 4.65737 5.14636
vt 5.08764 5.40837
vn 0.948131 0.275292 0.15894
vt 7.57538 6.92324
vt 7.30445 7.23678
f 3445/12293/3523 3331/12294/3523 3333/12295/3549 3328/12296/3539 3447/12297/3539 

vt 7.52696 13.4055
vt 8.35097 13.3071
vt 8.35097 16.5869
vn 0.682799 -0.126868 0.719507
v 72.4641 15.6816 -38.9615
vt 7.52696 16.4885
f 3448/12298/3547 3323/12299/3547 3200/12300/3550 3449/12301/3550 

vt 6.98265 17.413
vt 7.72047 14.4196
vt 8.54408 14.5213
vt 7.75917 17.7057
f 3242/12302/3261 3449/12303/3550 3200/12304/3550 3199/12305/3261 

vt 9.76905 16.4885
f 3242/11478/3244 3248/11491/3244 3449/12306/3244

f 3243/11479/3244 3248/11491/3244 3242/11478/3244

vt 9.76905 13.4055
f 3449/12306/3244 3248/11491/3244 3448/12307/3244

vt 3.37178 15.394
f 3196/11659/3236 3297/12308/3236 3296/11657/3337

vt 3.38373 15.3216
f 3297/12309/3236 3196/11394/3236 3203/11393/3235

g Mesh11 DodgeDurango1 Model

usemtl _Silver_1
v 38.7189 40.6049 -7.5761
vt 13.2316 45.2009
vn -0.674809 -0.179152 0.715917
v 38.5742 40.7198 -8.07929
vt 12.6887 45.3205
vn -0.941592 -0.0923309 0.323851
v 38.5749 40.6828 -8.08792
vt 12.6802 45.2821
v 38.7195 40.5679 -7.58473
vt 13.2232 45.1625
f 3450/12310/3551 3451/12311/3552 3452/12312/3552 3453/12313/3551 

v 39.1006 40.9841 -9.17132
vt -31.6712 -13.2325
vn -0.017275 0.973656 0.227365
v 38.8809 40.9354 -8.97931
vt -31.8833 -13.4542
v 38.6554 40.9768 -9.17379
vt -32.1318 -13.2658
v 38.3646 40.9841 -9.22693
vt -32.4368 -13.2329
v 38.1529 40.9776 -9.21522
vt -32.6548 -13.2624
v 38.0205 40.9513 -9.1129
vt -32.7837 -13.3818
v 37.9141 40.8684 -8.76569
vt -32.8665 -13.7592
v 37.8998 40.7267 -8.16032
vt -32.8336 -14.4034
v 38.1243 40.6823 -7.95297
vt -32.5852 -14.6055
v 38.1653 40.8605 -8.71276
vt -32.6025 -13.7951
v 38.1922 40.9241 -8.98313
vt -32.5959 -13.5057
v 38.298 40.9288 -8.99542
vt -32.4874 -13.4841
v 38.3772 40.9031 -8.87905
vt -32.3964 -13.6014
v 38.4293 40.7926 -8.40214
vt -32.305 -14.1038
vt -32.1298 -14.435
vt -31.9406 -14.9579
v 38.8622 40.6012 -7.54955
vt -31.7903 -14.9745
v 39.0318 40.61 -7.57437
vt -31.6169 -14.9345
v 39.1781 40.7297 -8.07594
vt -31.5049 -14.3898
v 39.3241 40.8073 -8.39718
vt -31.3791 -14.0368
v 39.3778 40.9195 -8.8735
vt -31.361 -13.5265
v 39.4574 40.9479 -8.989
vt -31.2878 -13.3974
v 39.5632 40.9466 -8.97553
vt -31.1773 -13.4032
v 39.5892 40.8839 -8.70487
vt -31.1292 -13.6886
v 39.6276 40.707 -7.94464
vt -31.0297 -14.493
v 39.8528 40.7589 -8.1495
vt -30.8129 -14.2573
v 39.8406 40.9 -8.75501
vt -30.8731 -13.615
v 39.7353 40.9795 -9.10339
vt -31.0093 -13.2534
v 39.6033 41.0014 -9.20718
vt -31.1541 -13.1539
v 39.3917 41.001 -9.22123
vt -31.374 -13.156
f 3454/12314/3553 3455/12315/3553 3456/12316/3553 3457/12317/3553 3458/12318/3553 3459/12319/3553 3460/12320/3553 3461/12321/3553 3462/12322/3553 3463/12323/3553 3464/12324/3553 3465/12325/3553 3466/12326/3553 3467/12327/3553 3451/12328/3553 3450/12329/3553 3468/12330/3553 3469/12331/3553 3470/12332/3553 3471/12333/3553 3472/12334/3553 3473/12335/3553 3474/12336/3553 3475/12337/3553 3476/12338/3553 3477/12339/3553 3478/12340/3553 3479/12341/3553 3480/12342/3553 3481/12343/3553 

vt 39.1573 41.0308
vn -0.00556416 0.227303 -0.973808
vt 38.8548 41.082
vn -0.440224 0.196766 -0.876063
v 39.1012 40.9472 -9.17995
vt 38.8482 41.0432
v 38.8816 40.8984 -8.98794
vt 39.1507 40.992
f 3455/12344/3554 3454/12345/3555 3482/12346/3555 3483/12347/3554 

vt 36.6521 44.9285
vt 36.3458 44.9463
vn -0.0570166 0.226071 -0.972441
v 39.3923 40.964 -9.22986
vt 36.3435 44.907
vt 36.6498 44.8891
f 3454/12348/3555 3481/12349/3556 3484/12350/3556 3482/12351/3555 

vt 31.6084 46.9167
vt 31.3884 46.9172
vn 0.361781 0.218079 -0.906397
v 39.6039 40.9645 -9.21581
vt 31.3884 46.8779
vt 31.6083 46.8774
f 3481/12352/3556 3480/12353/3557 3485/12354/3557 3484/12355/3556 

vt 11.8719 48.9767
vt 11.6977 48.9536
vn 0.830594 0.140567 -0.538845
v 39.736 40.9426 -9.11202
vt 11.7029 48.9146
vt 11.8771 48.9377
f 3480/12356/3557 3479/12357/3558 3486/12358/3558 3485/12359/3557 

vt -11.4971 45.5844
vt -11.8745 45.5017
vn 0.98817 0.0512841 -0.144536
v 39.8412 40.8631 -8.76364
vt -11.8661 45.4633
vt -11.4887 45.546
f 3479/12360/3558 3478/12361/3559 3487/12362/3559 3486/12363/3558 

vt -21.0656 43.3375
vt -21.6938 43.191
vn 0.921364 -0.0728142 0.381819
v 39.8534 40.7219 -8.15813
vt -21.6849 43.1527
vt -21.0567 43.2991
f 3478/12364/3559 3477/12365/3560 3488/12366/3560 3487/12367/3559 

vt -38.878 40.9799
vt -39.1937 40.9255
vn 0.684055 -0.154341 0.712915
v 39.6282 40.6701 -7.95327
vt -39.187 40.8867
vt -38.8713 40.9411
f 3477/12368/3560 3476/12369/3561 3489/12370/3561 3488/12371/3560 

vt 20.9402 43.3744
vn -0.998644 -0.0279717 0.0439084
vt 20.1506 43.5579
vn -0.997316 -0.032961 0.0653752
v 39.5898 40.8469 -8.7135
vt 20.1417 43.5196
vt 20.9313 43.3361
f 3476/12372/3562 3475/12373/3563 3490/12374/3563 3489/12375/3562 

vt 18.6785 43.9122
vt 18.3965 43.9773
vn -0.718472 -0.170232 0.674402
v 39.5638 40.9097 -8.98416
vt 18.3876 43.9389
vt 18.6696 43.8738
f 3475/12376/3563 3474/12377/3564 3491/12378/3564 3490/12379/3563 

vt -29.8598 47.3571
vt -29.9704 47.3584
vn 0.414584 -0.199955 0.887772
v 39.4581 40.9109 -8.99763
vt -29.9709 47.3191
vt -29.8603 47.3177
f 3474/12380/3564 3473/12381/3565 3492/12382/3565 3491/12383/3564 

vt -35.9218 40.6361
vt -36.0672 40.6065
vn 0.939401 -0.0620644 0.337155
v 39.3785 40.8826 -8.88213
vt -36.0593 40.5679
vt -35.9139 40.5975
f 3473/12384/3565 3472/12385/3566 3493/12386/3566 3492/12387/3565 

vt -24.9541 42.4183
vt -25.4513 42.302
vn 0.965535 -0.0428196 0.256728
v 39.3248 40.7704 -8.40581
vt -25.4423 42.2636
vt -24.9451 42.38
f 3472/12388/3566 3471/12389/3567 3494/12390/3567 3493/12391/3566 

vt -33.3202 40.7682
vt -33.6862 40.6874
vn 0.940473 -0.0613745 0.334282
v 39.1788 40.6928 -8.08457
vt -33.6777 40.649
vt -33.3117 40.7297
f 3471/12392/3567 3470/12393/3568 3495/12394/3568 3494/12395/3567 

vt -30.427 41.2296
vt -30.9689 41.1053
vn 0.662043 -0.15927 0.732347
v 39.0324 40.573 -7.583
vt -30.9601 41.0669
vt -30.4182 41.1912
f 3470/12396/3568 3469/12397/3569 3496/12398/3569 3495/12399/3568 

vt -36.592 45.1258
vt -36.7697 45.1164
vn -0.0155095 -0.227633 0.973623
v 38.8628 40.5642 -7.55818
vt -36.7677 45.0771
vt -36.5899 45.0865
f 3469/12400/3569 3468/12401/3570 3497/12402/3570 3496/12403/3569 

vt -28.7279 47.7451
vt -28.8791 47.749
vt -28.8801 47.7096
vt -28.7289 47.7057
f 3468/12404/3570 3450/12405/3551 3453/12406/3551 3497/12407/3570 

usemtl _DimGray_
vt -31.9406 -14.9578
vn -0.017275 0.973656 0.227367
v 38.8598 40.483 -7.21039
vt -31.7661 -15.3441
vt -31.7903 -14.9744
f 3453/12408/3571 3498/12409/3571 3497/12410/3571

v 38.1659 40.8235 -8.72139
vt -32.6025 -13.795
f 3499/12411/3571 3498/12409/3571 3453/12408/3571

v 38.125 40.6453 -7.9616
vt -32.5852 -14.6054
f 3500/12412/3571 3498/12409/3571 3499/12411/3571

v 37.9005 40.6898 -8.16895
vt -32.8337 -14.4033
f 3501/12413/3571 3498/12409/3571 3500/12412/3571

v 37.8071 40.5739 -7.67996
vt -32.8918 -14.9303
f 3498/12409/3571 3501/12413/3571 3502/12414/3571

v 37.9147 40.8314 -8.77431
vt -32.8665 -13.7591
f 3503/12415/3571 3502/12414/3571 3501/12413/3571

v 37.6513 40.9715 -9.3941
vt -33.1877 -13.122
f 3504/12416/3571 3502/12414/3571 3503/12415/3571

v 37.6222 40.607 -7.83557
vt -33.0953 -14.7799
f 3504/12416/3571 3505/12417/3571 3502/12414/3571

v 37.4923 40.9358 -9.25328
vt -33.341 -13.2844
f 3505/12417/3571 3504/12416/3571 3506/12418/3571

usemtl _Silver_1
v 37.6506 41.0084 -9.38547
vt -39.7541 40.8957
vn 0.387928 -0.20306 0.899043
v 37.4916 40.9727 -9.24465
vt -39.9743 40.8582
vn 0.931916 -0.0667113 0.356486
vt -39.9677 40.8194
vt -39.7475 40.8569
f 3507/12419/3572 3508/12420/3573 3506/12421/3573 3504/12422/3572 

v 37.5935 41.0383 -9.51779
vt -33.2571 -12.986
f 3509/12423/3571 3508/12418/3571 3507/12416/3571

v 37.3474 40.983 -9.29981
vt -33.4945 -13.2374
f 3510/12424/3571 3508/12418/3571 3509/12423/3571

v 37.4884 40.6262 -7.76084
vt -33.2278 -14.8609
f 3508/12418/3571 3510/12424/3571 3511/12425/3571

vt 19.6189 43.6935
vn -0.88927 -0.118912 0.441654
vt 18.016 44.0639
vn -0.931916 0.0667115 -0.356486
v 37.3579 40.3917 -9.43789
vt 17.8741 43.4502
v 37.4989 40.0349 -7.89892
vt 19.4771 43.0797
f 3511/12426/3574 3510/12427/3575 3512/12428/3575 3513/12429/3574 

vt 40.0445 40.8462
vt 39.7036 40.9043
vn -0.387928 0.20306 -0.899043
v 37.604 40.447 -9.65587
vt 39.5979 40.2833
vt 39.9387 40.2253
f 3510/12430/3575 3509/12431/3576 3514/12432/3576 3512/12433/3575 

vt 36.0784 45.9117
v 38.8787 41.0765 -9.58367
vt 34.7436 45.9523
vn 0.00165656 0.227428 -0.973793
v 38.8892 40.4852 -9.72175
vt 34.7244 45.3227
vt 36.0592 45.282
f 3509/12434/3576 3515/12435/3577 3516/12436/3577 3514/12437/3576 

vt -31.933 -12.8123
f 3509/12423/3571 3507/12416/3571 3515/12438/3571

v 38.8785 41.0449 -9.4484
vt -31.9227 -12.956
f 3515/12438/3571 3507/12416/3571 3517/12439/3571

vt -34.752 45.9521
vn -0.00165657 -0.227427 0.973794
vt -36.0272 45.9132
vt -36.026 45.8739
v 38.8791 41.0079 -9.45703
vt -34.7508 45.9127
f 3517/12440/3578 3507/12441/3572 3504/12442/3572 3518/12443/3578 

usemtl _DimGray_
v 38.1536 40.9406 -9.22385
vt -32.6548 -13.2623
f 3504/12416/3571 3519/12444/3571 3518/12439/3571

v 38.0211 40.9144 -9.12153
vt -32.7837 -13.3817
f 3504/12416/3571 3520/12445/3571 3519/12444/3571

f 3504/12416/3571 3503/12415/3571 3520/12445/3571

usemtl _Silver_1
vt 30.4423 41.2388
vn -0.987659 0.0187855 -0.155487
vt 30.0656 41.325
vn -0.828745 0.113274 -0.548042
vt 30.0568 41.2866
vt 30.4335 41.2005
f 3460/12446/3579 3459/12447/3580 3520/12448/3580 3503/12449/3579 

vt 40.119 41.1968
vt 39.9455 41.2244
vn -0.35869 0.206228 -0.910391
vt 39.9393 41.1855
vt 40.1128 41.1579
f 3459/12450/3580 3458/12451/3581 3519/12452/3581 3520/12453/3580 

vt 35.5984 45.8933
vt 35.3785 45.9002
vn 0.0603241 0.228001 -0.97179
v 38.3652 40.9471 -9.23556
vt 35.3773 45.8609
vt 35.5972 45.8539
f 3458/12454/3581 3457/12455/3582 3521/12456/3582 3519/12457/3581 

vt 29.6353 47.7495
vt 29.3286 47.7418
vn 0.436712 0.21191 -0.874287
v 38.6561 40.9399 -9.18242
vt 29.3296 47.7024
vt 29.6363 47.7102
f 3457/12458/3582 3456/12459/3583 3522/12460/3583 3521/12461/3582 

vt 10.8349 48.9898
vt 10.5261 48.9461
vt 10.5316 48.9071
vt 10.8404 48.9508
f 3456/12462/3583 3455/12463/3554 3483/12464/3554 3522/12465/3583 

usemtl _DimGray_
vt -32.1318 -13.2657
vt -31.8833 -13.4541
f 3518/12439/3571 3522/12466/3571 3483/12467/3571

vt -32.4368 -13.2328
f 3518/12439/3571 3521/12468/3571 3522/12466/3571

f 3518/12439/3571 3519/12444/3571 3521/12468/3571

vt -31.6712 -13.2324
f 3518/12439/3571 3483/12467/3571 3482/12469/3571

v 40.1068 41.0118 -9.38049
vt -30.6469 -12.9383
f 3518/12439/3571 3482/12469/3571 3523/12470/3571

vt -31.374 -13.1559
f 3523/12470/3571 3482/12469/3571 3484/12471/3571

vt -31.1541 -13.1538
f 3523/12470/3571 3484/12471/3571 3485/12472/3571

f 3523/12470/3571 3485/12472/3571 3486/12341/3571

f 3523/12470/3571 3486/12341/3571 3487/12340/3571

vt -30.8129 -14.2572
f 3523/12470/3571 3487/12340/3571 3488/12473/3571

v 39.9452 40.6091 -7.66811
vt -30.6795 -14.7703
f 3523/12470/3571 3488/12473/3571 3524/12474/3571

f 3489/12338/3571 3524/12474/3571 3488/12473/3571

f 3495/12332/3571 3524/12474/3571 3489/12338/3571

vt -31.6169 -14.9344
f 3496/12475/3571 3524/12474/3571 3495/12332/3571

f 3497/12410/3571 3524/12474/3571 3496/12475/3571

f 3497/12410/3571 3498/12409/3571 3524/12474/3571

usemtl _Silver_1
v 38.8592 40.5199 -7.20176
vt 40.1546 42.8776
vn 0.00704476 0.227513 -0.97375
v 39.9445 40.6461 -7.65948
vt 38.9331 43.0112
vn -0.530683 0.183797 -0.827402
vt 38.9288 42.9721
vt 40.1503 42.8385
f 3525/12476/3584 3526/12477/3585 3524/12478/3585 3498/12479/3584 

v 40.0189 40.6203 -7.54349
vt -30.5935 -14.8875
f 3525/12409/3571 3527/12480/3571 3526/12474/3571

v 38.8581 40.4854 -7.05394
vt -31.7556 -15.5012
f 3525/12409/3571 3528/12481/3571 3527/12480/3571

v 37.8064 40.6109 -7.67133
f 3529/12414/3571 3528/12481/3571 3525/12409/3571

v 37.731 40.5828 -7.55665
vt -32.9608 -15.0582
f 3529/12414/3571 3530/12482/3571 3528/12481/3571

v 37.6215 40.644 -7.82694
f 3531/12417/3571 3530/12482/3571 3529/12414/3571

f 3531/12417/3571 3511/12425/3571 3530/12482/3571

f 3511/12425/3571 3531/12417/3571 3508/12418/3571

vt -18.0854 44.0479
vt -19.562 43.7066
vn 0.88927 0.118912 -0.441654
vt -19.5531 43.6683
vt -18.0765 44.0095
f 3508/12483/3573 3531/12484/3586 3505/12485/3586 3506/12486/3573 

vt 11.1835 48.9985
vt 10.9329 48.9636
vn 0.538037 0.200721 -0.818674
vt 10.9383 48.9246
vt 11.1889 48.9595
f 3531/12487/3586 3529/12488/3587 3502/12489/3587 3505/12490/3586 

vt 21.8522 48.9078
vt 20.6567 48.8112
vt 20.6599 48.772
vt 21.8554 48.8686
f 3529/12491/3587 3525/12492/3584 3498/12493/3584 3502/12494/3587 

vt -10.9125 48.9608
vn -0.538037 -0.200721 0.818674
vt -11.2413 49.0065
vt -11.3282 48.3826
v 37.7415 39.9915 -7.69473
vt -10.9994 48.3369
f 3530/12495/3588 3511/12496/3574 3513/12497/3574 3532/12498/3588 

vt -20.5928 48.8061
vn -0.00704475 -0.227513 0.973749
vt -21.8727 48.9095
vt -21.9234 48.2816
v 38.8686 39.8941 -7.19201
vt -20.6436 48.1782
f 3528/12499/3589 3530/12500/3588 3532/12501/3588 3533/12502/3589 

vt -38.9118 43.0136
vn 0.530683 -0.183798 0.827402
vt -40.2183 42.8707
vt -40.1498 42.2445
v 40.0294 40.029 -7.68157
vt -38.8433 42.3874
f 3527/12503/3590 3528/12504/3589 3533/12505/3589 3534/12506/3590 

v 40.2628 40.6718 -7.74546
vt -39.0956 41.1786
vn 0.887751 -0.0896835 0.451503
vt -39.424 41.1245
vt -39.3216 40.5029
v 40.2733 40.0805 -7.88354
vt -38.9932 40.5571
f 3535/12507/3591 3527/12508/3590 3534/12509/3590 3536/12510/3591 

v 40.1299 40.6852 -7.81304
vt -30.4998 -14.5922
vt -30.3571 -14.6533
f 3537/12511/3571 3527/12480/3571 3535/12512/3571

f 3526/12474/3571 3527/12480/3571 3537/12511/3571

vt 39.4029 41.1279
vt 39.1533 41.1691
vn -0.887751 0.0896832 -0.451503
v 40.1306 40.6483 -7.82167
vt 39.1469 41.1303
vt 39.3965 41.0891
f 3526/12513/3585 3537/12514/3592 3538/12515/3592 3524/12516/3585 

vt 25.4668 42.2967
v 40.2646 41.0183 -9.22928
vt 23.9912 42.6423
vn -0.933111 -0.0973875 0.346149
v 40.2653 40.9814 -9.23791
vt 23.9822 42.6039
vt 25.4579 42.2584
f 3537/12517/3592 3539/12518/3593 3540/12519/3593 3538/12520/3592 

vt -30.4718 -13.0769
f 3537/12511/3571 3535/12512/3571 3539/12521/3571

v 40.409 41.0334 -9.28284
vt -30.3267 -13.0084
f 3539/12521/3571 3535/12512/3571 3541/12522/3571

vt -23.9219 42.6585
vn 0.933111 0.0973877 -0.346149
vt -25.5237 42.2834
vt -25.3801 41.6701
v 40.4195 40.4421 -9.42092
vt -23.7783 42.0452
f 3541/12523/3594 3535/12524/3591 3536/12525/3591 3542/12526/3594 

v 40.1637 41.0806 -9.50355
vt 9.11803 48.8085
vn 0.390979 0.215872 -0.894726
vt 8.77586 48.7588
vt 8.86649 48.1354
v 40.1742 40.4893 -9.64163
vt 9.20866 48.1852
f 3543/12527/3595 3541/12528/3594 3542/12529/3594 3544/12530/3595 

vt -30.5977 -12.7937
f 3543/12531/3571 3539/12521/3571 3541/12522/3571

v 40.1061 41.0488 -9.37186
f 3543/12531/3571 3545/12470/3571 3539/12521/3571

f 3515/12438/3571 3545/12470/3571 3543/12531/3571

f 3515/12438/3571 3517/12439/3571 3545/12470/3571

vt -30.9772 46.8881
vn -0.390979 -0.215871 0.894726
vt -32.2531 46.8839
vt -32.253 46.8446
vt -30.9771 46.8487
f 3545/12532/3596 3517/12533/3578 3518/12534/3578 3523/12535/3596 

vt -8.84634 48.769
vt -9.06738 48.8012
vt -9.07305 48.7622
vt -8.85201 48.7301
f 3539/12536/3593 3545/12537/3596 3523/12538/3596 3540/12539/3593 

usemtl _DimGray_
f 3523/12470/3571 3538/12511/3571 3540/12521/3571

f 3523/12470/3571 3524/12474/3571 3538/12511/3571

usemtl _Silver_1
vt 32.2615 46.8839
vt 30.9261 46.8883
vt 30.924 46.2584
vt 32.2594 46.254
f 3515/12540/3577 3543/12541/3595 3544/12542/3595 3516/12543/3577 

usemtl _DimGray_
vt -31.3791 -14.0367
f 3495/12332/3571 3489/12338/3571 3494/12544/3571

vt -31.361 -13.5264
f 3494/12544/3571 3489/12338/3571 3493/12545/3571

vt -31.2878 -13.3973
f 3493/12545/3571 3489/12338/3571 3492/12546/3571

vt -31.1773 -13.4031
f 3492/12546/3571 3489/12338/3571 3491/12547/3571

vt -31.1292 -13.6885
f 3491/12547/3571 3489/12338/3571 3490/12548/3571

usemtl _Silver_1
vt 23.081 42.8587
vn -0.922646 -0.103145 0.371598
vt 22.4529 43.0056
vt 22.4439 42.9672
vt 23.072 42.8203
f 3461/12549/3597 3460/12550/3579 3503/12551/3579 3501/12552/3597 

vt -9.01815 48.8321
vn -0.686467 -0.176884 0.705319
vt -9.33504 48.8789
vt -9.34079 48.8399
vt -9.02391 48.7931
f 3462/12553/3598 3461/12554/3597 3501/12555/3597 3500/12556/3598 

vt -23.4619 42.7664
vn 0.997075 -0.000157087 0.0764293
vt -24.2512 42.5816
vn 0.998476 0.00487711 0.0549776
vt -24.2422 42.5432
vt -23.4529 42.728
f 3463/12557/3599 3462/12558/3600 3500/12559/3600 3499/12560/3599 

vt -24.5811 42.5044
vn 0.716164 -0.146635 0.682354
vt -24.8629 42.4385
vt -24.8539 42.4001
v 38.1929 40.8871 -8.99176
vt -24.5721 42.4661
f 3464/12561/3601 3463/12562/3599 3499/12563/3599 3546/12564/3601 

usemtl _DimGray_
f 3499/12411/3571 3453/12408/3571 3546/12324/3571

v 38.4299 40.7557 -8.41077
vt -32.305 -14.1037
f 3546/12324/3571 3453/12408/3571 3547/12565/3571

vt -32.1298 -14.4349
f 3547/12565/3571 3453/12408/3571 3452/12566/3571

usemtl _Silver_1
vt 7.3034 46.4732
vt 6.93642 46.5492
vn -0.96639 -0.0745961 0.24602
vt 6.92844 46.5107
vt 7.29542 46.4347
f 3451/12567/3552 3467/12568/3602 3547/12569/3602 3452/12570/3552 

vt 18.4404 43.9712
vt 17.9428 44.0858
vn -0.940531 -0.0929857 0.326735
v 38.3778 40.8661 -8.88768
vt 17.934 44.0475
vt 18.4316 43.9328
f 3467/12571/3602 3466/12572/3603 3548/12573/3603 3547/12574/3602 

vt -0.425498 47.8648
vt -0.571439 47.8918
vn -0.417596 -0.213642 0.883159
v 38.2987 40.8919 -9.00405
vt -0.5786 47.8531
vt -0.432659 47.8261
f 3466/12575/3603 3465/12576/3604 3549/12577/3604 3548/12578/3603 

vt -36.6058 45.3639
vt -36.7163 45.3589
vt -36.7145 45.3195
vt -36.604 45.3246
f 3465/12579/3604 3464/12580/3601 3546/12581/3601 3549/12582/3604 

usemtl _DimGray_
f 3546/12324/3571 3547/12565/3571 3549/12325/3571

vt -32.3964 -13.6013
f 3549/12325/3571 3547/12565/3571 3548/12583/3571

g Mesh12 DodgeDurango1 Model

usemtl TYRES
v 72.6311 25.0699 -136.833
vt 81.3552 60.804
v 72.6311 21.2933 -133.664
vt 78.9811 56.2748
v 73.6748 20.8693 -134.398
vt 80.28 55.7664
v 73.6748 24.4204 -137.378
vt 82.5123 60.0251
f 3550/12584/3450 3551/12585/3448 3552/12586/3436 3553/12587/3447 

vt 1.41179 86.5106
vt 1.41179 91.6243
v 66.2924 25.0699 -136.833
vt -5.16301 91.6243
v 66.2924 21.2933 -133.664
vt -5.16301 86.5106
f 3551/12588/3448 3550/12589/3450 3554/12590/3451 3555/12591/3449 

vt -5.16301 109.49
vt 1.41179 109.49
v 72.6311 27.5349 -141.102
vt 1.41179 114.604
v 66.2924 27.5349 -141.102
vt -5.16301 114.604
f 3554/12592/3451 3550/12593/3450 3556/12594/3452 3557/12595/3453 

vt 98.8745 61.8681
vt 95.119 58.3973
vt 96.1722 57.4827
v 73.6748 26.7381 -141.392
vt 99.7034 60.7462
f 3556/12596/3452 3550/12597/3450 3553/12598/3447 3558/12599/3446 

vt 108.761 21.8695
v 73.6748 16.5133 -132.812
vt 107.117 17.3512
v 73.6748 16.2297 -134.421
vt 108.785 17.057
v 73.6748 20.0527 -135.812
vt 110.228 21.0224
v 73.6748 23.1692 -138.427
vt 112.941 24.2551
v 73.6748 25.2034 -141.951
vt 116.595 26.3651
v 73.6748 25.9099 -145.957
vt 120.751 27.0978
vn 0.992531 -0.121995 -1.85794e-17
v 73.6748 25.2034 -149.964
vt 124.907 26.3651
v 73.6748 23.1692 -153.487
vt 128.562 24.2551
v 73.6748 20.0527 -156.102
vt 131.274 21.0224
v 73.6748 16.2297 -157.494
vt 132.717 17.057
v 73.6748 16.5133 -159.102
vt 134.386 17.3512
v 73.6748 20.8693 -157.517
vt 132.741 21.8695
v 73.6748 24.4204 -154.537
vt 129.651 25.5528
v 73.6748 26.7381 -150.522
vt 125.486 27.957
v 73.6748 27.5431 -145.957
vt 120.751 28.7919
vn 0.825486 0.564423 -5.60219e-16
vt 116.016 27.957
vt 111.852 25.5528
f 3552/12600/3436 3559/12601/3386 3560/12602/3387 3561/12603/3437 3562/12604/3438 3563/12605/3439 3564/12606/3605 3565/12607/3441 3566/12608/3435 3567/12609/3434 3568/12610/3355 3569/12611/3357 3570/12612/3442 3571/12613/3443 3572/12614/3444 3573/12615/3606 3558/12616/3446 3553/12617/3447 

vt 71.0847 43.2171
v 72.6311 16.6605 -131.977
vt 69.951 38.2306
vt 71.3368 38.0721
vt 72.4029 42.7607
f 3551/12618/3448 3574/12619/3384 3559/12620/3386 3552/12621/3436 

vt 1.41179 52.7881
vt 1.41179 57.9018
vt -5.16301 57.9018
v 66.2924 16.6605 -131.977
vt -5.16301 52.7881
f 3574/12622/3384 3551/12623/3448 3555/12624/3449 3575/12625/3385 

vt -72.8073 37.5812
vt -73.941 42.5676
v 65.2486 20.8693 -134.398
vt -75.2592 42.1113
v 65.2486 16.5133 -132.812
vt -74.1931 37.4227
f 3575/12626/3385 3555/12627/3449 3576/12628/3468 3577/12629/3467 

vt -81.5754 54.9149
vt -83.9496 59.4441
v 65.2486 24.4204 -137.378
vt -85.1067 58.6651
vt -82.8744 54.4065
f 3555/12630/3449 3554/12631/3451 3578/12632/3469 3576/12633/3468 

vt -97.1072 56.2461
vt -100.863 59.7169
v 65.2486 26.7381 -141.392
vt -101.692 58.595
vt -98.1604 55.3315
f 3554/12634/3451 3557/12635/3453 3579/12636/3470 3578/12637/3469 

vt -114.177 33.3952
v 66.2924 28.391 -145.957
vt -119.098 34.7844
vn -0.335542 0.942025 -5.51609e-16
v 65.2486 27.5431 -145.957
vt -119.328 33.4085
vt -114.701 32.1024
f 3557/12638/3453 3580/12639/3607 3581/12640/3471 3579/12641/3470 

vt -5.16301 118.955
vt 1.41179 118.955
v 72.6311 28.391 -145.957
vt 1.41179 124.069
vn 0.335542 0.942025 -7.45417e-16
vt -5.16301 124.069
vn -0.335542 0.942025 -5.44154e-16
f 3557/12642/3453 3556/12643/3452 3582/12644/3608 3580/12645/3609 

vt 118.303 37.6034
vn 0.335542 0.942025 -7.52871e-16
vt 113.381 36.2143
vt 113.905 34.9214
vt 118.532 36.2276
f 3582/12646/3610 3556/12647/3452 3558/12648/3446 3573/12649/3606 

v 72.6311 27.5349 -150.812
vt 122.625 -3.18006
vt 117.704 -1.79093
vn 0.335542 0.942025 -7.37963e-16
vt 117.474 -3.16678
vt 122.102 -4.47294
f 3583/12650/3456 3582/12651/3611 3573/12652/3606 3572/12653/3444 

vt 5.16301 -113.764
vt -1.41179 -113.764
vt -1.41179 -118.878
v 66.2924 27.5349 -150.812
vt 5.16301 -118.878
f 3580/12654/3609 3582/12655/3608 3583/12656/3456 3584/12657/3458 

vt 5.16301 -94.5432
vt -1.41179 -94.5432
v 72.6311 25.0699 -155.082
vt -1.41179 -99.657
v 66.2924 25.0699 -155.082
vt 5.16301 -99.657
f 3584/12658/3458 3583/12659/3456 3585/12660/3459 3586/12661/3460 

vt 109.675 -28.1603
vt 105.919 -24.6895
vt 105.09 -25.8114
vt 108.621 -29.0749
f 3585/12662/3459 3583/12663/3456 3572/12664/3444 3571/12665/3443 

v 72.6311 21.2933 -158.251
vt 95.4486 -27.561
vt 93.0744 -23.0318
vt 91.9173 -23.8108
vt 94.1496 -28.0695
f 3587/12666/3461 3585/12667/3459 3571/12668/3443 3570/12669/3442 

v 66.2924 21.2933 -158.251
vt 5.16301 -68.7242
vt 5.16301 -63.6104
vt -1.41179 -63.6104
vt -1.41179 -68.7242
f 3588/12670/3462 3586/12671/3460 3585/12672/3459 3587/12673/3461 

vt -90.48 -24.3917
vt -92.8542 -28.9209
v 65.2486 20.8693 -157.517
vt -91.5552 -29.4294
v 65.2486 24.4204 -154.537
vt -89.3229 -25.1707
f 3586/12674/3460 3588/12675/3462 3589/12676/3463 3590/12677/3464 

vt -82.6108 -6.54395
v 66.2924 16.6605 -159.937
vt -83.7446 -11.5304
v 65.2486 16.5133 -159.102
vt -82.3587 -11.6889
vt -81.2927 -7.00028
f 3588/12678/3462 3591/12679/3361 3592/12680/3363 3589/12681/3463 

vt 5.16301 -29.8106
vt 5.16301 -24.6969
vt -1.41179 -24.6969
v 72.6311 16.6605 -159.937
vt -1.41179 -29.8106
f 3591/12682/3361 3588/12683/3462 3587/12684/3461 3593/12685/3359 

vt 86.6009 -10.881
vt 85.4671 -5.89451
vt 84.149 -6.35084
vt 85.2151 -11.0395
f 3593/12686/3359 3587/12687/3461 3570/12688/3442 3569/12689/3357 

v 72.6311 11.7305 -159.937
vt 83.3888 12.3901
vt 83.3888 17.5039
vt 82.0023 17.3512
v 73.6748 11.8777 -159.102
vt 82.0023 12.5429
f 3594/12690/3358 3593/12691/3359 3569/12692/3357 3595/12693/3285 

v 66.2924 11.7305 -159.937
f 3596/11716/3360 3591/11717/3361 3593/11718/3359 3594/11719/3358 

vt -80.4596 17.5039
vt -80.4596 12.3901
v 65.2486 11.8777 -159.102
vt -79.0731 12.5429
vt -79.0731 17.3512
f 3591/12694/3361 3596/12695/3360 3597/12696/3362 3592/12697/3363 

vt -83.7446 40.3386
v 66.2924 7.09775 -158.251
vt -82.6108 35.3521
v 65.2486 7.52171 -157.517
vt -81.2927 35.8084
vt -82.3587 40.4971
f 3596/12698/3360 3598/12699/3364 3599/12700/3365 3597/12701/3362 

vt 5.16301 52.7881
vt 5.16301 57.9018
vt -1.41179 57.9018
v 72.6311 7.09775 -158.251
vt -1.41179 52.7881
f 3598/12702/3364 3596/12703/3360 3594/12704/3358 3600/12705/3366 

vt 85.4671 34.7027
vt 86.6009 39.6891
vt 85.2151 39.8476
v 73.6748 7.52171 -157.517
vt 84.149 35.159
f 3600/12706/3366 3594/12707/3358 3595/12708/3285 3601/12709/3284 

v 73.6748 5.22179 -138.427
vt 112.941 5.63895
v 73.6748 8.33833 -135.812
vt 110.228 8.87161
v 73.6748 12.1613 -134.421
vt 108.785 12.837
v 73.6748 11.8777 -132.812
vt 107.117 12.5429
v 73.6748 7.52171 -134.398
vt 108.761 8.02456
v 73.6748 3.97066 -137.378
vt 111.852 4.3412
v 73.6748 1.65287 -141.392
vt 116.016 1.93706
v 73.6748 0.847912 -145.957
vt 120.751 1.10211
vn 0.825486 -0.564423 2.54645e-16
v 73.6748 1.65287 -150.522
vt 125.486 1.93706
v 73.6748 3.97066 -154.537
vt 129.651 4.3412
vt 132.741 8.02456
vt 134.386 12.5429
v 73.6748 12.1613 -157.494
vt 132.717 12.837
v 73.6748 8.33833 -156.102
vt 131.274 8.87161
v 73.6748 5.22179 -153.487
vt 128.562 5.63895
v 73.6748 3.18761 -149.964
vt 124.907 3.52898
v 73.6748 2.48115 -145.957
vt 120.751 2.7962
vn 0.992531 0.121995 4.41262e-17
v 73.6748 3.18761 -141.951
vt 116.595 3.52898
f 3602/12710/3273 3603/12711/3272 3604/12712/3276 3605/12713/3277 3606/12714/3278 3607/12715/3279 3608/12716/3280 3609/12717/3612 3610/12718/3282 3611/12719/3283 3601/12720/3284 3595/12721/3285 3612/12722/3286 3613/12723/3287 3614/12724/3288 3615/12725/3289 3616/12726/3613 3617/12727/3291 

vt 108.743 6.64284
vt 111.428 3.38707
v 73.3408 6.6015 -139.585
vt 112.666 4.82842
v 73.3408 9.23887 -137.372
vt 110.394 7.58362
f 3603/12728/3272 3602/12729/3273 3618/12730/3274 3619/12731/3275 

vt 112.21 3.47129
vt 115.848 1.33369
v 73.3408 4.88008 -142.567
vt 116.517 3.11221
vt 113.438 4.92115
f 3602/12732/3273 3617/12733/3291 3620/12734/3511 3618/12735/3274 

vt 116.452 2.32104
vt 120.605 1.57577
v 73.3408 4.28223 -145.957
vt 120.616 3.47579
vn 0.983235 0.182341 6.59536e-17
vt 117.101 4.10647
f 3617/12736/3291 3616/12737/3613 3621/12738/3614 3620/12739/3511 

vt 120.768 3.01423
vt 124.922 3.75949
v 73.3408 4.88008 -149.348
vt 124.272 5.54492
vt 120.757 4.91424
f 3616/12740/3613 3615/12741/3289 3622/12742/3350 3621/12743/3614 

vt 123.922 6.74039
vt 124.591 4.96187
vt 128.229 7.09947
v 73.3408 6.6015 -152.329
vt 127.001 8.54933
f 3622/12744/3350 3615/12745/3289 3614/12746/3288 3623/12747/3352 

vt 126.363 8.93003
vt 127.601 7.48868
vt 130.285 10.7445
v 73.3408 9.23887 -154.542
vt 128.635 11.6852
f 3623/12748/3352 3614/12749/3288 3613/12750/3287 3624/12751/3353 

vt 128.047 11.0821
vt 129.701 10.1461
vt 131.122 14.1195
v 73.3408 12.4741 -155.72
vt 129.25 14.4446
f 3624/12752/3353 3613/12753/3287 3612/12754/3286 3625/12755/3354 

vt 129.015 13.1615
vt 130.887 12.837
vt 130.887 17.057
v 73.3408 15.9169 -155.72
vt 129.015 16.7326
f 3625/12756/3354 3612/12757/3286 3568/12758/3355 3626/12759/3356 

f 3595/12721/3285 3569/12611/3357 3568/12610/3355 3612/12722/3286 

v 73.3408 19.1521 -154.542
vt 128.047 18.752
vt 129.25 15.3895
vt 131.122 15.7145
vt 129.701 19.688
f 3627/12760/3433 3626/12761/3356 3568/12762/3355 3567/12763/3434 

usemtl RIMS
v 73.1738 16.2988 -155.131
vt 122.814 11.5308
v 73.1738 15.8424 -155.297
vt 122.976 11.0537
vt 123.447 11.1316
vt 122.302 14.5142
v 73.1738 18.9375 -154.171
vt 121.88 14.2897
f 3628/12764/3231 3629/12765/3232 3626/12766/3232 3627/12767/3233 3630/12768/3233 

vt 125.004 12.4999
vt 124.84 12.9761
vt 123.89 15.7294
v 73.0486 18.7478 -153.842
vt 123.526 15.5315
v 73.0486 15.7765 -154.923
vt 124.595 12.4311
f 3629/12769/3228 3628/12770/3229 3630/12771/3230 3631/12772/3230 3632/12773/3228 

vt 129.83 16.8546
v 73.6748 15.4364 -148.106
vt 122.525 15.9599
vt 130.002 16.3811
f 3628/12774/3234 3633/12775/3235 3629/12776/3236

vt 130.279 13.8894
v 73.1738 16.2348 -150.323
vt 125.292 13.8103
vt 122.998 12.8218
f 3628/12777/3234 3634/12778/3237 3633/12779/3235

v 73.1738 16.6324 -150.178
vt 122.316 15.5479
vt 120.107 14.3042
vt 122.463 15.1344
f 3635/12780/3238 3633/12781/3239 3634/12782/3240

vt 120.979 13.1149
vt 123.183 14.3667
v 73.1738 16.9566 -149.906
vt 122.905 14.706
f 3633/12783/3239 3635/12784/3238 3636/12785/3241

v 72.4641 17.8001 -152.201
vt 123.529 12.5705
v 72.4641 19.7181 -150.591
vt 121.905 14.5967
v 73.1738 17.9291 -149.09
vt 120.22 12.7067
vt 121.044 11.6794
vt 121.318 11.3369
f 3637/12786/3242 3638/12787/3243 3639/12788/3243 3636/12789/3241 3635/12790/3238 

v 72.4641 20.7515 -151.458
vt 126.457 21.7473
vt 125.558 20.6754
vt 127.227 18.686
f 3640/12791/3244 3638/12792/3244 3637/12793/3244

v 72.4641 22.2377 -148.884
vt 123.787 23.2888
f 3641/12794/3244 3638/12792/3244 3640/12791/3244

v 72.4641 20.97 -148.423
vt 123.309 21.9739
f 3641/12794/3244 3642/12795/3244 3638/12792/3244

v 72.4641 22.7538 -145.957
vt 120.751 23.8242
f 3643/12796/3244 3642/12795/3244 3641/12794/3244

v 72.4641 21.4048 -145.957
vt 120.751 22.4249
f 3643/12796/3244 3644/12797/3244 3642/12795/3244

v 72.4641 20.97 -143.491
vt 118.194 21.9739
f 3643/12796/3244 3645/12798/3244 3644/12797/3244

v 72.4641 22.2377 -143.03
vt 117.715 23.2888
f 3646/12799/3244 3645/12798/3244 3643/12796/3244

v 72.4641 19.7181 -141.323
vt 115.944 20.6754
f 3646/12799/3244 3647/12800/3244 3645/12798/3244

v 72.4641 20.7515 -140.456
vt 115.045 21.7473
f 3648/12801/3244 3647/12800/3244 3646/12799/3244

v 72.4641 17.8001 -139.714
vt 114.275 18.686
f 3648/12801/3244 3649/12802/3244 3647/12800/3244

v 72.4641 15.4474 -138.857
vt 113.387 16.2455
f 3648/12801/3244 3650/12803/3244 3649/12802/3244

v 72.4641 18.4746 -138.546
vt 113.063 19.3856
f 3651/12804/3244 3650/12803/3244 3648/12801/3244

v 72.4641 12.9436 -138.857
vt 113.387 13.6485
f 3650/12803/3244 3651/12804/3244 3652/12805/3244

v 72.4641 9.91637 -138.546
vt 113.063 10.5084
f 3651/12804/3244 3653/12806/3244 3652/12805/3244

v 72.4641 15.6816 -137.529
vt 112.009 16.4885
f 3654/12807/3244 3653/12806/3244 3651/12804/3244

v 72.4641 12.7094 -137.529
vt 112.009 13.4055
f 3653/12806/3244 3654/12807/3244 3655/12808/3244

v 73.0486 12.6145 -136.991
vt 74.1174 13.3071
vt 74.9414 13.4055
vt 74.9414 16.4885
v 73.0486 15.7765 -136.991
vt 74.1174 16.5869
f 3656/12809/3245 3655/12810/3245 3654/12811/3246 3657/12812/3246 

vt 76.6667 -7.48351
v 73.0486 9.64323 -138.072
vt 77.4516 -10.668
vt 78.2281 -10.3753
vt 77.4903 -7.38184
f 3656/12813/3245 3658/12814/3247 3653/12815/3247 3655/12816/3245 

vt 106.816 6.2955
vt 105.746 9.39586
v 73.1738 12.5486 -136.617
vt 105.337 9.32713
v 73.1738 9.90994 -137.578
vt 106.287 6.57379
v 73.1738 9.45356 -137.744
vt 106.452 6.09758
f 3658/12817/3248 3656/12818/3249 3659/12819/3249 3660/12820/3250 3661/12821/3248 

vt 105.084 13.3071
vt 105.084 16.5869
v 73.1738 15.8424 -136.617
vt 104.675 16.6552
v 73.1738 15.3567 -136.617
vt 104.675 16.1515
vn 0.948131 -2.6749e-15 -0.31788
vt 104.675 13.2388
f 3656/12822/3249 3657/12823/3251 3662/12824/3251 3663/12825/3615 3659/12826/3249 

vt 105.746 20.321
v 73.0486 18.7478 -138.072
vt 106.816 23.4213
v 73.1738 18.9375 -137.744
vt 106.452 23.6193
v 73.1738 16.2988 -136.783
vt 105.501 20.8659
vt 105.337 20.3897
f 3657/12827/3251 3664/12828/3253 3665/12829/3253 3666/12830/3254 3662/12831/3251 

vt 76.6667 36.4154
vt 77.4903 36.3138
vt 78.2281 39.3072
vt 77.4516 39.5999
f 3657/12832/3246 3654/12833/3246 3651/12834/3255 3664/12835/3255 

vt 85.3434 52.0612
vt 86.1084 51.7397
vt 87.6316 54.4201
v 73.0486 21.17 -140.105
vt 86.9638 54.9128
f 3664/12836/3255 3651/12837/3255 3648/12838/3256 3667/12839/3256 

vt 99.8899 53.0122
vt 100.499 52.449
vt 102.845 54.4491
v 73.0486 22.751 -142.843
vt 102.386 55.14
f 3667/12840/3256 3648/12841/3256 3646/12842/3257 3668/12843/3257 

vt 115.142 33.5185
vt 115.445 32.7459
vt 118.428 33.5227
vn 0.682799 -0.730606 2.09887e-16
v 73.0486 23.3001 -145.957
vt 118.316 34.3449
f 3668/12844/3257 3646/12845/3257 3643/12846/3616 3669/12847/3616 

vt 118.887 1.07799
vt 121.871 0.301155
v 73.0486 22.751 -149.071
vt 122.174 1.07378
vt 119 1.9002
f 3643/12848/3616 3641/12849/3259 3670/12850/3259 3669/12851/3616 

vt 109.364 -19.0127
vt 111.71 -21.0128
v 73.0486 21.17 -151.809
vt 112.319 -20.4496
vt 109.823 -18.3218
f 3641/12852/3259 3640/12853/3260 3671/12854/3260 3670/12855/3259 

vt 97.9877 -18.6502
v 72.4641 18.4746 -153.369
vt 99.5109 -21.3307
vt 100.276 -21.0091
vt 98.6555 -18.1576
f 3640/12856/3260 3672/12857/3261 3631/12858/3261 3671/12859/3260 

vt 128.439 19.3856
f 3640/12791/3244 3637/12793/3244 3672/12860/3244

v 72.4641 15.4474 -153.057
vt 128.115 16.2455
f 3672/12860/3244 3637/12793/3244 3673/12861/3244

v 73.1738 15.0418 -150.757
vt 120.205 12.021
vt 122.701 12.4438
vt 121.848 14.8968
vt 119.628 13.6794
vt 119.772 13.2648
f 3674/12862/3262 3673/12863/3262 3637/12864/3242 3635/12865/3238 3634/12866/3240 

v 72.4641 12.9436 -153.057
vt 122.053 13.6485
vt 122.053 16.2455
vt 119.557 15.8249
v 73.1738 13.7723 -150.757
vt 119.557 14.5081
vn 0.967803 -6.49214e-15 -0.251709
v 73.1738 13.3492 -150.757
vt 119.557 14.0691
f 3675/12867/3263 3673/12868/3262 3674/12869/3262 3676/12870/3617 3677/12871/3265 

vt 128.115 13.6485
v 72.4641 9.91637 -153.369
vt 128.439 10.5084
f 3675/12872/3244 3678/12873/3244 3673/12861/3244

v 72.4641 10.5909 -152.201
vt 127.227 11.2081
f 3679/12874/3244 3678/12873/3244 3675/12872/3244

v 72.4641 7.63949 -151.458
vt 126.457 8.14673
f 3679/12874/3244 3680/12875/3244 3678/12873/3244

v 72.4641 8.67288 -150.591
vt 125.558 9.21863
f 3681/12876/3244 3680/12875/3244 3679/12874/3244

v 72.4641 6.15336 -148.884
vt 123.787 6.60523
f 3681/12876/3244 3682/12877/3244 3680/12875/3244

v 72.4641 7.42101 -148.423
vt 123.309 7.92011
f 3683/12878/3244 3682/12877/3244 3681/12876/3244

v 72.4641 6.98623 -145.957
vt 120.751 7.46914
f 3684/12879/3244 3682/12877/3244 3683/12878/3244

v 72.4641 5.63723 -145.957
vt 120.751 6.06987
f 3684/12879/3244 3685/12880/3244 3682/12877/3244

v 72.4641 7.42101 -143.491
vt 118.194 7.92011
f 3686/12881/3244 3685/12880/3244 3684/12879/3244

v 72.4641 6.15336 -143.03
vt 117.715 6.60523
f 3686/12881/3244 3687/12882/3244 3685/12880/3244

v 72.4641 8.67288 -141.323
vt 115.944 9.21863
f 3688/12883/3244 3687/12882/3244 3686/12881/3244

v 72.4641 7.63949 -140.456
vt 115.045 8.14673
f 3688/12883/3244 3689/12884/3244 3687/12882/3244

v 72.4641 10.5909 -139.714
vt 114.275 11.2081
f 3690/12885/3244 3689/12884/3244 3688/12883/3244

f 3652/12805/3244 3689/12884/3244 3690/12885/3244

f 3652/12805/3244 3653/12806/3244 3689/12884/3244

vt 85.3434 -25.7221
v 73.0486 7.22102 -140.105
vt 86.9638 -28.5736
vt 87.6316 -28.081
vt 86.1084 -25.4005
f 3658/12886/3247 3691/12887/3266 3689/12888/3266 3653/12889/3247 

vt 110.617 1.35577
vt 108.575 3.92238
vt 108.213 3.7214
v 73.1738 9.08151 -138.056
vt 108.526 3.32717
v 73.1738 6.93042 -139.861
vt 110.34 1.04784
f 3691/12890/3267 3658/12891/3248 3661/12892/3248 3692/12893/3268 3693/12894/3267 

vt 106.432 1.39507
vt 108.629 -1.42017
vt 108.953 -1.06907
vt 107.161 1.2271
vt 106.851 1.62423
f 3619/12895/3269 3618/12896/3270 3693/12897/3270 3692/12898/3271 3661/12899/3269 

vt 111.563 -1.00251
vt 114.597 -2.88592
v 73.1738 5.28355 -142.714
vt 114.78 -2.44447
v 73.1738 5.52639 -142.293
vt 114.352 -2.17879
vt 111.877 -0.642641
f 3618/12900/3270 3620/12901/3512 3694/12902/3512 3695/12903/3518 3693/12904/3270 

vt 116.813 1.24948
vt 120.321 0.584314
vn 0.931984 0.3625 1.30022e-15
v 73.1738 4.7116 -145.957
vt 120.333 1.06204
v 73.1738 5.19922 -143.192
vt 117.471 1.60456
vt 116.976 1.6984
f 3620/12905/3512 3621/12906/3618 3696/12907/3618 3697/12908/3513 3694/12909/3512 

vt 120.615 6.56214
vt 124.124 7.22731
v 73.1738 5.28355 -149.201
vt 123.96 7.67622
v 73.1738 5.19922 -148.723
vt 123.465 7.58239
vt 120.603 7.03986
f 3621/12910/3618 3622/12911/3346 3698/12912/3346 3699/12913/3349 3696/12914/3618 

vt 122.147 12.44
vt 122.33 11.9986
vt 125.364 13.882
v 73.1738 6.93042 -152.053
vt 125.049 14.2418
v 73.1738 5.52639 -149.621
vt 122.575 12.7057
f 3698/12915/3346 3622/12916/3346 3623/12917/3344 3700/12918/3344 3701/12919/3347 

vt 122.201 15.4445
vt 122.525 15.0934
vt 124.723 17.9087
v 73.1738 9.45356 -154.171
vt 124.303 18.1379
v 73.1738 9.08151 -153.858
vt 123.993 17.7407
f 3700/12920/3344 3623/12921/3344 3624/12922/3342 3702/12923/3342 3703/12924/3345 

vt 121.88 15.3674
vt 122.302 15.143
vt 123.447 18.5255
v 73.1738 12.5486 -155.297
vt 122.976 18.6035
v 73.1738 9.90994 -154.337
vt 122.042 15.8446
f 3702/12925/3342 3624/12926/3342 3625/12927/3340 3704/12928/3340 3705/12929/3343 

vt 122.045 13.2388
vt 122.516 13.1615
vt 122.516 16.7326
vt 122.045 16.6552
v 73.1738 15.3567 -155.297
vt 122.045 16.1515
vn 0.930086 6.36367e-16 0.367342
f 3704/12930/3340 3625/12931/3340 3626/12932/3232 3629/12933/3232 3706/12934/3619 

vt 124.301 13.2388
vt 124.301 16.1515
vn 0.948131 5.95671e-16 0.31788
vt 124.301 16.6552
vt 123.892 16.5869
v 73.0486 12.6145 -154.923
vt 123.892 13.3071
f 3704/12935/3338 3706/12936/3620 3629/12937/3228 3632/12938/3228 3707/12939/3338 

v 73.6748 13.7646 -148.401
vt 122.781 14.5
vt 129.953 16.1515
vt 129.953 16.6552
f 3708/12940/3337 3706/12941/3336 3629/12942/3236

vt 122.514 27.0327
vt 127.118 28.9505
vt 120.015 27.0233
f 3676/12943/3335 3706/12944/3336 3708/12945/3337

vt 120.07 14.5
vt 122.569 14.0691
vt 122.569 14.5081
f 3708/12946/3334 3677/12947/3265 3676/12948/3617

vt 122.905 15.9244
vt 120.407 16.3563
v 73.1738 12.9515 -150.612
vt 122.758 15.5109
f 3677/12949/3265 3708/12950/3334 3709/12951/3333

vt 118.922 -12.1146
vt 115.351 -8.63313
vt 113.032 -7.70251
f 3705/12952/3543 3709/12953/3545 3708/12954/3544

vt 129.008 10.7659
vt 122.83 14.7654
vt 128.836 10.2924
f 3705/12955/3543 3708/12956/3544 3702/12957/3538

v 73.6748 12.9546 -148.106
vt 122.525 13.925
f 3710/12958/3538 3702/12957/3538 3708/12956/3544

vt 128.961 10.444
vt 122.652 14.0794
v 73.6748 12.2944 -147.552
vt 122.078 13.3938
f 3702/12959/3538 3710/12960/3538 3711/12961/3537

v 73.6748 11.8634 -145.108
vt 119.871 12.528
v 73.6748 11.7137 -145.957
vt 120.751 12.3728
v 73.6748 11.8634 -146.806
vt 121.632 12.528
vt 122.406 12.975
vt 122.981 13.6599
vt 123.286 14.5
v 73.6748 14.6265 -148.401
vt 123.286 15.394
vt 122.981 16.2341
v 73.6748 16.0967 -147.552
vt 122.406 16.919
v 73.6748 16.5276 -146.806
vt 121.632 17.366
v 73.6748 16.6773 -145.957
vt 120.751 17.5213
v 73.6748 16.5276 -145.108
vt 119.871 17.366
v 73.6748 16.0967 -144.362
vt 119.096 16.919
v 73.6748 15.4364 -143.808
vt 118.522 16.2341
v 73.6748 14.6265 -143.513
vt 118.216 15.394
v 73.6748 13.7646 -143.513
vt 118.216 14.5
v 73.6748 12.9546 -143.808
vt 118.522 13.6599
v 73.6748 12.2944 -144.362
vt 119.096 12.975
f 3712/12962/3244 3713/12963/3244 3714/12964/3244 3711/12965/3244 3710/12966/3244 3708/12967/3244 3715/12968/3244 3633/12969/3244 3716/12970/3244 3717/12971/3244 3718/12972/3244 3719/12973/3244 3720/12974/3244 3721/12975/3244 3722/12976/3244 3723/12977/3244 3724/12978/3244 3725/12979/3244 

vt 119.893 12.5662
vt 117.402 5.72371
vt 120.773 12.4105
f 3712/12980/3308 3694/12981/3308 3713/12982/3309

vt 117.381 5.54818
vt 119.882 12.3867
vt 119.109 12.8346
f 3694/12983/3308 3712/12984/3308 3725/12985/3310

vt 116.945 5.80056
f 3725/12985/3310 3695/12986/3311 3694/12983/3308

v 73.1738 10.2503 -143.191
vt 100.345 17.1082
vt 99.5605 12.1826
vt 101.648 19.2395
f 3726/12987/3312 3695/12988/3311 3725/12989/3310

vt 118.693 10.9408
v 73.1738 10.4619 -142.824
vt 117.052 9.00846
vt 117.43 8.78534
f 3725/12990/3313 3727/12991/3314 3726/12992/3315

vt 116.29 8.709
vt 117.948 10.6269
v 73.1738 10.7861 -142.552
vt 116.012 9.04829
f 3727/12993/3314 3725/12994/3313 3728/12995/3316

vt 109.223 22.2063
vt 113.767 24.2625
vt 115.479 26.082
f 3692/12996/3317 3728/12997/3318 3725/12998/3319

vt 112.491 9.4325
vt 119.051 12.7687
vt 112.168 9.81883
f 3692/12999/3317 3725/13000/3319 3661/13001/3297

vt 118.477 13.4543
f 3724/13002/3297 3661/13001/3297 3725/13000/3319

vt 112.106 9.88467
vt 118.416 13.5173
vt 118.111 14.3577
f 3661/13003/3297 3724/13004/3297 3723/13005/3295

vt 111.934 10.3582
f 3723/13005/3295 3660/13006/3296 3661/13003/3297

v 73.1738 12.9515 -141.302
vt 107.928 30.2841
vt 104.356 26.8026
vt 110.246 31.2147
f 3729/13007/3298 3660/13008/3296 3723/13009/3295

vt 116.413 12.9889
v 73.1738 13.3492 -141.157
vt 113.915 12.557
vt 114.062 12.1435
f 3723/13010/3299 3730/13011/3300 3729/13012/3301

vt 113.651 14.0691
vt 116.149 14.5
v 73.1738 13.7723 -141.157
vt 113.651 14.5081
vn 0.967803 -1.95272e-14 0.251709
f 3730/13013/3300 3723/13014/3299 3731/13015/3621

vt 109.003 2.81727
vt 113.607 0.899455
vt 116.105 0.89003
f 3663/13016/3303 3731/13017/3304 3723/13018/3305

vt 110.914 16.1515
vt 118.086 14.5
vt 110.914 16.6552
f 3663/13019/3303 3723/13020/3305 3662/13021/3306

vt 118.086 15.394
f 3722/13022/3306 3662/13021/3306 3723/13020/3305

vt 110.94 16.7888
vt 118.111 15.5272
vt 118.416 16.3676
f 3662/13023/3306 3722/13024/3306 3721/13025/3307

vt 111.112 17.2623
f 3721/13025/3307 3666/13026/3393 3662/13023/3306

v 73.1738 16.2348 -141.592
vt 116.201 12.6676
vt 111.214 12.7468
vt 118.496 11.6792
f 3732/13027/3394 3666/13028/3393 3721/13029/3307

vt 116.712 17.6716
v 73.1738 16.6324 -141.736
vt 114.503 18.9153
vt 114.356 18.5018
f 3721/13030/3395 3733/13031/3396 3732/13032/3397

vt 115.176 19.5594
vt 117.381 18.3076
v 73.1738 16.9566 -142.008
vt 115.455 19.8987
f 3733/13033/3396 3721/13034/3395 3734/13035/3398

v 73.1738 21.0886 -139.549
vt 100.523 6.13165
vt 102.749 1.66821
vt 104.632 0.0260242
f 3735/13036/3399 3734/13037/3400 3721/13038/3401

vt 114.038 22.2764
vt 118.477 16.4073
v 73.1738 21.4606 -139.861
vt 114.361 22.6627
f 3735/13039/3399 3721/13040/3401 3736/13041/3402

vt 119.051 17.0929
f 3720/13042/3402 3736/13041/3402 3721/13040/3401

vt 114.424 22.5753
vt 119.109 17.0006
vt 119.882 17.4484
f 3736/13043/3402 3720/13044/3402 3719/13045/3403

v 73.1738 21.7034 -140.282
vt 114.86 22.8277
f 3719/13045/3403 3737/13046/3404 3736/13043/3402

v 73.1738 18.5639 -143.924
vt 108.398 -2.22459
vt 104.922 1.35209
vt 109.325 -4.54434
f 3738/13047/3405 3737/13048/3404 3719/13049/3403

vt 119.462 18.9186
v 73.1738 18.7755 -144.29
vt 118.564 21.2889
vt 118.186 21.0658
f 3719/13050/3406 3739/13051/3407 3738/13052/3408

vt 119.014 19.7754
vt 119.881 17.3933
v 73.1738 18.8489 -144.707
vt 119.446 19.8533
f 3739/13053/3407 3719/13054/3406 3740/13055/3409

v 73.1738 23.5951 -145.479
vt 102.209 30.1577
vt 101.535 25.2158
vt 102.167 22.7986
f 3741/13056/3410 3740/13057/3411 3719/13058/3412

v 73.1738 18.8489 -147.207
vt 122.048 19.7738
v 73.1738 23.5951 -146.435
vt 121.247 24.6968
v 73.1738 23.6794 -145.957
vt 120.751 24.7843
vt 120.255 24.6968
vt 119.454 19.7738
v 73.1738 18.9224 -145.124
vt 119.887 19.85
v 73.1738 19.0694 -145.957
vt 120.751 20.0025
vn 0.980671 0.195662 -7.20708e-17
f 3742/13059/3413 3743/13060/3414 3744/13061/3414 3741/13062/3414 3740/13063/3409 3745/13064/3415 3746/13065/3622 

vt 101.58 13.7656
vt 100.907 18.7076
vt 100.949 11.3485
f 3742/13066/3417 3743/13067/3418 3717/13068/3419

vt 121.59 17.0342
vt 121.213 24.3838
vt 120.717 24.4715
vn 0.99745 0.0713698 4.17668e-16
f 3717/13069/3419 3743/13070/3418 3744/13071/3623

vt 121.098 20.7356
v 73.1738 23.1075 -149.201
vt 123.96 20.1931
v 73.3408 23.5109 -149.348
vt 124.124 20.642
v 73.3408 24.1088 -145.957
vt 120.615 21.3072
vn 0.931984 -0.3625 2.22498e-16
vt 120.603 20.8295
f 3743/13072/3421 3747/13073/3422 3748/13074/3422 3749/13075/3624 3744/13076/3624 

vt 123.879 20.9447
vt 124.021 21.334
vt 121.157 21.8666
vt 120.662 21.9587
vn 0.949579 -0.313529 5.69858e-16
vt 120.654 21.5443
f 3670/13077/3424 3747/13078/3424 3743/13079/3425 3744/13080/3625 3669/13081/3625 

vt 125.381 16.0531
v 73.1738 21.4606 -152.053
vt 125.652 16.3666
v 73.1738 21.7034 -151.633
vt 125.222 16.6286
vt 122.734 18.1435
vt 122.58 17.7589
f 3671/13082/3427 3750/13083/3427 3751/13084/3428 3747/13085/3424 3670/13086/3424 

vt 125.698 13.2667
v 73.1738 21.0886 -152.366
vt 123.885 15.546
vt 123.571 15.9403
vt 123.294 15.6323
vt 125.336 13.0657
f 3630/13087/3230 3752/13088/3429 3750/13089/3427 3671/13090/3427 3631/13091/3230 

vt 122.511 13.207
vt 124.303 10.9109
vt 124.723 11.14
v 73.3408 21.7895 -152.329
vt 122.525 13.9553
vt 122.201 13.6042
f 3752/13092/3430 3630/13093/3233 3627/13094/3233 3753/13095/3431 3750/13096/3431 

usemtl TYRES
vt 126.363 20.7517
vt 128.635 17.9965
vt 130.285 18.9373
vt 127.601 22.1931
f 3753/13097/3432 3627/13098/3433 3567/13099/3434 3566/13100/3435 

vt 123.922 22.7672
vt 127.001 20.9583
vt 128.229 22.4081
vt 124.591 24.5457
f 3748/13101/3490 3753/13102/3432 3566/13103/3435 3565/13104/3441 

usemtl RIMS
vt 124.621 14.3648
vt 125.049 14.0991
vt 125.364 14.459
vt 122.33 16.3424
vt 122.147 15.901
f 3751/13105/3491 3750/13106/3431 3753/13107/3431 3748/13108/3422 3747/13109/3422 

vt 126.483 22.2775
vt 121.461 16.8982
vt 126.919 22.0251
f 3751/13110/3492 3717/13111/3493 3750/13112/3494

vt 117.302 40.4508
v 73.1738 18.5639 -147.991
vt 113.826 36.8741
vt 112.899 34.5544
f 3751/13113/3492 3754/13114/3495 3717/13115/3493

v 73.1738 18.7755 -147.624
vt 121.585 16.6883
vt 120.686 14.3179
vt 121.963 16.4652
f 3755/13116/3496 3717/13117/3497 3754/13118/3498

vt 121.457 15.5674
vt 122.324 17.9495
vt 121.892 18.0274
f 3717/13119/3497 3755/13120/3496 3742/13121/3413

vt 122.199 16.3727
vt 123.066 18.7515
vt 120.512 19.2228
vn 0.956788 0.290787 -1.07694e-16
vt 120.472 16.6913
vn 0.980671 0.195662 -7.24642e-17
vt 121.767 16.4523
f 3755/13122/3496 3642/13123/3499 3644/13124/3626 3746/13125/3627 3742/13126/3413 

vt 121.678 16.1304
vt 120.747 13.776
vt 121.122 13.549
vt 122.249 12.868
vt 123.9 14.7874
f 3642/13127/3499 3755/13128/3496 3754/13129/3498 3639/13130/3243 3638/13131/3243 

vt 118.091 22.5045
vt 118.957 20.1257
vt 119.389 20.2053
vt 119.821 20.285
vt 120.684 20.4443
vt 120.644 22.9758
f 3645/13132/3502 3739/13133/3407 3740/13134/3409 3745/13135/3415 3746/13136/3627 3644/13137/3626 

vt 117 25.5358
vt 114.777 24.1927
v 73.1738 17.9291 -142.824
vt 116.428 22.2734
vt 117.555 22.9544
vt 117.931 23.1814
f 3645/13138/3502 3647/13139/3503 3756/13140/3503 3738/13141/3408 3739/13142/3407 

vt 113.706 21.8686
vt 113.98 22.211
vt 114.804 23.2384
vt 113.119 25.1283
vt 111.495 23.1021
f 3733/13143/3396 3734/13144/3398 3756/13145/3503 3647/13146/3503 3649/13147/3504 

v 73.1738 15.0418 -141.157
vt 111.741 18.8051
vt 112.174 20.0488
vt 112.318 20.4634
vt 110.098 21.6808
vt 109.245 19.2279
f 3757/13148/3505 3732/13149/3397 3733/13150/3396 3649/13151/3504 3650/13152/3505 

vt 111.207 14.0691
vt 111.207 14.5081
vt 111.207 15.8249
vt 108.71 16.2455
vt 108.71 13.6485
f 3730/13153/3300 3731/13154/3621 3757/13155/3505 3650/13156/3505 3652/13157/3506 

vt 110.098 8.06081
v 73.1738 11.7586 -141.736
vt 112.318 9.27822
vt 111.886 10.522
vt 111.741 10.9365
vt 109.245 10.5137
f 3690/13158/3321 3758/13159/3321 3729/13160/3301 3730/13161/3300 3652/13162/3506 

vt 113.119 4.22377
vt 114.804 6.11371
vt 114.529 6.45616
vt 113.706 7.48352
vt 111.495 6.24995
f 3688/13163/3320 3727/13164/3314 3728/13165/3316 3758/13166/3321 3690/13167/3321 

vt 117 3.36702
v 73.1738 9.61556 -144.29
vt 117.931 5.72141
vt 116.804 6.4024
vt 116.428 6.62939
vt 114.777 4.71008
f 3686/13168/3322 3759/13169/3322 3726/13170/3315 3727/13171/3314 3688/13172/3320 

vt 120.644 5.6299
vn 0.956788 -0.290787 3.57822e-16
v 73.1738 9.32163 -145.957
vt 120.684 8.16141
vn 0.968729 -0.248122 -5.86794e-15
v 73.1738 9.39512 -145.54
vt 120.252 8.24106
vt 118.957 8.48002
vt 118.091 6.10118
f 3684/13173/3628 3760/13174/3629 3761/13175/3325 3759/13176/3322 3686/13177/3322 

vt 123.066 9.85421
v 73.1738 9.61556 -147.624
vt 122.199 12.2331
v 73.1738 9.39512 -146.374
vt 120.904 11.9941
vt 120.472 11.9144
vt 120.512 9.38293
f 3683/13178/3326 3762/13179/3326 3763/13180/3327 3760/13181/3629 3684/13182/3628 

vt 123.9 14.1154
v 73.1738 10.4619 -149.09
vt 122.249 16.0347
v 73.1738 10.2503 -148.724
vt 121.874 15.8077
vt 120.747 15.1268
vt 121.678 12.7724
f 3681/13183/3328 3764/13184/3329 3765/13185/3330 3762/13186/3326 3683/13187/3326 

vt 121.905 14.7554
vt 123.529 16.7816
v 73.1738 11.7586 -150.178
vt 121.318 18.0152
v 73.1738 10.7861 -149.362
vt 120.495 16.9878
vt 120.22 16.6453
f 3681/13188/3328 3679/13189/3331 3766/13190/3331 3767/13191/3332 3764/13192/3329 

vt 121.848 14.8448
vt 122.701 17.2978
vt 120.205 17.7206
vt 120.06 17.306
vt 119.628 16.0622
f 3679/13193/3331 3675/13194/3263 3677/13195/3265 3709/13196/3333 3766/13197/3331 

vt 120.412 15.8197
vt 122.07 13.9017
vt 122.348 14.241
f 3711/13198/3534 3764/13199/3329 3767/13200/3332

vt 123.097 13.6091
vt 121.456 15.5415
vt 122.719 13.386
f 3764/13201/3329 3711/13202/3534 3765/13203/3330

vt 103.833 -1.09184
vt 103.049 3.83376
vt 101.745 5.96506
f 3701/13204/3532 3765/13205/3533 3711/13206/3531

vt 124.398 6.35078
vt 122.235 13.3848
vt 123.962 6.0984
f 3701/13207/3532 3711/13208/3531 3698/13209/3526

vt 121.461 12.9369
f 3714/13210/3526 3698/13209/3526 3711/13208/3531

vt 124.081 5.94114
vt 121.59 12.7836
vt 120.71 12.6279
f 3698/13211/3526 3714/13212/3526 3713/13213/3524

vt 123.585 5.85343
f 3713/13213/3524 3699/13214/3525 3698/13211/3526

vt 106.32 -5.90897
vt 108.438 -10.4247
vt 106.201 -3.41361
f 3763/13215/3527 3699/13216/3525 3713/13217/3524

vt 120.577 13.534
vn 0.978762 -0.204999 -1.20781e-14
vt 120.596 10.999
vt 121.028 11.0769
f 3713/13218/3630 3760/13219/3629 3763/13220/3327

vt 120.742 9.17307
vt 120.761 11.7081
vt 120.31 9.25094
f 3760/13221/3629 3713/13222/3630 3761/13223/3325

vt 101.498 21.4085
vt 103.616 25.9242
vt 103.735 28.4196
f 3697/13224/3529 3761/13225/3530 3713/13226/3309

vt 117.898 5.63601
f 3697/13227/3529 3713/12982/3309 3694/12981/3308

v 73.0486 5.64003 -142.843
vt 117.215 3.05272
vt 117.073 2.66339
vt 117.569 2.57128
vt 120.432 2.03873
vn 0.949579 0.313529 -3.59636e-15
v 73.0486 5.09096 -145.957
vt 120.44 2.45305
f 3768/13228/3514 3694/13229/3514 3697/13230/3515 3696/13231/3631 3769/13232/3631 

vt 112.798 1.69424
vt 112.527 1.38069
vt 115.014 -0.134178
vt 115.445 -0.396185
vt 115.599 -0.0115632
f 3691/13233/3267 3693/13234/3267 3695/13235/3517 3694/13236/3514 3768/13237/3514 

vt 99.8899 -29.9733
vt 102.386 -32.1012
vt 102.845 -31.4103
vt 100.499 -29.4101
f 3691/13238/3266 3768/13239/3519 3687/13240/3519 3689/13241/3266 

vt 115.142 -12.917
vt 118.316 -13.7434
vn 0.682799 0.730606 4.61752e-16
vt 118.428 -12.9212
vt 115.445 -12.1444
f 3768/13242/3519 3769/13243/3632 3685/13244/3632 3687/13245/3519 

vt 119 18.7013
v 73.0486 5.64003 -149.071
vt 122.174 19.5277
vt 121.871 20.3003
vt 118.887 19.5235
f 3769/13246/3632 3770/13247/3521 3682/13248/3521 3685/13249/3632 

vt 120.654 6.84711
vt 120.662 6.43279
vt 123.525 6.96534
vt 124.021 7.05745
vt 123.879 7.44678
f 3769/13250/3631 3696/13251/3631 3699/13252/3522 3698/13253/3523 3770/13254/3523 

vt 122.58 10.9801
vt 122.734 10.5954
vt 123.164 10.8574
vt 125.652 12.3723
v 73.0486 7.22102 -151.809
vt 125.381 12.6859
f 3770/13255/3523 3698/13256/3523 3701/13257/3549 3700/13258/3539 3771/13259/3539 

vt 123.571 13.3231
vt 125.385 15.6024
vt 125.698 15.9966
v 73.0486 9.64323 -153.842
vt 125.336 16.1976
vt 123.294 13.631
f 3700/13260/3539 3703/13261/3540 3702/13262/3541 3772/13263/3541 3771/13264/3539 

vt 128.638 10.0576
f 3711/12961/3537 3703/13265/3536 3702/12959/3538

vt 121.539 -3.48628
vt 126.083 -5.54247
vt 119.827 -1.66685
f 3767/13266/3535 3703/13267/3536 3711/13268/3537

vt 123.89 13.9874
vt 124.054 14.4636
vt 125.004 17.2169
vt 124.595 17.2857
vt 123.526 14.1853
f 3702/13269/3541 3705/13270/3542 3704/13271/3338 3707/13272/3338 3772/13273/3541 

vt 90.7565 33.0439
vt 91.533 32.7512
vt 92.3179 35.9356
v 72.4641 12.7094 -154.385
vt 91.4943 36.0373
f 3678/13274/3546 3772/13275/3546 3707/13276/3547 3773/13277/3547 

vt 97.9877 44.9894
vt 98.6555 44.4967
vt 100.276 47.3483
vt 99.5109 47.6698
f 3680/13278/3548 3771/13279/3548 3772/13280/3546 3678/13281/3546 

vt 109.364 42.0515
vt 109.823 41.3606
vt 112.319 43.4884
vt 111.71 44.0517
f 3682/13282/3521 3770/13283/3521 3771/13284/3548 3680/13285/3548 

vt 88.6047 13.4055
vt 89.4287 13.3071
vt 89.4287 16.5869
v 72.4641 15.6816 -154.385
vt 88.6047 16.4885
f 3773/13286/3547 3707/13287/3547 3632/13288/3550 3774/13289/3550 

vt 90.7565 -4.11196
vt 91.4943 -7.10537
vt 92.3179 -7.00371
vt 91.533 -3.81923
f 3672/13290/3261 3774/13291/3550 3632/13292/3550 3631/13293/3261 

vt 129.493 16.4885
f 3672/12860/3244 3678/12873/3244 3774/13294/3244

f 3673/12861/3244 3678/12873/3244 3672/12860/3244

vt 129.493 13.4055
f 3774/13294/3244 3678/12873/3244 3773/13295/3244

vt 122.235 16.4503
f 3716/13296/3494 3750/13112/3494 3717/13111/3493

vt 126.768 22.0376
vt 122.078 16.4678
vt 122.652 15.7822
f 3750/13297/3494 3716/13298/3494 3633/13299/3507

vt 127.092 21.6513
f 3633/13299/3507 3752/13300/3508 3750/13297/3494

vt 107.967 34.6167
vt 110.193 39.0801
vt 106.084 32.9745
f 3636/13301/3509 3752/13302/3508 3633/13303/3507

usemtl TYRES
vt 120.757 24.4792
vn 0.983235 -0.182341 -2.77699e-17
vt 124.272 23.8485
vt 124.922 25.6339
vt 120.768 26.3792
f 3749/13304/3633 3748/13305/3490 3565/13306/3441 3564/13307/3605 

vt 116.452 27.0724
v 73.3408 23.5109 -142.567
vt 117.101 25.2869
vt 120.616 25.9176
vt 120.605 27.8176
f 3563/13308/3439 3775/13309/3488 3749/13310/3633 3564/13311/3605 

vt 112.21 26.0363
v 73.3408 21.7895 -139.585
vt 113.438 24.5865
vt 116.517 26.3954
vt 115.848 28.1739
f 3562/13312/3438 3776/13313/3477 3775/13314/3488 3563/13315/3439 

vt 108.743 23.0389
v 73.3408 19.1521 -137.372
vt 110.394 22.0982
vt 112.666 24.8534
vt 111.428 26.2947
f 3561/13316/3437 3777/13317/3476 3776/13318/3477 3562/13319/3438 

vt 106.686 18.378
v 73.3408 15.9169 -136.195
vt 108.558 18.053
vt 109.761 21.4155
vt 108.107 22.3514
f 3560/13320/3387 3778/13321/3388 3777/13322/3476 3561/13323/3437 

vt 106.444 12.837
v 73.3408 12.4741 -136.195
vt 108.317 13.1615
vt 108.317 16.7326
vt 106.444 17.057
f 3604/13324/3276 3779/13325/3292 3778/13326/3388 3560/13327/3387 

vt 106.686 11.4561
vt 108.107 7.48267
vt 109.761 8.41864
vt 108.558 11.7811
f 3604/13328/3276 3603/13329/3272 3619/13330/3275 3779/13331/3292 

usemtl RIMS
vt 102.965 7.96815
vt 104.11 4.58559
vt 104.532 4.81006
vt 104.37 5.28722
vt 103.436 8.04611
f 3779/13332/3293 3619/13333/3269 3661/13334/3269 3660/13335/3294 3659/13336/3293 

vt 102.101 13.1615
vt 102.573 13.2388
vt 102.573 16.1515
vn 0.930086 -2.71199e-15 -0.367342
vt 102.573 16.6552
vt 102.101 16.7326
f 3779/13337/3293 3659/13338/3293 3663/13339/3634 3662/13340/3390 3778/13341/3390 

vt 102.965 21.689
vt 103.436 21.611
vt 103.598 22.0882
vt 104.532 24.8471
vt 104.11 25.0716
f 3778/13342/3390 3662/13343/3390 3666/13344/3391 3665/13345/3392 3777/13346/3392 

vt 106.432 27.6537
vt 106.851 27.4245
vt 108.643 29.7207
vt 108.953 30.1178
vt 108.629 30.4689
f 3777/13347/3392 3665/13348/3392 3735/13349/3478 3736/13350/3479 3776/13351/3479 

vt 108.575 25.341
vt 110.617 27.9076
vt 110.34 28.2155
vt 110.026 27.8213
vt 108.213 25.5419
f 3664/13352/3253 3667/13353/3480 3736/13354/3480 3735/13355/3481 3665/13356/3253 

vt 115.599 28.7505
v 73.1738 23.1075 -142.714
vt 115.445 29.1351
vt 112.957 27.6203
vt 112.527 27.3583
vt 112.798 27.0447
f 3668/13357/3482 3780/13358/3482 3737/13359/3483 3736/13360/3480 3667/13361/3480 

vt 120.44 25.9384
vt 120.432 26.3527
vt 119.937 26.2606
v 73.1738 23.5358 -145.143
vt 119.589 26.1959
vt 117.073 25.7281
vt 117.215 25.3387
f 3669/13362/3625 3744/13363/3625 3741/13364/3484 3781/13365/3484 3780/13366/3482 3668/13367/3482 

vt 116.813 26.6198
vt 116.976 26.1709
vt 119.49 26.6475
vt 119.838 26.7135
vt 120.333 26.8073
vt 120.321 27.285
f 3775/13368/3485 3780/13369/3485 3781/13370/3486 3741/13371/3486 3744/13372/3624 3749/13373/3624 

vt 111.563 29.3435
vt 111.877 28.9836
vt 112.305 29.2493
vt 114.78 30.7854
vt 114.597 31.2269
f 3776/13374/3479 3736/13375/3479 3737/13376/3487 3780/13377/3485 3775/13378/3485 

vt 120.27 24.6012
vt 119.893 17.2517
vt 120.766 24.6889
f 3741/13379/3410 3719/13380/3412 3744/13381/3623

vt 120.773 17.4073
vn 0.99745 0.0713698 7.54664e-16
f 3718/13382/3635 3744/13381/3623 3719/13380/3412

vt 120.71 17.1899
f 3744/13071/3623 3718/13383/3635 3717/13069/3419

usemtl TYRES
f 3604/12712/3276 3560/12602/3387 3559/12601/3386 3605/12713/3277 

vt 67.4766 17.5039
v 72.6311 11.7305 -131.977
vt 67.4766 12.3901
vt 68.8631 12.5429
vt 68.8631 17.3512
f 3574/13384/3384 3782/13385/3382 3605/13386/3277 3559/13387/3386 

v 66.2924 11.7305 -131.977
f 3782/11800/3382 3574/11801/3384 3575/11802/3385 3783/11803/3383 

vt -70.4058 12.3901
vt -70.4058 17.5039
vt -71.7923 17.3512
v 65.2486 11.8777 -132.812
vt -71.7923 12.5429
f 3783/13388/3383 3575/13389/3385 3577/13390/3467 3784/13391/3466 

v 65.2486 7.52171 -134.398
vt -108.761 8.02456
vt -107.117 12.5429
vt -107.117 17.3512
vt -108.761 21.8695
vt -111.852 25.5528
vt -116.016 27.957
vt -120.751 28.7919
v 65.2486 26.7381 -150.522
vt -125.486 27.957
vt -129.651 25.5528
vt -132.741 21.8695
vt -134.386 17.3512
vt -134.386 12.5429
vt -132.741 8.02456
v 65.2486 3.97066 -154.537
vt -129.651 4.3412
v 65.2486 1.65287 -150.522
vt -125.486 1.93706
v 65.2486 0.847912 -145.957
vt -120.751 1.10211
vn -0.825486 -0.564423 1.12044e-16
v 65.2486 1.65287 -141.392
vt -116.016 1.93706
v 65.2486 3.97066 -137.378
vt -111.852 4.3412
f 3785/13392/3465 3784/13393/3466 3577/13394/3467 3576/13395/3468 3578/13396/3469 3579/13397/3470 3581/13398/3471 3786/13399/3472 3590/13400/3464 3589/13401/3463 3592/13402/3363 3597/13403/3362 3599/13404/3365 3787/13405/3369 3788/13406/3371 3789/13407/3636 3790/13408/3474 3791/13409/3475 

v 66.2924 7.09775 -133.664
vt -73.941 -13.7595
vt -72.8073 -8.77299
vt -74.1931 -8.61451
vt -75.2592 -13.3031
f 3792/13410/3381 3783/13411/3383 3784/13412/3466 3785/13413/3465 

v 72.6311 7.09775 -133.664
vt 1.41179 -29.8106
vt 1.41179 -24.6969
vt -5.16301 -24.6969
vt -5.16301 -29.8106
f 3793/13414/3380 3782/13415/3382 3783/13416/3383 3792/13417/3381 

vt 69.951 -9.42243
vt 71.0847 -14.4089
vt 72.4029 -13.9526
vt 71.3368 -9.26395
f 3782/13418/3382 3793/13419/3380 3606/13420/3278 3605/13421/3277 

vt 78.9811 -30.4193
v 72.6311 3.32112 -136.833
vt 81.3552 -34.9485
vt 82.5123 -34.1695
vt 80.28 -29.9108
f 3793/13422/3380 3794/13423/3378 3607/13424/3279 3606/13425/3278 

vt 1.41179 -68.7242
vt 1.41179 -63.6104
vt -5.16301 -63.6104
v 66.2924 3.32112 -136.833
vt -5.16301 -68.7242
f 3794/13426/3378 3793/13427/3380 3792/13428/3381 3795/13429/3379 

vt -83.9496 -33.5886
vt -81.5754 -29.0594
vt -82.8744 -28.5509
vt -85.1067 -32.8096
f 3795/13430/3379 3792/13431/3381 3785/13432/3465 3791/13433/3475 

v 66.2924 0.856094 -141.102
vt -100.863 -37.6949
vt -97.1072 -34.224
vt -98.1604 -33.3095
vt -101.692 -36.573
f 3796/13434/3377 3795/13435/3379 3791/13436/3475 3790/13437/3474 

vt -5.16301 -99.657
v 72.6311 0.856094 -141.102
vt 1.41179 -99.657
vt 1.41179 -94.5432
vt -5.16301 -94.5432
f 3796/13438/3377 3797/13439/3376 3794/13440/3378 3795/13441/3379 

v 66.2924 0 -145.957
vt -5.16301 -118.878
vn -0.335542 -0.942025 1.41629e-16
v 72.6311 0 -145.957
vt 1.41179 -118.878
vn 0.335542 -0.942025 2.53442e-16
vt 1.41179 -113.764
vt -5.16301 -113.764
f 3798/13442/3637 3799/13443/3638 3797/13444/3376 3796/13445/3377 

v 66.2924 0.856094 -150.812
vt 5.16301 124.069
v 72.6311 0.856094 -150.812
vt -1.41179 124.069
vt -1.41179 118.955
vt 5.16301 118.955
vn -0.335542 -0.942025 1.49083e-16
f 3800/13446/3370 3801/13447/3372 3799/13448/3638 3798/13449/3639 

v 66.2924 3.32112 -155.082
vt 5.16301 114.604
v 72.6311 3.32112 -155.082
vt -1.41179 114.604
vt -1.41179 109.49
vt 5.16301 109.49
f 3802/13450/3368 3803/13451/3367 3801/13452/3372 3800/13453/3370 

vt 5.16301 86.5106
vt 5.16301 91.6243
vt -1.41179 91.6243
vt -1.41179 86.5106
f 3802/13454/3368 3598/13455/3364 3600/13456/3366 3803/13457/3367 

vt -92.8542 54.7765
vt -90.48 50.2473
vt -89.3229 51.0263
vt -91.5552 55.2849
f 3598/13458/3364 3802/13459/3368 3787/13460/3369 3599/13461/3365 

vt -107.686 52.3335
vt -103.931 48.8627
vt -103.102 49.9846
vt -106.633 53.2481
f 3802/13462/3368 3800/13463/3370 3788/13464/3371 3787/13465/3369 

vt -121.83 25.1086
vt -116.908 23.7195
vn -0.335542 -0.942025 1.56538e-16
vt -116.678 25.0954
vt -121.306 26.4015
f 3800/13466/3370 3798/13467/3640 3789/13468/3636 3788/13469/3371 

vt -119.098 -15.6748
vt -114.177 -14.2857
vt -114.701 -12.9928
vt -119.328 -14.299
f 3798/13470/3637 3796/13471/3377 3790/13472/3474 3789/13473/3636 

vt 93.0744 48.8874
vt 95.4486 53.4166
vt 94.1496 53.925
vt 91.9173 49.6663
f 3803/13474/3367 3600/13475/3366 3601/13476/3284 3611/13477/3283 

vt 105.919 46.7115
vt 109.675 50.1824
vt 108.621 51.0969
vt 105.09 47.8334
f 3801/13478/3372 3803/13479/3367 3611/13480/3283 3610/13481/3282 

vt 117.704 20.9004
vt 122.625 22.2896
vt 122.102 23.5825
vt 117.474 22.2763
f 3799/13482/3638 3801/13483/3372 3610/13484/3282 3609/13485/3612 

vt 113.381 -17.1048
vt 118.303 -18.4939
vt 118.532 -17.1181
vt 113.905 -15.8119
f 3797/13486/3376 3799/13487/3638 3609/13488/3612 3608/13489/3280 

vt 95.119 -36.3752
vt 98.8745 -39.8461
vt 99.7034 -38.7242
vt 96.1722 -35.4606
f 3794/13490/3378 3797/13491/3376 3608/13492/3280 3607/13493/3279 

vt -116.908 -4.60999
vt -121.83 -5.99912
vt -121.306 -7.292
vt -116.678 -5.98584
f 3580/13494/3609 3584/13495/3458 3786/13496/3472 3581/13497/3471 

vt -103.931 -26.8407
vt -107.686 -30.3115
vt -106.633 -31.2261
vt -103.102 -27.9625
f 3584/13498/3458 3586/13499/3460 3590/13500/3464 3786/13501/3472 

usemtl RIMS
vt 122.781 15.394
f 3629/12942/3236 3715/13502/3236 3708/12940/3337

vt 122.83 15.1195
f 3715/13503/3236 3629/12776/3236 3633/12775/3235

g Mesh13 DodgeDurango1 Model

usemtl TYRES
v 4.12625 16.5133 -17.3885
vn -0.903864 0.0742901 0.42132
v 4.12625 20.8693 -18.9739
v 4.12625 24.4204 -21.9536
v 4.12625 26.7381 -25.9681
v 4.12625 27.5431 -30.5333
vn -0.825486 0.564423 -2.64831e-16
v 4.12625 26.7381 -35.0984
v 4.12625 24.4204 -39.113
v 4.12625 20.8693 -42.0927
v 4.12625 16.5133 -43.6781
vn -0.903864 0.0742901 -0.42132
v 4.12625 16.2297 -42.0697
vt -12.993 17.057
vn -0.995802 -0.0158943 0.0901408
v 4.12625 20.0527 -40.6782
vt -11.5497 21.0224
vn -0.992531 -0.0609976 0.105651
v 4.12625 23.1692 -38.0631
vt -8.83717 24.2551
vn -0.992531 -0.0934537 0.078417
v 4.12625 25.2034 -34.5398
vt -5.1826 26.3651
vn -0.992531 -0.114638 0.0417248
v 4.12625 25.9099 -30.5333
vt -1.02678 27.0978
vn -0.992531 -0.121995 -0
v 4.12625 25.2034 -26.5267
vt 3.12905 26.3651
vn -0.992531 -0.114638 -0.0417248
v 4.12625 23.1692 -23.0034
vt 6.78362 24.2551
vn -0.992531 -0.0934537 -0.078417
v 4.12625 20.0527 -20.3884
vt 9.49614 21.0224
vn -0.992531 -0.0609976 -0.105651
v 4.12625 16.2297 -18.9969
vt 10.9394 17.057
vn -0.995802 -0.0158943 -0.0901408
f 3804/11991/3641 3805/11992/3468 3806/11993/3469 3807/11994/3470 3808/11995/3642 3809/11996/3472 3810/11997/3464 3811/11998/3463 3812/11999/3643 3813/13504/3644 3814/13505/3645 3815/13506/3646 3816/13507/3647 3817/13508/3648 3818/13509/3649 3819/13510/3650 3820/13511/3651 3821/13512/3652 

v 5.17004 16.6605 -16.5534
vt -43.4717 2.25793
v 5.17004 21.2933 -18.2396
vt -44.6054 7.2444
vt -45.9236 6.78807
vt -44.8575 2.09945
f 3822/13513/3385 3823/13514/3449 3805/13515/3468 3804/13516/3641 

vt -68.5627 16.9536
vt -68.5627 11.8399
v 11.5087 16.6605 -16.5534
vt -61.9879 11.8399
v 11.5087 21.2933 -18.2396
vt -61.9879 16.9536
f 3823/13517/3449 3822/13518/3385 3824/13519/3384 3825/13520/3448 

vt -68.5627 17.5039
v 5.17004 11.7305 -16.5534
vt -68.5627 12.3901
v 11.5087 11.7305 -16.5534
vt -61.9879 12.3901
vt -61.9879 17.5039
f 3822/13521/3385 3826/13522/3383 3827/13523/3382 3824/13524/3384 

vt -45.1214 12.3901
vt -45.1214 17.5039
vt -46.5079 17.3512
v 4.12625 11.8777 -17.3885
vt -46.5079 12.5429
vn -0.903864 -0.0742901 0.42132
f 3826/13525/3383 3822/13526/3385 3804/13527/3641 3828/13528/3653 

v 4.12625 12.1613 -18.9969
vt 10.9394 12.837
vn -0.995802 0.0158943 -0.0901408
f 3821/13512/3652 3829/13529/3654 3828/11990/3653 3804/11991/3641 

v 4.46027 12.4741 -20.7706
vt 21.7668 13.1615
vn -0.983235 0.0316632 -0.179571
vt 23.639 12.837
vt 23.639 17.057
v 4.46027 15.9169 -20.7706
vt 21.7668 16.7326
vn -0.983235 -0.0316632 -0.179571
f 3830/13530/3655 3829/13531/3654 3821/13532/3652 3831/13533/3656 

v 4.12625 8.33833 -20.3884
vt 21.4864 4.61787
vn -0.992531 0.0609976 -0.105651
vt 22.9076 8.59128
vt 21.0356 8.91634
v 4.46027 9.23887 -21.9481
vt 19.8329 5.55385
vn -0.983235 0.0911705 -0.157912
f 3832/13534/3657 3829/13535/3654 3830/13536/3655 3833/13537/3658 

vt 9.49614 8.87161
v 4.12625 5.22179 -23.0034
vt 6.78362 5.63895
vn -0.992531 0.0934537 -0.078417
v 4.12625 3.18761 -26.5267
vt 3.12905 3.52898
vn -0.992531 0.114638 -0.0417248
v 4.12625 2.48115 -30.5333
vt -1.02678 2.7962
vn -0.992531 0.121995 3.01916e-17
v 4.12625 3.18761 -34.5398
vt -5.1826 3.52898
vn -0.992531 0.114638 0.0417248
v 4.12625 5.22179 -38.0631
vt -8.83717 5.63895
vn -0.992531 0.0934537 0.078417
v 4.12625 8.33833 -40.6782
vt -11.5497 8.87161
vn -0.992531 0.0609976 0.105651
v 4.12625 12.1613 -42.0697
vt -12.993 12.837
vn -0.995802 0.0158943 0.0901408
v 4.12625 11.8777 -43.6781
vn -0.903864 -0.0742901 -0.42132
v 4.12625 7.52171 -42.0927
v 4.12625 3.97066 -39.113
v 4.12625 1.65287 -35.0984
v 4.12625 0.847912 -30.5333
vn -0.825486 -0.564423 3.1576e-16
v 4.12625 1.65287 -25.9681
v 4.12625 3.97066 -21.9536
v 4.12625 7.52171 -18.9739
f 3832/13538/3657 3834/13539/3659 3835/13540/3660 3836/13541/3661 3837/13542/3662 3838/13543/3663 3839/13544/3664 3840/13545/3665 3841/12000/3666 3842/12001/3365 3843/12002/3369 3844/12003/3371 3845/12004/3667 3846/12005/3474 3847/12006/3475 3848/11989/3465 3828/11990/3653 3829/13529/3654 

vt 16.6579 -2.48554
vt 19.3426 0.770231
vt 17.6918 1.71101
v 4.46027 6.6015 -24.1612
vt 15.4198 -1.04419
vn -0.983235 0.139681 -0.117207
f 3834/13546/3659 3832/13547/3657 3833/13548/3658 3849/13549/3668 

usemtl RIMS
vt 25.4118 -8.41005
vn -0.931984 0.277691 -0.23301
vt 27.6089 -5.5948
vn -0.931984 0.18125 -0.313934
v 4.62727 9.45356 -22.32
vt 27.1895 -5.36564
v 4.62727 9.08151 -22.6322
vt 26.8796 -5.76278
vn -0.930086 0.236123 -0.281401
v 4.62727 6.93042 -24.4372
vt 25.0876 -8.05895
f 3849/13550/3669 3833/13551/3670 3850/13552/3670 3851/13553/3671 3852/13554/3669 

vt 31.4982 1.90983
vt 32.6433 5.29239
vn -0.931984 0.0629474 -0.356993
v 4.62727 12.5486 -21.1935
vt 32.1719 5.37034
v 4.62727 9.90994 -22.1539
vt 31.2379 2.61146
vn -0.930086 0.125638 -0.345189
vt 31.0764 2.13429
f 3833/13555/3670 3830/13556/3672 3853/13557/3672 3854/13558/3673 3850/13559/3670 

vt 33.4483 13.2388
vt 33.9199 13.1615
vt 33.9199 16.7326
vn -0.931984 -0.0629474 -0.356993
v 4.62727 15.8424 -21.1935
vt 33.4483 16.6552
v 4.62727 15.3567 -21.1935
vt 33.4483 16.1515
vn -0.930086 -2.55395e-15 -0.367342
f 3853/13560/3672 3830/13561/3672 3831/13562/3674 3855/13563/3674 3856/13564/3675 

vt 32.1719 24.2868
vt 32.6433 24.3648
v 4.46027 19.1521 -21.9481
vt 31.4982 27.7473
vn -0.931984 -0.18125 -0.313934
v 4.62727 18.9375 -22.32
vt 31.0764 27.5229
v 4.62727 16.2988 -21.3596
vt 32.0103 24.764
vn -0.930086 -0.125638 -0.345189
f 3855/13565/3674 3831/13566/3674 3857/13567/3676 3858/13568/3676 3859/13569/3677 

usemtl TYRES
vt 21.0356 20.9178
vt 22.9076 21.2428
vt 21.4864 25.2162
vt 19.8329 24.2802
vn -0.983235 -0.0911705 -0.157912
f 3831/13570/3656 3821/13571/3652 3820/13572/3651 3857/13573/3678 

vt 17.6918 27.9708
vt 19.3426 28.9115
vt 16.6579 32.1673
v 4.46027 21.7895 -24.1612
vt 15.4198 30.726
vn -0.983235 -0.139681 -0.117207
f 3857/13574/3678 3820/13575/3651 3819/13576/3650 3860/13577/3679 

vt 12.0543 33.5024
vt 13.2824 34.9522
vt 9.64389 37.0898
v 4.46027 23.5109 -27.1428
vt 8.97527 35.3113
vn -0.983235 -0.171345 -0.0623643
f 3860/13578/3679 3819/13579/3650 3818/13580/3649 3861/13581/3680 

vt 4.75361 36.8053
vt 5.40356 38.5907
vt 1.24995 39.336
v 4.46027 24.1088 -30.5333
vt 1.23863 37.436
vn -0.983235 -0.182341 -0
f 3861/13582/3680 3818/13583/3649 3817/13584/3648 3862/13585/3681 

v 4.46027 23.5109 -33.9238
vt -6.80607 36.7931
vn -0.983235 -0.171345 0.0623643
vt -3.29108 37.4238
vt -3.3024 39.3238
vt -7.45601 38.5785
f 3863/13586/3682 3862/13587/3681 3817/13588/3648 3816/13589/3647 

usemtl RIMS
v 4.62727 23.1075 -33.777
vt -9.11078 47.3923
vn -0.931984 -0.340638 0.123982
v 4.62727 23.5951 -31.0116
vt -6.24907 47.9348
vn -0.930086 -0.361762 0.0637883
v 4.62727 23.6794 -30.5333
vt -5.75412 48.0287
vn -0.931984 -0.3625 -6.95305e-18
vt -5.76598 48.5064
vt -9.2746 47.8412
f 3864/13590/3683 3865/13591/3684 3866/13592/3685 3862/13593/3685 3863/13594/3683 

vt -8.40152 44.4984
vn -0.949579 -0.294621 0.107233
v 4.75253 22.751 -33.6472
vt -8.25962 44.1091
v 4.75253 23.3001 -30.5333
vt -5.03512 44.7088
vn -0.949579 -0.313529 3.78747e-16
vt -5.04267 45.1231
vt -5.53794 45.031
vn -0.948131 -0.313051 0.0551993
f 3864/13595/3686 3867/13596/3686 3868/13597/3687 3866/13598/3687 3865/13599/3688 

v 4.62727 21.4606 -36.6294
vt -18.6773 40.0474
vn -0.949579 -0.240177 0.201532
v 4.75253 21.17 -36.3856
vt -18.4064 39.7339
vt -15.6051 41.4397
vt -15.7593 41.8243
v 4.62727 21.7034 -36.2088
vt -18.247 40.3094
vn -0.948131 -0.275292 0.15894
f 3869/13600/3689 3870/13601/3689 3867/13602/3686 3864/13603/3686 3871/13604/3690 

v 4.62727 21.0886 -36.9416
vt -24.6282 34.921
vn -0.948131 -0.204329 0.24351
v 4.62727 18.9375 -38.7466
vt -26.4416 32.6417
vn -0.949579 -0.156764 0.271524
v 4.75253 18.7478 -38.4181
vt -26.0792 32.4407
vt -24.0373 35.0073
vt -24.3146 35.3153
f 3872/13605/3691 3873/13606/3692 3874/13607/3692 3870/13608/3689 3869/13609/3689 

vt -29.1551 34.2739
vn -0.931984 -0.18125 0.313934
vt -27.3631 36.5701
vn -0.930086 -0.236123 0.281401
vt -27.0532 36.9672
vn -0.931984 -0.277691 0.23301
v 4.46027 21.7895 -36.9054
vt -27.3773 37.3183
v 4.46027 19.1521 -39.1184
vt -29.5744 34.5031
f 3873/13610/3693 3872/13611/3694 3869/13612/3695 3875/13613/3695 3876/13614/3693 

vt -3.82056 18.8382
vn -0.954416 -0.121 -0.272853
v 4.12625 15.4364 -32.6826
vt 0.619213 12.969
vn -0.97764 -0.0642257 -0.20024
vt -3.49725 19.2245
vn -0.99745 0.0546724 -0.0458756
f 3872/13615/3696 3877/13616/3697 3869/13617/3698

vt 27.0775 39.107
v 4.62727 16.9566 -34.4822
vt 29.3034 34.6436
vn -0.837813 -0.279243 -0.46914
vt 31.186 33.0014
f 3872/13618/3696 3878/13619/3699 3877/13620/3697

v 4.62727 16.6324 -34.7542
vt 5.78086 8.07867
vn -0.968729 0.124061 -0.21488
vt 7.98527 6.82681
vn -0.978762 0.102499 -0.177534
vt 6.05933 8.41796
vn -0.967803 0.161796 -0.19282
f 3879/13621/3700 3877/13622/3701 3878/13623/3702

vt 10.4559 11.2885
vt 8.24689 12.5323
v 4.62727 16.2348 -34.8989
vt 8.09968 12.1187
vn -0.967803 0.0860896 -0.236529
f 3877/13624/3701 3879/13625/3700 3880/13626/3703

v 5.33705 15.4474 -37.633
vt 10.989 9.30237
vn -0.956788 0.0504947 -0.28637
v 4.62727 15.0418 -35.3331
vt 13.4852 8.87957
vt 13.9178 10.1233
vt 14.062 10.5379
v 5.33705 17.8001 -36.7767
vt 11.8421 11.7553
vn -0.956788 0.145394 -0.251829
f 3881/13627/3704 3882/13628/3704 3880/13629/3703 3879/13630/3700 3883/13631/3705 

vt 12.1492 16.2455
v 5.33705 12.9436 -37.633
vt 12.1492 13.6485
vn -0.956788 -0.0504947 -0.28637
v 4.62727 13.3492 -35.3331
vt 14.6458 14.0691
vn -0.968729 -0.043086 -0.244353
v 4.62727 13.7723 -35.3331
vt 14.6458 14.5081
vn -0.967803 -8.13135e-15 -0.251709
vt 14.6458 15.8249
f 3881/13632/3704 3884/13633/3706 3885/13634/3707 3886/13635/3708 3882/13636/3704 

vt -8.39105 16.2455
vn -1 0 -0
v 5.33705 18.4746 -37.945
vt -8.71461 19.3856
vt -8.39105 13.6485
f 3881/13637/3709 3887/13638/3709 3884/13639/3709

vt -7.50281 18.686
f 3883/13640/3709 3887/13638/3709 3881/13637/3709

v 5.33705 20.7515 -36.0344
vt -6.73289 21.7473
f 3883/13640/3709 3888/13641/3709 3887/13638/3709

v 5.33705 19.7181 -35.1673
vt -5.83346 20.6754
f 3889/13642/3709 3888/13641/3709 3883/13640/3709

v 5.33705 22.2377 -33.4604
vt -4.06294 23.2888
f 3889/13642/3709 3890/13643/3709 3888/13641/3709

v 5.33705 20.97 -32.999
vt -3.58436 21.9739
f 3891/13644/3709 3890/13643/3709 3889/13642/3709

v 5.33705 21.4048 -30.5333
vt -1.02678 22.4249
f 3892/13645/3709 3890/13643/3709 3891/13644/3709

v 5.33705 22.7538 -30.5333
vt -1.02678 23.8242
f 3892/13645/3709 3893/13646/3709 3890/13643/3709

v 5.33705 20.97 -28.0676
vt 1.53081 21.9739
f 3894/13647/3709 3893/13646/3709 3892/13645/3709

v 5.33705 22.2377 -27.6062
vt 2.00939 23.2888
f 3894/13647/3709 3895/13648/3709 3893/13646/3709

v 5.33705 19.7181 -25.8993
vt 3.77991 20.6754
f 3896/13649/3709 3895/13648/3709 3894/13647/3709

v 5.33705 20.7515 -25.0321
vt 4.67934 21.7473
f 3896/13649/3709 3897/13650/3709 3895/13648/3709

v 5.33705 17.8001 -24.2899
vt 5.44926 18.686
f 3898/13651/3709 3897/13650/3709 3896/13649/3709

v 5.33705 15.4474 -23.4335
vt 6.3375 16.2455
f 3899/13652/3709 3897/13650/3709 3898/13651/3709

v 5.33705 18.4746 -23.1216
vt 6.66105 19.3856
f 3897/13650/3709 3899/13652/3709 3900/13653/3709

v 5.33705 12.9436 -23.4335
vt 6.3375 13.6485
f 3901/13654/3709 3900/13653/3709 3899/13652/3709

v 5.33705 9.91637 -23.1216
vt 6.66105 10.5084
f 3902/13655/3709 3900/13653/3709 3901/13654/3709

v 5.33705 12.7094 -22.105
vt 7.7155 13.4055
f 3903/13656/3709 3900/13653/3709 3902/13655/3709

v 5.33705 15.6816 -22.105
vt 7.7155 16.4885
f 3900/13653/3709 3903/13656/3709 3904/13657/3709

vt 55.5457 13.4055
vn -0.682799 0.126868 -0.719507
v 4.75253 12.6145 -21.5671
vt 56.3697 13.3071
v 4.75253 15.7765 -21.5671
vt 56.3697 16.5869
vn -0.682799 -0.126868 -0.719507
vt 55.5457 16.4885
f 3903/13658/3710 3905/13659/3710 3906/13660/3711 3904/13661/3711 

v 4.75253 9.64323 -22.6485
vt 54.2959 -0.967627
vn -0.682799 0.365303 -0.632724
vt 55.0808 2.21685
vt 54.2572 2.31852
vt 53.5194 -0.674893
f 3907/13662/3712 3905/13663/3710 3903/13664/3710 3902/13665/3712 

vt 28.6237 6.3439
vn -0.949579 0.0544437 -0.308765
vt 27.5538 3.24353
vn -0.949579 0.156764 -0.271524
vt 27.9179 3.04561
vt 28.0822 3.52182
vn -0.948131 0.108721 -0.298709
vt 29.0324 6.27516
f 3905/13666/3713 3907/13667/3714 3850/13668/3714 3854/13669/3715 3853/13670/3713 

vt 24.0902 -3.28178
v 4.75253 7.22102 -24.681
vt 22.0483 -5.84839
vn -0.949579 0.240177 -0.201532
vt 22.3256 -6.15632
vt 24.139 -3.87699
vn -0.948131 0.204329 -0.24351
vt 24.4526 -3.48276
f 3907/13671/3714 3908/13672/3716 3852/13673/3716 3851/13674/3717 3850/13675/3714 

vt 48.015 -16.7597
vn -0.682799 0.559677 -0.469625
vt 49.6353 -13.9082
vt 48.8703 -13.5866
v 5.33705 7.63949 -25.0321
vt 47.3471 -16.2671
f 3908/13676/3718 3907/13677/3712 3902/13678/3712 3909/13679/3718 

vt 4.67934 8.14673
f 3902/13655/3709 3901/13654/3709 3909/13680/3709

v 5.33705 10.5909 -24.2899
vt 5.44926 11.2081
f 3909/13680/3709 3901/13654/3709 3910/13681/3709

v 4.62727 11.7586 -26.3124
vt -16.0343 19.146
vn -0.956788 -0.145394 0.251829
vt -13.8144 17.9286
vt -12.9613 20.3815
vn -0.956788 -0.0504947 0.28637
v 4.62727 13.3492 -25.7335
vt -15.4575 20.8043
vn -0.968729 -0.043086 0.244353
v 4.62727 12.9515 -25.8782
vt -15.6017 20.3898
vn -0.967803 -0.0860896 0.236529
f 3911/13682/3719 3910/13683/3719 3901/13684/3720 3912/13685/3721 3913/13686/3722 

v 4.62727 10.4619 -27.4004
vt -13.7403 23.7217
vn -0.968729 -0.190073 0.15949
v 5.33705 8.67288 -25.8993
vt -12.0556 21.8318
vn -0.956788 -0.222756 0.186914
vt -10.431 23.8579
vt -12.642 25.0915
v 4.62727 10.7861 -27.1284
vt -13.4657 24.0641
vn -0.967803 -0.161796 0.19282
f 3914/13687/3723 3915/13688/3724 3910/13689/3719 3911/13690/3719 3916/13691/3725 

v 4.62727 9.61556 -28.8663
vt -9.84756 27.3324
vn -0.956788 -0.273251 0.0994551
v 5.33705 7.42101 -28.0676
vt -8.91646 24.978
vt -6.69367 26.3211
vt -8.34482 28.2404
v 4.62727 10.2503 -27.7669
vt -8.72051 28.0134
vn -0.967803 -0.217987 0.125855
f 3917/13692/3726 3918/13693/3726 3915/13694/3724 3914/13695/3723 3919/13696/3727 

v 4.62727 9.32163 -30.5333
vt -4.7244 29.495
vn -0.968729 -0.248122 -5.89749e-15
v 5.33705 6.98623 -30.5333
vt -4.685 26.9635
vn -0.956788 -0.290787 4.13407e-16
vt -2.13108 27.4348
vt -2.9978 29.8137
v 4.62727 9.39512 -30.1166
vt -4.29275 29.5747
vn -0.967803 -0.247885 0.0437088
f 3920/13697/3728 3921/13698/3729 3918/13699/3726 3917/13700/3726 3922/13701/3730 

v 4.62727 9.61556 -32.2003
vt 0.947196 29.8456
vn -0.956788 -0.273251 -0.0994551
v 5.33705 7.42101 -32.999
vt 0.0804727 27.4667
vt 2.63439 26.9954
vt 2.67379 29.527
v 4.62727 9.39512 -30.95
vt 2.24214 29.6066
vn -0.967803 -0.247885 -0.0437088
f 3923/13702/3731 3924/13703/3731 3921/13704/3729 3920/13705/3728 3925/13706/3732 

v 4.62727 10.4619 -33.6662
vt 6.31529 28.3204
vn -0.968729 -0.190073 -0.15949
v 5.33705 8.67288 -35.1673
vt 4.66414 26.4011
vn -0.956788 -0.222756 -0.186914
vt 6.88693 25.058
vt 7.81803 27.4124
v 4.62727 10.2503 -33.2997
vt 6.69098 28.0934
vn -0.967803 -0.217987 -0.125855
f 3926/13707/3733 3927/13708/3734 3924/13709/3731 3923/13710/3731 3928/13711/3735 

v 5.33705 10.5909 -36.7767
vt 8.43258 23.9475
vn -0.956788 -0.145394 -0.251829
vt 10.0571 21.9213
vt 11.7419 23.8112
v 4.62727 10.7861 -33.9382
vt 11.4673 24.1537
vn -0.967803 -0.161796 -0.19282
v 4.62727 11.7586 -34.7542
vt 10.6436 25.1811
f 3929/13712/3736 3927/13713/3734 3926/13714/3733 3930/13715/3737 3931/13716/3736 

v 5.33705 7.63949 -36.0344
vt -6.73289 8.14673
vt -5.83346 9.21863
vt -7.50281 11.2081
f 3932/13717/3709 3927/13718/3709 3929/13719/3709

v 5.33705 6.15336 -33.4604
vt -4.06294 6.60523
f 3933/13720/3709 3927/13718/3709 3932/13717/3709

vt -3.58436 7.92011
f 3933/13720/3709 3924/13721/3709 3927/13718/3709

vt -1.02678 7.46914
f 3933/13720/3709 3921/13722/3709 3924/13721/3709

v 5.33705 5.63723 -30.5333
vt -1.02678 6.06987
f 3934/13723/3709 3921/13722/3709 3933/13720/3709

vt 1.53081 7.92011
f 3934/13723/3709 3918/13724/3709 3921/13722/3709

v 5.33705 6.15336 -27.6062
vt 2.00939 6.60523
f 3935/13725/3709 3918/13724/3709 3934/13723/3709

vt 3.77991 9.21863
f 3935/13725/3709 3915/13726/3709 3918/13724/3709

f 3909/13680/3709 3915/13726/3709 3935/13725/3709

f 3909/13680/3709 3910/13681/3709 3915/13726/3709

v 4.75253 5.64003 -27.4194
vt 34.8722 -33.2822
vn -0.682799 0.686545 -0.249882
vt 37.3681 -31.1544
vt 36.7586 -30.5911
vt 34.4125 -32.5913
f 3936/13727/3738 3908/13728/3718 3909/13729/3718 3935/13730/3738 

vt 16.652 -11.4019
vt 16.3811 -11.0884
vt 13.5798 -12.7942
vn -0.949579 0.294621 -0.107233
v 4.62727 5.28355 -27.2896
vt 13.734 -13.1788
v 4.62727 5.52639 -26.869
vt 14.1643 -12.9168
vn -0.948131 0.275292 -0.15894
f 3852/13731/3716 3908/13732/3716 3936/13733/3739 3937/13734/3739 3938/13735/3740 

vt 6.35144 -16.1444
vt 6.20954 -15.755
v 4.75253 5.09096 -30.5333
vt 2.98504 -16.3547
vn -0.949579 0.313529 -3.55466e-15
v 4.62727 4.7116 -30.5333
vt 2.99259 -16.769
v 4.62727 5.19922 -27.7679
vt 5.85617 -16.2365
vn -0.948131 0.313051 -0.0551993
f 3937/13736/3739 3936/13737/3739 3939/13738/3741 3940/13739/3741 3941/13740/3742 

vt 11.783 -45.4742
vn -0.682799 0.730606 1.14738e-15
vt 14.9569 -44.6478
vt 14.6541 -43.8751
vt 11.6706 -44.652
f 3939/13741/3743 3936/13742/3738 3935/13743/3738 3934/13744/3743 

v 4.75253 5.64003 -33.6472
vt -16.9749 -44.3719
vn -0.682799 0.686545 0.249882
vt -13.8009 -45.1983
vt -13.6885 -44.3761
vt -16.672 -43.5993
f 3942/13745/3744 3939/13746/3743 3934/13747/3743 3933/13748/3744 

vt -5.04267 -16.7317
vt -5.03512 -16.3173
vt -8.25962 -15.7177
vn -0.949579 0.294621 0.107233
v 4.62727 5.28355 -33.777
vt -8.40152 -16.107
v 4.62727 5.19922 -33.2987
vt -7.90625 -16.1991
vn -0.948131 0.313051 0.0551993
f 3940/13749/3741 3939/13750/3741 3942/13751/3745 3943/13752/3745 3944/13753/3746 

vt -15.7593 -13.0854
vt -15.6051 -12.7007
v 4.75253 7.22102 -36.3856
vt -18.4064 -10.9949
vn -0.949579 0.240177 0.201532
v 4.62727 6.93042 -36.6294
vt -18.6773 -11.3085
v 4.62727 5.52639 -34.1976
vt -16.1896 -12.8234
vn -0.948131 0.275292 0.15894
f 3943/13754/3745 3942/13755/3745 3945/13756/3747 3946/13757/3747 3947/13758/3748 

vt -36.6767 -32.6575
vt -36.217 -31.9667
vt -38.5631 -29.9665
vn -0.682799 0.559677 0.469625
vt -39.1725 -30.5297
f 3942/13759/3744 3933/13760/3744 3932/13761/3749 3945/13762/3749 

vt -49.5933 -16.1384
vt -48.9255 -15.6458
v 5.33705 9.91637 -37.945
vt -50.4487 -12.9653
vn -0.682799 0.365303 0.632724
v 4.75253 9.64323 -38.4181
vt -51.2137 -13.2869
f 3945/13763/3749 3932/13764/3749 3948/13765/3750 3949/13766/3750 

vt -8.71461 10.5084
f 3932/13717/3709 3929/13719/3709 3948/13767/3709

f 3948/13767/3709 3929/13719/3709 3884/13639/3709

vt 10.989 20.4392
vt 11.8421 17.9863
vt 14.062 19.2037
v 4.62727 12.9515 -35.1884
vt 13.6294 20.4474
vn -0.967803 -0.0860896 -0.236529
vt 13.4852 20.862
f 3884/13768/3706 3929/13769/3736 3931/13770/3736 3950/13771/3751 3885/13772/3707 

v 4.12625 13.7646 -32.9774
vt 10.156 19.372
vn -0.978762 -0.0355977 -0.201884
vt 7.65804 18.9401
vt 7.80525 18.5266
f 3951/13773/3752 3885/13774/3707 3950/13775/3751

vt 8.50584 14.0691
vt 11.004 14.5
vt 8.50584 14.5081
f 3885/13776/3707 3951/13777/3752 3886/13778/3708

v 4.62727 15.3567 -39.8731
vt 4.03554 49.838
vn -0.954416 -0.268078 -0.13124
vt 8.63975 47.9202
vn -0.837813 -0.51547 -0.179888
vt 11.1379 47.9108
vn -0.97764 -0.177911 -0.112109
f 3952/13779/3753 3886/13780/3754 3951/13781/3755

vt -5.67722 16.1515
vt 1.49431 14.5
v 4.62727 15.8424 -39.8731
vt -5.67722 16.6552
vn -0.99745 0.0123932 -0.0702855
f 3952/13782/3753 3951/13783/3755 3953/13784/3756

v 4.12625 14.6265 -32.9774
vt 1.49431 15.394
f 3954/13785/3756 3953/13784/3756 3951/13783/3755

vt -5.98115 14.9228
vt 1.19031 13.6612
vt 1.49538 14.5015
vn -0.97764 0.205526 -0.0444988
f 3953/13786/3756 3954/13787/3756 3877/13788/3757

v 4.12625 11.7137 -30.5333
vt -1.02678 12.3728
v 4.12625 11.8634 -29.6845
vt -0.146332 12.528
v 4.12625 12.2944 -28.938
vt 0.627917 12.975
v 4.12625 12.9546 -28.384
vt 1.20259 13.6599
v 4.12625 13.7646 -28.0892
vt 1.50836 14.5
v 4.12625 14.6265 -28.0892
vt 1.50836 15.394
v 4.12625 15.4364 -28.384
vt 1.20259 16.2341
v 4.12625 16.0967 -28.938
vt 0.627917 16.919
v 4.12625 16.5276 -29.6845
vt -0.146332 17.366
v 4.12625 16.6773 -30.5333
vt -1.02678 17.5213
v 4.12625 16.5276 -31.3821
vt -1.90722 17.366
v 4.12625 16.0967 -32.1285
vt -2.68147 16.919
vt -3.25614 16.2341
vt -3.56191 15.394
vt -3.56191 14.5
v 4.12625 12.9546 -32.6826
vt -3.25614 13.6599
v 4.12625 12.2944 -32.1285
vt -2.68147 12.975
v 4.12625 11.8634 -31.3821
vt -1.90722 12.528
f 3955/13789/3709 3956/13790/3709 3957/13791/3709 3958/13792/3709 3959/13793/3709 3960/13794/3709 3961/13795/3709 3962/13796/3709 3963/13797/3709 3964/13798/3709 3965/13799/3709 3966/13800/3709 3877/13801/3709 3954/13802/3709 3951/13803/3709 3967/13804/3709 3968/13805/3709 3969/13806/3709 

vt 1.46552 10.6233
vn -0.99745 -0.0670657 0.0244099
vt -1.02494 17.4657
vt -1.90531 17.3101
vn -0.97764 -0.1413 -0.155741
f 3937/13807/3758 3956/13808/3758 3955/13809/3759

vt -2.67465 16.8708
vt -0.173321 10.0323
vt -1.90091 17.3187
vn -0.97764 -0.00813362 0.21013
f 3956/13810/3758 3937/13811/3758 3957/13812/3760

vt 0.262666 10.2847
vn -0.954416 0.0203817 0.297783
f 3938/13813/3761 3957/13812/3760 3937/13811/3758

vt -34.9338 -0.163746
vt -35.7181 4.76185
vn -0.837813 0.101947 0.536354
vt -37.0214 6.89315
f 3938/13814/3761 3919/13815/3762 3957/13816/3760

vt -5.09919 23.319
vt -6.74011 25.2513
vn -0.978762 -0.157038 0.131771
vt -5.47719 23.0959
f 3914/13817/3723 3957/13818/3763 3919/13819/3727

vt -10.5793 22.0635
vt -8.92157 20.1456
vt -8.6431 20.4849
f 3957/13820/3763 3914/13821/3723 3916/13822/3725

vt 17.9991 43.9073
vn -0.837813 -0.510503 -0.193535
vt 22.5432 41.8511
vn -0.954416 -0.28972 -0.0717815
vt 16.2871 45.7267
vn -0.97764 -0.20835 -0.0284787
f 3916/13823/3764 3851/13824/3765 3957/13825/3766

vt -3.24337 16.2016
vt 3.31621 12.8654
vt 3.63952 13.2518
vn -0.99745 -0.0356849 0.0618081
f 3957/13826/3766 3851/13827/3765 3850/13828/3767

vt -2.66959 16.8872
f 3850/13828/3767 3958/13829/3767 3957/13826/3766

vt -3.54416 15.3798
vt 2.76659 11.7472
vt -3.23909 16.2202
vn -0.97764 0.128839 0.166197
f 3958/13830/3767 3850/13831/3767 3959/13832/3768

vt 2.93848 12.2208
vn -0.954416 0.207024 0.215014
f 3854/13833/3769 3959/13832/3768 3850/13831/3767

vt -19.2566 -18.7431
vt -22.8281 -15.2616
vn -0.837813 0.422858 0.345341
vt -25.1465 -14.331
f 3854/13834/3769 3913/13835/3770 3959/13836/3768

vt -9.67177 18.9114
vt -12.1698 19.3434
vn -0.978762 -0.0355977 0.201884
vt -9.81898 18.4979
f 3912/13837/3721 3959/13838/3771 3913/13839/3722

vt -13.0126 14.5
vt -10.5145 14.0691
v 4.62727 13.7723 -25.7335
vt -10.5145 14.5081
vn -0.967803 -1.78988e-14 0.251709
f 3959/13840/3771 3912/13841/3721 3970/13842/3772

vt -16.608 14.5081
vt -16.608 14.0691
vt -14.1114 13.6485
vt -14.1114 16.2455
vn -0.956788 0.0504947 0.28637
v 4.62727 15.0418 -25.7335
vt -16.608 15.8249
f 3970/13843/3772 3912/13844/3721 3901/13845/3720 3899/13846/3773 3971/13847/3773 

v 4.62727 16.2348 -26.1677
vt -15.8901 10.181
vn -0.967803 0.0860896 0.236529
vt -15.4575 8.93726
vt -12.9613 9.36006
vt -13.8144 11.813
vn -0.956788 0.145394 0.251829
v 4.62727 16.6324 -26.3124
vt -16.0343 10.5956
vn -0.968729 0.124061 0.21488
f 3972/13848/3774 3971/13849/3773 3899/13850/3773 3898/13851/3775 3973/13852/3776 

v 4.62727 16.9566 -26.5844
vt -12.9166 4.60304
vn -0.967803 0.161796 0.19282
vt -12.642 4.26058
vt -10.431 5.49415
vt -12.0556 7.52033
vn -0.956788 0.222756 0.186914
v 4.62727 17.9291 -27.4004
vt -13.7403 5.63039
f 3974/13853/3777 3973/13854/3776 3898/13855/3775 3896/13856/3778 3975/13857/3778 

vt -10.0121 6.87097
vn -0.978762 0.102499 0.177534
vt -7.80769 8.12282
vt -8.08616 8.46211
f 3961/13858/3779 3973/13859/3776 3974/13860/3777

vt -10.2606 12.5609
vt -12.4696 11.3171
vt -10.1134 12.1474
f 3973/13861/3776 3961/13862/3779 3972/13863/3774

vt 9.08752 -23.3436
vn -0.954416 0.296798 0.0316373
vt 4.10049 -23.4228
vn -0.837813 0.545909 -0.00726153
vt 1.80615 -24.4112
vn -0.97764 0.205526 0.0444988
f 3859/13864/3780 3972/13865/3781 3961/13866/3782

vt 3.76047 15.3998
vt -3.54416 14.505
vt 3.93236 14.9262
vn -0.99745 0.0123932 0.0702855
f 3859/13867/3780 3961/13868/3782 3855/13869/3783

vt -3.23909 13.6646
f 3960/13870/3783 3855/13869/3783 3961/13868/3782

vt 3.62906 16.6552
vt -3.54246 15.394
vt -3.54246 14.5
vn -0.97764 -0.177911 0.112109
f 3855/13871/3783 3960/13872/3783 3959/13873/3784

vt 3.62906 16.1515
vn -0.954416 -0.268078 0.13124
f 3959/13873/3784 3856/13874/3785 3855/13871/3783

vt -10.6475 47.698
vn -0.837813 -0.51547 0.179888
vt -6.04333 49.6158
vt -13.1457 47.6885
f 3970/13875/3786 3856/13876/3785 3959/13877/3784

vt 29.7768 16.5869
vn -0.949579 -0.0544437 -0.308765
vt 29.7768 13.3071
vt 30.1855 13.2388
vt 30.1855 16.1515
vn -0.948131 -2.52429e-15 -0.31788
vt 30.1855 16.6552
f 3906/13878/3787 3905/13879/3713 3853/13880/3713 3856/13881/3788 3855/13882/3787 

v 4.75253 18.7478 -22.6485
vt 27.5538 26.4733
vn -0.949579 -0.156764 -0.271524
vt 28.6237 23.3729
vt 29.0324 23.4417
vt 28.868 23.9179
vn -0.948131 -0.108721 -0.298709
vt 27.9179 26.6712
f 3976/13883/3789 3906/13884/3787 3855/13885/3787 3859/13886/3790 3858/13887/3789 

vt 54.2572 26.6134
vt 55.0808 26.7151
vt 54.2959 29.8996
vn -0.682799 -0.365303 -0.632724
vt 53.5194 29.6068
f 3904/13888/3711 3906/13889/3711 3976/13890/3791 3900/13891/3791 

vt 48.8703 39.9258
vt 49.6353 40.2473
v 4.75253 21.17 -24.681
vt 48.015 43.0989
vn -0.682799 -0.559677 -0.469625
vt 47.3471 42.6062
f 3900/13892/3791 3976/13893/3791 3977/13894/3792 3897/13895/3792 

vt 22.0483 35.1117
vn -0.949579 -0.240177 -0.201532
vt 24.0902 32.5451
vt 24.4526 32.7461
v 4.62727 21.0886 -24.125
vt 22.6392 35.0254
vn -0.948131 -0.204329 -0.24351
v 4.62727 21.4606 -24.4372
vt 22.3256 35.4197
f 3977/13896/3793 3976/13897/3789 3858/13898/3789 3978/13899/3794 3979/13900/3793 

vt 27.1895 34.4144
vt 27.6089 34.6435
vt 25.4118 37.4588
vn -0.931984 -0.277691 -0.23301
vt 25.0876 37.1077
vt 25.3975 36.7105
vn -0.930086 -0.236123 -0.281401
f 3858/13901/3676 3857/13902/3676 3860/13903/3795 3979/13904/3795 3978/13905/3796 

vt 18.5883 42.5625
vt 18.9027 42.9224
vt 15.8686 44.8058
vn -0.931984 -0.340638 -0.123982
v 4.62727 23.1075 -27.2896
vt 15.6856 44.3643
v 4.62727 21.7034 -24.8578
vt 18.1603 42.8282
vn -0.930086 -0.318128 -0.183671
f 3979/13906/3795 3860/13907/3795 3861/13908/3797 3980/13909/3797 3981/13910/3798 

vt 7.06204 47.4431
vt 7.22586 47.892
vt 3.71724 48.5572
vt 3.70539 48.0795
v 4.62727 23.5951 -30.055
vt 4.20034 47.9856
vn -0.930086 -0.361762 -0.0637883
v 4.62727 23.5358 -29.719
vt 4.548 47.9197
f 3980/13911/3797 3861/13912/3797 3862/13913/3685 3866/13914/3685 3982/13915/3799 3983/13916/3799 

vt -1.52289 24.6968
vn -1 -2.9116e-15 1.16778e-18
v 4.62727 18.8489 -31.7835
vt -2.32358 19.7738
vn -0.985622 0.166396 -0.0293402
v 4.62727 19.0694 -30.5333
vt -1.02678 20.0025
vn -0.980671 0.195662 -7.20708e-17
v 4.62727 18.9224 -29.6998
vt -0.162239 19.85
vn -0.988821 0.146845 0.0258927
v 4.62727 18.8489 -29.2831
vt 0.270029 19.7738
vn -0.985622 0.166396 0.0293402
vt -0.530662 24.6968
vt -1.02678 24.7843
f 3865/13917/3800 3984/13918/3801 3985/13919/3802 3986/13920/3803 3987/13921/3804 3982/13922/3800 3866/13923/3800 

vt 36.1133 19.434
vn -0.954416 0.0826951 -0.286795
vt 35.4399 14.4921
vn -0.837813 0.0876449 -0.538876
vt 36.0712 12.0749
vn -0.97764 0.0795119 -0.194676
f 3865/13924/3805 3984/13925/3806 3965/13926/3807

v 4.62727 18.7755 -32.2003
vt -0.202816 5.10719
vn -0.968729 0.233159 -0.0848628
vt 0.664414 2.72508
vn -0.978762 0.192636 -0.0701137
vt 0.229157 5.18506
f 3988/13927/3808 3965/13928/3809 3984/13929/3801

vt 5.46798 4.5689
vt 4.56915 6.93927
v 4.62727 18.5639 -32.5667
vt 4.19115 6.71615
vn -0.967803 0.217987 -0.125855
f 3965/13930/3809 3988/13931/3808 3989/13932/3810

vt 7.81803 1.49038
vt 6.88693 3.84477
vn -0.956788 0.273251 -0.0994551
vt 4.66414 2.50172
vn -0.956788 0.222756 -0.186914
v 4.62727 17.9291 -33.6662
vt 6.31529 0.5824
vt 7.44235 1.26339
f 3988/13933/3808 3891/13934/3811 3889/13935/3812 3990/13936/3812 3989/13937/3810 

vt 0.0804727 1.13898
vt 0.947196 -1.23986
vt 1.37884 -1.16021
vt 2.67379 -0.921251
vn -0.980671 0.195662 -7.24642e-17
vt 2.63439 1.61026
vn -0.956788 0.290787 -1.07694e-16
f 3891/13938/3811 3988/13939/3808 3984/13940/3801 3985/13941/3813 3892/13942/3814 

v 4.62727 18.7755 -28.8663
vt -2.9978 -1.20795
vn -0.968729 0.233159 0.0848628
vt -2.13108 1.17089
vn -0.956788 0.273251 0.0994551
vt -4.685 1.64217
vt -4.7244 -0.889338
vt -3.8611 -1.04864
vt -3.42945 -1.1283
f 3991/13943/3815 3894/13944/3816 3892/13945/3814 3985/13946/3813 3986/13947/3803 3987/13948/3804 

vt -6.69367 2.58169
vt -8.91646 3.92475
vt -9.84756 1.57036
v 4.62727 18.5639 -28.4999
vt -9.47188 1.34336
vn -0.967803 0.217987 0.125855
vt -8.34482 0.662376
f 3896/13949/3778 3894/13950/3816 3991/13951/3815 3992/13952/3817 3975/13953/3778 

vt -6.61119 6.97839
vt -7.51001 4.60802
vn -0.978762 0.192636 0.0701137
vt -6.23319 6.75527
f 3991/13954/3815 3963/13955/3818 3992/13956/3817

vt -2.71657 2.74061
vt -1.84934 5.12272
vt -2.28131 5.20059
f 3963/13957/3818 3991/13958/3815 3987/13959/3804

vt -37.167 14.5894
vn -0.837813 0.0876449 0.538876
vt -37.8404 19.5314
vn -0.954416 0.0826951 0.286795
vt -37.7983 12.1723
vn -0.97764 0.0795119 0.194676
f 3987/13960/3819 3982/13961/3820 3963/13962/3821

vt -1.02494 12.3521
vt -1.40268 19.7016
vt -1.89876 19.7893
vn -0.99745 0.0713698 2.92758e-16
f 3963/13963/3821 3982/13964/3820 3866/13965/3822

vt 2.99259 45.1605
vt 2.98504 44.7462
v 4.75253 22.751 -27.4194
vt 6.20954 44.1465
vn -0.949579 -0.294621 -0.107233
vt 6.35144 44.5358
vt 3.83576 45.0037
vn -0.948131 -0.313051 -0.0551993
vt 3.48786 45.0684
f 3866/13966/3687 3868/13967/3687 3993/13968/3823 3980/13969/3823 3983/13970/3824 3982/13971/3824 

vt 14.6541 64.4766
vn -0.682799 -0.686545 -0.249882
vt 14.9569 65.2493
vt 11.783 66.0757
vn -0.682799 -0.730606 5.59699e-16
vt 11.6706 65.2535
f 3895/13972/3825 3993/13973/3825 3868/13974/3826 3893/13975/3826 

vt 36.7586 53.63
vt 37.3681 54.1932
vt 34.8722 56.321
vt 34.4125 55.6302
f 3897/13976/3792 3977/13977/3792 3993/13978/3825 3895/13979/3825 

vt 13.734 41.9178
vt 13.5798 41.5331
vt 16.3811 39.8273
vt 16.652 40.1409
vt 16.2218 40.4029
vn -0.948131 -0.275292 -0.15894
f 3980/13980/3823 3993/13981/3823 3977/13982/3793 3979/13983/3793 3981/13984/3827 

vt 2.34747 18.3436
vn -0.954416 0.247697 -0.166542
vt -2.67465 12.9643
vn -0.97764 0.186045 -0.0980213
vt 2.78346 18.0912
vn -0.99745 0.0546724 0.0458756
f 3981/13985/3828 3963/13986/3829 3979/13987/3830

vt 31.5356 -4.8166
vt 28.0593 -8.39328
vn -0.837813 0.413523 -0.356466
vt 27.1321 -10.713
f 3981/13988/3828 3992/13989/3831 3963/13990/3829

vt -1.90091 12.5164
f 3962/13991/3830 3979/13987/3830 3963/13986/3829

vt 1.44687 19.2298
vt -3.24337 13.66
vt -2.66959 12.9744
vn -0.97764 -0.0642257 0.20024
f 3979/13992/3830 3962/13993/3830 3961/13994/3832

vt 1.77018 18.8435
vn -0.954416 -0.121 0.272853
f 3961/13994/3832 3978/13995/3833 3979/13992/3830

vt -31.0951 34.3634
vn -0.837813 -0.279243 0.46914
vt -28.8693 38.8268
vt -32.9778 32.7212
f 3974/13996/3834 3978/13997/3833 3961/13998/3832

vt -16.672 64.2007
vn -0.682799 -0.686545 0.249882
vt -13.6885 64.9776
vt -13.8009 65.7998
vt -16.9749 64.9734
f 3890/13999/3835 3893/14000/3826 3868/14001/3826 3867/14002/3835 

vt -38.5631 53.0053
vn -0.682799 -0.559677 0.469625
vt -36.217 55.0055
vt -36.6767 55.6964
vt -39.1725 53.5685
f 3888/14003/3836 3890/14004/3835 3867/14005/3835 3870/14006/3836 

vt -50.4487 39.3044
vn -0.682799 -0.365303 0.632724
vt -48.9255 41.9849
vt -49.5933 42.4775
vt -51.2137 39.626
f 3887/14007/3837 3888/14008/3836 3870/14009/3836 3874/14010/3837 

v 5.33705 15.6816 -38.9615
vt -55.6941 26.2442
vn -0.682799 -0.126868 0.719507
vt -54.9563 29.2376
vt -55.7328 29.5304
v 4.75253 15.7765 -39.4995
vt -56.5177 26.3459
f 3994/14011/3838 3887/14012/3837 3874/14013/3837 3995/14014/3838 

vt -9.76905 16.4885
f 3948/13767/3709 3887/13638/3709 3994/14015/3709

f 3948/13767/3709 3884/13639/3709 3887/13638/3709

v 5.33705 12.7094 -38.9615
vt -9.76905 13.4055
f 3948/13767/3709 3994/14015/3709 3996/14016/3709

v 4.75253 12.6145 -39.4995
vt -57.7604 13.3071
vn -0.682799 0.126868 0.719507
vt -56.9364 13.4055
vt -56.9364 16.4885
vt -57.7604 16.5869
f 3997/14017/3839 3996/14018/3839 3994/14019/3838 3995/14020/3838 

vt -55.7328 -0.598424
vt -54.9563 -0.30569
vt -55.6941 2.68772
vt -56.5177 2.58605
f 3949/14021/3750 3948/14022/3750 3996/14023/3839 3997/14024/3839 

v 4.62727 9.90994 -38.9127
vt -30.0409 3.58891
vn -0.948131 0.108721 0.298709
v 4.62727 9.45356 -38.7466
vt -29.8765 3.1127
vn -0.949579 0.156764 0.271524
vt -29.5125 3.31062
vt -30.5824 6.41099
vn -0.949579 0.0544437 0.308765
v 4.62727 12.5486 -39.8731
vt -30.991 6.34225
f 3998/14025/3840 3999/14026/3841 3949/14027/3841 3997/14028/3842 4000/14029/3842 

v 4.46027 9.23887 -39.1184
vt -33.4235 1.9996
vn -0.931984 0.18125 0.313934
vt -33.0016 2.22406
vt -33.1631 2.70123
vn -0.930086 0.125638 0.345189
vt -34.0971 5.46011
vn -0.931984 0.0629474 0.356993
v 4.46027 12.4741 -40.296
vt -34.5686 5.38216
f 4001/14030/3843 3999/14031/3843 3998/14032/3844 4000/14033/3845 4002/14034/3845 

v 4.46027 6.6015 -36.9054
vt -27.3773 -8.26963
vn -0.931984 0.277691 0.23301
vt -27.0532 -7.91853
v 4.62727 9.08151 -38.4344
vt -28.8452 -5.62236
vn -0.930086 0.236123 0.281401
vt -29.1551 -5.22522
vt -29.5744 -5.45438
f 4003/14035/3846 3946/14036/3846 4004/14037/3847 3999/14038/3843 4001/14039/3843 

v 4.46027 4.88008 -33.9238
vt -17.8833 -16.3382
vn -0.931984 0.340638 0.123982
vt -17.7003 -15.8968
vt -18.1283 -15.6311
vn -0.930086 0.318128 0.183671
vt -20.6029 -14.0949
vt -20.9173 -14.4548
f 4005/14040/3848 3943/14041/3848 3947/14042/3849 3946/14043/3846 4003/14044/3846 

vt -9.2746 -19.9719
v 4.46027 4.28223 -30.5333
vt -5.76598 -20.637
vn -0.931984 0.3625 1.33499e-15
vt -5.75412 -20.1593
vt -8.61583 -19.6168
vn -0.930086 0.361762 0.0637883
vt -9.11078 -19.523
f 4005/14045/3848 4006/14046/3850 3940/14047/3850 3944/14048/3851 3943/14049/3848 

usemtl TYRES
vt -7.45601 -9.18512
vt -3.3024 -9.93039
vt -3.29108 -8.03038
vn -0.983235 0.182341 4.51261e-17
vt -6.80607 -7.39969
vn -0.983235 0.171345 0.0623643
f 3837/14050/3662 3836/14051/3661 4006/14052/3852 4005/14053/3853 

vt 1.24995 -9.94262
vt 5.40356 -9.19736
v 4.46027 4.88008 -27.1428
vt 4.75361 -7.41193
vn -0.983235 0.171345 -0.0623643
vt 1.23863 -8.04261
f 3836/14054/3661 3835/14055/3660 4007/14056/3854 4006/14057/3852 

vt 9.64389 -7.58221
vt 13.2824 -5.44461
vt 12.0543 -3.99475
vt 8.97527 -5.80369
f 3835/14058/3660 3834/14059/3659 3849/14060/3668 4007/14061/3854 

usemtl RIMS
vt 15.8686 -16.4648
vn -0.931984 0.340638 -0.123982
vt 18.9027 -14.5814
vt 18.5883 -14.2215
vt 16.1136 -15.7577
vn -0.930086 0.318128 -0.183671
vt 15.6856 -16.0233
f 4007/14062/3855 3849/14063/3669 3852/14064/3669 3938/14065/3856 3937/14066/3855 

vt 3.71724 -20.6879
vt 7.22586 -20.0227
vt 7.06204 -19.5738
vt 6.56709 -19.6676
vn -0.930086 0.361762 -0.0637883
vt 3.70539 -20.2102
f 4006/14067/3850 4007/14068/3855 3937/14069/3855 3941/14070/3857 3940/14071/3850 

vt 0.969444 10.5356
vn -0.954416 -0.175798 -0.241216
f 3955/13809/3759 3941/14072/3858 3937/13807/3758

vt 33.6521 25.7092
vn -0.837813 -0.266666 -0.476402
vt 35.7698 21.1935
vt 33.5332 28.2046
f 3922/14073/3859 3941/14074/3858 3955/14075/3759

vt -3.59641 26.3608
vn -0.978762 -0.204999 -1.21927e-14
vt -3.57723 23.8258
vt -3.14526 23.9037
f 3955/14076/3860 3920/14077/3728 3922/14078/3730

vt 1.52508 23.8413
vt 1.54426 26.3763
vt 1.0931 23.9192
f 3920/14079/3728 3955/14080/3860 3925/14081/3732

vt -37.555 20.9228
vn -0.954416 -0.175798 0.241216
vt -35.4372 25.4385
vn -0.837813 -0.266666 0.476402
vt -35.3183 27.9339
vn -0.97764 -0.1413 0.155741
f 3944/14082/3861 3925/14083/3862 3955/14084/3863

vt -3.02283 10.5374
vt -0.148076 17.3119
vt -3.5189 10.6251
vn -0.99745 -0.0670657 -0.0244099
f 3944/14085/3861 3955/14086/3863 3943/14087/3864

vt -1.02845 17.4676
f 3969/14088/3864 3943/14087/3864 3955/14086/3863

vt -1.87888 10.037
vt 0.622451 16.8755
vt -0.151288 17.3234
vn -0.97764 -0.00813362 -0.21013
f 3943/14089/3864 3969/14090/3864 3968/14091/3865

vt -2.31486 10.2894
vn -0.954416 0.0203817 -0.297783
f 3968/14091/3865 3947/14092/3866 3943/14089/3864

vt 33.9886 4.64898
vn -0.837813 0.101947 -0.536354
vt 33.2043 -0.276622
vt 35.2919 6.78028
f 3928/14093/3867 3947/14094/3866 3968/14095/3865

vt 4.69807 25.2905
vn -0.978762 -0.157038 -0.131771
vt 3.05716 23.3581
vt 3.43516 23.135
f 3968/14096/3868 3926/14097/3733 3928/14098/3735

vt 6.89475 20.1897
vt 8.55246 22.1077
vt 6.61628 20.529
f 3926/14099/3733 3968/14100/3868 3930/14101/3737

vt -24.544 41.6151
vn -0.954416 -0.28972 0.0717815
vt -19.9999 43.6713
vn -0.837813 -0.510503 0.193535
vt -18.288 45.4907
vn -0.97764 -0.20835 0.0284787
f 4004/14102/3869 3930/14103/3870 3968/14104/3871

vt -5.36659 12.8708
vt 1.19299 16.2069
vt -5.6899 13.2571
vn -0.99745 -0.0356849 -0.0618081
f 4004/14105/3869 3968/14106/3871 3999/14107/3872

vt 0.619213 16.8925
f 3967/14108/3872 3999/14107/3872 3968/14106/3871

vt -4.81537 11.7507
vt 1.49538 15.3833
vt 1.19031 16.2237
vn -0.97764 0.128839 -0.166197
f 3999/14109/3872 3967/14110/3872 3951/14111/3873

vt -4.98726 12.2242
vn -0.954416 0.207024 -0.215014
f 3951/14111/3873 3998/14112/3874 3999/14109/3872

vt 20.9295 -15.5925
vn -0.837813 0.422858 -0.345341
vt 17.358 -19.074
vt 23.2479 -14.6619
f 3950/14113/3875 3998/14114/3874 3951/14115/3873

vt -26.128 -3.77261
vn -0.948131 0.204329 0.24351
vt -24.3146 -6.05194
vt -24.0373 -5.74401
vt -26.0792 -3.1774
vt -26.4416 -3.37839
f 4004/14116/3876 3946/14117/3747 3945/14118/3747 3949/14119/3841 3999/14120/3841 

usemtl TYRES
vt -11.6884 -7.55136
vt -11.0198 -5.77284
vt -14.0988 -3.9639
vn -0.983235 0.139681 0.117207
vt -15.3269 -5.41376
f 3837/14121/3662 4005/14122/3853 4003/14123/3877 3838/14124/3663 

vt -18.6904 -2.45067
vt -17.4524 -1.00931
vt -19.7243 1.74588
vn -0.983235 0.0911705 0.157912
vt -21.3751 0.805108
f 3838/14125/3663 4003/14126/3877 4001/14127/3878 3839/14128/3664 

vt -23.5085 4.64052
vt -21.855 5.57649
vt -23.0577 8.93899
vn -0.983235 0.0316632 0.179571
vt -24.9298 8.61393
f 3839/14129/3664 4001/14130/3878 4002/14131/3879 3840/14132/3665 

vt -25.657 12.837
vt -23.7849 13.1615
v 4.46027 15.9169 -40.296
vt -23.7849 16.7326
vn -0.983235 -0.0316632 0.179571
vt -25.657 17.057
f 3840/14133/3665 4002/14134/3879 4008/14135/3880 3813/14136/3644 

usemtl RIMS
vt -35.8298 13.1615
vt -35.3583 13.2388
vt -35.3583 16.1515
vn -0.930086 3.19244e-16 0.367342
vt -35.3583 16.6552
vn -0.931984 -0.0629474 0.356993
vt -35.8298 16.7326
f 4002/14137/3845 4000/14138/3845 3952/14139/3881 3953/14140/3882 4008/14141/3882 

vt -32.1325 16.1515
vn -0.948131 2.97461e-16 0.31788
vt -32.1325 13.2388
vt -31.7238 13.3071
vt -31.7238 16.5869
vn -0.949579 -0.0544437 0.308765
vt -32.1325 16.6552
f 3952/14142/3883 4000/14143/3842 3997/14144/3842 3995/14145/3884 3953/14146/3884 

v 4.62727 16.2988 -39.707
vt -30.8267 23.8508
vn -0.948131 -0.108721 0.298709
vt -30.991 23.3746
vt -30.5824 23.3058
vt -29.5125 26.4062
vt -29.8765 26.6041
f 4009/14147/3885 3953/14148/3884 3995/14149/3884 3874/14150/3692 3873/14151/3692 

vt -34.0971 24.197
vt -33.9356 24.6742
vn -0.930086 -0.125638 0.345189
vt -33.0016 27.4331
vt -33.4235 27.6576
vt -34.5686 24.275
f 3953/14152/3882 4009/14153/3886 3873/14154/3693 3876/14155/3693 4008/14156/3882 

vt -5.80925 15.3963
vn -0.954416 0.296798 -0.0316373
f 3877/13788/3757 4009/14157/3887 3953/13786/3756

vt -6.15396 -23.4131
vn -0.837813 0.545909 0.00726153
vt -11.141 -23.3339
vt -3.85962 -24.4015
f 3880/14158/3888 4009/14159/3887 3877/14160/3757

usemtl TYRES
vt -23.0577 20.8951
vt -21.855 24.2576
vn -0.983235 -0.0911705 0.157912
vt -23.5085 25.1936
vt -24.9298 21.2202
f 4008/14161/3880 3876/14162/3889 3814/14163/3645 3813/14164/3644 

vt -19.7243 27.9359
vt -17.4524 30.6911
vn -0.983235 -0.139681 0.117207
vt -18.6904 32.1324
vt -21.3751 28.8767
f 3876/14165/3889 3875/14166/3890 3815/14167/3646 3814/14168/3645 

vt -14.0988 33.4715
vt -11.0198 35.2805
vt -11.6884 37.059
vt -15.3269 34.9214
f 3875/14169/3890 3863/14170/3682 3816/14171/3647 3815/14172/3646 

usemtl RIMS
vt -20.6029 42.4359
vt -20.1749 42.7016
vn -0.930086 -0.318128 0.183671
vt -17.7003 44.2377
vt -17.8833 44.6792
vt -20.9173 42.7958
f 3869/14173/3695 3871/14174/3891 3864/14175/3683 3863/14176/3683 3875/14177/3695 

vt 0.622451 12.9596
vn -0.97764 0.186045 0.0980213
vt -4.39967 18.3389
vn -0.954416 0.247697 0.166542
vt -4.83565 18.0865
f 3965/14178/3892 3871/14179/3893 3869/14180/3698

vt -29.949 -8.06081
vn -0.837813 0.413523 0.356466
vt -33.4252 -4.48414
vt -29.0217 -10.3806
f 3989/14181/3894 3871/14182/3893 3965/14183/3892

vt -0.151288 12.5117
f 3869/14180/3698 3966/14184/3698 3965/14178/3892

vt 1.19299 13.6547
f 3966/14185/3698 3869/13617/3698 3877/13616/3697

usemtl TYRES
f 3812/11999/3643 3841/12000/3666 3840/13545/3665 3813/13504/3644 

v 5.17004 16.6605 -44.5131
vt 43.8385 17.5039
v 5.17004 11.7305 -44.5131
vt 43.8385 12.3901
vt 45.225 12.5429
vt 45.225 17.3512
f 4010/14186/3361 4011/14187/3360 3841/14188/3666 3812/14189/3643 

v 11.5087 16.6605 -44.5131
vt 61.9879 17.5039
v 11.5087 11.7305 -44.5131
vt 61.9879 12.3901
vt 68.5627 12.3901
vt 68.5627 17.5039
f 4012/14190/3359 4013/14191/3358 4011/14192/3360 4010/14193/3361 

vt 58.1044 12.3901
vt 58.1044 17.5039
v 12.5525 16.5133 -43.6781
vt 56.7179 17.3512
vn 0.825486 0.098011 -0.555848
v 12.5525 11.8777 -43.6781
vt 56.7179 12.5429
vn 0.825486 -0.098011 -0.555848
f 4013/14194/3358 4012/14195/3359 4014/14196/3895 4015/14197/3896 

vt 57.2653 24.4423
v 11.5087 21.2933 -42.827
vt 56.1315 29.4287
v 12.5525 20.8693 -42.0927
vt 54.8134 28.9724
vt 55.8795 24.2838
f 4012/14198/3359 4016/14199/3461 4017/14200/3442 4014/14201/3895 

vt 61.9879 16.2513
vt 61.9879 11.1376
vt 68.5627 11.1376
v 5.17004 21.2933 -42.827
vt 68.5627 16.2513
f 4016/14202/3461 4012/14203/3359 4010/14204/3361 4018/14205/3462 

vt 43.2742 6.82679
vt 42.1405 1.84032
vt 43.5263 1.68184
vt 44.5924 6.37046
f 4018/14206/3462 4010/14207/3361 3812/14208/3643 3811/14209/3463 

v 5.17004 25.0699 -39.658
vt 39.8412 -5.81456
vt 37.4671 -10.3438
vt 38.766 -10.8522
vt 40.9983 -6.59354
f 4019/14210/3460 4018/14211/3462 3811/14212/3463 3810/14213/3464 

v 11.5087 25.0699 -39.658
vt 61.9879 13.3469
vt 61.9879 8.23321
vt 68.5627 8.23321
vt 68.5627 13.3469
f 4020/14214/3459 4016/14215/3461 4018/14216/3462 4019/14217/3460 

vt 52.8234 36.9848
vt 50.4493 41.514
v 12.5525 24.4204 -39.113
vt 49.2921 40.735
vt 51.5245 36.4763
f 4016/14218/3461 4020/14219/3459 4021/14220/3443 4017/14221/3442 

vt 41.7502 51.1077
v 11.5087 27.5349 -35.3884
vt 37.9948 54.5785
v 12.5525 26.7381 -35.0984
vt 37.1659 53.4566
vt 40.697 50.1931
f 4020/14222/3459 4022/14223/3456 4023/14224/3444 4021/14225/3443 

v 5.17004 27.5349 -35.3884
vt 68.5627 9.14116
vt 61.9879 9.14116
vt 61.9879 4.02743
vt 68.5627 4.02743
f 4024/14226/3458 4022/14227/3456 4020/14228/3459 4019/14229/3460 

v 5.17004 28.391 -30.5333
vt 68.5627 4.14121
vn -0.335542 0.942025 -3.87617e-16
v 11.5087 28.391 -30.5333
vt 61.9879 4.14121
vn 0.335542 0.942025 -4.02525e-16
vt 61.9879 -0.972521
vt 68.5627 -0.972521
f 4025/14230/3897 4026/14231/3898 4022/14232/3456 4024/14233/3458 

v 5.17004 27.5349 -25.6781
vt -68.5627 1.04983
v 11.5087 27.5349 -25.6781
vt -61.9879 1.04983
vt -61.9879 6.16357
vt -68.5627 6.16357
f 4027/14234/3453 4028/14235/3452 4026/14236/3898 4025/14237/3897 

v 5.17004 25.0699 -21.4086
vt -68.5627 5.80585
v 11.5087 25.0699 -21.4086
vt -61.9879 5.80585
vt -61.9879 10.9196
vt -68.5627 10.9196
f 4029/14238/3451 4030/14239/3450 4028/14240/3452 4027/14241/3453 

vt -68.5627 14.6669
vt -68.5627 9.55321
vt -61.9879 9.55321
vt -61.9879 14.6669
f 4029/14242/3451 3823/14243/3449 3825/14244/3448 4030/14245/3450 

vt -38.9503 -9.6309
vt -41.3244 -5.10169
vt -42.4815 -5.88066
vt -40.2492 -10.1393
f 3823/14246/3449 4029/14247/3451 3806/14248/3469 3805/14249/3468 

vt -29.1828 -23.0219
vt -32.9383 -19.5511
vt -33.7672 -20.673
vt -30.2361 -23.9365
f 4029/14250/3451 4027/14251/3453 3807/14252/3470 3806/14253/3469 

vt -10.6255 -33.7797
vt -15.547 -32.3906
vt -15.7766 -33.7664
vt -11.1492 -35.0726
f 4027/14254/3453 4025/14255/3897 3808/14256/3642 3807/14257/3470 

vt 13.5402 -32.7255
vt 8.61872 -34.1147
vt 9.14234 -35.4075
vt 13.7698 -34.1014
f 4025/14258/3897 4024/14259/3458 3809/14260/3472 3808/14261/3642 

vt 31.1969 -20.2871
vt 27.4414 -23.758
vt 28.4947 -24.6725
vt 32.0258 -21.409
f 4024/14262/3458 4019/14263/3460 3810/14264/3464 3809/14265/3472 

vt -48.966 42.2269
vt -51.3402 37.6977
v 12.5525 20.8693 -18.9739
vt -50.0412 37.1892
v 12.5525 24.4204 -21.9536
vt -47.8089 41.4479
f 4030/14266/3450 3825/14267/3448 4031/14268/3436 4032/14269/3447 

vt -54.8003 29.8463
vt -55.9341 24.8599
v 12.5525 16.5133 -17.3885
vt -54.5483 24.7014
vn 0.825486 0.098011 0.555848
vt -53.4822 29.39
f 3825/14270/3448 3824/14271/3384 4033/14272/3899 4031/14273/3436 

vt -56.8215 17.5039
vt -56.8215 12.3901
v 12.5525 11.8777 -17.3885
vt -55.435 12.5429
vn 0.825486 -0.098011 0.555848
vt -55.435 17.3512
f 3824/14274/3384 3827/14275/3382 4034/14276/3900 4033/14277/3899 

vt -55.9341 3.94831
v 11.5087 7.09775 -18.2396
vt -54.8003 -1.03816
v 12.5525 7.52171 -18.9739
vt -53.4822 -0.581828
vt -54.5483 4.10679
f 3827/14278/3382 4035/14279/3380 4036/14280/3278 4034/14281/3900 

vt -68.5627 16.2513
v 5.17004 7.09775 -18.2396
vt -68.5627 11.1376
vt -61.9879 11.1376
vt -61.9879 16.2513
f 3826/14282/3383 4037/14283/3381 4035/14284/3380 3827/14285/3382 

vt -44.6054 21.5638
vt -43.4717 26.5502
vt -44.8575 26.7087
vt -45.9236 22.0201
f 4037/14286/3381 3826/14287/3383 3828/14288/3653 3848/14289/3465 

v 5.17004 3.32112 -21.4086
vt -41.3244 30.9572
vt -38.9503 35.4864
vt -40.2492 35.9949
vt -42.4815 31.7362
f 4038/14290/3379 4037/14291/3381 3848/14292/3465 3847/14293/3475 

vt -68.5627 13.3469
vt -68.5627 8.23321
v 11.5087 3.32112 -21.4086
vt -61.9879 8.23321
vt -61.9879 13.3469
f 4037/14294/3381 4038/14295/3379 4039/14296/3378 4035/14297/3380 

v 5.17004 0.856094 -25.6781
vt -68.5627 4.02743
v 11.5087 0.856094 -25.6781
vt -61.9879 4.02743
vt -61.9879 9.14116
vt -68.5627 9.14116
f 4040/14298/3377 4041/14299/3376 4039/14300/3378 4038/14301/3379 

v 5.17004 0 -30.5333
vt -68.5627 -0.972521
vn -0.335542 -0.942025 4.39796e-16
v 11.5087 0 -30.5333
vt -61.9879 -0.972521
vn 0.335542 -0.942025 3.27984e-16
vt -61.9879 4.14121
vt -68.5627 4.14121
f 4042/14302/3901 4043/14303/3902 4041/14304/3376 4040/14305/3377 

v 5.17004 0.856094 -35.3884
vt 68.5627 6.16357
v 11.5087 0.856094 -35.3884
vt 61.9879 6.16357
vt 61.9879 1.04983
vt 68.5627 1.04983
f 4044/14306/3370 4045/14307/3372 4043/14308/3902 4042/14309/3901 

v 5.17004 3.32112 -39.658
vt 68.5627 10.9196
v 11.5087 3.32112 -39.658
vt 61.9879 10.9196
vt 61.9879 5.80585
vt 68.5627 5.80585
f 4046/14310/3368 4047/14311/3367 4045/14312/3372 4044/14313/3370 

v 11.5087 7.09775 -42.827
vt 61.9879 14.6669
vt 61.9879 9.55321
vt 68.5627 9.55321
v 5.17004 7.09775 -42.827
vt 68.5627 14.6669
f 4048/14314/3366 4047/14315/3367 4046/14316/3368 4049/14317/3364 

vt 50.4493 -15.6585
vt 52.8234 -11.1292
v 12.5525 7.52171 -42.0927
vt 51.5245 -10.6208
v 12.5525 3.97066 -39.113
vt 49.2921 -14.8795
f 4047/14318/3367 4048/14319/3366 4050/14320/3284 4051/14321/3283 

vt 56.1315 -0.620548
vt 57.2653 4.36592
vt 55.8795 4.5244
vt 54.8134 -0.164221
f 4048/14322/3366 4013/14323/3358 4015/14324/3896 4050/14325/3284 

vt 61.9879 16.9536
vt 61.9879 11.8399
vt 68.5627 11.8399
vt 68.5627 16.9536
f 4013/14326/3358 4048/14327/3366 4049/14328/3364 4011/14329/3360 

vt 42.1405 26.9678
vt 43.2742 21.9814
vt 44.5924 22.4377
vt 43.5263 27.1263
f 4011/14330/3360 4049/14331/3364 3842/14332/3365 3841/14333/3666 

vt 37.4671 36.1993
vt 39.8412 31.6701
vt 40.9983 32.4491
vt 38.766 36.7078
f 4049/14334/3364 4046/14335/3368 3843/14336/3369 3842/14337/3365 

vt 27.4414 45.78
vt 31.1969 42.3092
vt 32.0258 43.431
vt 28.4947 46.6946
f 4046/14338/3368 4044/14339/3370 3844/14340/3371 3843/14341/3369 

vt 8.61872 53.2242
vt 13.5402 51.8351
vn -0.335542 -0.942025 4.4725e-16
vt 13.7698 53.2109
vt 9.14234 54.5171
f 4044/14342/3370 4042/14343/3903 3845/14344/3667 3844/14345/3371 

vt -15.547 51.5001
vt -10.6255 52.8892
vt -11.1492 54.1821
vt -15.7766 52.8759
f 4042/14346/3901 4040/14347/3377 3846/14348/3474 3845/14349/3667 

vt -32.9383 41.5731
vt -29.1828 45.044
vt -30.2361 45.9586
vt -33.7672 42.695
f 4040/14350/3377 4038/14351/3379 3847/14352/3475 3846/14353/3474 

v 12.5525 3.97066 -21.9536
v 12.5525 1.65287 -25.9681
v 12.5525 0.847912 -30.5333
vn 0.825486 -0.564423 1.62973e-16
v 12.5525 1.65287 -35.0984
v 12.5525 27.5431 -30.5333
vn 0.825486 0.564423 -2.85202e-16
v 12.5525 26.7381 -25.9681
f 4034/11525/3900 4036/11526/3278 4052/11527/3279 4053/11528/3280 4054/11529/3904 4055/11530/3282 4051/11531/3283 4050/11532/3284 4015/11533/3896 4014/11710/3895 4017/11911/3442 4021/11912/3443 4023/11913/3444 4056/11914/3905 4057/11915/3446 4032/11916/3447 4031/11903/3436 4033/11809/3899 

vt -51.3402 -11.8421
vt -48.966 -16.3713
vt -47.8089 -15.5924
vt -50.0412 -11.3337
f 4035/14354/3380 4039/14355/3378 4052/14356/3279 4036/14357/3278 

vt -40.0088 -29.8217
vt -36.2534 -33.2925
vt -35.4245 -32.1706
vt -38.9556 -28.9071
f 4039/14358/3378 4041/14359/3376 4053/14360/3280 4052/14361/3279 

vt -17.0669 -45.2203
vt -12.1455 -46.6095
vt -11.9158 -45.2336
vt -16.5433 -43.9274
f 4041/14362/3376 4043/14363/3902 4054/14364/3904 4053/14365/3280 

vt 14.1523 -46.2745
vt 19.0738 -44.8853
vt 18.5501 -43.5925
vt 13.9227 -44.8986
f 4043/14366/3902 4045/14367/3372 4055/14368/3282 4054/14369/3904 

vt 37.9948 -32.5565
vt 41.7502 -29.0856
vt 40.697 -28.1711
vt 37.1659 -31.4346
f 4045/14370/3372 4047/14371/3367 4051/14372/3283 4055/14373/3282 

vt 19.0738 63.9949
vt 14.1523 65.384
vt 13.9227 64.0081
vt 18.5501 62.702
f 4022/14374/3456 4026/14375/3898 4056/14376/3905 4023/14377/3444 

vt -12.1455 65.719
vt -17.0669 64.3298
vt -16.5433 63.037
vt -11.9158 64.3431
f 4026/14378/3898 4028/14379/3452 4057/14380/3446 4056/14381/3905 

vt -36.2534 55.3146
vt -40.0088 51.8437
vt -38.9556 50.9291
vt -35.4245 54.1927
f 4028/14382/3452 4030/14383/3450 4032/14384/3447 4057/14385/3446 

usemtl RIMS
vn -0.99745 0.0713698 2.93191e-16
vt -1.90531 12.5077
vn -0.99745 0.0713698 9.03862e-16
f 3866/13965/3906 3964/14386/3907 3963/13963/3821

vt -0.148076 12.5059
vt -0.154632 19.7875
vt -1.02845 12.3502
f 3964/14387/3907 3866/14388/3906 3965/14389/3807

vt -0.650706 19.6998
vn -0.99745 0.0713698 2.93625e-16
f 3865/14390/3805 3965/14389/3807 3866/14388/3908

vt 10.0571 7.43078
vt 8.43258 5.4046
vt 10.6436 4.17103
vt 10.9181 4.51348
vt 11.7419 5.54084
f 3889/14391/3812 3883/14392/3705 3879/14393/3700 3878/14394/3702 3990/14395/3812 

g Mesh14 DodgeDurango1 Model

usemtl interior
v 64.7229 29.4266 -93.0915
vt 7.35586 44.4147
vn 0.609225 -0.180342 -0.772219
v 54.1617 28.9778 -93.0813
vt 18.31 43.9376
vn 8.27963e-07 -0.312557 -0.949899
v 54.118 40.6212 -95.6937
vt 18.3786 56.315
vn -0.00289684 -0.195819 -0.980636
f 4058/14396/3909 4059/14397/3910 4060/14398/3911

v 65.0901 24.0329 -90.9767
vt 7.40686 46.5875
vn 0.679534 -0.256798 -0.687233
vt 18.7752 52.0947
vt 7.8221 52.5946
f 4061/14399/3912 4059/14400/3910 4058/14401/3909

vt 17.7457 53.671
vt 6.4101 48.0967
v 43.2333 24.0329 -90.9767
vt 29.0813 48.0967
vn -0.679811 -0.256874 -0.68693
f 4059/14402/3910 4061/14403/3912 4062/14404/3913

vt 16.7121 52.2974
vt 28.0805 46.7902
v 43.5973 29.4266 -93.0915
vt 27.6686 52.7973
vn -0.627446 -0.168098 -0.760299
f 4059/14405/3910 4062/14406/3913 4063/14407/3914

vt -60.0903 30.7459
vt -57.8645 25.1512
v 43.2333 29.4059 -90.9769
vt -57.8648 30.7244
vn -0.992828 0.110117 -0.0465555
f 4063/14408/3914 4062/14409/3913 4064/14410/3915

vt -63.7222 25.1509
v 43.2333 24.0329 -74.5048
vt -46.6366 25.1509
vn -0.88453 -0.0843882 0.458786
v 43.2333 29.6833 -73.4654
vt -45.5585 31.0118
vn -0.723917 0.248454 0.643595
v 43.2333 30.8244 -76.3625
vt -48.5635 32.1954
vn -0.583645 0.798702 0.146404
vt -63.7224 30.7241
f 4062/14411/3913 4065/14412/3916 4066/14413/3917 4067/14414/3918 4064/14415/3915 

vt -49.893 27.5615
vt -50.5087 21.6341
v 47.8836 26.6991 -70.7783
vt -44.3416 24.431
vn -0.363113 -0.0246902 0.931418
f 4066/14416/3917 4065/14417/3916 4068/14418/3919

vt -41.8891 28.8368
v 47.8836 29.9658 -70.9144
vt -41.9572 32.2275
vn -0.230863 0.676178 0.699632
vt -47.4589 31.9343
f 4068/14419/3919 4069/14420/3920 4066/14421/3917

v 60.4398 26.6991 -70.7783
vt -11.2337 29.6726
vn 0.337964 0.0391756 0.940344
v 60.4398 29.9658 -70.9144
vt -11.2337 33.064
vn 0.32921 0.552463 0.765771
vt -24.2577 33.064
vt -24.2577 29.6726
f 4070/14422/3921 4071/14423/3922 4069/14424/3920 4068/14425/3919 

vt 18.6486 32.5813
vt 18.5587 29.1911
v 65.0901 24.0329 -74.5048
vt 24.7393 26.4242
vn 0.787647 -0.0478639 0.614265
f 4071/14426/3922 4070/14427/3921 4072/14428/3923

vt 16.4301 17.7715
v 65.0901 29.6833 -73.4654
vt 15.9198 23.7089
vn 0.768081 0.331572 0.547824
vt 10.4183 24.0057
f 4072/14429/3923 4073/14430/3924 4071/14431/3922

v 65.0901 29.4059 -90.9769
vt 63.7224 30.7241
vn 0.996262 -0.008632 -0.0859527
v 65.0901 29.5578 -89.791
vt 62.4924 30.8817
vn 0.462856 0.882393 -0.0845407
v 65.0901 30.8244 -76.3625
vt 48.5635 32.1954
vn 0.465382 0.865344 0.18601
vt 45.5585 31.0118
vt 46.6366 25.1509
vt 63.7222 25.1509
f 4074/14432/3925 4075/14433/3926 4076/14434/3927 4073/14435/3924 4072/14436/3923 4061/14437/3912 

vt 62.4926 30.8832
vn 0.632844 0.138498 0.761792
vt 63.7226 30.7256
v 65.0873 41.0969 -93.3555
vt 66.1898 42.8522
vn 0.982353 0.17715 -0.0600071
f 4075/14438/3928 4074/14439/3925 4077/14440/3929

vt 66.104 30.8868
vt 66.309 42.9992
vt 63.8779 30.8653
f 4058/14441/3909 4077/14442/3929 4074/14443/3925

vt 61.757 31.6381
v 63.9904 40.6687 -95.4599
vt 64.2898 43.3076
vn 0.524034 -0.0678232 -0.848993
vt 61.8283 43.752
f 4058/14444/3909 4078/14445/3930 4077/14446/3929

vt 8.41605 43.5419
vt 19.4793 55.4045
vt 9.23624 55.4549
f 4058/14447/3909 4060/14448/3911 4078/14449/3930

v 60.1499 52.0565 -97.6724
vt 13.2675 66.168
vn 0.435102 0.418828 -0.797038
vt 9.22867 54.1535
vt 19.4717 54.1033
f 4079/14450/3931 4078/14451/3930 4060/14452/3911

vt 67.1541 48.3797
vt 60.7322 36.7924
vt 63.1921 36.3397
f 4079/14453/3931 4077/14454/3929 4078/14455/3930

vt 71.1004 48.9706
v 60.4229 52.9017 -95.734
vt 69.09 49.8922
vn 0.608729 0.777392 -0.158463
vt 65.3807 37.021
f 4079/14456/3931 4080/14457/3932 4077/14458/3929

vt 28.8412 -36.4139
v 53.807 53.5555 -95.9983
vt 34.777 -32.7418
vn -3.45122e-05 0.978108 -0.2081
vt 28.0642 -34.3432
f 4079/14459/3931 4081/14460/3933 4080/14461/3932

vt 21.0963 -31.1768
v 53.8107 52.4736 -97.8384
vt 27.6334 -30.3289
vn 6.21278e-06 0.416248 -0.909251
vt 27.3759 -28.1298
f 4079/14462/3931 4082/14463/3934 4081/14464/3933

vt 12.5443 65.8821
vt 18.7709 53.8289
vt 19.1215 66.3218
f 4079/14465/3931 4060/14466/3911 4082/14467/3934

v 47.4739 52.0565 -97.6724
vt 23.6722 66.0172
vn -0.462638 0.408929 -0.786602
vt 17.0975 66.4569
vt 16.8105 53.9625
f 4083/14468/3935 4082/14469/3934 4060/14470/3911

vt 14.7807 -35.4188
vt 8.51104 -32.373
vt 8.24612 -34.5712
f 4083/14471/3935 4081/14472/3933 4082/14473/3934

vt 6.2107 -44.6076
v 47.1984 52.9017 -95.734
vt 6.99051 -42.5377
vn -0.634085 0.757713 -0.154298
vt 0.285251 -40.9368
f 4083/14474/3935 4084/14475/3936 4081/14476/3933

vt -62.2162 42.0118
v 43.5669 41.6662 -93.3555
vt -56.8651 30.8767
vn -0.986219 0.161974 -0.0337244
vt -60.1983 42.9176
f 4083/14477/3935 4085/14478/3937 4084/14479/3936

vt -55.1263 44.3404
v 44.3895 41.2381 -95.4599
vt -51.7524 32.9368
vn -0.573856 -0.0652295 -0.816355
vt -49.4101 33.3881
f 4083/14480/3935 4086/14481/3938 4085/14482/3937

vt 22.0996 66.8481
vt 15.287 54.7655
vt 25.3801 55.4174
f 4083/14483/3935 4060/14484/3911 4086/14485/3938

vt 26.274 43.1542
vt 25.3629 55.6434
vt 15.2699 54.9911
f 4063/14486/3914 4086/14487/3938 4060/14488/3911

vt -51.0372 31.2572
vt -51.281 43.9535
vt -53.6246 43.5094
f 4063/14489/3914 4085/14490/3937 4086/14491/3938

vt -60.088 30.9864
vt -57.8624 30.9649
vt -60.3525 43.6822
f 4063/14492/3914 4064/14493/3915 4085/14494/3937

v 43.5973 30.2512 -89.0386
vt -65.5117 30.4811
vn -0.601071 0.639216 0.479704
vt -69.9367 42.3413
vt -67.5568 29.6028
f 4087/14495/3939 4085/14496/3937 4064/14497/3915

vt -67.604 30.4808
v 44.2457 41.525 -91.2511
vt -69.5717 42.2535
vn -0.570929 0.25395 0.780737
vt -71.8652 42.4009
f 4087/14498/3939 4088/14499/3940 4085/14500/3937

vt -30.2149 42.8242
v 54.118 41.5726 -91.0173
vt -19.3561 54.7945
vn 0.00982298 0.191771 0.981391
vt -29.5991 54.7442
f 4087/14501/3939 4089/14502/3941 4088/14503/3940

vt -29.2274 42.1317
v 54.1617 29.834 -88.8725
vt -18.2683 41.6918
vn 0.0393094 0.179736 0.982929
vt -18.3326 54.0692
f 4087/14504/3939 4090/14505/3942 4089/14506/3941

vt 55.1475 -37.1252
v 47.8836 31.1639 -74.1011
vt 43.712 -25.7254
vn -0.049852 0.993763 0.0997448
vt 45.496 -42.3351
vn 0.0191724 0.99608 -0.0863522
f 4087/14507/3939 4091/14508/3943 4090/14509/3944

vt -25.7402 -60.6939
vt -15.8414 -52.0111
vt -17.4007 -46.8671
f 4087/14510/3939 4067/14511/3918 4091/14512/3943

vt -46.9321 12.8548
vt -60.0818 12.1754
vt -62.0692 11.1734
f 4067/14513/3918 4087/14514/3939 4064/14515/3915

vt -51.3638 34.9824
vt -44.1968 32.8312
vt -46.0564 35.8332
f 4067/14516/3918 4069/14517/3920 4091/14518/3943

vt -49.9893 31.9698
vt -44.5213 32.6453
vt -51.7171 34.6983
f 4066/14519/3917 4069/14520/3920 4067/14521/3918

vt -11.2337 51.1842
v 60.4398 31.1639 -74.1011
vt -11.2337 54.7156
vn 0.0570045 0.994734 0.0851771
vt -24.2577 54.7156
vt -24.2577 51.1842
f 4071/14522/3922 4092/14523/3945 4091/14524/3943 4069/14525/3920 

vt 22.0218 53.1582
vt 16.7143 54.009
vt 14.8547 51.007
f 4076/14526/3927 4092/14527/3945 4071/14528/3922

vt 23.583 -37.9285
vt 19.5967 -41.5344
vt 23.4506 -54.9839
f 4092/14529/3945 4076/14530/3927 4075/14531/3926

vt 19.0643 -40.1648
vt 17.1305 -57.1107
vt 28.1301 -54.1961
f 4092/14532/3945 4075/14533/3926 4090/14534/3944

vt -0.865319 41.6476
vt -12.0894 54.3155
vt -12.2408 41.9389
f 4075/14535/3928 4089/14536/3941 4090/14537/3942

vt -4.89117 38.3655
v 63.9904 41.525 -91.2511
vt -5.99479 50.874
vn 0.525697 0.245351 0.814522
vt -16.2378 50.9237
f 4075/14538/3928 4093/14539/3946 4089/14540/3941

vt 53.2864 35.09
vt 56.6047 47.1695
vt 54.1439 47.6177
f 4075/14541/3928 4077/14542/3929 4093/14543/3946

v 60.1499 52.881 -93.6195
vt 56.3757 64.8102
vn 0.435884 0.699872 0.565848
vt 55.7083 52.153
vt 58.1636 51.6758
f 4094/14544/3947 4093/14545/3946 4077/14546/3929

vt -9.88779 67.9646
vt -16.2092 55.9622
vt -5.96615 55.9118
f 4094/14547/3947 4089/14548/3941 4093/14549/3946

vt -10.5924 68.2304
v 53.8107 53.3299 -93.6297
vt -17.167 68.7074
vn 5.76733e-06 0.748883 0.662702
vt -16.8866 56.2137
f 4094/14550/3947 4095/14551/3948 4089/14552/3941

vt 30.3661 66.2983
vt 26.5553 72.2431
vt 25.0935 70.2546
f 4094/14553/3947 4081/14554/3933 4095/14555/3948

vt 62.2074 31.4639
vt 64.4086 31.6789
vt 63.1429 38.463
f 4094/14556/3947 4080/14557/3932 4081/14558/3933

vt 64.3577 58.6078
vt 64.7627 45.3584
vt 66.5692 58.631
f 4094/14559/3947 4077/14560/3929 4080/14561/3932

v 47.4739 52.881 -93.6195
vt -59.407 44.9184
vn -0.457629 0.688217 0.562968
vt -54.1328 48.8684
vt -55.5989 50.8538
f 4096/14562/3949 4095/14563/3948 4081/14564/3933

vt -25.6179 68.0823
vt -18.6889 56.0675
vt -19.0459 68.5592
f 4096/14565/3949 4089/14566/3941 4095/14567/3948

vt -26.3178 67.7077
vt -29.6046 55.6582
vt -19.3615 55.7086
f 4096/14568/3949 4088/14569/3940 4089/14570/3941

vt -70.8815 51.6929
vt -71.9495 39.4179
vt -69.6565 39.2633
f 4096/14571/3949 4085/14572/3937 4088/14573/3940

vt -69.1484 46.8559
vt -71.3602 46.8786
vt -69.414 34.5373
f 4096/14574/3949 4084/14575/3936 4085/14576/3937

vt -70.3068 -3.58484
vt -71.2375 3.40547
vt -72.5083 -3.37013
f 4096/14577/3949 4081/14578/3933 4084/14579/3936

vt 24.2577 -43.1132
vt 11.2337 -43.1132
vt 17.7457 -58.4969
f 4091/14580/3943 4092/14581/3945 4090/14582/3944

vt 15.4841 51.0331
vt 20.952 50.3576
vt 22.6799 53.0861
f 4071/14583/3922 4073/14584/3924 4076/14585/3927

vt 28.1376 44.4849
vt 17.2021 56.3853
vt 17.1801 44.0077
f 4063/14586/3914 4060/14587/3911 4059/14588/3910

vt 63.8792 25.1509
vt 66.1056 30.7456
vt 63.8794 30.7242
f 4061/14589/3912 4058/14590/3909 4074/14591/3925

g Mesh15 DodgeDurango1 Model

v 23.9904 53.3299 -93.6297
vt -49.9772 68.5009
vn -5.76733e-06 0.748883 0.662702
v 17.6512 52.881 -93.6195
vt -56.5518 68.0239
vn -0.435884 0.699872 0.565848
v 23.6831 41.5726 -91.0173
vt -50.2576 56.0072
vn -0.00982298 0.191771 0.981391
f 4097/14592/3950 4098/14593/3951 4099/14594/3952

v 23.9941 53.5555 -95.9983
vt -80.4659 32.4852
vn 3.45122e-05 0.978108 -0.2081
vt -84.2767 26.5404
vt -79.0041 30.4966
f 4100/14595/3953 4098/14596/3951 4097/14597/3950

v 17.3782 52.9017 -95.734
vt -79.4089 -33.4474
vn -0.608729 0.777392 -0.158463
vt -77.2077 -33.6624
vt -78.1431 -26.6633
f 4101/14598/3954 4098/14599/3951 4100/14600/3953

v 12.7138 41.0969 -93.3555
vt -73.6321 19.6731
vn -0.982353 0.17715 -0.0600071
vt -73.2271 32.9225
vt -75.4386 32.9457
f 4102/14601/3955 4098/14602/3951 4101/14603/3954

v 13.8107 41.525 -91.2511
vt -82.4446 29.6088
vn -0.525697 0.245351 0.814522
vt -83.1121 42.266
vt -84.9 29.1316
f 4103/14604/3956 4098/14605/3951 4102/14606/3955

vt -50.9212 55.6104
vt -57.2426 67.6128
vt -61.1642 55.5599
f 4099/14607/3952 4098/14608/3951 4103/14609/3956

vt -61.1363 50.6731
v 12.711 29.5578 -89.791
vt -62.24 38.1646
vn -0.632844 0.138498 0.761792
vt -50.8933 50.7228
f 4103/14610/3956 4104/14611/3957 4099/14612/3952

vt -86.1713 39.0313
vt -82.853 26.9518
vt -83.7105 39.4795
f 4102/14613/3955 4104/14614/3957 4103/14615/3956

v 12.711 29.4059 -90.9769
vt -63.7206 30.7099
vn -0.996262 -0.008632 -0.0859527
vt -62.4905 30.8674
vt -66.1878 42.8364
f 4105/14616/3958 4104/14617/3957 4102/14618/3955

vt -62.4924 30.8817
vn -0.462856 0.882393 -0.0845407
v 12.711 24.0329 -90.9767
vn -0.679534 -0.256798 -0.687233
v 12.711 24.0329 -74.5048
vn -0.787647 -0.0478639 0.614265
v 12.711 29.6833 -73.4654
vn -0.768081 0.331572 0.547824
v 12.711 30.8244 -76.3625
vn -0.465382 0.865344 0.18601
f 4104/14619/3959 4105/14415/3958 4106/14411/3960 4107/14412/3961 4108/14413/3962 4109/14414/3963 

v 13.0782 29.4266 -93.0915
vt -54.6146 30.7461
vn -0.609225 -0.180342 -0.772219
vt -52.3882 25.1514
vt -52.3885 30.7246
f 4110/14620/3964 4106/14621/3960 4105/14622/3958

v 23.6394 28.9778 -93.0813
vt 48.3674 52.4775
vn -8.27963e-07 -0.312557 -0.949899
vt 59.7358 46.9703
vt 59.3206 52.9774
f 4111/14623/3965 4106/14624/3960 4110/14625/3964

vt 60.7408 48.0967
vt 49.4052 53.671
v 34.5678 24.0329 -90.9767
vt 38.0696 48.0967
vn 0.679811 -0.256874 -0.68693
f 4106/14626/3960 4111/14627/3965 4112/14628/3966

vt 39.0622 46.4076
vt 50.4306 51.9148
v 34.2038 29.4266 -93.0915
vt 39.4741 52.4147
vn 0.627446 -0.168098 -0.760299
f 4112/14629/3966 4111/14630/3965 4113/14631/3967

v 23.6831 40.6212 -95.6937
vt 49.9463 56.2592
vn 0.00289684 -0.195819 -0.980636
vt 39.0109 44.3589
vt 49.9684 43.8817
f 4114/14632/3968 4113/14633/3967 4111/14634/3965

v 33.4116 41.2381 -95.4599
vt 41.7431 55.1666
vn 0.573856 -0.0652295 -0.816355
vt 40.832 42.6774
vt 51.8361 54.5143
f 4115/14635/3969 4113/14636/3967 4114/14637/3968

v 34.2342 41.6662 -93.3555
vt 75.611 43.3192
vn 0.986219 0.161974 -0.0337244
vt 75.3672 30.6229
vt 77.9547 42.8751
f 4116/14638/3970 4113/14639/3967 4115/14640/3969

v 34.5678 29.4059 -90.9769
vt 69.259 30.5603
vn 0.992828 0.110117 -0.0465555
vt 71.4846 30.5818
vt 71.7492 43.2777
f 4117/14641/3971 4113/14642/3967 4116/14643/3970

vt 69.2573 25.1507
vt 71.4831 30.7454
vt 69.2575 30.7239
f 4112/14644/3966 4113/14645/3967 4117/14646/3971

v 34.5678 24.0329 -74.5048
vn 0.88453 -0.0843882 0.458786
v 34.5678 30.8244 -76.3625
vn 0.583645 0.798702 0.146404
v 34.5678 29.6833 -73.4654
vn 0.723917 0.248454 0.643595
f 4118/14436/3972 4112/14437/3966 4117/14432/3971 4119/14434/3973 4120/14435/3974 

v 34.2038 30.2512 -89.0386
vt 63.687 44.6315
vn 0.601071 0.639216 0.479704
vt 50.5373 45.3109
vt 65.6744 43.6295
f 4121/14647/3975 4119/14648/3973 4117/14649/3971

vt 61.4955 -2.883
vt 71.3944 -11.5657
v 29.9175 31.1639 -74.1011
vt 63.0549 2.26108
vn 0.049852 0.993763 0.0997448
f 4119/14650/3973 4121/14651/3975 4122/14652/3976

vt 14.9181 -58.35
vt 3.48254 -69.7498
v 23.6394 29.834 -88.8725
vt 13.134 -74.9598
vn -0.0191724 0.99608 -0.0863522
f 4122/14653/3976 4121/14654/3975 4123/14655/3977

vt -48.8802 41.7944
vn -0.0393094 0.179736 0.982929
vt -37.9211 42.2343
vt -48.8159 54.1718
f 4123/14656/3978 4121/14657/3975 4099/14658/3952

vt -47.7745 55.1152
vt -36.9156 43.1448
v 33.5554 41.525 -91.2511
vt -37.5314 55.0649
vn 0.570929 0.25395 0.780737
f 4099/14659/3952 4121/14660/3975 4124/14661/3979

vt 48.483 49.6141
vt 46.5154 37.8415
vt 50.7765 49.7615
f 4124/14662/3979 4121/14663/3975 4116/14664/3970

vt 59.1844 46.174
vt 54.7594 34.3138
vt 56.8045 33.4356
f 4116/14665/3970 4121/14666/3975 4117/14667/3971

vt 49.9646 59.6749
v 30.3272 52.881 -93.6195
vt 48.8965 71.9499
vn 0.457629 0.688217 0.562968
vt 47.6716 59.5203
f 4116/14668/3970 4125/14669/3980 4124/14670/3979

v 30.6027 52.9017 -95.734
vt 62.4608 68.7783
vn 0.634085 0.757713 -0.154298
vt 60.249 68.7556
vt 60.5146 56.437
f 4126/14671/3981 4125/14672/3980 4116/14673/3970

vt 56.1724 68.5161
vt 55.2416 61.5258
vt 57.4431 61.7405
f 4100/14674/3953 4125/14675/3980 4126/14676/3981

vt 0.185803 88.5767
vt 5.45998 84.6267
vt 1.65188 90.5621
f 4097/14677/3950 4125/14678/3980 4100/14679/3953

vt -48.4554 56.2726
vt -41.5263 68.2874
vt -48.0984 68.7643
f 4099/14680/3952 4125/14681/3980 4097/14682/3950

vt -37.5258 56.0078
vt -40.8126 68.0574
vt -47.7689 56.0583
f 4124/14683/3979 4125/14684/3980 4099/14685/3952

vt 58.0233 -27.3135
v 30.3272 52.0565 -97.6724
vt 58.8031 -29.3834
vn 0.462638 0.408929 -0.786602
vt 64.7285 -25.7126
f 4126/14686/3981 4127/14687/3982 4100/14688/3953

vt 73.7098 47.2212
vt 79.061 58.3563
vt 77.043 59.2621
f 4116/14689/3970 4127/14690/3982 4126/14691/3981

vt 78.3317 43.9123
vt 81.7055 55.3159
vt 75.9894 44.3636
f 4115/14692/3969 4127/14693/3982 4116/14694/3970

vt 51.8196 54.3009
vt 45.007 66.3835
vt 41.7265 54.9528
f 4114/14695/3968 4127/14696/3982 4115/14697/3969

v 23.9904 52.4736 -97.8384
vt 50.0466 66.2861
vn -6.21278e-06 0.416248 -0.909251
vt 43.4719 65.8463
vt 50.3336 53.7916
f 4128/14698/3983 4127/14699/3982 4114/14700/3968

vt 58.0082 -24.472
vt 51.7385 -27.5178
vt 58.2732 -26.6702
f 4100/14701/3953 4127/14702/3982 4128/14703/3983

vt 38.8858 -38.2316
v 17.6512 52.0565 -97.6724
vt 45.423 -39.0795
vn -0.435102 0.418828 -0.797038
vt 39.1433 -36.0325
f 4128/14704/3983 4129/14705/3984 4100/14706/3953

vt 48.3732 53.9996
vt 54.5998 66.0528
vt 48.0226 66.4925
f 4114/14707/3968 4129/14708/3984 4128/14709/3983

v 13.8107 40.6687 -95.4599
vt 57.902 54.4551
vn -0.524034 -0.0678232 -0.848993
vt 53.8632 66.4696
vt 47.6589 54.405
f 4130/14710/3985 4129/14711/3984 4114/14712/3968

vt -27.5915 25.4802
vt -34.0135 37.0676
vt -30.0515 25.0276
f 4102/14713/3955 4129/14714/3984 4130/14715/3985

vt -50.5138 30.004
vt -52.5243 29.0824
vt -46.8045 17.1328
f 4101/14716/3954 4129/14717/3984 4102/14718/3955

vt 30.24 -47.9558
vt 36.1758 -51.6279
vt 36.9528 -49.5573
f 4100/14719/3953 4129/14720/3984 4101/14721/3954

vt -33.6605 45.5833
vt -31.1278 33.9139
vt -31.199 46.0278
f 4130/14722/3985 4110/14723/3964 4102/14724/3955

vt 47.6512 55.7436
vt 58.7144 43.881
vt 57.8942 55.794
f 4114/14725/3968 4110/14726/3964 4130/14727/3985

vt 48.8384 44.0636
vt 59.7926 44.5407
vt 48.7699 56.441
f 4111/14728/3965 4110/14729/3964 4114/14730/3968

vt -54.7959 45.2898
vt -54.591 33.1774
vt -52.3648 33.1559
f 4102/14731/3955 4110/14732/3964 4105/14733/3958

vt -54.7991 53.2517
vt -66.0231 40.5838
vt -54.6477 40.875
f 4099/14734/3952 4104/14735/3957 4123/14736/3978

vt 49.0067 -68.6779
v 17.3613 31.1639 -74.1011
vt 47.073 -51.732
vn -0.0570045 0.994734 0.0851771
vt 38.0072 -65.7633
f 4104/14737/3959 4131/14738/3986 4123/14739/3977

vt 44.9327 -60.0253
vt 40.9464 -56.4194
vt 41.0788 -73.4747
f 4109/14740/3963 4131/14741/3986 4104/14742/3959

vt -72.2305 19.6198
vt -77.5379 18.769
v 17.3613 29.9658 -70.9144
vt -70.3709 16.6178
vn -0.32921 0.552463 0.765771
f 4131/14743/3986 4109/14744/3963 4132/14745/3987

vt -75.8915 15.5672
vt -70.4235 16.2428
vt -77.6193 18.2958
f 4108/14746/3962 4132/14747/3987 4109/14748/3963

vt -75.0705 28.7929
vt -75.5808 22.8555
vt -69.5689 29.0898
f 4108/14749/3962 4107/14750/3961 4132/14751/3987

v 17.3613 26.6991 -70.7783
vt -70.3516 27.8185
vn -0.337964 0.0391756 0.940344
vt -70.4414 31.2087
vt -76.5322 25.0515
f 4133/14752/3988 4132/14753/3987 4107/14754/3961

vt -55.9172 33.064
vt -55.9172 29.6726
v 29.9175 26.6991 -70.7783
vt -42.8932 29.6726
vn 0.363113 -0.0246902 0.931418
v 29.9175 29.9658 -70.9144
vt -42.8932 33.064
vn 0.230863 0.676178 0.699632
f 4132/14755/3987 4133/14756/3988 4134/14757/3989 4135/14758/3990 

vt -16.854 33.4093
vt -16.9222 30.0186
vt -11.3523 33.1161
f 4135/14759/3990 4134/14760/3989 4120/14761/3974

vt -4.61001 15.908
vt -5.22578 21.8354
vt -10.7771 18.7049
f 4118/14762/3972 4120/14763/3974 4134/14764/3989

vt -10.4181 67.4357
vt -4.95018 66.7601
vt -3.22231 69.4887
f 4135/14765/3990 4120/14766/3974 4119/14767/3973

vt -11.3193 67.2204
vt -4.15228 69.3716
vt -9.45974 70.2224
f 4135/14768/3990 4119/14769/3973 4122/14770/3976

vt -55.9172 54.7156
vt -55.9172 51.1842
vt -42.8932 51.1842
vt -42.8932 54.7156
f 4131/14771/3986 4132/14772/3987 4135/14773/3990 4122/14774/3976 

vt 55.9172 -43.1132
vt 42.8932 -43.1132
vt 49.4052 -58.4969
f 4131/14775/3986 4122/14776/3976 4123/14777/3977

g Mesh16 DodgeDurango1 Model

usemtl TYRES
v 11.5087 11.7305 -131.977
vt 21.6762 -20.3987
v 11.5087 7.09775 -133.664
vt 22.81 -25.3851
v 12.5525 7.52171 -134.398
vt 24.1281 -24.9288
v 12.5525 11.8777 -132.812
vt 23.0621 -20.2402
f 4136/14778/3382 4137/14779/3380 4138/14780/3278 4139/14781/3900 

v 5.17004 11.7305 -131.977
vt -68.5627 -24.6969
v 5.17004 7.09775 -133.664
vt -68.5627 -29.8106
vt -61.9879 -29.8106
vt -61.9879 -24.6969
f 4140/14782/3383 4141/14783/3381 4137/14784/3380 4136/14785/3382 

vt -122.216 -2.78321
vt -121.082 2.20326
v 4.12625 11.8777 -132.812
vt -122.468 2.36174
v 4.12625 7.52171 -134.398
vt -123.534 -2.32688
f 4141/14786/3381 4140/14787/3383 4142/14788/3653 4143/14789/3465 

vt -119.913 12.3901
v 5.17004 16.6605 -131.977
vt -119.913 17.5039
v 4.12625 16.5133 -132.812
vt -121.299 17.3512
vt -121.299 12.5429
f 4140/14790/3383 4144/14791/3385 4145/14792/3641 4142/14793/3653 

v 11.5087 16.6605 -131.977
f 4144/13521/3385 4140/13522/3383 4136/13523/3382 4146/13524/3384 

vt 17.9697 17.5039
vt 17.9697 12.3901
vt 19.3562 12.5429
v 12.5525 16.5133 -132.812
vt 19.3562 17.3512
f 4146/14794/3384 4136/14795/3382 4139/14796/3900 4147/14797/3899 

v 12.5525 3.97066 -137.378
v 12.5525 1.65287 -141.392
v 12.5525 0.847912 -145.957
vn 0.825486 -0.564423 1.12044e-16
v 12.5525 1.65287 -150.522
v 12.5525 3.97066 -154.537
v 12.5525 7.52171 -157.517
v 12.5525 11.8777 -159.102
v 12.5525 16.5133 -159.102
v 12.5525 20.8693 -157.517
v 12.5525 24.4204 -154.537
v 12.5525 26.7381 -150.522
v 12.5525 27.5431 -145.957
v 12.5525 26.7381 -141.392
v 12.5525 24.4204 -137.378
v 12.5525 20.8693 -134.398
f 4139/12713/3900 4138/12714/3278 4148/12715/3279 4149/12716/3280 4150/12717/3991 4151/12718/3282 4152/12719/3283 4153/12720/3284 4154/12721/3896 4155/12611/3895 4156/12612/3442 4157/12613/3443 4158/12614/3444 4159/12615/3905 4160/12616/3446 4161/12617/3447 4162/12600/3436 4147/12601/3899 

vt 35.133 -53.4036
v 11.5087 3.32112 -136.833
vt 37.5072 -57.9328
vt 38.6643 -57.1538
vt 36.432 -52.8952
f 4137/14798/3380 4163/14799/3378 4148/14800/3279 4138/14801/3278 

vt -68.5627 -63.6104
v 5.17004 3.32112 -136.833
vt -68.5627 -68.7242
vt -61.9879 -68.7242
vt -61.9879 -63.6104
f 4141/14802/3381 4164/14803/3379 4163/14804/3378 4137/14805/3380 

vt -127.798 -10.6043
vt -125.423 -6.07504
vt -126.722 -5.5666
v 4.12625 3.97066 -137.378
vt -128.955 -9.82528
f 4164/14806/3379 4141/14807/3381 4143/14808/3465 4165/14809/3475 

v 4.12625 8.33833 -135.812
vt -110.228 8.87161
v 4.12625 5.22179 -138.427
vt -112.941 5.63895
v 4.12625 3.18761 -141.951
vt -116.595 3.52898
v 4.12625 2.48115 -145.957
vt -120.751 2.7962
vn -0.992531 0.121995 4.87711e-17
v 4.12625 3.18761 -149.964
vt -124.907 3.52898
v 4.12625 5.22179 -153.487
vt -128.562 5.63895
v 4.12625 8.33833 -156.102
vt -131.274 8.87161
v 4.12625 12.1613 -157.494
vt -132.717 12.837
v 4.12625 11.8777 -159.102
v 4.12625 7.52171 -157.517
v 4.12625 3.97066 -154.537
v 4.12625 1.65287 -150.522
v 4.12625 0.847912 -145.957
vn -0.825486 -0.564423 2.54645e-16
v 4.12625 1.65287 -141.392
v 4.12625 12.1613 -134.421
vt -108.785 12.837
f 4166/14810/3657 4167/14811/3659 4168/14812/3660 4169/14813/3992 4170/14814/3662 4171/14815/3663 4172/14816/3664 4173/14817/3665 4174/13403/3666 4175/13404/3365 4176/13405/3369 4177/13406/3371 4178/13407/3993 4179/13408/3474 4165/13409/3475 4143/13392/3465 4142/13393/3653 4180/14818/3654 

vt -101.84 -4.51891
vt -99.1552 -1.26314
v 4.46027 9.23887 -137.372
vt -100.806 -0.32236
v 4.46027 6.6015 -139.585
vt -103.078 -3.07756
f 4167/14819/3659 4166/14820/3657 4181/14821/3658 4182/14822/3668 

vt -96.4065 3.29746
vt -94.9852 7.27087
v 4.46027 12.4741 -136.195
vt -96.8573 7.59593
vt -98.06 4.23344
f 4166/14823/3657 4180/14824/3654 4183/14825/3655 4181/14826/3658 

vt -95.8897 13.1615
vt -94.0175 12.837
v 4.12625 16.2297 -134.421
vt -94.0175 17.057
v 4.46027 15.9169 -136.195
vt -95.8897 16.7326
f 4183/14827/3655 4180/14828/3654 4184/14829/3652 4185/14830/3656 

vt -108.785 17.057
f 4184/14831/3652 4180/14818/3654 4142/13393/3653 4145/13394/3641 

v 4.12625 20.8693 -134.398
v 4.12625 24.4204 -137.378
v 4.12625 26.7381 -141.392
v 4.12625 27.5431 -145.957
vn -0.825486 0.564423 -5.70405e-16
v 4.12625 26.7381 -150.522
v 4.12625 24.4204 -154.537
v 4.12625 20.8693 -157.517
v 4.12625 16.5133 -159.102
v 4.12625 16.2297 -157.494
vt -132.717 17.057
v 4.12625 20.0527 -156.102
vt -131.274 21.0224
v 4.12625 23.1692 -153.487
vt -128.562 24.2551
v 4.12625 25.2034 -149.964
vt -124.907 26.3651
v 4.12625 25.9099 -145.957
vt -120.751 27.0978
vn -0.992531 -0.121995 -1.85794e-17
v 4.12625 25.2034 -141.951
vt -116.595 26.3651
v 4.12625 23.1692 -138.427
vt -112.941 24.2551
v 4.12625 20.0527 -135.812
vt -110.228 21.0224
f 4145/13394/3641 4186/13395/3468 4187/13396/3469 4188/13397/3470 4189/13398/3994 4190/13399/3472 4191/13400/3464 4192/13401/3463 4193/13402/3643 4194/14832/3644 4195/14833/3645 4196/14834/3646 4197/14835/3647 4198/14836/3995 4199/14837/3649 4200/14838/3650 4201/14839/3651 4184/14831/3652 

vt -121.082 26.6049
v 5.17004 21.2933 -133.664
vt -122.216 31.5914
vt -123.534 31.1351
vt -122.468 26.4464
f 4144/14840/3385 4202/14841/3449 4186/14842/3468 4145/14843/3641 

vt -68.5627 57.9018
vt -68.5627 52.7881
vt -61.9879 52.7881
v 11.5087 21.2933 -133.664
vt -61.9879 57.9018
f 4202/14844/3449 4144/14845/3385 4146/14846/3384 4203/14847/3448 

vt 22.81 54.1933
vt 21.6762 49.2068
vt 23.0621 49.0484
vt 24.1281 53.737
f 4203/14848/3448 4146/14849/3384 4147/14850/3899 4162/14851/3436 

v 11.5087 25.0699 -136.833
vt 37.5072 83.7884
vt 35.133 79.2592
vt 36.432 78.7507
vt 38.6643 83.0094
f 4204/14852/3450 4203/14853/3448 4162/14854/3436 4161/14855/3447 

v 5.17004 25.0699 -136.833
vt -68.5627 91.6243
vt -68.5627 86.5106
vt -61.9879 86.5106
vt -61.9879 91.6243
f 4205/14856/3451 4202/14857/3449 4203/14858/3448 4204/14859/3450 

vt -125.423 31.9306
vt -127.798 36.4598
vt -128.955 35.6808
vt -126.722 31.4221
f 4202/14860/3449 4205/14861/3451 4187/14862/3469 4186/14863/3468 

vt -130.709 19.8888
v 5.17004 27.5349 -141.102
vt -134.464 23.3597
vt -135.293 22.2378
vt -131.762 18.9743
f 4205/14864/3451 4206/14865/3453 4188/14866/3470 4187/14867/3469 

vt -68.5627 109.49
vt -61.9879 109.49
v 11.5087 27.5349 -141.102
vt -61.9879 114.604
vt -68.5627 114.604
f 4205/14868/3451 4204/14869/3450 4207/14870/3452 4206/14871/3453 

vt 65.2727 98.2253
vt 61.5173 94.7545
vt 62.5705 93.8399
vt 66.1016 97.1034
f 4207/14872/3452 4204/14873/3450 4161/14874/3447 4160/14875/3446 

v 11.5087 28.391 -145.957
vt 104.854 85.2487
vn 0.335542 0.942025 -5.51609e-16
vt 99.9329 83.8595
vt 100.457 82.5667
vt 105.084 83.8728
f 4208/14876/3996 4207/14877/3452 4160/14878/3446 4159/14879/3905 

vt -68.5627 118.955
vt -61.9879 118.955
vt -61.9879 124.069
vn 0.335542 0.942025 -5.44154e-16
v 5.17004 28.391 -145.957
vt -68.5627 124.069
vn -0.335542 0.942025 -7.52871e-16
f 4206/14880/3453 4207/14881/3452 4208/14882/3997 4209/14883/3998 

vt 68.5627 -113.764
vt 61.9879 -113.764
v 11.5087 27.5349 -150.812
vt 61.9879 -118.878
v 5.17004 27.5349 -150.812
vt 68.5627 -118.878
f 4209/14884/3998 4208/14885/3997 4210/14886/3456 4211/14887/3458 

vt 136.074 44.4652
vt 131.152 45.8543
vt 130.923 44.4785
vt 135.55 43.1723
f 4210/14888/3456 4208/14889/3997 4159/14890/3905 4158/14891/3444 

v 11.5087 25.0699 -155.082
vt 143.276 8.19691
vt 139.521 11.6678
vt 138.692 10.5459
vt 142.223 7.28234
f 4212/14892/3459 4210/14893/3456 4158/14894/3444 4157/14895/3443 

vt 68.5627 -94.5432
vt 61.9879 -94.5432
vt 61.9879 -99.657
v 5.17004 25.0699 -155.082
vt 68.5627 -99.657
f 4211/14896/3458 4210/14897/3456 4212/14898/3459 4213/14899/3460 

vt 61.9879 -63.6104
v 11.5087 21.2933 -158.251
vt 61.9879 -68.7242
v 5.17004 21.2933 -158.251
vt 68.5627 -68.7242
vt 68.5627 -63.6104
f 4212/14900/3459 4214/14901/3461 4215/14902/3462 4213/14903/3460 

vt 139.297 -4.5767
vt 136.922 -0.0474882
vt 135.765 -0.826461
vt 137.998 -5.08514
f 4214/14904/3461 4212/14905/3459 4157/14906/3443 4156/14907/3442 

v 11.5087 16.6605 -159.937
vt 134.876 0.0952719
vt 133.742 5.08174
vt 132.424 4.62541
vt 133.49 -0.0632089
f 4216/14908/3359 4214/14909/3461 4156/14910/3442 4155/14911/3895 

vt 61.9879 -24.6969
vt 61.9879 -29.8106
v 5.17004 16.6605 -159.937
vt 68.5627 -29.8106
vt 68.5627 -24.6969
f 4214/14912/3461 4216/14913/3359 4217/14914/3361 4215/14915/3462 

v 11.5087 11.7305 -159.937
v 5.17004 11.7305 -159.937
f 4216/14190/3359 4218/14191/3358 4219/14192/3360 4217/14193/3361 

vt 132.896 12.3901
vt 132.896 17.5039
vt 131.509 17.3512
vt 131.509 12.5429
f 4218/14916/3358 4216/14917/3359 4155/14918/3895 4154/14919/3896 

v 11.5087 7.09775 -158.251
vt 133.742 23.7264
vt 134.876 28.7129
vt 133.49 28.8714
vt 132.424 24.1828
f 4220/14920/3366 4218/14921/3358 4154/14922/3896 4153/14923/3284 

vt 61.9879 57.9018
vt 61.9879 52.7881
v 5.17004 7.09775 -158.251
vt 68.5627 52.7881
vt 68.5627 57.9018
f 4218/14924/3358 4220/14925/3366 4221/14926/3364 4219/14927/3360 

vt 61.9879 91.6243
v 11.5087 3.32112 -155.082
vt 61.9879 86.5106
v 5.17004 3.32112 -155.082
vt 68.5627 86.5106
vt 68.5627 91.6243
f 4220/14928/3366 4222/14929/3367 4223/14930/3368 4221/14931/3364 

vt 136.922 25.903
vt 139.297 30.4322
vt 137.998 30.9407
vt 135.765 26.682
f 4222/14932/3367 4220/14933/3366 4153/14934/3284 4152/14935/3283 

v 11.5087 0.856094 -150.812
vt 139.521 10.3543
vt 143.276 13.8251
vt 142.223 14.7397
vt 138.692 11.4762
f 4224/14936/3372 4222/14937/3367 4152/14938/3283 4151/14939/3282 

vt 68.5627 114.604
vt 61.9879 114.604
vt 61.9879 109.49
v 5.17004 0.856094 -150.812
vt 68.5627 109.49
f 4223/14940/3368 4222/14941/3367 4224/14942/3372 4225/14943/3370 

vt 68.5627 124.069
vt 61.9879 124.069
v 11.5087 0 -145.957
vt 61.9879 118.955
vn 0.335542 -0.942025 1.49083e-16
v 5.17004 0 -145.957
vt 68.5627 118.955
vn -0.335542 -0.942025 2.53442e-16
f 4225/14944/3370 4224/14945/3372 4226/14946/3999 4227/14947/4000 

vt 131.152 -26.7448
vn 0.335542 -0.942025 1.56538e-16
vt 136.074 -25.3557
vt 135.55 -24.0628
vt 130.923 -25.3689
f 4226/14948/4001 4224/14949/3372 4151/14950/3282 4150/14951/3991 

v 11.5087 0.856094 -141.102
vt 99.9329 -64.75
vt 104.854 -66.1391
vn 0.335542 -0.942025 1.41629e-16
vt 105.084 -64.7633
vt 100.457 -63.4571
f 4228/14952/3376 4226/14953/4002 4150/14954/3991 4149/14955/3280 

vt -68.5627 -118.878
vt -61.9879 -118.878
vt -61.9879 -113.764
v 5.17004 0.856094 -141.102
vt -68.5627 -113.764
f 4227/14956/4000 4226/14957/4002 4228/14958/3376 4229/14959/3377 

vt -68.5627 -99.657
vt -61.9879 -99.657
vt -61.9879 -94.5432
vt -68.5627 -94.5432
f 4229/14960/3377 4228/14961/3376 4163/14962/3378 4164/14963/3379 

vt 61.5173 -72.7324
vt 65.2727 -76.2033
vt 66.1016 -75.0814
vt 62.5705 -71.8179
f 4163/14964/3378 4228/14965/3376 4149/14966/3280 4148/14967/3279 

vt -134.464 -1.33764
vt -130.709 2.1332
vt -131.762 3.04778
vt -135.293 -0.215751
f 4229/14968/3377 4164/14969/3379 4165/14970/3475 4179/14971/3474 

vt -132.547 31.9704
vn -0.335542 -0.942025 2.60896e-16
vt -127.625 33.3595
vt -128.149 34.6524
vt -132.777 33.3462
f 4227/14972/4003 4229/14973/3377 4179/14974/3474 4178/14975/3993 

vt -108.381 72.7539
vt -103.46 71.3647
vt -103.23 72.7406
vt -107.858 74.0468
f 4225/14976/3370 4227/14977/4000 4178/14978/3993 4177/14979/3371 

vt -74.0847 88.6908
vt -70.3292 85.2199
vt -69.5003 86.3418
vt -73.0314 89.6054
f 4223/14980/3368 4225/14981/3370 4177/14982/3371 4176/14983/3369 

vt -49.0061 77.7608
vt -46.632 73.2316
vt -45.4749 74.0106
vt -47.7072 78.2693
f 4221/14984/3364 4223/14985/3368 4176/14986/3369 4175/14987/3365 

vt -35.4699 51.3148
vt -34.3361 46.3284
vt -33.018 46.7847
vt -34.084 51.4733
f 4219/14988/3360 4221/14989/3364 4175/14990/3365 4174/14991/3666 

vt -30.9527 17.5039
vt -30.9527 12.3901
vt -29.5662 12.5429
vt -29.5662 17.3512
f 4217/14992/3361 4219/14993/3360 4174/14994/3666 4193/14995/3643 

f 4193/13402/3643 4174/13403/3666 4173/14817/3665 4194/14832/3644 

vt -143.314 12.837
v 4.46027 12.4741 -155.72
vt -141.441 13.1615
v 4.46027 15.9169 -155.72
vt -141.441 16.7326
vt -143.314 17.057
f 4173/14996/3665 4230/14997/3879 4231/14998/3880 4194/14999/3644 

vt -141.401 5.96093
v 4.46027 9.23887 -154.542
vt -139.748 6.8969
vt -140.951 10.2594
vt -142.823 9.93434
f 4172/15000/3664 4232/15001/3878 4230/15002/3879 4173/15003/3665 

vt -137.188 -0.417299
v 4.46027 6.6015 -152.329
vt -135.95 1.02405
vt -138.222 3.77925
vt -139.873 2.83848
f 4171/15004/3663 4233/15005/3877 4232/15006/3878 4172/15007/3664 

vt -130.886 -5.75269
v 4.46027 4.88008 -149.348
vt -130.217 -3.97417
vt -133.296 -2.16523
vt -134.524 -3.61509
f 4170/15008/3662 4234/15009/3853 4233/15010/3877 4171/15011/3663 

vt -127.116 -8.47201
vt -122.963 -9.21728
v 4.46027 4.28223 -145.957
vt -122.952 -7.31727
vn -0.983235 0.182341 7.2896e-17
vt -126.467 -6.68658
f 4170/15012/3662 4169/15013/3992 4235/15014/4004 4234/15015/3853 

vt -118.411 -10.6557
vt -114.257 -9.91047
v 4.46027 4.88008 -142.567
vt -114.907 -8.12504
vt -118.422 -8.75572
f 4169/15016/3992 4168/15017/3660 4236/15018/3854 4235/15019/4004 

vt -109.553 -9.38088
vt -105.915 -7.24328
vt -107.143 -5.79342
vt -110.222 -7.60236
f 4168/15020/3660 4167/15021/3659 4182/15022/3668 4236/15023/3854 

usemtl RIMS
vt -101.587 -23.8437
vt -98.5534 -21.9603
v 4.62727 6.93042 -139.861
vt -98.8678 -21.6005
v 4.62727 5.52639 -142.293
vt -101.342 -23.1366
v 4.62727 5.28355 -142.714
vt -101.77 -23.4023
f 4236/15024/3855 4182/15025/3669 4237/15026/3669 4238/15027/3856 4239/15028/3855 

vt -89.1826 -16.5966
vt -86.9855 -13.7814
v 4.62727 9.45356 -137.744
vt -87.4048 -13.5522
v 4.62727 9.08151 -138.056
vt -87.7147 -13.9494
vt -89.5067 -16.2455
f 4182/15029/3669 4181/15030/3670 4240/15031/3670 4241/15032/3671 4237/15033/3669 

vt -80.7451 -3.32397
vt -79.6001 0.0585857
v 4.62727 12.5486 -136.617
vt -80.0715 0.136541
v 4.62727 9.90994 -137.578
vt -81.0055 -2.62234
vt -81.167 -3.09951
f 4181/15034/3670 4183/15035/3672 4242/15036/3672 4243/15037/3673 4240/15038/3670 

vt -77.9057 13.2388
vt -77.4341 13.1615
vt -77.4341 16.7326
v 4.62727 15.8424 -136.617
vt -77.9057 16.6552
v 4.62727 15.3567 -136.617
vt -77.9057 16.1515
vn -0.930086 -2.71411e-15 -0.367342
f 4242/15039/3672 4183/15040/3672 4185/15041/3674 4244/15042/3674 4245/15043/4005 

vt -80.0715 29.5206
vt -79.6001 29.5986
v 4.46027 19.1521 -137.372
vt -80.7451 32.9811
v 4.62727 18.9375 -137.744
vt -81.167 32.7567
v 4.62727 16.2988 -136.783
vt -80.2331 29.9978
f 4244/15044/3674 4185/15045/3674 4246/15046/3676 4247/15047/3676 4248/15048/3677 

usemtl TYRES
vt -96.8573 22.2382
vt -94.9852 22.5632
vt -96.4065 26.5366
vt -98.06 25.6007
f 4185/15049/3656 4184/15050/3652 4201/15051/3651 4246/15052/3678 

vt -100.806 30.0041
vt -99.1552 30.9449
vt -101.84 34.2007
v 4.46027 21.7895 -139.585
vt -103.078 32.7593
f 4246/15053/3678 4201/15054/3651 4200/15055/3650 4249/15056/3679 

vt -107.143 35.301
vt -105.915 36.7509
vt -109.553 38.8885
v 4.46027 23.5109 -142.567
vt -110.222 37.11
f 4249/15057/3679 4200/15058/3650 4199/15059/3649 4250/15060/3680 

vt -114.907 37.5184
vt -114.257 39.3039
vt -118.411 40.0491
v 4.46027 24.1088 -145.957
vt -118.422 38.1491
vn -0.983235 -0.182341 -2.77699e-17
f 4250/15061/3680 4199/15062/3649 4198/15063/3995 4251/15064/4006 

v 4.46027 23.5109 -149.348
vt -126.467 36.08
vt -122.952 36.7107
vt -122.963 38.6107
vt -127.116 37.8654
f 4252/15065/3682 4251/15066/4006 4198/15067/3995 4197/15068/3647 

usemtl RIMS
v 4.62727 23.1075 -149.201
vt -128.555 44.4288
v 4.62727 23.5951 -146.435
vt -125.693 44.9713
v 4.62727 23.6794 -145.957
vt -125.198 45.0652
vn -0.931984 -0.3625 2.15545e-16
vt -125.21 45.5429
vt -128.718 44.8777
f 4253/15069/3683 4254/15070/3684 4255/15071/4007 4251/15072/4007 4252/15073/3683 

vt -127.924 42.3201
v 4.75253 22.751 -149.071
vt -127.782 41.9308
v 4.75253 23.3001 -145.957
vt -124.557 42.5304
vn -0.949579 -0.313529 6.25454e-16
vt -124.565 42.9448
vt -125.06 42.8527
f 4253/15074/3686 4256/15075/3686 4257/15076/4008 4255/15077/4008 4254/15078/3688 

v 4.62727 21.4606 -152.053
vt -136.754 34.5983
v 4.75253 21.17 -151.809
vt -136.483 34.2848
vt -133.682 35.9906
vt -133.836 36.3752
v 4.62727 21.7034 -151.633
vt -136.324 34.8604
f 4258/15079/3689 4259/15080/3689 4256/15081/3686 4253/15082/3686 4260/15083/3690 

v 4.62727 21.0886 -152.366
vt -140.589 28.8356
v 4.62727 18.9375 -154.171
vt -142.403 26.5563
v 4.75253 18.7478 -153.842
vt -142.04 26.3553
vt -139.998 28.9219
vt -140.276 29.2298
f 4261/15084/3691 4262/15085/3692 4263/15086/3692 4259/15087/3689 4258/15088/3689 

vt -143.749 26.0873
vt -141.957 28.3835
vt -141.647 28.7807
v 4.46027 21.7895 -152.329
vt -141.972 29.1318
v 4.46027 19.1521 -154.542
vt -144.169 26.3165
f 4262/15089/3693 4261/15090/3694 4258/15091/3695 4264/15092/3695 4265/15093/3693 

vt -123.36 18.5283
v 4.12625 15.4364 -148.106
vt -118.92 12.6591
vt -123.037 18.9146
f 4261/15094/3696 4266/15095/3697 4258/15096/3698

vt -77.3846 55.4412
v 4.62727 16.9566 -149.906
vt -75.1588 50.9777
vt -73.2761 49.3356
f 4261/15097/3696 4267/15098/3699 4266/15099/3697

v 4.62727 16.6324 -150.178
vt -112.386 5.50439
vt -110.181 4.25254
vt -112.107 5.84368
f 4268/15100/3700 4266/15101/3701 4267/15102/3702

vt -106.947 9.61911
vt -109.156 10.8629
v 4.62727 16.2348 -150.323
vt -109.303 10.4494
f 4266/15103/3701 4268/15104/3700 4269/15105/3703

v 5.33705 15.4474 -153.057
vt -103.998 5.93921
v 4.62727 15.0418 -150.757
vt -101.502 5.51641
vt -101.069 6.76014
vt -100.925 7.17472
v 5.33705 17.8001 -152.201
vt -103.145 8.39214
f 4270/15106/3704 4271/15107/3704 4269/15108/3703 4268/15109/3700 4272/15110/3705 

vt -102.251 16.2455
v 5.33705 12.9436 -153.057
vt -102.251 13.6485
v 4.62727 13.3492 -150.757
vt -99.7548 14.0691
v 4.62727 13.7723 -150.757
vt -99.7548 14.5081
vn -0.967803 -6.49214e-15 -0.251709
vt -99.7548 15.8249
f 4270/15111/3704 4273/15112/3706 4274/15113/3707 4275/15114/4009 4271/15115/3704 

vt -128.115 16.2455
v 5.33705 18.4746 -153.369
vt -128.439 19.3856
vt -128.115 13.6485
f 4270/15116/3709 4276/15117/3709 4273/15118/3709

vt -127.227 18.686
f 4272/15119/3709 4276/15117/3709 4270/15116/3709

v 5.33705 20.7515 -151.458
vt -126.457 21.7473
f 4272/15119/3709 4277/15120/3709 4276/15117/3709

v 5.33705 19.7181 -150.591
vt -125.558 20.6754
f 4278/15121/3709 4277/15120/3709 4272/15119/3709

v 5.33705 22.2377 -148.884
vt -123.787 23.2888
f 4278/15121/3709 4279/15122/3709 4277/15120/3709

v 5.33705 20.97 -148.423
vt -123.309 21.9739
f 4280/15123/3709 4279/15122/3709 4278/15121/3709

v 5.33705 21.4048 -145.957
vt -120.751 22.4249
f 4281/15124/3709 4279/15122/3709 4280/15123/3709

v 5.33705 22.7538 -145.957
vt -120.751 23.8242
f 4281/15124/3709 4282/15125/3709 4279/15122/3709

v 5.33705 20.97 -143.491
vt -118.194 21.9739
f 4283/15126/3709 4282/15125/3709 4281/15124/3709

v 5.33705 22.2377 -143.03
vt -117.715 23.2888
f 4283/15126/3709 4284/15127/3709 4282/15125/3709

v 5.33705 19.7181 -141.323
vt -115.944 20.6754
f 4285/15128/3709 4284/15127/3709 4283/15126/3709

v 5.33705 20.7515 -140.456
vt -115.045 21.7473
f 4285/15128/3709 4286/15129/3709 4284/15127/3709

v 5.33705 17.8001 -139.714
vt -114.275 18.686
f 4287/15130/3709 4286/15129/3709 4285/15128/3709

v 5.33705 15.4474 -138.857
vt -113.387 16.2455
f 4288/15131/3709 4286/15129/3709 4287/15130/3709

v 5.33705 18.4746 -138.546
vt -113.063 19.3856
f 4288/15131/3709 4289/15132/3709 4286/15129/3709

v 5.33705 9.91637 -138.546
vt -113.063 10.5084
f 4290/15133/3709 4289/15132/3709 4288/15131/3709

v 5.33705 12.7094 -137.529
vt -112.009 13.4055
f 4291/15134/3709 4289/15132/3709 4290/15133/3709

v 5.33705 15.6816 -137.529
vt -112.009 16.4885
f 4289/15132/3709 4291/15134/3709 4292/15135/3709

vt -25.532 13.4055
v 4.75253 12.6145 -136.991
vt -24.708 13.3071
v 4.75253 15.7765 -136.991
vt -24.708 16.5869
vt -25.532 16.4885
f 4291/15136/3710 4293/15137/3710 4294/15138/3711 4292/15139/3711 

v 4.75253 9.64323 -138.072
vt -29.478 -22.4926
vt -28.6931 -19.3081
vt -29.5167 -19.2065
vt -30.2545 -22.1999
f 4295/15140/3712 4293/15141/3710 4291/15142/3710 4290/15143/3712 

vt -85.5676 2.43253
vt -86.6375 -0.667836
vt -86.2734 -0.865754
vt -86.1091 -0.389546
vt -85.1589 2.3638
f 4293/15144/3713 4295/15145/3714 4240/15146/3714 4243/15147/3715 4242/15148/3713 

vt -91.8707 -9.3672
v 4.75253 7.22102 -140.105
vt -93.9126 -11.9338
vt -93.6353 -12.2417
vt -91.822 -9.96241
vt -91.5083 -9.56819
f 4295/15149/3714 4296/15150/3716 4237/15151/3716 4241/15152/3717 4240/15153/3714 

vt -44.0055 -52.9843
vt -42.3851 -50.1327
vt -43.1502 -49.8111
v 5.33705 7.63949 -140.456
vt -44.6733 -52.4916
f 4296/15154/3718 4295/15155/3712 4290/15156/3712 4297/15157/3718 

v 5.33705 12.9436 -138.857
vt -113.387 13.6485
vt -115.045 8.14673
f 4290/15133/3709 4298/15158/3709 4297/15159/3709

f 4298/15158/3709 4290/15133/3709 4288/15131/3709

v 4.62727 13.7723 -141.157
vt -131.009 14.5081
vn -0.967803 -1.9461e-14 0.251709
v 4.62727 13.3492 -141.157
vt -131.009 14.0691
vt -128.512 13.6485
vt -128.512 16.2455
v 4.62727 15.0418 -141.157
vt -131.009 15.8249
f 4299/15160/4010 4300/15161/3721 4298/15162/3720 4288/15163/3773 4301/15164/3773 

v 4.12625 13.7646 -143.513
vt -130.118 14.5
vt -127.62 14.0691
vt -127.62 14.5081
f 4302/15165/3771 4300/15166/3721 4299/15167/4010

vt -127.075 17.2421
vt -129.573 17.674
v 4.62727 12.9515 -141.302
vt -127.222 16.8285
f 4300/15168/3721 4302/15169/3771 4303/15170/3722

vt -129.946 0.550058
vt -133.518 4.03154
vt -135.836 4.96216
f 4243/15171/3769 4303/15172/3770 4302/15173/3768

vt -116.508 12.0186
vt -122.685 16.0181
vt -116.68 11.5451
f 4243/15174/3769 4302/15175/3768 4240/15176/3767

v 4.12625 12.9546 -143.808
vt -122.99 15.1777
f 4304/15177/3767 4240/15176/3767 4302/15175/3768

vt -115.9 12.9419
vt -122.209 16.5773
v 4.12625 12.2944 -144.362
vt -122.783 15.8917
f 4240/15178/3767 4304/15179/3767 4305/15180/3766

v 4.12625 11.7137 -145.957
vt -120.751 12.3728
v 4.12625 11.8634 -145.108
vt -119.871 12.528
vt -119.096 12.975
vt -118.522 13.6599
vt -118.216 14.5
v 4.12625 14.6265 -143.513
vt -118.216 15.394
v 4.12625 15.4364 -143.808
vt -118.522 16.2341
v 4.12625 16.0967 -144.362
vt -119.096 16.919
v 4.12625 16.5276 -145.108
vt -119.871 17.366
v 4.12625 16.6773 -145.957
vt -120.751 17.5213
v 4.12625 16.5276 -146.806
vt -121.632 17.366
v 4.12625 16.0967 -147.552
vt -122.406 16.919
vt -122.981 16.2341
v 4.12625 14.6265 -148.401
vt -123.286 15.394
v 4.12625 13.7646 -148.401
vt -123.286 14.5
v 4.12625 12.9546 -148.106
vt -122.981 13.6599
v 4.12625 12.2944 -147.552
vt -122.406 12.975
v 4.12625 11.8634 -146.806
vt -121.632 12.528
f 4306/15181/3709 4307/15182/3709 4305/15183/3709 4304/15184/3709 4302/15185/3709 4308/15186/3709 4309/15187/3709 4310/15188/3709 4311/15189/3709 4312/15190/3709 4313/15191/3709 4314/15192/3709 4266/15193/3709 4315/15194/3709 4316/15195/3709 4317/15196/3709 4318/15197/3709 4319/15198/3709 

vt -118.249 10.5155
vt -120.74 17.3579
vt -121.62 17.2023
f 4239/15199/3758 4307/15200/3758 4306/15201/3759

vt -122.32 16.598
vt -119.819 9.75956
vt -121.546 17.0459
f 4307/15202/3758 4239/15203/3758 4305/15204/3760

vt -119.383 10.0119
f 4238/15205/3761 4305/15204/3760 4239/15203/3758

vt -135.766 6.41706
v 4.62727 10.2503 -143.191
vt -136.55 11.3427
vt -137.853 13.474
f 4238/15206/3761 4320/15207/3762 4305/15208/3760

v 4.62727 10.4619 -142.824
vt -124.152 21.0382
vt -125.793 22.9706
vt -124.53 20.8151
f 4321/15209/3723 4305/15210/3763 4320/15211/3727

vt -128.746 19.4893
vt -127.088 17.5713
v 4.62727 10.7861 -142.552
vt -126.81 17.9106
f 4305/15212/3763 4321/15213/3723 4322/15214/3725

vt -130.253 18.5007
v 5.33705 8.67288 -141.323
vt -128.568 16.6107
v 5.33705 10.5909 -139.714
vt -126.944 18.6369
v 4.62727 11.7586 -141.736
vt -129.155 19.8705
vt -129.979 18.8431
f 4321/15215/3723 4323/15216/3724 4324/15217/3719 4325/15218/3719 4322/15219/3725 

v 4.62727 9.61556 -144.29
vt -128.172 22.6697
v 5.33705 7.42101 -143.491
vt -127.241 20.3153
vt -125.018 21.6584
vt -126.669 23.5777
vt -127.045 23.3507
f 4326/15220/3726 4327/15221/3726 4323/15222/3724 4321/15223/3723 4320/15224/3727 

v 4.62727 9.32163 -145.957
vt -124.277 27.6345
vn -0.968729 -0.248122 -5.86794e-15
v 5.33705 6.98623 -145.957
vt -124.238 25.103
vn -0.956788 -0.290787 3.57822e-16
vt -121.684 25.5743
vt -122.551 27.9531
v 4.62727 9.39512 -145.54
vt -123.846 27.7141
f 4328/15225/4011 4329/15226/4012 4327/15227/3726 4326/15228/3726 4330/15229/3730 

v 4.62727 9.61556 -147.624
vt -118.606 31.7061
v 5.33705 7.42101 -148.423
vt -119.472 29.3273
vt -116.918 28.856
vt -116.879 31.3875
v 4.62727 9.39512 -146.374
vt -117.311 31.4672
f 4331/15230/3731 4332/15231/3731 4329/15232/4012 4328/15233/4011 4333/15234/3732 

v 4.62727 10.4619 -149.09
vt -112.009 32.9831
v 5.33705 8.67288 -150.591
vt -113.66 31.0637
vt -111.437 29.7207
vt -110.506 32.0751
v 4.62727 10.2503 -148.724
vt -111.633 32.7561
f 4334/15235/3733 4335/15236/3734 4332/15237/3731 4331/15238/3731 4336/15239/3735 

v 5.33705 10.5909 -152.201
vt -108.08 29.1685
vt -106.456 27.1424
vt -104.771 29.0323
v 4.62727 10.7861 -149.362
vt -105.046 29.3747
v 4.62727 11.7586 -150.178
vt -105.869 30.4021
f 4337/15240/3736 4335/15241/3734 4334/15242/3733 4338/15243/3737 4339/15244/3736 

v 5.33705 7.63949 -151.458
vt -126.457 8.14673
vt -125.558 9.21863
vt -127.227 11.2081
f 4340/15245/3709 4335/15246/3709 4337/15247/3709

v 5.33705 6.15336 -148.884
vt -123.787 6.60523
f 4341/15248/3709 4335/15246/3709 4340/15245/3709

vt -123.309 7.92011
f 4341/15248/3709 4332/15249/3709 4335/15246/3709

vt -120.751 7.46914
f 4341/15248/3709 4329/15250/3709 4332/15249/3709

v 5.33705 5.63723 -145.957
vt -120.751 6.06987
f 4342/15251/3709 4329/15250/3709 4341/15248/3709

vt -118.194 7.92011
f 4342/15251/3709 4327/15252/3709 4329/15250/3709

v 5.33705 6.15336 -143.03
vt -117.715 6.60523
f 4343/15253/3709 4327/15252/3709 4342/15251/3709

vt -115.944 9.21863
f 4343/15253/3709 4323/15254/3709 4327/15252/3709

f 4297/15159/3709 4323/15254/3709 4343/15253/3709

vt -114.275 11.2081
f 4297/15159/3709 4324/15255/3709 4323/15254/3709

f 4297/15159/3709 4298/15158/3709 4324/15255/3709

vt -131.021 15.7829
vt -128.801 14.5654
vt -127.948 17.0184
vt -130.444 17.4412
vt -130.589 17.0266
f 4325/15256/3719 4324/15257/3719 4298/15258/3720 4300/15259/3721 4303/15260/3722 

v 4.75253 5.64003 -142.843
vt -70.3302 -69.7008
vt -67.8343 -67.5729
vt -68.4438 -67.0097
vt -70.7899 -69.0099
f 4344/15261/3738 4296/15262/3718 4297/15263/3718 4343/15264/3738 

vt -101.425 -16.851
vt -101.696 -16.5375
vt -104.497 -18.2433
vt -104.343 -18.6279
vt -103.913 -18.3659
f 4237/15265/3716 4296/15266/3716 4344/15267/3739 4239/15268/3739 4238/15269/3740 

vt -113.171 -18.3227
vt -113.312 -17.9334
v 4.75253 5.09096 -145.957
vt -116.537 -18.5331
vn -0.949579 0.313529 -3.57899e-15
v 4.62727 4.7116 -145.957
vt -116.529 -18.9474
v 4.62727 5.19922 -143.192
vt -113.666 -18.4148
f 4239/15270/3739 4344/15271/3739 4345/15272/4013 4346/15273/4013 4347/15274/3742 

vt -105.866 -61.5586
vn -0.682799 0.730606 5.87684e-16
vt -102.692 -60.7322
vt -102.995 -59.9596
vt -105.978 -60.7364
f 4345/15275/4014 4344/15276/3738 4343/15277/3738 4342/15278/4014 

v 4.75253 5.64003 -149.071
vt -134.624 -28.2874
vt -131.45 -29.1139
vt -131.337 -28.2917
vt -134.321 -27.5148
f 4348/15279/3744 4345/15280/4014 4342/15281/4014 4341/15282/3744 

vt -124.565 -14.5533
vt -124.557 -14.139
vt -127.782 -13.5393
v 4.62727 5.28355 -149.201
vt -127.924 -13.9286
v 4.62727 5.19922 -148.723
vt -127.428 -14.0208
f 4346/15283/4013 4345/15284/4013 4348/15285/3745 4349/15286/3745 4350/15287/3746 

vt -133.836 -7.63628
vt -133.682 -7.25166
v 4.75253 7.22102 -151.809
vt -136.483 -5.54586
v 4.62727 6.93042 -152.053
vt -136.754 -5.8594
v 4.62727 5.52639 -149.621
vt -134.266 -7.37427
f 4349/15288/3745 4348/15289/3745 4351/15290/3747 4352/15291/3747 4353/15292/3748 

vt -141.879 3.76102
vt -141.419 4.45191
vt -143.765 6.45208
vt -144.375 5.88886
f 4348/15293/3744 4341/15294/3744 4340/15295/3749 4351/15296/3749 

vt -141.614 20.0861
vt -140.946 20.5787
v 5.33705 9.91637 -153.369
vt -142.469 23.2592
v 4.75253 9.64323 -153.842
vt -143.234 22.9377
f 4351/15297/3749 4340/15298/3749 4354/15299/3750 4355/15300/3750 

vt -128.439 10.5084
f 4340/15245/3709 4337/15247/3709 4354/15301/3709

f 4354/15301/3709 4337/15247/3709 4273/15118/3709

vt -103.998 23.8024
vt -103.145 21.3495
vt -100.925 22.5669
v 4.62727 12.9515 -150.612
vt -101.357 23.8106
vt -101.502 24.2252
f 4273/15302/3706 4337/15303/3736 4339/15304/3736 4356/15305/3751 4274/15306/3707 

vt -107.247 21.0414
vt -109.745 20.6095
vt -109.598 20.1959
f 4316/15307/3752 4274/15308/3707 4356/15309/3751

vt -108.599 14.0691
vt -106.101 14.5
vt -108.599 14.5081
f 4274/15310/3707 4316/15311/3752 4275/15312/4009

v 4.62727 15.3567 -155.297
vt -113.021 62.7935
vt -108.417 60.8757
vt -105.919 60.8663
f 4357/15313/3753 4275/15314/3754 4316/15315/3755

vt -125.087 16.1515
vt -117.915 14.5
v 4.62727 15.8424 -155.297
vt -125.087 16.6552
f 4357/15316/3753 4316/15317/3755 4358/15318/3756

vt -117.915 15.394
f 4315/15319/3756 4358/15318/3756 4316/15317/3755

vt -125.427 14.7206
vt -118.256 13.459
vt -117.951 14.2994
f 4358/15320/3756 4315/15321/3756 4266/15322/3757

v 4.62727 16.2988 -155.131
vt -125.256 15.1942
f 4266/15322/3757 4359/15323/3887 4358/15320/3756

vt -125.874 -22.8466
vt -130.861 -22.7675
vt -123.58 -23.8351
f 4269/15324/3888 4359/15325/3887 4266/15326/3757

vt -145.018 19.9394
vt -145.182 19.4632
v 4.75253 15.7765 -154.923
vt -144.774 19.3945
vt -143.704 22.4948
vt -144.068 22.6928
f 4359/15327/3885 4358/15328/3884 4360/15329/3884 4263/15330/3692 4262/15331/3692 

vt -146.34 18.9632
vt -146.179 19.4404
vt -145.245 22.1993
vt -145.667 22.4238
vt -146.812 19.0412
f 4358/15332/3882 4359/15333/3886 4262/15334/3693 4265/15335/3693 4231/15336/3882 

usemtl TYRES
vt -140.951 19.5747
vt -139.748 22.9372
vt -141.401 23.8732
vt -142.823 19.8998
f 4231/15337/3880 4265/15338/3889 4195/15339/3645 4194/15340/3644 

vt -138.222 25.9025
vt -135.95 28.6577
vt -137.188 30.0991
vt -139.873 26.8433
f 4265/15341/3889 4264/15342/3890 4196/15343/3646 4195/15344/3645 

vt -133.296 31.6729
vt -130.217 33.4818
vt -130.886 35.2603
vt -134.524 33.1227
f 4264/15345/3890 4252/15346/3682 4197/15347/3647 4196/15348/3646 

usemtl RIMS
vt -138.059 35.057
vt -137.631 35.3226
vt -135.156 36.8588
vt -135.339 37.3002
vt -138.373 35.4168
f 4258/15349/3695 4260/15350/3891 4253/15351/3683 4252/15352/3683 4264/15353/3695 

vt -119.023 12.6868
vt -124.045 18.0661
vt -124.481 17.8137
f 4313/15354/3892 4260/15355/3893 4258/15356/3698

v 4.62727 18.5639 -147.991
vt -140.116 11.3223
vt -143.593 14.899
vt -139.189 9.00255
f 4361/15357/3894 4260/15358/3893 4313/15359/3892

vt -113.585 2.28813
v 4.62727 18.7755 -147.624
vt -114.484 4.65851
vt -114.862 4.43539
f 4313/15360/3809 4362/15361/3808 4361/15362/3810

vt -119.846 4.20198
vt -118.978 1.81987
v 4.62727 18.8489 -147.207
vt -119.414 4.27986
f 4362/15363/3808 4313/15364/3809 4363/15365/3801

vt -64.5809 13.7576
vt -65.2543 8.81565
vt -64.623 6.39854
f 4254/15366/3805 4363/15367/3806 4313/15368/3807

vt -121.247 24.6968
vt -122.048 19.7738
v 4.62727 19.0694 -145.957
vt -120.751 20.0025
vn -0.980671 0.195662 -5.57079e-17
v 4.62727 18.9224 -145.124
vt -119.887 19.85
v 4.62727 18.8489 -144.707
vt -119.454 19.7738
v 4.62727 23.5951 -145.479
vt -120.255 24.6968
vt -120.751 24.7843
f 4254/15369/3800 4363/15370/3801 4364/15371/4015 4365/15372/3803 4366/15373/3804 4367/15374/3800 4255/15375/3800 

vt -119.472 -0.721583
vt -118.606 -3.10043
vt -118.174 -3.02077
vt -116.879 -2.78181
vn -0.980671 0.195662 -5.61013e-17
vt -116.918 -0.250301
vn -0.956788 0.290787 -8.33761e-17
f 4280/15376/3811 4362/15377/3808 4363/15378/3801 4364/15379/4016 4281/15380/4017 

vt -110.506 -3.1723
vt -111.437 -0.817912
vt -113.66 -2.16097
v 4.62727 17.9291 -149.09
vt -112.009 -4.08028
vt -110.882 -3.3993
f 4362/15381/3808 4280/15382/3811 4278/15383/3812 4368/15384/3812 4361/15385/3810 

vt -106.456 2.20973
vt -108.08 0.183554
vt -105.869 -1.05001
vt -105.595 -0.707562
vt -104.771 0.319797
f 4278/15386/3812 4272/15387/3705 4268/15388/3700 4267/15389/3702 4368/15390/3812 

v 4.62727 18.7755 -144.29
vt -122.551 0.65261
vt -121.684 3.03145
vt -124.238 3.50273
vt -124.277 0.971223
vt -123.414 0.811917
vt -122.982 0.732263
f 4369/15391/3815 4283/15392/3816 4281/15393/4017 4364/15394/4016 4365/15395/3803 4366/15396/3804 

vt -125.018 7.24438
vt -127.241 8.58743
vt -128.172 6.23304
v 4.62727 18.5639 -143.924
vt -127.796 6.00605
v 4.62727 17.9291 -142.824
vt -126.669 5.32506
f 4285/15397/3778 4283/15398/3816 4369/15399/3815 4370/15400/3817 4371/15401/3778 

vt -125.664 9.25916
vt -126.563 6.88879
vt -125.286 9.03604
f 4369/15402/3815 4311/15403/3818 4370/15404/3817

vt -122.359 3.64581
vt -121.492 6.02792
vt -121.924 6.1058
f 4311/15405/3818 4369/15406/3815 4366/15407/3804

vt -137.861 20.2658
vt -138.535 25.2078
vt -138.492 17.8487
f 4366/15408/3819 4367/15409/3820 4311/15410/3821

vt -120.74 12.4599
vt -121.118 19.8094
vt -121.614 19.8971
vn -0.99745 0.0713698 4.3545e-16
f 4311/15411/3821 4367/15412/3820 4255/15413/4018

v 4.62727 23.1075 -142.714
vt -112.382 50.4066
vt -112.218 50.8555
vt -115.727 51.5207
vt -115.738 51.043
vt -115.243 50.9491
v 4.62727 23.5358 -145.143
vt -114.896 50.8832
f 4372/15414/3797 4250/15415/3797 4251/15416/4007 4255/15417/4007 4367/15418/3799 4373/15419/3799 

v 4.62727 21.4606 -139.861
vt -98.8678 49.9414
vt -98.5534 50.3013
vt -101.587 52.1847
vt -101.77 51.7433
v 4.62727 21.7034 -140.282
vt -99.2958 50.2071
f 4374/15420/3795 4249/15421/3795 4250/15422/3797 4372/15423/3797 4375/15424/3798 

vt -87.4048 42.601
vt -86.9855 42.8301
vt -89.1826 45.6454
vt -89.5067 45.2943
v 4.62727 21.0886 -139.549
vt -89.1968 44.8971
f 4247/15425/3676 4246/15426/3676 4249/15427/3795 4374/15428/3795 4376/15429/3796 

vt -122.209 13.2843
vt -117.769 19.1534
vt -118.093 19.5397
f 4309/15430/3832 4376/15431/3833 4374/15432/3830

v 4.62727 16.9566 -142.008
vt -135.557 18.0292
vt -133.331 22.4927
vt -137.44 16.3871
f 4377/15433/3834 4376/15434/3833 4309/15435/3832

vt -128.179 9.44524
v 4.62727 16.6324 -141.736
vt -125.974 10.6971
vt -126.253 11.0364
f 4309/15436/3779 4378/15437/3776 4377/15438/3777

vt -127.663 14.2303
vt -129.872 12.9865
v 4.62727 16.2348 -141.592
vt -127.516 13.8168
f 4378/15439/3776 4309/15440/3779 4379/15441/3774

vt -110.632 -23.9101
vt -115.619 -23.9893
vt -117.914 -24.9777
f 4248/15442/3780 4379/15443/3781 4309/15444/3782

vt -115.686 15.6019
vt -122.99 14.7071
vt -115.514 15.1284
f 4248/15445/3780 4309/15446/3782 4244/15447/3783

vt -122.685 13.8668
f 4308/15448/3783 4244/15447/3783 4309/15446/3782

vt -115.781 16.6552
vt -122.952 15.394
vt -122.952 14.5
f 4244/15449/3783 4308/15450/3783 4302/15451/3784

vt -115.781 16.1515
f 4302/15451/3784 4245/15452/3785 4244/15449/3783

vt -127.704 34.7424
vt -123.1 36.6603
vt -130.202 34.733
f 4299/15453/3786 4245/15454/3785 4302/15455/3784

vt -83.7377 16.5869
vt -83.7377 13.3071
vt -83.329 13.2388
vt -83.329 16.1515
vn -0.948131 -2.6749e-15 -0.31788
vt -83.329 16.6552
f 4294/15456/3787 4293/15457/3713 4242/15458/3713 4245/15459/4019 4244/15460/3787 

v 4.75253 18.7478 -138.072
vt -86.6375 30.3847
vt -85.5676 27.2843
vt -85.1589 27.353
vt -85.3233 27.8292
vt -86.2734 30.5826
f 4380/15461/3789 4294/15462/3787 4244/15463/3787 4248/15464/3790 4247/15465/3789 

vt -29.5167 48.1384
vt -28.6931 48.2401
vt -29.478 51.4245
vt -30.2545 51.1318
f 4292/15466/3711 4294/15467/3711 4380/15468/3791 4289/15469/3791 

vt -43.1502 76.1503
vt -42.3851 76.4718
v 4.75253 21.17 -140.105
vt -44.0055 79.3234
vt -44.6733 78.8308
f 4289/15470/3791 4380/15471/3791 4381/15472/3792 4286/15473/3792 

vt -93.9126 41.1972
vt -91.8707 38.6305
vt -91.5083 38.8315
vt -93.3217 41.1109
vt -93.6353 41.5051
f 4381/15474/3793 4380/15475/3789 4247/15476/3789 4376/15477/3794 4374/15478/3793 

vt -104.343 47.3668
v 4.75253 22.751 -142.843
vt -104.497 46.9822
vt -101.696 45.2764
vt -101.425 45.59
vt -101.855 45.852
f 4372/15479/3823 4382/15480/3823 4381/15481/3793 4374/15482/3793 4375/15483/3827 

vt -116.529 47.3388
vt -116.537 46.9245
vt -113.312 46.3248
vt -113.171 46.7142
vt -115.686 47.182
vt -116.034 47.2467
f 4255/15484/4008 4257/15485/4008 4382/15486/3823 4372/15487/3823 4373/15488/3824 4367/15489/3824 

vt -102.995 80.5611
vt -102.692 81.3337
vt -105.866 82.1601
vn -0.682799 -0.730606 2.37872e-16
vt -105.978 81.3379
f 4284/15490/3825 4382/15491/3825 4257/15492/4020 4282/15493/4020 

vt -68.4438 90.0485
vt -67.8343 90.6118
vt -70.3302 92.7396
vt -70.7899 92.0487
f 4286/15494/3792 4381/15495/3792 4382/15496/3825 4284/15497/3825 

vt -134.321 48.1163
vt -131.337 48.8932
vt -131.45 49.7154
vt -134.624 48.8889
f 4279/15498/3835 4282/15499/4020 4257/15500/4020 4256/15501/3835 

vt -143.765 16.5868
vt -141.419 18.5869
vt -141.879 19.2778
vt -144.375 17.15
f 4277/15502/3836 4279/15503/3835 4256/15504/3835 4259/15505/3836 

vt -142.469 3.07993
vt -140.946 5.76039
vt -141.614 6.25304
vt -143.234 3.40148
f 4276/15506/3837 4277/15507/3836 4259/15508/3836 4263/15509/3837 

v 5.33705 15.6816 -154.385
vt -139.468 4.71924
vt -138.73 7.71265
vt -139.507 8.00539
vt -140.292 4.82091
f 4383/15510/3838 4276/15511/3837 4263/15512/3837 4360/15513/3838 

vt -129.493 16.4885
f 4354/15301/3709 4276/15117/3709 4383/15514/3709

f 4354/15301/3709 4273/15118/3709 4276/15117/3709

v 5.33705 12.7094 -154.385
vt -129.493 13.4055
f 4354/15301/3709 4383/15514/3709 4384/15515/3709

v 4.75253 12.6145 -154.923
vt -138.838 13.3071
vt -138.014 13.4055
vt -138.014 16.4885
vt -138.838 16.5869
f 4385/15516/3839 4384/15517/3839 4383/15518/3838 4360/15519/3838 

vt -139.507 20.9265
vt -138.73 21.2193
vt -139.468 24.2127
vt -140.292 24.111
f 4355/15520/3750 4354/15521/3750 4384/15522/3839 4385/15523/3839 

v 4.62727 9.90994 -154.337
vt -144.232 7.50027
v 4.62727 9.45356 -154.171
vt -144.068 7.02406
vt -143.704 7.22198
vt -144.774 10.3224
v 4.62727 12.5486 -155.297
vt -145.182 10.2536
f 4386/15524/3840 4387/15525/3841 4355/15526/3841 4385/15527/3842 4388/15528/3842 

vt -145.667 7.2334
vt -145.245 7.45786
vt -145.407 7.93503
vt -146.34 10.6939
vt -146.812 10.616
f 4232/15529/3843 4387/15530/3843 4386/15531/3844 4388/15532/3845 4230/15533/3845 

vt -141.972 -0.0830272
vt -141.647 0.268073
v 4.62727 9.08151 -153.858
vt -143.44 2.56424
vt -143.749 2.96138
vt -144.169 2.73221
f 4233/15534/3846 4352/15535/3846 4389/15536/3847 4387/15537/3843 4232/15538/3843 

vt -135.339 -8.95926
vt -135.156 -8.51782
vt -135.584 -8.25213
vt -138.059 -6.71599
vt -138.373 -7.07586
f 4234/15539/3848 4349/15540/3848 4353/15541/3849 4352/15542/3846 4233/15543/3846 

vt -128.718 -17.0084
vt -125.21 -17.6736
vn -0.931984 0.3625 1.27936e-15
vt -125.198 -17.1958
vt -128.06 -16.6533
vt -128.555 -16.5595
f 4234/15544/3848 4235/15545/4021 4346/15546/4021 4350/15547/3851 4349/15548/3848 

vt -115.727 -23.6514
vt -112.218 -22.9862
vt -112.382 -22.5373
vt -112.877 -22.6311
vt -115.738 -23.1736
f 4235/15549/4021 4236/15550/3855 4239/15551/3855 4347/15552/3857 4346/15553/4021 

vt -118.745 10.4278
f 4306/15201/3759 4347/15554/3858 4239/15199/3758

vt -70.4232 41.4905
vt -68.3055 36.9747
vt -70.5421 43.9858
f 4330/15555/3859 4347/15556/3858 4306/15557/3759

vt -123.239 25.4556
vn -0.978762 -0.204999 -1.20781e-14
vt -123.22 22.9206
vn -0.968729 -0.248122 -5.8662e-15
vt -122.788 22.9984
f 4306/15558/4022 4328/15559/4023 4330/15560/3730

vt -118.118 24.7465
vt -118.099 27.2815
vt -118.55 24.8244
f 4328/15561/4011 4306/15562/4022 4333/15563/3732

vt -141.63 5.14155
vt -139.513 9.65729
vt -139.394 12.1527
f 4350/15564/3861 4333/15565/3862 4306/15566/3863

vt -122.738 10.6452
vt -119.863 17.4197
vt -123.234 10.7329
f 4350/15567/3861 4306/15568/3863 4349/15569/3864

vt -120.743 17.5754
f 4319/15570/3864 4349/15569/3864 4306/15568/3863

vt -121.524 10.3098
vt -119.023 17.1483
vt -119.797 17.5962
f 4349/15571/3864 4319/15572/3864 4318/15573/3865

vt -121.96 10.5622
f 4318/15573/3865 4353/15574/3866 4349/15571/3864

vt -66.8434 -1.93183
vt -67.6278 -6.85743
vt -65.5401 0.199472
f 4336/15575/3867 4353/15576/3866 4318/15577/3865

vt -114.355 27.5712
vt -115.996 25.6389
vt -115.618 25.4158
f 4318/15578/3868 4334/15579/3733 4336/15580/3735

vt -111.272 22.764
vt -109.614 24.682
vt -111.55 23.1033
f 4334/15581/3733 4318/15582/3868 4338/15583/3737

vt -141.197 27.8587
vt -136.652 29.9149
vt -134.94 31.7343
f 4389/15584/3869 4338/15585/3870 4318/15586/3871

vt -124.906 13.1807
vt -118.346 16.5168
vt -125.229 13.567
f 4389/15587/3869 4318/15588/3871 4387/15589/3872

vt -118.92 17.2024
f 4317/15590/3872 4387/15589/3872 4318/15588/3871

vt -124.262 11.9528
vt -117.951 15.5854
vt -118.256 16.4258
f 4387/15591/3872 4317/15592/3872 4316/15593/3873

vt -124.434 12.4263
f 4316/15593/3873 4386/15594/3874 4387/15591/3872

vt -89.7603 -34.8857
vt -93.3318 -38.3672
vt -87.4419 -33.9551
f 4356/15595/3875 4386/15596/3874 4316/15597/3873

vt -142.089 2.31282
vt -140.276 0.0334864
vt -139.998 0.341414
vt -142.04 2.90803
vt -142.403 2.70704
f 4389/15598/3876 4352/15599/3747 4351/15600/3747 4355/15601/3841 4387/15602/3841 

vt -147.184 13.1615
vt -146.712 13.2388
vt -146.712 16.1515
vn -0.930086 6.34246e-16 0.367342
vt -146.712 16.6552
vt -147.184 16.7326
f 4230/15603/3845 4388/15604/3845 4357/15605/4024 4358/15606/3882 4231/15607/3882 

vt -145.647 16.1515
vn -0.948131 5.97169e-16 0.31788
vt -145.647 13.2388
vt -145.238 13.3071
vt -145.238 16.5869
vt -145.647 16.6552
f 4357/15608/4025 4388/15609/3842 4385/15610/3842 4360/15611/3884 4358/15612/3884 

vt -117.298 18.6163
vt -122.32 13.2371
vt -116.862 18.3639
f 4375/15613/3828 4311/15614/3829 4374/15615/3830

vt -78.6318 -24.1997
vt -82.108 -27.7764
vt -83.0352 -30.0961
f 4375/15616/3828 4370/15617/3831 4311/15618/3829

vt -121.546 12.7892
f 4310/15619/3830 4374/15615/3830 4311/15614/3829

vt -122.783 13.9699
f 4374/15432/3830 4310/15620/3830 4309/15430/3832

vt -130.877 13.5442
vt -130.444 12.3004
vt -127.948 12.7232
vt -128.801 15.1762
vt -131.021 13.9587
f 4379/15621/3774 4301/15622/3773 4288/15623/3773 4287/15624/3775 4378/15625/3776 

vt -129.429 9.82408
vt -129.155 9.48163
vt -126.944 10.7152
vt -128.568 12.7414
vt -130.253 10.8514
f 4377/15626/3777 4378/15627/3776 4287/15628/3775 4285/15629/3778 4371/15630/3778 

vt -121.62 12.6155
vn -0.99745 0.0713698 7.90229e-16
f 4255/15413/4018 4312/15631/4026 4311/15411/3821

vt -119.863 12.3981
vt -119.87 19.6797
vn -0.99745 0.0713698 4.35016e-16
vt -120.743 12.2424
f 4312/15632/4026 4255/15633/4027 4313/15634/3807

vt -120.366 19.592
f 4254/15635/3805 4313/15634/3807 4255/15633/4027

vt -119.797 12.2389
f 4258/15356/3698 4314/15636/3698 4313/15354/3892

vt -118.346 13.3447
f 4314/15637/3698 4258/15096/3698 4266/15095/3697

vt -98.6534 57.6637
vt -94.1093 55.6075
vt -100.365 59.4831
f 4322/15638/3764 4241/15639/3765 4305/15640/3766

vt -116.223 12.5555
f 4305/15180/3766 4241/15641/3765 4240/15178/3767

usemtl TYRES
vt -34.3361 -17.5202
vt -35.4699 -22.5067
vt -34.084 -22.6651
vt -33.018 -17.9765
f 4215/15642/3462 4217/15643/3361 4193/15644/3643 4192/15645/3463 

vt -46.632 -47.3761
vt -49.0061 -51.9053
vt -47.7072 -52.4137
vt -45.4749 -48.155
f 4213/15646/3460 4215/15647/3462 4192/15648/3463 4191/15649/3464 

vt -70.3292 -63.1979
vt -74.0847 -66.6687
vt -73.0314 -67.5833
vt -69.5003 -64.3198
f 4211/15650/3458 4213/15651/3460 4191/15652/3464 4190/15653/3472 

vt -103.46 -52.2552
vt -108.381 -53.6444
vt -107.858 -54.9372
vt -103.23 -53.6311
f 4209/15654/3998 4211/15655/3458 4190/15656/3472 4189/15657/3994 

vt -127.625 -14.25
vt -132.547 -12.8609
vn -0.335542 0.942025 -7.60325e-16
vt -132.777 -14.2367
vt -128.149 -15.5429
f 4206/15658/3453 4209/15659/4028 4189/15660/3994 4188/15661/3470 

