# Alias OBJ Model File
# Exported from SketchUp, (c) 2000-2012 Trimble Navigation Limited
# File units = inches

mtllib Car 2.mtl

g Mesh1 Group1 MERCC1 Model

usemtl _CoolGray1_
v 42.507 36.5639 -6.11232
vt -0.069676 0.062789
vn 0.000378387 -0.173468 -0.984839
v 41.8415 37.3153 -6.2449
vt -0.0544142 0.0802818
vn 0.000411765 -0.173062 -0.984911
v 41.9793 37.4798 -6.27369
vt -0.0575727 0.0841126
vn 0.000362169 -0.173373 -0.984856
f 1/1/1 2/2/2 3/3/3

v 42.296 36.5267 -6.10578
vt -0.0648424 0.0619101
vn 0.000109079 -0.173595 -0.984817
vt -0.0544218 0.0802721
vt -0.0696813 0.0627773
f 4/4/4 2/5/2 1/6/1

v 42.154 35.7197 -5.9636
vt -0.061587 0.0431223
vn 0.000262123 -0.173598 -0.984816
vt -0.0648425 0.0619103
vt -0.0696815 0.0627775
f 5/7/5 4/8/4 1/9/1

vt -0.0615859 0.0431253
vt -0.0696792 0.062781
v 42.3238 35.5223 -5.92871
vt -0.0654789 0.0385285
vn 0.000426734 -0.173665 -0.984805
f 5/10/5 1/11/1 6/12/6

vt -0.0575794 0.0841083
vt -0.0544205 0.0802779
v 41.0732 37.5956 -6.29418
vt -0.0368038 0.0868027
vn 0.000108926 -0.173551 -0.984825
f 3/13/3 2/14/2 7/15/7

vt -0.0575824 0.0840971
vt -0.0368069 0.0867925
v 40.9875 37.8416 -6.3378
vt -0.034842 0.0925205
vn -2.81429e-05 -0.174592 -0.984641
f 3/16/3 7/17/7 8/18/8

g Mesh2 Group1 MERCC1 Model

v 41.1805 36.4071 -6.08485
vt 0.0372842 0.0551156
vn 0.387342 0.370176 0.844355
vt 0.0375105 0.0828953
vn 0.65299 0.153071 0.741737
v 40.9875 36.3086 -5.95314
vt 0.0319461 0.0528129
vn 0.586467 0.0402955 -0.80897
f 9/19/9 7/20/10 10/21/11

vt 0.0236014 0.0536161
vt 0.0310305 0.083293
v 40.9875 37.64 -6.18821
vt 0.0279074 0.0843167
vn 1 -2.26934e-05 -0.000128535
f 10/22/11 7/23/10 11/24/12

vt -0.0140155 0.0901959
vt -0.0183206 0.0594951
v 40.9018 37.5956 -6.29418
vt -0.0108917 0.0891722
vn 0.652854 -0.153088 -0.741853
f 11/25/12 10/26/11 12/27/13

vt -0.0231201 0.0895578
vt -0.0286848 0.0594754
v 40.7945 36.4071 -6.08485
vt -0.0233458 0.0617781
vn 0.387283 -0.370157 -0.844391
f 12/28/13 10/29/11 13/30/14

vt -0.0267054 0.0583498
vt -0.0318723 0.0556831
v 39.8211 35.7197 -5.9636
vt -0.00650072 0.0397446
vn 0.340014 -0.661674 -0.668265
f 13/31/14 10/32/11 14/33/15

v 39.8369 35.6428 -5.83582
vt -0.00632911 0.030922
vn -0.0157631 -0.147037 -0.989005
vt -0.0042567 0.033666
vt -0.0256137 0.0546811
f 15/34/16 14/35/15 10/36/11

vt -0.0076035 0.035724
vt -0.0317075 0.0545757
v 39.9068 35.5709 -5.93744
vt -0.0101671 0.0336876
vn -0.317317 0.447104 -0.836306
f 15/37/16 10/38/11 16/39/17

vt -0.010462 0.0378888
vt -0.0347249 0.0555414
v 40.9875 36.072 -6.02553
vt -0.0350869 0.0498816
vn 4.38405e-06 0.292698 -0.956205
f 16/40/17 10/41/11 17/42/18

vt -0.0329191 0.0455318
vt -0.0332811 0.0511916
v 42.0682 35.5709 -5.93744
vt -0.0575429 0.033539
vn 0.317327 0.447099 -0.836305
f 17/43/18 10/44/11 18/45/19

v 42.1382 35.6428 -5.83582
vt -0.052453 0.0149883
vn 0.0157619 -0.147041 -0.989005
vt -0.0498894 0.0129518
vt -0.02835 0.0338398
f 19/46/20 18/47/19 10/48/11

vt -0.0489296 -0.00160739
vt -0.0296462 0.0221515
vt -0.0510021 0.00113659
vn -0.29584 -0.599244 0.743899
f 19/49/20 10/50/11 5/51/21

vt 0.0391903 0.046308
vt 0.0340244 0.0436412
vt 0.0593946 0.0277023
f 9/52/9 10/53/11 5/54/21

g Mesh3 Group1 MERCC1 Model

vt -0.0328753 0.0867928
vn -0.000108926 -0.173551 -0.984825
v 39.9957 37.4798 -6.27369
vt -0.0120998 0.0840974
vn -0.000333446 -0.173427 -0.984847
vt -0.0348413 0.0925208
vn 2.81436e-05 -0.174592 -0.984641
f 12/55/22 20/56/23 8/57/24

v 40.1335 37.3153 -6.2449
vt -0.0152617 0.0802749
vn -0.000639182 -0.17283 -0.984951
vt -0.0121028 0.0841053
vt -0.0328784 0.0867997
f 21/58/25 20/59/23 12/60/22

vt -0.0121113 0.0841011
vt -0.0152697 0.0802702
v 39.6791 36.5267 -6.10578
vt -0.00484614 0.0619099
vn -0.000404481 -0.173379 -0.984855
f 20/61/23 21/62/25 22/63/26

vt -0.00483958 0.0619095
v 39.468 36.5639 -6.11232
vt -5.90557e-07 0.0627766
vn -0.000202603 -0.173551 -0.984825
vt -0.012101 0.0841019
f 22/64/26 23/65/27 20/66/23

vt -6.89136e-07 0.0627763
vt -0.00483967 0.0619091
vt -0.00809515 0.0431211
vn -0.000262123 -0.173598 -0.984816
f 23/67/27 22/68/26 14/69/28

vt -3.0159e-06 0.0627757
vt -0.00809634 0.0431201
v 39.6513 35.5223 -5.92871
vt -0.00420329 0.0385232
vn -0.000426734 -0.173665 -0.984805
f 23/70/27 14/71/28 24/72/29

g Mesh4 Group1 MERCC1 Model

vt -0.0100622 0.0396531
vn -0.000491417 -0.174285 -0.984695
v 40.4598 34.8424 -5.80878
vt -0.0227404 0.0226906
vn -0.000245708 -0.174393 -0.984676
vt -0.00420336 0.0385208
vn -0.000451485 -0.174256 -0.9847
f 16/73/30 25/74/31 24/75/32

v 40.5331 35.0442 -5.84454
vt -0.0244219 0.027389
vn -0.000265674 -0.174408 -0.984673
vt -0.0227404 0.02269
vt -0.0100624 0.0396527
f 26/76/33 25/77/31 16/78/30

vt -0.0227404 0.0226914
vt -0.0244215 0.0273905
v 41.4419 35.0442 -5.84454
vt -0.0452607 0.0273905
vn 0.000177116 -0.174439 -0.984668
f 25/79/31 26/80/33 27/81/34

v 41.2018 34.8424 -5.80878
vt -0.0397551 0.0226914
vn 2.18703e-18 -0.0847773 -0.9964
v 40.7732 34.8424 -5.80878
vt -0.0299271 0.0226914
v 41.5153 34.8424 -5.80878
vt -0.0469418 0.0226914
vn 0.000327611 -0.174357 -0.984682
f 28/82/35 29/83/35 25/79/31 27/81/34 30/84/36 

vt -0.0299271 0.0230446
vt -0.0397551 0.0230446
v 41.2447 33.8374 -5.81445
vt -0.0407375 -7.33336e-07
vn 0 0.00564105 -0.999984
v 40.7304 33.8374 -5.81445
vt -0.0289447 -7.33336e-07
f 29/85/35 28/86/35 31/87/37 32/88/37 

vt -0.0452603 0.0273955
vt -0.0596198 0.0396593
vn 0.000491417 -0.174285 -0.984695
vt -0.0469418 0.0226966
f 27/89/34 18/90/38 30/91/36

vt -0.0469418 0.0226962
vt -0.05962 0.0396587
vt -0.0654788 0.0385264
vn 0.000451485 -0.174256 -0.9847
f 30/92/36 18/93/38 6/94/39

g Mesh5 Group1 MERCC1 Model

v 41.1805 42.3411 -191.912
vt 2.0982 0.25761
vn 0.387342 0.19126 0.901879
v 41.0732 43.5474 -191.876
vt 2.09564 0.285273
vn 0.65299 -0.000523752 0.757367
v 40.9875 42.2179 -191.803
vt 2.09311 0.254785
vn 0.586467 0.203507 -0.78399
f 33/95/40 34/96/41 35/97/42

vt 3.40965 0.146308
vt 3.41217 0.176796
v 40.9875 43.5693 -191.763
vt 3.40892 0.1773
vn 1 3.84348e-06 -0.000130467
f 35/98/42 34/99/41 36/100/43

vt 3.36592 0.176278
vt 3.36665 0.145286
v 40.9018 43.5474 -191.876
vt 3.36917 0.175774
vn 0.652854 0.000531399 -0.757483
f 36/101/43 35/102/42 37/103/44

vt 2.03429 0.285811
vt 2.03176 0.255323
v 40.7945 42.3411 -191.912
vt 2.03684 0.258148
vn 0.387283 -0.191234 -0.90191
f 37/104/44 35/105/42 38/106/45

vt 1.22967 1.64455
vt 1.22471 1.64153
v 39.8211 41.6434 -191.933
vt 1.25114 1.62742
vn 0.340014 -0.512411 -0.788559
f 38/107/45 35/108/42 39/109/46

v 39.8369 41.5422 -191.823
vt 2.18229 2.50591
vn -0.0157631 0.0565754 -0.998274
vt 2.18389 2.50896
vt 2.15941 2.52623
f 40/110/47 39/111/46 35/112/42

vt -2.51622 -2.34296
vt -2.53728 -2.32076
v 39.9068 41.4924 -191.937
vt -2.51905 -2.3446
vn -0.317317 0.607407 -0.728263
f 40/113/47 35/114/42 41/115/48

vt -1.02004 -1.79246
vt -1.04339 -1.77361
v 40.9875 42.001 -191.922
vt -1.04404 -1.77925
vn 4.38405e-06 0.480523 -0.876982
f 41/116/48 35/117/42 42/118/49

vt 0.976376 -1.78699
vt 0.975731 -1.78136
v 42.0682 41.4924 -191.937
vt 0.952384 -1.8002
vn 0.317327 0.607401 -0.728263
f 42/119/49 35/120/42 43/121/50

v 42.1382 41.5422 -191.823
vt 2.45991 -2.37227
vn 0.0157619 0.0565722 -0.998274
vt 2.46274 -2.3739
vt 2.48097 -2.35007
f 44/122/51 43/123/50 35/124/42

vt -2.24215 2.48273
vt -2.21927 2.50305
v 42.154 41.6434 -191.933
vt -2.24375 2.48577
vn -0.29584 -0.737647 0.606923
f 44/125/51 35/126/42 45/127/52

vt 1.2964 1.63733
vt 1.29143 1.63431
vt 1.31787 1.6202
f 33/128/40 35/129/42 45/130/52

g Mesh6 Group1 MERCC1 Model

v 41.9793 43.4299 -191.879
vt -0.0565321 0.0883477
vn 0.000362169 0.0299457 -0.999551
v 41.8415 43.2629 -191.885
vt -0.0533729 0.0845174
vn 0.000411765 0.0302612 -0.999542
vt -0.0357566 0.0910432
vn 0.000108926 0.0297648 -0.999557
f 46/131/53 47/132/54 34/133/55

v 42.507 42.5002 -191.907
vt -0.0659738 0.0692145
vn 0.000378387 0.0298491 -0.999554
vt -0.0507151 0.08671
vt -0.0538743 0.0905402
f 48/134/56 47/135/54 46/136/53

v 42.296 42.4624 -191.908
vt -0.0643282 0.0711355
vn 0.000109079 0.0297199 -0.999558
vt -0.053908 0.0894977
vt -0.0691672 0.0720025
f 49/137/57 47/138/54 48/139/56

vt -0.0611711 0.0517961
vn 0.000262123 0.0297167 -0.999558
vt -0.0644269 0.0705841
vt -0.0692659 0.0714511
f 45/140/58 49/141/57 48/142/56

vt -0.0597654 0.0523746
vt -0.0678605 0.0720296
v 42.3238 41.443 -191.939
vt -0.0636581 0.0477774
vn 0.000426734 0.0296489 -0.99956
f 45/143/58 48/144/56 50/145/59

vt -0.0577022 0.0973735
vt -0.0369267 0.100069
v 40.9875 43.7971 -191.869
vt -0.0349617 0.105797
vn -2.81429e-05 0.0287087 -0.999588
f 46/146/53 34/147/55 51/148/60

g Mesh7 Group1 MERCC1 Model

v 40.5331 40.9578 -191.953
vt -0.0266903 0.0394644
vn -0.000265674 0.028895 -0.999582
v 40.4598 40.753 -191.959
vt -0.0250093 0.0347653
vn -0.000245708 0.0289099 -0.999582
vt -0.0123295 0.0517266
vn -0.000491417 0.0290199 -0.999579
f 52/149/61 53/150/62 41/151/63

vt -0.0227404 0.0355768
vt -0.0244215 0.0402759
v 41.4419 40.9578 -191.953
vt -0.0452607 0.0402759
vn 0.000177116 0.0288634 -0.999583
f 53/152/62 52/153/61 54/154/64

v 41.2018 40.753 -191.959
vt -0.0397551 0.0355768
vn 5.36388e-19 0.0288 -0.999585
v 40.7732 40.753 -191.959
vt -0.0299271 0.0355768
v 41.5153 40.753 -191.959
vt -0.0469418 0.0355768
vn 0.000327611 0.0289466 -0.999581
f 55/155/65 56/156/65 53/152/62 54/154/64 57/157/66 

vt -0.0429918 0.0394633
vt -0.0573527 0.0517255
vn 0.000491417 0.0290199 -0.999579
vt -0.0446729 0.0347642
f 54/158/64 43/159/67 57/160/66

vt -0.0450139 0.0345093
vt -0.0576937 0.0514706
vt -0.0635524 0.0503378
vn 0.000451485 0.0290497 -0.999578
f 57/161/66 43/162/67 50/163/68

vt -0.0119885 0.0514716
vt -0.0246683 0.0345102
v 39.6513 41.443 -191.939
vt -0.00612979 0.0503387
vn -0.000451485 0.0290497 -0.999578
f 41/164/63 53/165/62 58/166/69

g Mesh8 Group1 MERCC1 Model

vt -0.0327555 0.100069
vn -0.000108926 0.0297647 -0.999557
v 39.9957 43.4299 -191.879
vt -0.01198 0.0973734
vn -0.000333446 0.0298911 -0.999553
vt -0.0347215 0.105797
vn 2.81436e-05 0.0287087 -0.999588
f 37/167/70 59/168/71 51/169/72

v 40.1335 43.2629 -191.885
vt -0.0163093 0.084518
vn -0.000639182 0.0304967 -0.999535
vt -0.0131501 0.0883482
vt -0.0339256 0.0910437
f 60/170/73 59/171/71 37/172/70

vt -0.0165067 0.0911189
vt -0.0196659 0.0872887
v 39.6791 42.4624 -191.908
vt -0.00924628 0.0689261
vn -0.000404481 0.0299397 -0.999552
f 59/173/71 60/174/73 61/175/74

vt -0.00519574 0.0702518
v 39.468 42.5002 -191.907
vt -0.000356737 0.0711189
vn -0.000202603 0.0297652 -0.999557
vt -0.0124568 0.0924443
f 61/176/74 62/177/75 59/178/71

vt -0.00041628 0.0714513
vt -0.00525528 0.0705843
vt -0.00851114 0.0517963
vn -0.000262123 0.0297167 -0.999558
f 62/179/75 61/180/74 39/181/76

vt -0.00182173 0.0720305
vt -0.00991678 0.0523755
vt -0.00602414 0.0477783
vn -0.000426734 0.0296489 -0.99956
f 62/182/75 39/183/76 58/184/77

g Mesh9 Group3 half_1_1 Group2 Group_67_1 MERCC1 Model

usemtl _Cobalt_
v 16.3186 15.3224 -5.17762
vt 0.113566 0.0624087
vn -0.211712 -0.464639 0.859819
v 18.7193 15.3683 -4.564
vt 0.0567511 0.0636084
vn -0.199105 -0.446087 0.872561
v 16.5311 16.183 -4.63988
vt 0.105901 0.0849123
vn -0.208815 -0.483383 0.85014
f 63/185/78 64/186/79 65/187/80

vt 0.113549 0.0634047
v 16.5369 14.4101 -5.57493
vt 0.110866 0.040201
vn -0.199563 -0.422179 0.884273
vt 0.0567336 0.0645716
f 63/188/78 66/189/81 64/190/79

v 14.2578 14.2681 -5.73237
vt 0.161697 0.0280834
vn 0.257746 0.461419 -0.848916
vt 0.109335 0.0316473
vn -0.0866432 0.886381 0.454776
vt 0.113959 0.0545431
vn 0.495839 -0.82231 -0.279195
f 67/191/82 66/192/83 63/193/84

vt -0.161506 0.0231519
vt -0.109159 0.0269357
v 16.2638 13.6857 -6.01279
vt -0.11574 0.00763314
vn 0.0427939 0.549247 -0.834564
f 67/194/82 66/195/83 68/196/85

vt -0.110756 0.0412743
v 18.0783 12.5368 -6.09784
vt -0.0797814 -0.00645922
vn -0.115291 -0.46436 0.87811
vt -0.119426 0.0228157
vn 0.23546 0.436166 -0.868515
f 66/197/81 69/198/86 68/199/87

vt 0.0566792 0.0647835
vt 0.110852 0.0405027
vt 0.0794765 -0.00696797
f 64/200/79 66/201/81 69/202/86

v 20.2699 14.5805 -4.69266
vt 0.0230417 0.0424249
vn -0.125329 -0.497304 0.858476
vt 0.0575775 0.0625827
vt 0.0780384 -0.00986959
f 70/203/88 64/204/79 69/205/86

v 20.487 12.9176 -5.61854
vt 0.0204047 -0.00331875
vn -0.076162 -0.492627 0.866901
vt 0.0230579 0.0405249
vt 0.076499 -0.0133583
f 71/206/89 70/207/88 69/208/86

vt 0.0230192 0.0401169
vt 0.0194746 -0.00366369
v 21.1316 13.337 -5.33811
vt 0.00429726 0.00737762
vn -0.258707 -0.511994 0.819105
f 70/209/88 71/210/89 72/211/90

vt 0.0229257 0.0403695
vt 0.00720014 0.00609009
v 21.2036 13.8903 -4.94081
vt 0.00345445 0.0213429
vn -0.3561 -0.514013 0.780374
f 70/212/88 72/213/90 73/214/91

vt 0.00612907 0.0247105
vt 0.0126789 0.0104354
v 21.2675 13.6988 -5.01669
vt 0.00591736 0.0197698
vn -0.506654 -0.458388 0.730193
f 73/215/91 72/216/90 74/217/92

v 15.5027 13.0144 -6.5562
vt -0.139529 0.00570786
vn -0.214586 -0.465033 0.858893
vt -0.119426 0.0228134
vt -0.0797804 -0.00646039
f 75/218/93 68/219/87 69/220/86

vt -0.162231 0.023163
vt -0.116811 0.00665782
vt -0.135108 -0.0123675
vn 0.0975505 0.612385 -0.784518
f 67/221/82 68/222/85 75/223/94

vt -0.162931 0.0320239
vt -0.13819 -0.00520506
v 14.5989 12.8041 -6.89506
vt -0.159965 -0.0114511
vn 0.202616 0.637517 -0.743316
f 67/224/82 75/225/94 76/226/95

vt 0.139308 0.00398722
vt 0.161297 -0.00145583
vn 0.583067 -0.767081 -0.267617
v 14.8057 12.5725 -6.96833
vt 0.157103 -0.00744849
vn -0.235074 -0.438345 0.867522
f 75/227/93 76/228/96 77/229/97

vt -0.157112 -0.00740042
v 12.966 13.1768 -7.10266
vt -0.198781 0.00823459
vn 0.306568 0.389651 -0.86844
v 13.0963 13.3283 -6.98883
vt -0.19525 0.0121498
vn 0.423632 0.499482 -0.755681
vt -0.161305 -0.0014068
f 77/230/97 78/231/98 79/232/99 76/233/96 

v 12.3159 13.9602 -7.11705
vt -0.211057 0.0409097
vn 0.634896 0.443023 -0.632959
vt -0.193552 0.0256643
vt -0.197353 0.02201
f 80/234/100 79/235/99 78/236/98

vt -0.168409 0.111009
v 12.5124 14.017 -6.76379
vt -0.15921 0.112742
vn 0.662629 0.649932 -0.372172
vt -0.155472 0.0917347
f 80/237/100 81/238/101 79/239/99

vt -0.157375 0.0738032
v 12.317 15.0843 -6.45109
vt -0.144354 0.100785
vn -0.686692 -0.0400753 0.725843
vt -0.148114 0.0751671
f 80/240/100 82/241/102 81/242/101

vt 0.161138 0.0721891
v 12.5135 15.0064 -6.23216
vt 0.15139 0.0960275
vn -0.72717 -0.138882 0.672262
vt 0.158111 0.0979042
f 81/243/101 83/244/103 82/245/102

vt -0.155208 0.0572005
vt -0.201612 0.0508199
vn 0.388886 0.493212 -0.778145
vt -0.19602 0.0759599
vn 0.400718 0.383401 -0.832123
f 67/246/82 81/247/104 83/248/105

vt -0.156315 0.0585199
vt -0.192846 0.0326534
vn 0.316029 0.596156 -0.738054
vt -0.202643 0.0516086
f 67/249/82 79/250/106 81/251/104

vt -0.16005 0.0500816
vt -0.161954 0.00654721
vt -0.195016 0.022135
f 67/252/82 76/253/95 79/254/106

vt -0.157513 0.0513723
vt -0.198681 0.0693375
v 12.7786 15.3741 -5.96918
vt -0.190659 0.0782835
vn 0.358309 0.289136 -0.887702
f 67/255/82 83/256/105 84/257/107

vt 0.177497 0.0641191
vt 0.168958 0.0725733
vn -0.574814 0.0748864 0.81485
v 12.613 15.5022 -6.09784
vt 0.173763 0.0755208
vn -0.579523 -0.0581595 0.812878
f 83/258/103 84/259/108 85/260/109

v 13.8756 15.8175 -5.45805
vt 0.157275 0.0585111
vn -0.608665 0.197987 0.768328
vt 0.18969 0.0510963
vt 0.184927 0.0480813
f 86/261/110 85/262/109 84/263/108

vt 0.164663 0.0861214
v 13.8311 16.0053 -5.40222
vt 0.165124 0.090706
vn -0.348978 -0.504793 0.789556
vt 0.197012 0.0784276
f 86/264/110 87/265/111 85/266/109

vt -0.170506 0.0814848
v 15.3587 15.8998 -5.08996
vt -0.134763 0.0789267
vn -0.200875 -0.626177 0.75336
vt -0.169796 0.0769321
f 87/267/111 88/268/112 86/269/110

vt 0.170201 0.0800224
vt 0.134475 0.0772473
vt 0.105912 0.0846942
f 87/270/111 88/271/112 65/272/80

vt 0.134409 0.0776656
vt 0.113529 0.0625746
vt 0.105834 0.085068
f 88/273/112 63/274/78 65/275/80

vt -0.162632 0.0346872
vt -0.136006 0.0739937
vn 0.161016 0.265598 -0.950543
vt -0.114321 0.0600847
f 67/276/82 88/277/113 63/278/84

vt -0.162593 0.0410861
vt -0.169683 0.0775303
vn 0.275749 0.233125 -0.932532
vt -0.134647 0.079466
f 67/279/82 86/280/114 88/281/113

vt -0.160337 0.0455538
vt -0.194095 0.0716928
vt -0.166462 0.0821725
f 67/282/82 84/283/107 86/284/114

vt 0.157779 0.0716218
vt 0.168343 0.0620348
vt 0.161597 0.060248
f 85/285/109 82/286/102 83/287/103

vt 0.139533 0.00570871
vt 0.157433 -0.00556095
vt 0.0797861 -0.0064696
f 75/288/93 77/289/97 69/290/86

g Mesh10 Group4 half_1_1 Group2 Group_67_1 MERCC1 Model

usemtl _PaleTurquoise_1
v 20.3385 30.6278 -10.3801
vt 0.114055 0.150735
vn -0.22377 0.738251 0.636328
v 19.1064 30.4626 -10.6662
vt 0.142766 0.145145
vn -0.150582 0.767217 0.623461
v 20.1137 28.2546 -7.70581
vt 0.0966676 0.0704507
vn -0.275336 0.635827 0.721051
f 89/291/115 90/292/116 91/293/117

vt 0.117791 0.169046
v 17.9607 30.4131 -10.7041
vt 0.144034 0.16719
vn -0.256054 0.617328 0.74387
vt 0.0887532 0.0862139
f 90/294/116 92/295/118 91/296/117

vt 0.177854 0.128383
v 18.4489 27.6935 -8.60291
vt 0.139918 0.0584101
vn -0.351803 0.488233 0.798663
vt 0.0970528 0.0728467
f 92/297/118 93/298/119 91/299/117

vt 0.157476 0.160453
v 17.3752 27.7279 -8.88072
vt 0.160968 0.0849081
vn -0.13877 0.569544 0.810162
vt 0.135546 0.0839387
f 92/300/118 94/301/120 93/302/119

vt 0.162522 0.0808981
vt 0.160895 0.156506
v 17.0103 30.9605 -11.3762
vt 0.186043 0.17192
vn -0.136464 0.637233 0.758493
f 94/303/120 92/304/118 95/305/121

vt 0.164864 0.19299
v 14.8411 30.0174 -10.8084
vt 0.213563 0.165801
vn -0.155399 0.659054 0.735866
vt 0.152497 0.0997955
f 95/306/121 96/307/122 94/308/120

vt 0.17812 0.177214
v 16.1962 31.9799 -12.5943
vt 0.201701 0.210661
vn -0.154329 0.721166 0.675353
vt 0.224524 0.146269
f 95/309/121 97/310/123 96/311/122

vt 0.210165 0.199295
v 15.0451 32.836 -13.8385
vt 0.243026 0.227864
vn -0.183423 0.725909 0.662882
vt 0.229624 0.133808
f 97/312/123 98/313/124 96/314/122

vt 0.245367 0.224742
v 13.3749 33.3406 -14.87
vt 0.288697 0.241547
vn -0.179481 0.729921 0.659546
vt 0.230727 0.13087
f 98/315/124 99/316/125 96/317/122

vt 0.229061 0.134904
vt 0.284845 0.246699
v 11.7996 30.1264 -11.7124
vt 0.301767 0.138571
vn -0.381037 0.629701 0.676969
f 96/318/122 99/319/125 100/320/126

vt 0.286847 0.243729
v 11.8388 33.2823 -15.2232
vt 0.322959 0.241765
vn -0.300672 0.710946 0.635729
vt 0.302673 0.135435
f 99/321/125 101/322/127 100/323/126

vt 0.351548 0.166934
v 9.84694 31.8386 -14.9807
vt 0.385966 0.1219
vn -0.525307 0.583363 0.619468
vt 0.306534 0.0684905
f 101/324/127 102/325/128 100/326/126

vt 0.378809 0.114157
v 9.22255 30.1029 -14.2742
vt 0.377466 0.0688853
vn -0.598763 0.501771 0.624266
vt 0.294147 0.0694973
f 102/327/128 103/328/129 100/329/126

vt 0.294148 0.0696133
vt 0.377467 0.0690016
v 11.692 27.3498 -9.69408
vt 0.263151 -0.00277883
vn -0.453123 0.506533 0.733556
f 100/330/126 103/331/129 104/332/130

vt 0.382985 0.0698908
v 9.19486 29.1396 -13.453
vt 0.371053 0.0434241
vn -0.558293 0.541376 0.628667
vt 0.271188 -0.00575282
f 103/333/129 105/334/131 104/335/130

vt 0.369895 0.0437824
v 9.26472 28.0002 -12.4277
vt 0.352978 0.0129324
vn -0.57581 0.516124 0.634081
vt 0.26968 -0.00467763
f 105/336/131 106/337/132 104/338/130

vt 0.352012 0.0162481
v 10.1863 26.3826 -10.3156
vt 0.303715 -0.0265901
vn -0.569231 0.439367 0.694934
vt 0.268634 -0.000976794
f 106/339/132 107/340/133 104/341/130

v 11.2976 25.3064 -8.95704
vt 0.276989 -0.021618
vn -0.380502 0.427217 0.820185
vt 0.279726 0.0289298
vt 0.315976 0.00500032
v 10.348 26.2264 -10.1193
vt 0.310323 0.00114662
vn -0.549476 0.375268 0.746492
f 108/342/134 104/343/130 107/344/133 109/345/135 

vt 0.292991 0.0684234
vt 0.29717 0.0179743
v 14.6458 27.2028 -8.81094
vt 0.222313 0.0647958
vn -0.177589 0.508548 0.842521
f 104/346/130 108/347/134 110/348/136

vt 0.294628 -0.00287169
v 13.4569 24.5317 -7.54663
vt 0.236486 -0.0236614
vn -0.239908 0.500507 0.831828
vt 0.222477 0.0480218
f 108/349/134 111/350/137 110/351/136

vt 0.241603 0.00427917
v 15.614 24.6781 -7.25704
vt 0.191732 0.00809718
vn -0.139006 0.479857 0.866265
vt 0.219637 0.0739371
f 111/352/137 112/353/138 110/354/136

vt 0.191553 0.0101213
v 17.1156 25.3159 -7.38875
vt 0.157945 0.0268259
vn -0.141329 0.516377 0.844619
vt 0.218774 0.0762474
f 112/355/138 113/356/139 110/357/136

vt 0.156744 0.0315645
vt 0.154069 0.0968128
vt 0.216219 0.0826084
f 113/358/139 94/359/120 110/360/136

vt 0.135648 0.0842698
vt 0.161072 0.0852021
vt 0.158939 0.0199338
f 93/361/119 94/362/120 113/363/139

v 18.5851 25.3058 -7.10527
vt 0.124216 0.0236506
vn -0.350218 0.41859 0.837932
vt 0.133653 0.0876616
vt 0.158532 0.023923
f 114/364/140 93/365/119 113/366/139

vt 0.141077 0.064895
vt 0.120595 0.00351967
v 20.8813 26.3654 -6.34032
vt 0.0664835 0.0307562
vn -0.281811 0.383879 0.879329
f 93/367/119 114/368/140 115/369/141

vt 0.123257 0.0142944
v 20.3274 24.4225 -6.00974
vt 0.0763978 -0.006714
vn -0.346036 0.252399 0.903634
vt 0.0681696 0.0394979
f 114/370/140 116/371/142 115/372/141

vt 0.0693489 0.0427049
vt 0.0793571 -0.00315446
v 21.7792 24.4225 -5.57754
vt 0.0446263 -0.00315446
vn -0.17617 0.288126 0.941248
f 115/373/141 116/374/142 117/375/143

vt 0.0683019 0.0460747
vt 0.0464224 -0.0012072
v 23.0923 25.1666 -5.74109
vt 0.0166938 0.0169008
vn -0.0339054 0.395892 0.917671
f 115/376/141 117/377/143 118/378/144

vt 0.0164305 0.016946
v 23.73 26.3251 -6.33683
vt 0.00172785 0.046776
vn -0.0392546 0.419604 0.906858
v 21.9838 28.149 -7.25617
vt 0.0416403 0.0937181
vn -0.0798917 0.555279 0.827818
vt 0.0670452 0.0478112
f 118/379/144 119/380/145 120/381/146 115/382/141 

vt 0.00340027 0.0468744
v 23.7577 26.8113 -6.53875
vt 0.00318621 0.0589613
vn -0.0836496 0.383337 0.919813
v 23.7677 26.9941 -6.61159
vt 0.0031094 0.0634786
vn -0.0826495 0.384964 0.919223
vt 0.0451829 0.09216
f 119/383/145 121/384/147 122/385/148 120/386/146 

vt 0.0451122 0.0921921
vt 0.00306131 0.0634776
v 23.8098 27.7315 -6.91818
vt 0.00272148 0.081812
vn -0.0386723 0.52111 0.852613
f 120/387/146 122/388/148 123/389/149

vt 0.0416045 0.0903749
vt -0.00021048 0.0778758
v 23.2509 29.1382 -8.09527
vt 0.0124204 0.119989
vn -0.0479052 0.681123 0.7306
f 120/390/146 123/391/149 124/392/150

vt 0.0210109 0.115089
v 21.9766 30.2965 -9.47995
vt 0.0545049 0.153107
vn -0.142977 0.724218 0.674586
vt 0.0469841 0.0826229
f 124/393/150 125/394/151 120/395/146

vt 0.0480849 0.0815405
vt 0.0573795 0.151813
vt 0.0921201 0.0849941
f 120/396/146 125/397/151 91/398/117

vt 0.0670134 0.144309
vt 0.109044 0.155621
vt 0.0955078 0.0745977
f 125/399/151 89/400/115 91/401/117

vt 0.069292 0.0397075
vt 0.0487267 0.0879768
vt 0.0928046 0.0908329
f 115/402/141 120/403/146 91/404/117

vt 0.0974811 0.079848
vt 0.140589 0.0661516
vt 0.0652314 0.033733
f 91/405/117 93/406/119 115/407/141

vt 0.217763 0.160308
vt 0.217096 0.0810467
vt 0.155082 0.0958336
f 96/408/122 110/409/136 94/410/120

vt 0.292722 0.0667843
vt 0.22207 0.0626642
vt 0.229377 0.14159
f 104/411/130 110/412/136 96/413/122

vt 0.302584 0.143543
vt 0.292869 0.0653959
vt 0.229849 0.140476
f 100/414/126 104/415/130 96/416/122

g Mesh11 wheel_3_1 half_1_1 Group2 Group_67_1 MERCC1 Model

usemtl TYRES
v 6.46854 26.0104 -27.6606
vt 0.182782 0.304012
vn 0 0.923878 0.382687
v 13.8397 26.0104 -27.6606
vt 0.013766 0.304012
v 13.8397 27.0395 -32.8351
vt 0.013766 0.424983
vn 0 1 -0
v 6.46854 27.0395 -32.8351
vt 0.182782 0.424983
f 126/417/152 127/418/152 128/419/153 129/420/153 

v 6.46854 23.0798 -23.2751
vt 0.182782 0.36953
vn 0 0.707022 0.707192
v 13.8397 23.0798 -23.2751
vt 0.013766 0.36953
vt 0.013766 0.490474
vt 0.182782 0.490474
f 130/421/154 131/422/154 127/423/152 126/424/152 

v 6.46854 18.6935 -20.3455
vt 0.182782 0.369562
vn 0 0.382711 0.923868
v 13.8397 18.6935 -20.3455
vt 0.013766 0.369562
vt 0.013766 0.490508
vt 0.182782 0.490508
f 132/425/155 133/426/155 131/427/154 130/428/154 

v 6.46854 13.5199 -19.315
vt 0.182782 0.304033
vn 0 7.63848e-06 1
v 13.8397 13.5199 -19.315
vt 0.013766 0.304033
vt 0.013766 0.424989
vt 0.182782 0.424989
f 134/429/156 135/430/156 133/431/155 132/432/155 

v 6.46854 8.34599 -20.3455
vt 0.182782 0.183068
vn -0 -0.382704 0.923871
v 13.8397 8.34599 -20.3455
vt 0.013766 0.183068
vt 0.013766 0.304034
vt 0.182782 0.304034
f 136/433/157 137/434/157 135/435/156 134/436/156 

v 6.46854 3.95967 -23.2751
vt 0.182782 0.0250687
vn -0 -0.707022 0.707192
v 13.8397 3.95967 -23.2751
vt 0.013766 0.0250687
vn 0.649427 -0.537645 0.537757
vt 0.013766 0.146015
vt 0.182782 0.146015
f 138/437/158 139/438/159 137/439/157 136/440/157 

v 6.46854 1.02903 -27.6606
vt 0.182782 -0.145995
vn -0 -0.923878 0.382687
v 13.8397 1.02903 -27.6606
vt 0.013766 -0.145995
vn 0.649429 -0.70254 0.290999
vt 0.013766 -0.0250509
vt 0.182782 -0.0250509
f 140/441/160 141/442/161 139/443/159 138/444/158 

v 6.46854 -5.04871e-29 -32.8351
vt 0.182782 -0.304053
vn 0 -1 -1.41495e-17
v 13.8397 -5.04871e-29 -32.8351
vt 0.013766 -0.304053
vt 0.013766 -0.183083
vt 0.182782 -0.183083
f 142/445/162 143/446/162 141/447/161 140/448/160 

v 6.46854 1.02903 -38.0095
vt -0.182782 0.425023
vn 0 -0.923878 -0.382687
v 13.8397 1.02903 -38.0095
vt -0.013766 0.425023
vt -0.013766 0.304053
vt -0.182782 0.304053
f 144/449/163 145/450/163 143/451/162 142/452/162 

v 6.46854 3.95967 -42.395
vt -0.182782 0.490455
vn 0 -0.707143 -0.70707
v 13.8397 3.95967 -42.395
vt -0.013766 0.490455
vt -0.013766 0.36951
vt -0.182782 0.36951
f 146/453/164 147/454/164 145/455/163 144/456/163 

v 6.46854 8.34599 -45.3269
vt -0.182782 0.49054
vn 0 -0.382675 -0.923883
v 13.8397 8.34599 -45.3269
vt -0.013766 0.49054
vt -0.013766 0.369566
vt -0.182782 0.369566
f 148/457/165 149/458/165 147/459/164 146/460/164 

v 6.46854 13.5199 -46.3551
vt -0.182782 0.424913
vn 0 7.62355e-06 -1
v 13.8397 13.5199 -46.3551
vt -0.013766 0.424913
vt -0.013766 0.303957
vt -0.182782 0.303957
f 150/461/166 151/462/166 149/463/165 148/464/165 

v 6.46854 18.6935 -45.3269
vt -0.182782 0.30414
vn 0 0.382682 -0.92388
v 13.8397 18.6935 -45.3269
vt -0.013766 0.30414
vt -0.013766 0.183194
vt -0.182782 0.183194
f 152/465/167 153/466/167 151/467/166 150/468/166 

v 6.46854 23.0798 -42.395
vt -0.182782 0.145893
vn 0 0.707143 -0.70707
v 13.8397 23.0798 -42.395
vt -0.013766 0.145893
vt -0.013766 0.0249187
vt -0.182782 0.0249187
f 154/469/168 155/470/168 153/471/167 152/472/167 

v 6.46854 26.0104 -38.0095
vt -0.182782 -0.0250311
vn 0 0.923878 -0.382687
v 13.8397 26.0104 -38.0095
vt -0.013766 -0.0250311
vt -0.013766 -0.145975
vt -0.182782 -0.145975
f 156/473/169 157/474/169 155/475/168 154/476/168 

vt -0.182782 -0.183123
vt -0.013766 -0.183123
vt -0.013766 -0.304094
vt -0.182782 -0.304094
f 129/477/153 128/478/153 157/479/169 156/480/169 

usemtl _6
vt -0.596437 0.428631
vn 1 0 -0
vt -0.529212 0.529207
vt -0.428654 0.596405
vt -0.310007 0.62
vt -0.19136 0.596405
vt -0.090802 0.529207
vt -0.023627 0.428631
vt 0 0.310005
vt -0.023627 0.191369
vt -0.090802 0.090793
vt -0.19136 0.023595
vt -0.310007 0
vt -0.428654 0.023595
vt -0.529212 0.090793
vt -0.596437 0.191369
vt -0.620014 0.310005
f 153/481/170 155/482/170 157/483/170 128/484/170 127/485/170 131/486/170 133/487/170 135/488/170 137/489/170 139/490/159 141/491/161 143/492/170 145/493/170 147/494/170 149/495/170 151/496/170 

usemtl TYRES
vt -0.464034 0.420209
vn 0.823746 0.400914 -0.400888
v 14.44 22.4629 -41.779
vt -0.444896 0.405282
v 14.44 18.3597 -44.5203
vt -0.499187 0.306006
vn 0.823872 0.216894 -0.523634
vt -0.522099 0.31408
f 155/497/171 158/498/171 159/499/172 153/500/172 

vt -0.404376 0.455738
vn 0.823746 0.523807 -0.216952
v 14.44 25.2047 -37.6749
vt -0.392227 0.434711
vt -0.479904 0.363153
vt -0.498065 0.379255
f 157/501/173 160/502/173 158/503/171 155/504/171 

vt -0.30901 0.496237
vn 0.823746 0.566959 6.98286e-18
v 14.44 26.1672 -32.8351
vt -0.307143 0.472029
vt -0.417093 0.445315
vt -0.426561 0.467678
f 128/505/174 161/506/174 160/507/173 157/508/173 

vt -0.187725 0.515049
vn 0.823843 0.523675 0.216904
v 14.44 25.2047 -27.9952
vt -0.197193 0.492687
vt -0.307143 0.519401
vt -0.305276 0.543608
f 127/509/175 162/510/175 161/511/174 128/512/174 

vt -0.0796079 0.486878
vn 0.823837 0.400776 0.400838
v 14.44 22.4629 -23.8933
vt -0.0978145 0.470784
vt -0.185451 0.542326
vt -0.173304 0.563354
f 131/513/176 163/514/176 162/515/175 127/516/175 

vt -0.0134699 0.413811
vn 0.823701 0.216999 0.523859
v 14.44 18.3597 -21.1499
vt -0.0363388 0.405729
vt -0.0906726 0.505012
vt -0.0714909 0.519931
f 133/517/177 164/518/177 163/519/176 131/520/176 

vt 0.0078066 0.309321
vn 0.823654 4.46719e-06 0.567093
v 14.44 13.5199 -20.1881
vt -0.0164896 0.309323
vt -0.0346528 0.420998
vt -0.0116539 0.428702
f 135/521/178 165/522/178 164/523/177 133/524/177 

vt -0.0116538 0.187389
vn 0.823701 -0.216995 0.523861
v 14.44 8.6798 -21.1499
vt -0.0346527 0.195094
vt -0.0164895 0.306778
vt 0.00780661 0.306779
f 137/525/179 166/526/179 165/527/178 135/528/178 

vt -0.0714909 0.0676461
v 14.44 4.57652 -23.8933
vt -0.0906726 0.0825651
vn 0.823837 -0.400776 0.400838
vt -0.0363388 0.181848
vt -0.0134699 0.173767
f 139/529/159 167/530/180 166/531/179 137/532/179 

vt -0.173304 -0.0185554
v 14.44 1.8348 -27.9952
vt -0.185451 0.00247286
vn 0.823843 -0.523675 0.216904
vt -0.0978145 0.0740146
vt -0.0796079 0.0579202
f 141/533/161 168/534/181 167/535/180 139/536/159 

vt -0.305276 -0.0313697
vn 0.823746 -0.566959 -0
v 14.44 0.872241 -32.8351
vt -0.307143 -0.0071619
vt -0.197193 0.0195519
vt -0.187725 -0.00281062
f 143/537/182 169/538/182 168/539/181 141/540/161 

vt -0.426561 0.0445608
vn 0.823746 -0.523807 -0.216952
v 14.44 1.8348 -37.6749
vt -0.417093 0.0669234
vt -0.307143 0.0402096
vt -0.30901 0.0160018
f 145/541/183 170/542/183 169/543/182 143/544/182 

vt -0.498065 0.165455
vn 0.823746 -0.400914 -0.400888
v 14.44 4.57652 -41.779
vt -0.479904 0.181557
vt -0.392227 0.109999
vt -0.404376 0.0889716
f 147/545/184 171/546/184 170/547/183 145/548/183 

vt -0.522099 0.273496
vn 0.823872 -0.21689 -0.523635
v 14.44 8.6798 -44.5203
vt -0.499187 0.28157
vt -0.444896 0.182295
vt -0.464034 0.167367
f 149/549/185 172/550/185 171/551/184 147/552/184 

vt -0.518675 0.346099
vn 0.823973 4.45847e-06 -0.56663
v 14.44 13.5199 -45.482
vt -0.494378 0.346099
vt -0.476208 0.234416
vt -0.499248 0.226713
f 151/553/186 173/554/186 172/555/185 149/556/185 

vt -0.499248 0.38939
vt -0.476209 0.381688
vt -0.494379 0.270014
vt -0.518675 0.270014
f 153/557/172 159/558/172 173/559/186 151/560/186 

vt -0.577942 0.420977
v 14.44 17.1916 -41.6992
vt -0.513257 0.394195
v 14.44 13.5199 -42.4305
vt -0.530025 0.310005
vt -0.599994 0.310005
f 159/561/170 174/562/170 175/563/170 173/564/170 

vt -0.515086 0.515063
v 14.44 20.3042 -39.6206
vt -0.465595 0.465565
f 158/565/170 176/566/170 174/562/170 159/561/170 

vt -0.420982 0.577929
v 14.44 22.3841 -36.507
vt -0.394203 0.513256
f 160/567/170 177/568/170 176/566/170 158/565/170 

vt -0.310007 0.6
v 14.44 23.1144 -32.8351
vt -0.310007 0.530001
f 161/569/170 178/570/170 177/568/170 160/567/170 

vt -0.199032 0.577929
v 14.44 22.3841 -29.1631
vt -0.225811 0.513256
f 162/571/170 179/572/170 178/570/170 161/569/170 

vt -0.104978 0.515063
v 14.44 20.3042 -26.0518
vt -0.15447 0.465565
f 163/573/170 180/574/170 179/572/170 162/571/170 

vt -0.042072 0.420977
v 14.44 17.1916 -23.9709
vt -0.106757 0.394195
f 164/575/170 181/576/170 180/574/170 163/573/170 

vt -0.02002 0.310005
v 14.44 13.5199 -23.2418
vt -0.090039 0.310005
f 165/577/170 182/578/170 181/576/170 164/575/170 

vt -0.042072 0.199023
v 14.44 9.84783 -23.9709
vt -0.106757 0.225805
f 166/579/170 183/580/170 182/578/170 165/577/170 

vt -0.104978 0.104937
v 14.44 6.73523 -26.0518
vt -0.15447 0.154435
f 167/581/170 184/582/170 183/580/170 166/579/170 

vt -0.199032 0.042071
v 14.44 4.65532 -29.1631
vt -0.225811 0.106744
f 168/583/170 185/584/170 184/582/170 167/581/170 

vt -0.310007 0.02
v 14.44 3.92504 -32.8351
vt -0.310007 0.089999
f 169/585/170 186/586/170 185/584/170 168/583/170 

vt -0.420982 0.042071
v 14.44 4.65532 -36.507
vt -0.394203 0.106744
f 170/587/170 187/588/170 186/586/170 169/585/170 

vt -0.515086 0.104937
v 14.44 6.73523 -39.6206
vt -0.465595 0.154435
f 171/589/170 188/590/170 187/588/170 170/587/170 

vt -0.577942 0.199023
v 14.44 9.84783 -41.6992
vt -0.513257 0.225805
f 172/591/170 189/592/170 188/590/170 171/589/170 

f 173/564/170 175/563/170 189/592/170 172/591/170 

vt -0.436554 0.341734
vn 0.823649 -6.37146e-06 0.567101
v 13.8397 13.5199 -41.5574
vt -0.412258 0.341732
v 13.8397 10.1816 -40.8948
vt -0.399744 0.264703
vn 0.823704 0.216976 0.523863
vt -0.422743 0.256999
f 175/593/187 190/594/187 191/595/188 189/596/188 

vt -0.422744 0.359092
vn 0.823704 -0.216982 0.523862
v 13.8397 16.8578 -40.8948
vt -0.399745 0.351388
vt -0.412258 0.274368
vt -0.436555 0.274367
f 174/597/189 192/598/189 190/599/187 175/600/187 

vt -0.40215 0.36633
vn 0.823841 -0.400808 0.400798
v 13.8397 19.6874 -39.0023
vt -0.382968 0.351412
vt -0.420449 0.282945
vt -0.443318 0.291027
f 176/601/190 193/602/190 192/603/189 174/604/189 

vt -0.367315 0.382674
vn 0.823836 -0.523698 0.216873
v 13.8397 21.5784 -36.1724
vt -0.355169 0.361645
vt -0.41563 0.312303
vt -0.433837 0.328397
f 177/605/191 194/606/191 193/607/190 176/608/190 

vt -0.307142 0.414191
vn 0.823741 -0.566966 6.98287e-18
v 13.8397 22.2422 -32.8351
vt -0.305275 0.389984
vt -0.381092 0.371561
vt -0.390561 0.393923
f 178/609/192 195/610/192 194/611/191 177/612/191 

vt -0.223724 0.441301
vn 0.823745 -0.52379 -0.216996
v 13.8397 21.5784 -29.4977
vt -0.233193 0.418939
vt -0.309009 0.437362
vt -0.307142 0.461569
f 179/613/193 196/614/193 195/615/192 178/616/192 

vt -0.143915 0.435842
vn 0.82374 -0.400899 -0.400914
v 13.8397 19.6874 -26.6678
vt -0.162077 0.419742
vt -0.22253 0.469094
vt -0.210381 0.490121
f 180/617/194 197/618/194 196/619/193 179/620/193 

vt -0.0922101 0.390748
vn 0.823708 -0.216981 -0.523855
v 13.8397 16.8578 -24.7776
vt -0.115123 0.382675
vt -0.15256 0.451134
vt -0.133422 0.46606
f 181/621/195 198/622/195 197/623/194 180/624/194 

vt -0.074161 0.313774
vn 0.823654 -6.36892e-06 -0.567093
v 13.8397 13.5199 -24.1127
vt -0.098416 0.313772
vt -0.110972 0.390795
vt -0.0879309 0.398496
f 182/625/196 199/626/196 198/627/195 181/628/195 

vt -0.0879308 0.217601
vn 0.823709 0.216975 -0.523857
v 13.8397 10.1816 -24.7776
vt -0.110972 0.225301
vt -0.0984159 0.302333
vt -0.0741609 0.302332
f 183/629/197 200/630/197 199/631/196 182/632/196 

vt -0.133422 0.121512
vn 0.82374 0.400899 -0.400914
v 13.8397 7.35203 -26.6678
vt -0.15256 0.136438
vt -0.115123 0.204897
vt -0.0922101 0.196824
f 184/633/198 201/634/198 200/635/197 183/636/197 

vt -0.210381 0.0546035
vn 0.823745 0.52379 -0.216996
v 13.8397 5.4611 -29.4977
vt -0.22253 0.0756301
vt -0.162077 0.124983
vt -0.143915 0.108883
f 185/637/199 202/638/199 201/639/198 184/640/198 

vt -0.307142 0.050667
vn 0.823741 0.566966 6.98287e-18
v 13.8397 4.79724 -32.8351
vt -0.309009 0.0748739
vt -0.233193 0.0932977
vt -0.223724 0.0709353
f 186/641/200 203/642/200 202/643/199 185/644/199 

vt -0.390561 0.118314
vn 0.823836 0.523698 0.216873
v 13.8397 5.4611 -36.1724
vt -0.381092 0.140676
vt -0.305275 0.122252
vt -0.307142 0.0980452
f 187/645/201 204/646/201 203/647/200 186/648/200 

vt -0.433837 0.216386
vn 0.823841 0.400808 0.400798
v 13.8397 7.35203 -39.0023
vt -0.41563 0.23248
vt -0.355169 0.183137
vt -0.367315 0.162109
f 188/649/202 205/650/202 204/651/201 187/652/201 

vt -0.443318 0.296548
vt -0.420449 0.30463
vt -0.382968 0.236162
vt -0.40215 0.221244
f 189/653/188 191/654/188 205/655/202 188/656/202 

usemtl _Gray3_
v 6.46854 7.35203 -39.0023
vt -0.182786 0.390979
vn 7.69801e-06 -0.555624 -0.831434
v 6.31328 7.35194 -39.0039
vt -0.186346 0.390998
v 6.31328 10.1818 -40.8934
vt -0.186347 0.469021
v 6.46854 10.1816 -40.8948
vt -0.182787 0.469034
vt -0.0137706 0.469035
vt -0.0137702 0.39098
f 206/657/203 207/658/203 208/659/203 209/660/203 191/661/203 205/662/203 

v 6.46854 5.4611 -36.1724
vt -0.182827 0.390952
vn 6.45352e-05 -0.831535 -0.555473
v 6.31328 5.46119 -36.1726
vt -0.186387 0.390956
vt -0.186394 0.469021
vt -0.182834 0.468993
vt -0.0138184 0.469009
vt -0.0138109 0.390969
f 210/663/204 211/664/204 207/665/204 206/666/204 205/667/204 204/668/204 

v 6.46854 4.79724 -32.8351
vt -0.182794 0.325505
vn 7.62382e-06 -0.980778 -0.195127
v 6.31328 4.79732 -32.8364
vt -0.186354 0.325534
vt -0.186357 0.403532
vt -0.182797 0.403528
vt -0.0137811 0.403534
vt -0.0137781 0.325511
f 212/669/205 213/670/205 211/671/205 210/672/205 204/673/205 203/674/205 

v 6.46854 5.4611 -29.4977
vt 0.182821 -0.204542
vn -3.2216e-05 -0.980789 0.195069
v 6.31328 5.46119 -29.498
vt 0.186381 -0.204548
vt 0.186393 -0.282593
vt 0.182833 -0.282565
vt 0.0138172 -0.282592
vt 0.0138046 -0.204569
f 214/675/206 215/676/206 213/677/206 212/678/206 203/679/206 202/680/206 

v 6.46854 7.35203 -26.6678
vt 0.182773 -0.046561
vn 2.83246e-05 -0.831536 0.555472
v 6.31328 7.35194 -26.6668
vt 0.186333 -0.0465415
vt 0.18633 -0.124606
vt 0.18277 -0.124601
vt 0.0137541 -0.124594
vt 0.0137574 -0.0465539
f 216/681/207 217/682/207 215/683/207 214/684/207 202/685/207 201/686/207 

v 6.46854 10.1816 -24.7776
vt 0.182771 0.124568
vn 7.51635e-05 -0.555394 0.831587
v 6.31328 10.1818 -24.7772
vt 0.186331 0.124576
vt 0.186327 0.046553
vt 0.182767 0.046541
vt 0.0137508 0.0465495
vt 0.0137547 0.124576
f 218/687/208 219/688/208 217/689/208 216/690/208 201/691/208 200/692/208 

v 6.46854 13.5199 -24.1127
vt 0.18278 0.282557
vn 1.53405e-05 -0.19526 0.980752
v 6.31328 13.5199 -24.1128
vt 0.18634 0.282555
vt 0.18634 0.204514
vt 0.18278 0.204508
vt 0.013764 0.204508
vt 0.0137643 0.282557
f 220/693/209 221/694/209 219/695/209 218/696/209 200/697/209 199/698/209 

v 6.46854 16.8578 -24.7776
vt 0.18278 0.403559
vn 1.34394e-05 0.195279 0.980748
v 6.31328 16.8576 -24.7772
vt 0.18634 0.403553
vt 0.18634 0.325518
vt 0.18278 0.325519
vt 0.0137645 0.325519
vt 0.0137643 0.403558
f 222/699/210 223/700/210 221/701/210 220/702/210 199/703/210 198/704/210 

v 6.46854 19.6874 -26.6678
vt 0.182767 0.469043
vn 7.51635e-05 0.555394 0.831587
v 6.31328 19.6875 -26.6668
vt 0.186327 0.469031
vt 0.186331 0.391008
vt 0.182771 0.391016
vt 0.0137547 0.391008
vt 0.0137508 0.469035
f 224/705/211 225/706/211 223/707/211 222/708/211 198/709/211 197/710/211 

v 6.46854 21.5784 -29.4977
vt 0.18277 0.468994
vn 2.83246e-05 0.831536 0.555472
v 6.31328 21.5783 -29.498
vt 0.18633 0.468999
vt 0.186333 0.390934
vt 0.182773 0.390953
vt 0.0137574 0.390946
vt 0.0137541 0.468986
f 226/711/212 227/712/212 225/713/212 224/714/212 197/715/212 196/716/212 

v 6.46854 22.2422 -32.8351
vt 0.182833 0.403508
vn -3.2216e-05 0.980789 0.195069
v 6.31328 22.2421 -32.8364
vt 0.186393 0.403536
vt 0.186381 0.325491
vt 0.182821 0.325485
vt 0.0138046 0.325512
vt 0.0138172 0.403535
f 228/717/213 229/718/213 227/719/213 226/720/213 196/721/213 195/722/213 

v 6.46854 21.5784 -36.1724
vt -0.182797 -0.282549
vn 7.62382e-06 0.980778 -0.195127
v 6.31328 21.5783 -36.1726
vt -0.186357 -0.282553
vt -0.186354 -0.204555
vt -0.182794 -0.204526
vt -0.0137781 -0.204532
vt -0.0137811 -0.282555
f 230/723/214 231/724/214 229/725/214 228/726/214 195/727/214 194/728/214 

v 6.46854 19.6874 -39.0023
vt -0.182834 -0.124599
vn 6.45352e-05 0.831535 -0.555473
v 6.31328 19.6875 -39.0039
vt -0.186394 -0.124628
vt -0.186387 -0.0465632
vt -0.182827 -0.046559
vt -0.0138109 -0.0465753
vt -0.0138184 -0.124616
f 232/729/215 233/730/215 231/731/215 230/732/215 194/733/215 193/734/215 

v 6.46854 16.8578 -40.8948
vt -0.182787 0.0464545
vn 7.69801e-06 0.555624 -0.831434
v 6.31328 16.8576 -40.8934
vt -0.186347 0.0464678
vt -0.186346 0.124491
vt -0.182786 0.12451
vt -0.0137702 0.124509
vt -0.0137706 0.0464536
f 234/735/216 235/736/216 233/737/216 232/738/216 193/739/216 192/740/216 

v 6.46854 13.5199 -41.5574
vt -0.182748 0.204624
vn -6.61206e-05 0.194959 -0.980811
v 6.31328 13.5199 -41.5578
vt -0.186308 0.204621
vt -0.186309 0.282655
vt -0.182749 0.282654
vt -0.0137326 0.282656
vt -0.0137316 0.204626
f 236/741/217 237/742/217 235/743/217 234/744/217 192/745/217 190/746/217 

vt -0.18275 0.325441
vn -6.4223e-05 -0.194939 -0.980815
vt -0.18631 0.32544
vt -0.186309 0.40348
vt -0.182749 0.40348
vt -0.0137326 0.403478
vt -0.0137336 0.325439
f 209/747/218 208/748/218 237/749/218 236/750/218 190/751/218 191/752/218 

usemtl RIMS
vt 0.528693 0.232648
vn -0.938369 0.132231 0.31934
v 6.9559 10.8494 -39.2812
vt 0.488911 0.247992
v 6.9559 13.5196 -39.8131
vt 0.500355 0.309362
vn -0.938386 5.80292e-07 0.345589
vt 0.542988 0.309368
f 208/753/219 238/754/219 239/755/220 237/756/220 

vt 0.486479 0.156887
vn -0.938361 0.244395 0.244436
v 6.9559 8.58547 -37.7704
vt 0.455089 0.185726
vt 0.488156 0.238655
vt 0.527835 0.223048
f 207/757/221 240/758/221 238/759/219 208/760/219 

vt 0.416446 0.0894903
vn -0.938345 0.319394 0.132273
v 6.9559 7.073 -35.5062
vt 0.398478 0.128138
vt 0.4493 0.164403
vt 0.479996 0.134827
f 211/761/222 241/762/222 240/763/221 207/764/221 

vt 0.322828 0.0469794
vn -0.938357 0.345667 2.25048e-05
v 6.9559 6.54194 -32.8364
vt 0.321751 0.0895963
vt 0.382804 0.102569
vt 0.399121 0.0631959
f 213/765/223 242/766/223 241/767/222 211/768/222 

v 6.9559 7.073 -30.1645
vt 0.235572 0.0869426
vn -0.938347 0.319398 -0.13225
vt 0.296673 0.0739693
vt 0.295597 0.0313524
vt 0.219255 0.0475689
f 243/769/224 242/770/223 213/771/223 215/772/224 

v 6.9559 8.58547 -27.9003
vt 0.157656 0.127371
vn -0.938362 0.244394 -0.244435
vt 0.208479 0.0911062
vt 0.19051 0.0524582
vt 0.126959 0.0977945
f 244/773/225 243/774/224 215/775/224 217/776/225 

v 6.9559 10.8494 -26.3894
vt 0.103672 0.202572
vn -0.938368 0.132232 -0.319342
vt 0.13674 0.149643
vt 0.105349 0.120804
vt 0.0639935 0.186965
f 245/777/226 244/778/225 217/779/225 219/780/226 

v 6.9559 13.5196 -25.8575
vt 0.0814657 0.294653
vn -0.938385 5.80471e-07 -0.345592
vt 0.0929102 0.233282
vt 0.0531286 0.217938
vt 0.0388333 0.294659
f 246/781/227 245/782/226 219/783/226 221/784/227 

vt 0.0531308 0.400599
vn -0.93837 -0.132232 -0.319337
v 6.9559 16.19 -26.3894
vt 0.0929124 0.385255
vt 0.0814678 0.323879
vt 0.0388354 0.323885
f 223/785/228 247/786/228 246/787/227 221/788/227 

vt 0.105349 0.48727
vn -0.938362 -0.244394 -0.244435
v 6.9559 18.454 -27.9003
vt 0.13674 0.458431
vt 0.103672 0.405501
vt 0.0639935 0.421109
f 225/789/229 248/790/229 247/791/228 223/792/228 

vt 0.19051 0.540439
vn -0.938342 -0.319408 -0.132258
v 6.9559 19.9665 -30.1645
vt 0.208479 0.501791
vt 0.157656 0.465526
vt 0.126959 0.495103
f 227/793/230 249/794/230 248/795/229 225/796/229 

vt 0.295593 0.550616
vn -0.93835 -0.345687 2.25095e-05
v 6.9559 20.4978 -32.8364
vt 0.296669 0.508005
vt 0.235568 0.495026
vt 0.219252 0.534399
f 229/797/231 250/798/231 249/799/230 227/800/230 

v 6.9559 19.9665 -35.5062
vt 0.382807 0.479396
vn -0.938341 -0.319404 0.132281
vt 0.321753 0.492375
vt 0.322831 0.534986
vt 0.399124 0.518769
f 251/801/232 250/802/231 229/803/231 231/804/232 

v 6.9559 18.454 -37.7704
vt 0.4493 0.428494
vn -0.938362 -0.244395 0.244436
vt 0.398478 0.464759
vt 0.416446 0.503406
vt 0.479996 0.45807
f 252/805/233 251/806/232 231/807/232 233/808/233 

v 6.9559 16.19 -39.2812
vt 0.488156 0.369418
vn -0.938371 -0.13223 0.319336
vt 0.455089 0.422348
vt 0.486479 0.451187
vt 0.527835 0.385026
f 253/809/234 252/810/233 233/811/233 235/812/234 

vt 0.500355 0.30917
vt 0.488911 0.370546
vt 0.528693 0.38589
vt 0.542988 0.309176
f 239/813/220 253/814/234 235/815/234 237/816/220 

usemtl TYRES
v 5.86817 26.1672 -32.8351
vt 0.280488 0.362319
vn -0.823746 0.566959 -2.09486e-17
vt 0.282355 0.386527
vt 0.399906 0.357968
vn -0.823746 0.523807 -0.216952
v 5.86817 25.2047 -37.6749
vt 0.390438 0.335605
f 254/817/235 129/818/235 156/819/236 255/820/236 

v 5.86817 25.2047 -27.9952
vt 0.223848 0.382977
vn -0.823843 0.523675 0.216904
vt 0.21438 0.405339
vt 0.331931 0.433898
vt 0.333798 0.409691
f 256/821/237 126/822/237 129/823/235 254/824/235 

v 5.86817 22.4629 -23.8933
vt 0.169175 0.383362
vn -0.823837 0.400776 0.400838
vt 0.150968 0.399456
vt 0.244664 0.475932
vt 0.256811 0.454903
f 257/825/238 130/826/238 126/827/237 256/828/237 

v 5.86817 18.3597 -21.1499
vt 0.13539 0.351549
vn -0.823701 0.216999 0.523859
vt 0.112521 0.359631
vt 0.170542 0.465751
vt 0.189724 0.450832
f 258/829/239 132/830/239 130/831/238 257/832/238 

v 5.86817 13.5199 -20.1881
vt 0.12795 0.291173
vn -0.823654 4.46719e-06 0.567093
vt 0.103654 0.291171
vt 0.123115 0.410552
vt 0.146114 0.402847
f 259/833/240 134/834/240 132/835/239 258/836/239 

v 5.86817 8.6798 -21.1499
vt 0.146114 0.213242
vn -0.823701 -0.216995 0.523861
vt 0.123115 0.205538
vt 0.103655 0.324928
vt 0.127951 0.324927
f 260/837/241 136/838/241 134/839/240 259/840/240 

v 5.86817 4.57652 -23.8933
vt 0.189724 0.136745
vn -0.823837 -0.400776 0.400838
vt 0.170542 0.121826
vt 0.112521 0.227946
vt 0.13539 0.236028
f 261/841/242 138/842/242 136/843/241 260/844/241 

v 5.86817 1.8348 -27.9952
vt 0.256811 0.0898949
vn -0.823843 -0.523675 0.216904
vt 0.244664 0.0688666
vt 0.150968 0.145342
vt 0.169175 0.161437
f 262/845/243 140/846/243 138/847/242 261/848/242 

v 5.86817 0.872241 -32.8351
vt 0.333798 0.102548
vn -0.823746 -0.566959 -0
vt 0.331931 0.0783403
vt 0.21438 0.106899
vt 0.223848 0.129262
f 263/849/244 142/850/244 140/851/243 262/852/243 

v 5.86817 1.8348 -37.6749
vt 0.390438 0.176633
vn -0.823746 -0.523807 -0.216952
vt 0.399906 0.154271
vt 0.282355 0.125712
vt 0.280488 0.14992
f 264/853/245 144/854/245 142/855/244 263/856/244 

v 5.86817 4.57652 -41.779
vt 0.40851 0.269021
vn -0.823746 -0.400914 -0.400888
vt 0.426672 0.252919
vt 0.332982 0.176436
vt 0.320834 0.197463
f 265/857/246 146/858/246 144/859/245 264/860/245 

v 5.86817 8.6798 -44.5203
vt 0.400136 0.335751
vn -0.823872 -0.21689 -0.523635
vt 0.423048 0.327677
vt 0.364983 0.221548
vt 0.345845 0.236475
f 266/861/247 148/862/247 146/863/246 265/864/246 

v 5.86817 13.5199 -45.482
vt 0.383008 0.36422
vn -0.823973 4.45847e-06 -0.56663
vt 0.407304 0.36422
vt 0.387878 0.244834
vt 0.364838 0.252537
f 267/865/248 150/866/248 148/867/247 266/868/247 

v 5.86817 18.3597 -44.5203
vt 0.364839 0.363565
vn -0.823872 0.216894 -0.523634
vt 0.387878 0.371268
vt 0.407305 0.251892
vt 0.383009 0.251892
f 268/869/249 152/870/249 150/871/248 267/872/248 

v 5.86817 22.4629 -41.779
vt 0.345845 0.351101
vn -0.823746 0.400914 -0.400888
vt 0.364983 0.366028
vt 0.423048 0.259899
vt 0.400136 0.251825
f 269/873/250 154/874/250 152/875/249 268/876/249 

vt 0.320834 0.347247
vt 0.332982 0.368274
vt 0.426672 0.29179
vt 0.40851 0.275689
f 255/877/236 156/878/236 154/879/250 269/880/250 

v 5.86817 22.3841 -36.507
vt 0.394203 0.513256
vn -1 0 -0
vt 0.420982 0.577929
vt 0.515086 0.515063
v 5.86817 20.3042 -39.6206
vt 0.465595 0.465565
f 270/881/251 255/882/251 269/883/251 271/884/251 

v 5.86817 23.1144 -32.8351
vt 0.310007 0.530001
vt 0.310007 0.6
f 272/885/251 254/886/251 255/882/251 270/881/251 

v 5.86817 22.3841 -29.1631
vt 0.225811 0.513256
vt 0.199032 0.577929
f 273/887/251 256/888/251 254/886/251 272/885/251 

v 5.86817 20.3042 -26.0518
vt 0.15447 0.465565
vt 0.104978 0.515063
f 274/889/251 257/890/251 256/888/251 273/887/251 

v 5.86817 17.1916 -23.9709
vt 0.106757 0.394195
vt 0.042072 0.420977
f 275/891/251 258/892/251 257/890/251 274/889/251 

v 5.86817 13.5199 -23.2418
vt 0.090039 0.310005
vt 0.02002 0.310005
f 276/893/251 259/894/251 258/892/251 275/891/251 

v 5.86817 9.84783 -23.9709
vt 0.106757 0.225805
vt 0.042072 0.199023
f 277/895/251 260/896/251 259/894/251 276/893/251 

v 5.86817 6.73523 -26.0518
vt 0.15447 0.154435
vt 0.104978 0.104937
f 278/897/251 261/898/251 260/896/251 277/895/251 

v 5.86817 4.65532 -29.1631
vt 0.225811 0.106744
vt 0.199032 0.042071
f 279/899/251 262/900/251 261/898/251 278/897/251 

v 5.86817 3.92504 -32.8351
vt 0.310007 0.089999
vt 0.310007 0.02
f 280/901/251 263/902/251 262/900/251 279/899/251 

v 5.86817 4.65532 -36.507
vt 0.394203 0.106744
vt 0.420982 0.042071
f 281/903/251 264/904/251 263/902/251 280/901/251 

v 5.86817 6.73523 -39.6206
vt 0.465595 0.154435
vt 0.515086 0.104937
f 282/905/251 265/906/251 264/904/251 281/903/251 

v 5.86817 9.84783 -41.6992
vt 0.513257 0.225805
vt 0.577942 0.199023
f 283/907/251 266/908/251 265/906/251 282/905/251 

v 5.86817 13.5199 -42.4305
vt 0.530025 0.310005
vt 0.599994 0.310005
f 284/909/251 267/910/251 266/908/251 283/907/251 

v 5.86817 17.1916 -41.6992
vt 0.513257 0.394195
vt 0.577942 0.420977
f 285/911/251 268/912/251 267/910/251 284/909/251 

f 271/884/251 269/883/251 268/912/251 285/911/251 

vt 0.482018 0.405595
vn -0.823841 -0.400808 0.400798
vt 0.5012 0.420513
vt 0.542368 0.345209
vn -0.823704 -0.216982 0.523862
vt 0.519499 0.337127
f 232/913/252 271/914/252 285/915/253 234/916/253 

vt 0.426515 0.449079
vn -0.823836 -0.523698 0.216873
vt 0.438661 0.470107
vt 0.505183 0.41583
vt 0.486976 0.399736
f 230/917/254 270/918/254 271/919/252 232/920/252 

vt 0.331933 0.499695
vn -0.823741 -0.566966 -1.39657e-17
vt 0.333801 0.523902
vt 0.417219 0.503634
vt 0.40775 0.481271
f 228/921/255 272/922/255 270/923/254 230/924/254 

vt 0.206535 0.52865
vn -0.823745 -0.52379 -0.216996
vt 0.197066 0.551012
vt 0.280484 0.57128
vt 0.282351 0.547073
f 226/925/256 273/926/256 272/927/255 228/928/255 

vt 0.0906692 0.507195
vn -0.82374 -0.400899 -0.400914
vt 0.0725071 0.523295
vt 0.138973 0.577574
vt 0.151123 0.556548
f 224/929/257 274/930/257 273/931/256 226/932/256 

vt 0.0160743 0.436859
vn -0.823708 -0.216981 -0.523855
vt -0.00683863 0.444933
vt 0.0343729 0.520245
vt 0.0535113 0.505318
f 222/933/258 275/934/258 274/935/257 224/936/257 

vt -0.0130448 0.331912
vn -0.823654 -6.36892e-06 -0.567093
vt -0.0372998 0.331914
vt -0.0235299 0.416636
vt -0.000489016 0.408935
f 220/937/259 276/938/259 275/939/258 222/940/258 

vt -0.00048948 0.207163
vn -0.823709 0.216975 -0.523857
vt -0.0235304 0.199462
vt -0.0373002 0.284194
vt -0.0130453 0.284195
f 218/941/260 277/942/260 276/943/259 220/944/259 

vt 0.0535113 0.0822538
vn -0.82374 0.400899 -0.400914
vt 0.0343729 0.0673275
vt -0.00683863 0.142639
vt 0.0160743 0.150713
f 216/945/261 278/946/261 277/947/260 218/948/260 

vt 0.151123 -0.0118235
vn -0.823745 0.52379 -0.216996
vt 0.138973 -0.0328502
vt 0.0725071 0.0214289
vt 0.0906692 0.0375289
f 214/949/262 279/950/262 278/951/261 216/952/261 

vt 0.282351 -0.0348369
vn -0.823741 0.566966 -0
vt 0.280484 -0.0590439
vt 0.197066 -0.0387755
vt 0.206535 -0.0164132
f 212/953/263 280/954/263 279/955/262 214/956/262 

vt 0.40775 0.030965
vn -0.823836 0.523698 0.216873
vt 0.417219 0.00860264
vt 0.333801 -0.0116657
vt 0.331933 0.0125412
f 210/957/264 281/958/264 280/959/263 212/960/263 

vt 0.486976 0.145046
vn -0.823841 0.400808 0.400798
vt 0.505183 0.128952
vt 0.438661 0.0746752
vt 0.426515 0.0957037
f 206/961/265 282/962/265 281/963/264 210/964/264 

vt 0.519499 0.250447
vn -0.823704 0.216976 0.523863
vt 0.542368 0.242366
vt 0.5012 0.167062
vt 0.482018 0.18198
f 209/965/266 283/966/266 282/967/265 206/968/265 

vt 0.523721 0.323592
vn -0.823649 -6.37146e-06 0.567101
vt 0.548017 0.323593
vt 0.534206 0.238859
vt 0.511207 0.246563
f 236/969/267 284/970/267 283/971/266 209/972/266 

vt 0.511207 0.36953
vt 0.534206 0.377234
vt 0.548017 0.292509
vt 0.523721 0.292511
f 234/973/253 285/974/253 284/975/267 236/976/267 

g Mesh12 wheel_3_1 half_1_1 Group2 Group_67_1 MERCC1 Model

usemtl _CoolGray4_
v 8.62232 19.2588 -42.7754
vt 0.537934 0.441594
v 8.62232 19.2588 -22.8947
vt 0.08208 0.441594
v 8.62232 24.9979 -32.8351
vt 0.310007 0.573188
f 286/977/251 287/978/251 288/979/251

usemtl _CoolGray5_
v 8.62232 7.78065 -22.8947
vt 0.08208 0.178406
f 286/977/251 289/980/251 287/978/251

v 8.62232 2.04157 -32.8351
vt 0.310007 0.046812
f 289/980/251 286/977/251 290/981/251

usemtl _CoolGray4_
v 8.62232 7.78065 -42.7754
vt 0.537934 0.178406
f 286/977/251 291/982/251 290/981/251

g Mesh13 wheel_3_1 half_1_1 Group2 Group_67_1 MERCC1 Model

usemtl RIMS
v 6.52785 16.7461 -27.0414
vt 0.195848 0.368621
vn -0.974214 0.140694 0.176388
v 6.52785 18.451 -28.4011
vt 0.226841 0.407862
v 6.31328 18.5285 -30.4232
vt 0.273465 0.409645
vn -0.998037 0.0564235 0.0271759
v 6.31328 14.7569 -27.416
vt 0.204921 0.322838
vn -0.998036 0.013944 0.0610672
f 292/983/268 293/984/268 294/985/269 295/986/270 

v 6.9559 17.7323 -26.1535
vt 0.194423 0.374178
vn -0.950456 0.193861 0.243004
v 6.9559 19.0963 -27.2421
vt 0.218607 0.406058
vt 0.246785 0.390976
vt 0.216579 0.351127
f 296/987/271 297/988/271 293/989/268 292/990/268 

vt 0.18575 0.338367
vt 0.254703 0.424849
v 6.31328 13.5199 -32.8364
vt 0.310036 0.310003
f 295/991/270 294/992/269 298/993/251

v 6.31328 18.5285 -35.2475
vt 0.365322 0.424849
vn -0.998037 0.0564248 -0.0271769
f 294/992/269 299/994/272 298/993/251

v 6.52785 20.0615 -31.7457
vt 0.285027 0.430409
vn -0.974203 0.225673 3.9801e-18
v 6.52785 20.0615 -33.925
vt 0.334998 0.430409
vt 0.365322 0.394917
vt 0.254703 0.394917
f 300/995/273 301/996/273 299/997/272 294/998/269 

v 6.9559 21.3698 -31.963
vt 0.29001 0.412343
vn -0.950424 0.310957 6.10708e-18
v 6.9559 21.3698 -33.7077
vt 0.330015 0.412343
vt 0.334998 0.38078
vt 0.285027 0.38078
f 302/999/274 303/1000/274 301/1001/273 300/1002/273 

v 6.31328 14.7569 -38.2546
vt 0.434275 0.338367
vn -0.998036 0.0139457 -0.0610681
f 299/994/272 304/1003/275 298/993/251

v 6.52785 18.4508 -37.2695
vt 0.389503 0.402024
vn -0.974215 0.140699 -0.176379
v 6.52785 16.7461 -38.6293
vt 0.420497 0.36279
vt 0.411422 0.317006
vt 0.342879 0.403814
f 305/1004/276 306/1005/276 304/1006/275 299/1007/272 

v 6.9559 19.0963 -38.4285
vt 0.382102 0.376285
vn -0.950461 0.193865 -0.242982
v 6.9559 17.7323 -39.5171
vt 0.406286 0.344404
vt 0.384131 0.321353
vt 0.353924 0.361196
f 307/1008/277 308/1009/277 306/1010/276 305/1011/276 

v 6.31328 10.0535 -37.1826
vt 0.409693 0.230522
vn -0.998037 -0.0390445 -0.0489745
f 304/1003/275 309/1012/278 298/993/251

v 6.52785 13.127 -39.455
vt 0.433021 0.308313
vn -0.974211 -0.0501128 -0.220005
v 6.52785 11.0012 -38.9708
vt 0.422019 0.259547
vt 0.380728 0.237808
vt 0.405084 0.345703
f 310/1013/279 311/1014/279 309/1015/278 304/1016/275 

v 6.9559 12.6233 -40.6824
vt 0.414638 0.310316
vn -0.950452 -0.0690247 -0.303112
v 6.9559 10.9226 -40.2953
vt 0.406183 0.271227
vt 0.374265 0.273032
vt 0.384844 0.321892
f 312/1017/280 313/1018/280 311/1019/279 310/1020/279 

v 6.31328 7.9602 -32.8364
vt 0.310036 0.182523
vn -0.998037 -0.0626336 -9.16774e-06
f 309/1012/278 314/1021/281 298/993/251

v 6.52785 8.09889 -36.6569
vt 0.385907 0.209882
vn -0.974203 -0.203329 -0.0979041
v 6.52785 7.15259 -34.6907
vt 0.340908 0.188012
vt 0.298167 0.206677
vt 0.397641 0.255055
f 315/1022/282 316/1023/282 314/1024/281 309/1025/278 

v 6.9559 6.82541 -37.0274
vt 0.377993 0.213821
vn -0.950435 -0.280145 -0.134881
v 6.9559 6.06866 -35.4565
vt 0.342331 0.195746
vt 0.323568 0.221636
vt 0.368203 0.244239
f 317/1026/283 318/1027/283 316/1028/282 315/1029/282 

v 6.31328 10.0535 -28.4881
vt 0.210332 0.230522
vn -0.998037 -0.0390381 0.0489654
f 314/1021/281 319/1030/284 298/993/251

v 6.52785 7.15259 -30.9799
vt 0.277971 0.183313
vn -0.974196 -0.203374 0.097879
v 6.52785 8.09889 -29.0137
vt 0.232971 0.205183
vt 0.221238 0.250355
vt 0.320759 0.201978
f 320/1031/285 321/1032/285 319/1033/284 314/1034/281 

v 6.9559 6.06866 -30.2162
vt 0.271589 0.17135
vn -0.950403 -0.280259 0.134867
v 6.9559 6.82541 -28.6433
vt 0.23588 0.189426
vt 0.24567 0.219845
vt 0.290305 0.197241
f 322/1035/286 323/1036/286 321/1037/285 320/1038/285 

f 319/1030/284 295/991/270 298/993/251

v 6.52785 11.0012 -26.6999
vt 0.192311 0.256964
vn -0.974211 -0.0501137 0.220005
v 6.52785 13.127 -26.2156
vt 0.181308 0.30573
vt 0.209244 0.34312
vt 0.233601 0.235224
f 324/1039/287 325/1040/287 295/1041/270 319/1042/284 

v 6.9559 10.9226 -25.3753
vt 0.18453 0.258224
vn -0.950452 -0.0690254 0.303112
v 6.9559 12.6233 -24.9883
vt 0.176076 0.297313
vt 0.205868 0.308889
vt 0.216448 0.260028
f 326/1043/288 327/1044/288 325/1045/287 324/1046/287 

g Mesh14 wheel_3_2 half_1_1 Group2 Group_67_1 MERCC1 Model

usemtl TYRES
v 6.46854 26.0104 -145.849
v 13.8397 26.0104 -145.849
v 13.8397 27.0395 -151.024
v 6.46854 27.0395 -151.024
f 328/417/152 329/418/152 330/419/153 331/420/153 

v 6.46854 23.0798 -141.464
v 13.8397 23.0798 -141.464
f 332/421/154 333/422/154 329/423/152 328/424/152 

v 6.46854 18.6935 -138.534
v 13.8397 18.6935 -138.534
f 334/425/155 335/426/155 333/427/154 332/428/154 

v 6.46854 13.5199 -137.504
v 13.8397 13.5199 -137.504
f 336/429/156 337/430/156 335/431/155 334/432/155 

v 6.46854 8.34599 -138.534
v 13.8397 8.34599 -138.534
f 338/433/157 339/434/157 337/435/156 336/436/156 

v 6.46854 3.95967 -141.464
v 13.8397 3.95967 -141.464
f 340/437/158 341/438/159 339/439/157 338/440/157 

v 6.46854 1.02903 -145.849
v 13.8397 1.02903 -145.849
f 342/441/160 343/442/161 341/443/159 340/444/158 

v 6.46854 -5.04871e-29 -151.024
v 13.8397 -5.04871e-29 -151.024
f 344/445/162 345/446/162 343/447/161 342/448/160 

v 6.46854 1.02903 -156.198
v 13.8397 1.02903 -156.198
f 346/449/163 347/450/163 345/451/162 344/452/162 

v 6.46854 3.95967 -160.584
v 13.8397 3.95967 -160.584
f 348/453/164 349/454/164 347/455/163 346/456/163 

v 6.46854 8.34599 -163.515
v 13.8397 8.34599 -163.515
f 350/457/165 351/458/165 349/459/164 348/460/164 

v 6.46854 13.5199 -164.544
v 13.8397 13.5199 -164.544
f 352/461/166 353/462/166 351/463/165 350/464/165 

v 6.46854 18.6935 -163.515
v 13.8397 18.6935 -163.515
f 354/465/167 355/466/167 353/467/166 352/468/166 

v 6.46854 23.0798 -160.584
v 13.8397 23.0798 -160.584
f 356/469/168 357/470/168 355/471/167 354/472/167 

v 6.46854 26.0104 -156.198
v 13.8397 26.0104 -156.198
f 358/473/169 359/474/169 357/475/168 356/476/168 

f 331/477/153 330/478/153 359/479/169 358/480/169 

usemtl _6
f 355/481/170 357/482/170 359/483/170 330/484/170 329/485/170 333/486/170 335/487/170 337/488/170 339/489/170 341/490/159 343/491/161 345/492/170 347/493/170 349/494/170 351/495/170 353/496/170 

usemtl TYRES
v 14.44 22.4629 -159.968
v 14.44 18.3597 -162.709
f 357/497/171 360/498/171 361/499/172 355/500/172 

v 14.44 25.2047 -155.864
f 359/501/173 362/502/173 360/503/171 357/504/171 

v 14.44 26.1672 -151.024
f 330/505/174 363/506/174 362/507/173 359/508/173 

v 14.44 25.2047 -146.184
f 329/509/175 364/510/175 363/511/174 330/512/174 

v 14.44 22.4629 -142.082
f 333/513/176 365/514/176 364/515/175 329/516/175 

v 14.44 18.3597 -139.339
f 335/517/177 366/518/177 365/519/176 333/520/176 

v 14.44 13.5199 -138.377
f 337/521/178 367/522/178 366/523/177 335/524/177 

v 14.44 8.6798 -139.339
f 339/525/179 368/526/179 367/527/178 337/528/178 

v 14.44 4.57652 -142.082
f 341/529/159 369/530/180 368/531/179 339/532/179 

v 14.44 1.8348 -146.184
f 343/533/161 370/534/181 369/535/180 341/536/159 

v 14.44 0.872241 -151.024
f 345/537/182 371/538/182 370/539/181 343/540/161 

v 14.44 1.8348 -155.864
f 347/541/183 372/542/183 371/543/182 345/544/182 

v 14.44 4.57652 -159.968
f 349/545/184 373/546/184 372/547/183 347/548/183 

v 14.44 8.6798 -162.709
f 351/549/185 374/550/185 373/551/184 349/552/184 

v 14.44 13.5199 -163.671
f 353/553/186 375/554/186 374/555/185 351/556/185 

f 355/557/172 361/558/172 375/559/186 353/560/186 

v 14.44 17.1916 -159.888
v 14.44 13.5199 -160.619
f 361/561/170 376/562/170 377/563/170 375/564/170 

v 14.44 20.3042 -157.809
f 360/565/170 378/566/170 376/562/170 361/561/170 

v 14.44 22.3841 -154.696
f 362/567/170 379/568/170 378/566/170 360/565/170 

v 14.44 23.1144 -151.024
f 363/569/170 380/570/170 379/568/170 362/567/170 

v 14.44 22.3841 -147.352
f 364/571/170 381/572/170 380/570/170 363/569/170 

v 14.44 20.3042 -144.24
f 365/573/170 382/574/170 381/572/170 364/571/170 

v 14.44 17.1916 -142.16
f 366/575/170 383/576/170 382/574/170 365/573/170 

v 14.44 13.5199 -141.43
f 367/577/170 384/578/170 383/576/170 366/575/170 

v 14.44 9.84783 -142.16
f 368/579/170 385/580/170 384/578/170 367/577/170 

v 14.44 6.73523 -144.24
f 369/581/170 386/582/170 385/580/170 368/579/170 

v 14.44 4.65532 -147.352
f 370/583/170 387/584/170 386/582/170 369/581/170 

v 14.44 3.92504 -151.024
f 371/585/170 388/586/170 387/584/170 370/583/170 

v 14.44 4.65532 -154.696
f 372/587/170 389/588/170 388/586/170 371/585/170 

v 14.44 6.73523 -157.809
f 373/589/170 390/590/170 389/588/170 372/587/170 

v 14.44 9.84783 -159.888
f 374/591/170 391/592/170 390/590/170 373/589/170 

f 375/564/170 377/563/170 391/592/170 374/591/170 

v 13.8397 13.5199 -159.746
v 13.8397 10.1816 -159.083
f 377/593/187 392/594/187 393/595/188 391/596/188 

v 13.8397 16.8578 -159.083
f 376/597/189 394/598/189 392/599/187 377/600/187 

v 13.8397 19.6874 -157.191
f 378/601/190 395/602/190 394/603/189 376/604/189 

v 13.8397 21.5784 -154.361
f 379/605/191 396/606/191 395/607/190 378/608/190 

v 13.8397 22.2422 -151.024
f 380/609/192 397/610/192 396/611/191 379/612/191 

v 13.8397 21.5784 -147.686
f 381/613/193 398/614/193 397/615/192 380/616/192 

v 13.8397 19.6874 -144.856
f 382/617/194 399/618/194 398/619/193 381/620/193 

v 13.8397 16.8578 -142.966
f 383/621/195 400/622/195 399/623/194 382/624/194 

v 13.8397 13.5199 -142.301
f 384/625/196 401/626/196 400/627/195 383/628/195 

v 13.8397 10.1816 -142.966
f 385/629/197 402/630/197 401/631/196 384/632/196 

v 13.8397 7.35203 -144.856
f 386/633/198 403/634/198 402/635/197 385/636/197 

v 13.8397 5.4611 -147.686
f 387/637/199 404/638/199 403/639/198 386/640/198 

v 13.8397 4.79724 -151.024
f 388/641/200 405/642/200 404/643/199 387/644/199 

v 13.8397 5.4611 -154.361
f 389/645/201 406/646/201 405/647/200 388/648/200 

v 13.8397 7.35203 -157.191
f 390/649/202 407/650/202 406/651/201 389/652/201 

f 391/653/188 393/654/188 407/655/202 390/656/202 

usemtl _Gray3_
v 6.46854 7.35203 -157.191
v 6.31328 7.35194 -157.192
v 6.31328 10.1818 -159.082
v 6.46854 10.1816 -159.083
f 408/657/203 409/658/203 410/659/203 411/660/203 393/661/203 407/662/203 

v 6.46854 5.4611 -154.361
v 6.31328 5.46119 -154.361
f 412/663/204 413/664/204 409/665/204 408/666/204 407/667/204 406/668/204 

v 6.46854 4.79724 -151.024
v 6.31328 4.79732 -151.025
f 414/669/205 415/670/205 413/671/205 412/672/205 406/673/205 405/674/205 

v 6.46854 5.4611 -147.686
v 6.31328 5.46119 -147.687
f 416/675/206 417/676/206 415/677/206 414/678/206 405/679/206 404/680/206 

v 6.46854 7.35203 -144.856
v 6.31328 7.35194 -144.855
f 418/681/207 419/682/207 417/683/207 416/684/207 404/685/207 403/686/207 

v 6.46854 10.1816 -142.966
v 6.31328 10.1818 -142.966
f 420/687/208 421/688/208 419/689/208 418/690/208 403/691/208 402/692/208 

v 6.46854 13.5199 -142.301
v 6.31328 13.5199 -142.301
f 422/693/209 423/694/209 421/695/209 420/696/209 402/697/209 401/698/209 

v 6.46854 16.8578 -142.966
v 6.31328 16.8576 -142.966
f 424/699/210 425/700/210 423/701/210 422/702/210 401/703/210 400/704/210 

v 6.46854 19.6874 -144.856
v 6.31328 19.6875 -144.855
f 426/705/211 427/706/211 425/707/211 424/708/211 400/709/211 399/710/211 

v 6.46854 21.5784 -147.686
v 6.31328 21.5783 -147.687
f 428/711/212 429/712/212 427/713/212 426/714/212 399/715/212 398/716/212 

v 6.46854 22.2422 -151.024
v 6.31328 22.2421 -151.025
f 430/717/213 431/718/213 429/719/213 428/720/213 398/721/213 397/722/213 

v 6.46854 21.5784 -154.361
v 6.31328 21.5783 -154.361
f 432/723/214 433/724/214 431/725/214 430/726/214 397/727/214 396/728/214 

v 6.46854 19.6874 -157.191
v 6.31328 19.6875 -157.192
f 434/729/215 435/730/215 433/731/215 432/732/215 396/733/215 395/734/215 

v 6.46854 16.8578 -159.083
v 6.31328 16.8576 -159.082
f 436/735/216 437/736/216 435/737/216 434/738/216 395/739/216 394/740/216 

v 6.46854 13.5199 -159.746
v 6.31328 13.5199 -159.746
f 438/741/217 439/742/217 437/743/217 436/744/217 394/745/217 392/746/217 

f 411/747/218 410/748/218 439/749/218 438/750/218 392/751/218 393/752/218 

usemtl RIMS
v 6.9559 10.8494 -157.47
v 6.9559 13.5196 -158.002
f 410/753/219 440/754/219 441/755/220 439/756/220 

v 6.9559 8.58547 -155.959
f 409/757/221 442/758/221 440/759/219 410/760/219 

v 6.9559 7.073 -153.695
f 413/761/222 443/762/222 442/763/221 409/764/221 

v 6.9559 6.54194 -151.025
f 415/765/223 444/766/223 443/767/222 413/768/222 

v 6.9559 7.073 -148.353
f 445/769/224 444/770/223 415/771/223 417/772/224 

v 6.9559 8.58547 -146.089
f 446/773/225 445/774/224 417/775/224 419/776/225 

v 6.9559 10.8494 -144.578
f 447/777/226 446/778/225 419/779/225 421/780/226 

v 6.9559 13.5196 -144.046
f 448/781/227 447/782/226 421/783/226 423/784/227 

v 6.9559 16.19 -144.578
f 425/785/228 449/786/228 448/787/227 423/788/227 

v 6.9559 18.454 -146.089
f 427/789/229 450/790/229 449/791/228 425/792/228 

v 6.9559 19.9665 -148.353
f 429/793/230 451/794/230 450/795/229 427/796/229 

v 6.9559 20.4978 -151.025
f 431/797/231 452/798/231 451/799/230 429/800/230 

v 6.9559 19.9665 -153.695
f 453/801/232 452/802/231 431/803/231 433/804/232 

v 6.9559 18.454 -155.959
f 454/805/233 453/806/232 433/807/232 435/808/233 

v 6.9559 16.19 -157.47
f 455/809/234 454/810/233 435/811/233 437/812/234 

f 441/813/220 455/814/234 437/815/234 439/816/220 

usemtl TYRES
v 5.86817 26.1672 -151.024
v 5.86817 25.2047 -155.864
f 456/817/235 331/818/235 358/819/236 457/820/236 

v 5.86817 25.2047 -146.184
f 458/821/237 328/822/237 331/823/235 456/824/235 

v 5.86817 22.4629 -142.082
f 459/825/238 332/826/238 328/827/237 458/828/237 

v 5.86817 18.3597 -139.339
f 460/829/239 334/830/239 332/831/238 459/832/238 

v 5.86817 13.5199 -138.377
f 461/833/240 336/834/240 334/835/239 460/836/239 

v 5.86817 8.6798 -139.339
f 462/837/241 338/838/241 336/839/240 461/840/240 

v 5.86817 4.57652 -142.082
f 463/841/242 340/842/242 338/843/241 462/844/241 

v 5.86817 1.8348 -146.184
f 464/845/243 342/846/243 340/847/242 463/848/242 

v 5.86817 0.872241 -151.024
f 465/849/244 344/850/244 342/851/243 464/852/243 

v 5.86817 1.8348 -155.864
f 466/853/245 346/854/245 344/855/244 465/856/244 

v 5.86817 4.57652 -159.968
f 467/857/246 348/858/246 346/859/245 466/860/245 

v 5.86817 8.6798 -162.709
f 468/861/247 350/862/247 348/863/246 467/864/246 

v 5.86817 13.5199 -163.671
f 469/865/248 352/866/248 350/867/247 468/868/247 

v 5.86817 18.3597 -162.709
f 470/869/249 354/870/249 352/871/248 469/872/248 

v 5.86817 22.4629 -159.968
f 471/873/250 356/874/250 354/875/249 470/876/249 

f 457/877/236 358/878/236 356/879/250 471/880/250 

v 5.86817 22.3841 -154.696
v 5.86817 20.3042 -157.809
f 472/881/251 457/882/251 471/883/251 473/884/251 

v 5.86817 23.1144 -151.024
f 474/885/251 456/886/251 457/882/251 472/881/251 

v 5.86817 22.3841 -147.352
f 475/887/251 458/888/251 456/886/251 474/885/251 

v 5.86817 20.3042 -144.24
f 476/889/251 459/890/251 458/888/251 475/887/251 

v 5.86817 17.1916 -142.16
f 477/891/251 460/892/251 459/890/251 476/889/251 

v 5.86817 13.5199 -141.43
f 478/893/251 461/894/251 460/892/251 477/891/251 

v 5.86817 9.84783 -142.16
f 479/895/251 462/896/251 461/894/251 478/893/251 

v 5.86817 6.73523 -144.24
f 480/897/251 463/898/251 462/896/251 479/895/251 

v 5.86817 4.65532 -147.352
f 481/899/251 464/900/251 463/898/251 480/897/251 

v 5.86817 3.92504 -151.024
f 482/901/251 465/902/251 464/900/251 481/899/251 

v 5.86817 4.65532 -154.696
f 483/903/251 466/904/251 465/902/251 482/901/251 

v 5.86817 6.73523 -157.809
f 484/905/251 467/906/251 466/904/251 483/903/251 

v 5.86817 9.84783 -159.888
f 485/907/251 468/908/251 467/906/251 484/905/251 

v 5.86817 13.5199 -160.619
f 486/909/251 469/910/251 468/908/251 485/907/251 

v 5.86817 17.1916 -159.888
f 487/911/251 470/912/251 469/910/251 486/909/251 

f 473/884/251 471/883/251 470/912/251 487/911/251 

f 434/913/252 473/914/252 487/915/253 436/916/253 

f 432/917/254 472/918/254 473/919/252 434/920/252 

f 430/921/255 474/922/255 472/923/254 432/924/254 

f 428/925/256 475/926/256 474/927/255 430/928/255 

f 426/929/257 476/930/257 475/931/256 428/932/256 

f 424/933/258 477/934/258 476/935/257 426/936/257 

f 422/937/259 478/938/259 477/939/258 424/940/258 

f 420/941/260 479/942/260 478/943/259 422/944/259 

f 418/945/261 480/946/261 479/947/260 420/948/260 

f 416/949/262 481/950/262 480/951/261 418/952/261 

f 414/953/263 482/954/263 481/955/262 416/956/262 

f 412/957/264 483/958/264 482/959/263 414/960/263 

f 408/961/265 484/962/265 483/963/264 412/964/264 

f 411/965/266 485/966/266 484/967/265 408/968/265 

f 438/969/267 486/970/267 485/971/266 411/972/266 

f 436/973/253 487/974/253 486/975/267 438/976/267 

g Mesh15 wheel_3_2 half_1_1 Group2 Group_67_1 MERCC1 Model

usemtl _CoolGray4_
v 8.62232 19.2588 -160.964
v 8.62232 19.2588 -141.083
v 8.62232 24.9979 -151.024
f 488/977/251 489/978/251 490/979/251

usemtl _CoolGray5_
v 8.62232 7.78065 -141.083
f 488/977/251 491/980/251 489/978/251

v 8.62232 2.04157 -151.024
f 491/980/251 488/977/251 492/981/251

usemtl _CoolGray4_
v 8.62232 7.78065 -160.964
f 488/977/251 493/982/251 492/981/251

g Mesh16 wheel_3_2 half_1_1 Group2 Group_67_1 MERCC1 Model

usemtl RIMS
v 6.52785 16.7461 -145.23
v 6.52785 18.451 -146.59
v 6.31328 18.5285 -148.612
v 6.31328 14.7569 -145.605
f 494/983/268 495/984/268 496/985/269 497/986/270 

v 6.9559 17.7323 -144.342
v 6.9559 19.0963 -145.431
f 498/987/271 499/988/271 495/989/268 494/990/268 

v 6.31328 13.5199 -151.025
f 497/991/270 496/992/269 500/993/251

v 6.31328 18.5285 -153.436
f 496/992/269 501/994/272 500/993/251

v 6.52785 20.0615 -149.934
v 6.52785 20.0615 -152.114
f 502/995/273 503/996/273 501/997/272 496/998/269 

v 6.9559 21.3698 -150.152
v 6.9559 21.3698 -151.896
f 504/999/274 505/1000/274 503/1001/273 502/1002/273 

v 6.31328 14.7569 -156.443
f 501/994/272 506/1003/275 500/993/251

v 6.52785 18.4508 -155.458
v 6.52785 16.7461 -156.818
f 507/1004/276 508/1005/276 506/1006/275 501/1007/272 

v 6.9559 19.0963 -156.617
v 6.9559 17.7323 -157.706
f 509/1008/277 510/1009/277 508/1010/276 507/1011/276 

v 6.31328 10.0535 -155.371
f 506/1003/275 511/1012/278 500/993/251

v 6.52785 13.127 -157.644
v 6.52785 11.0012 -157.159
f 512/1013/279 513/1014/279 511/1015/278 506/1016/275 

v 6.9559 12.6233 -158.871
v 6.9559 10.9226 -158.484
f 514/1017/280 515/1018/280 513/1019/279 512/1020/279 

v 6.31328 7.9602 -151.025
f 511/1012/278 516/1021/281 500/993/251

v 6.52785 8.09889 -154.846
v 6.52785 7.15259 -152.879
f 517/1022/282 518/1023/282 516/1024/281 511/1025/278 

v 6.9559 6.82541 -155.216
v 6.9559 6.06866 -153.645
f 519/1026/283 520/1027/283 518/1028/282 517/1029/282 

v 6.31328 10.0535 -146.677
f 516/1021/281 521/1030/284 500/993/251

v 6.52785 7.15259 -149.169
v 6.52785 8.09889 -147.202
f 522/1031/285 523/1032/285 521/1033/284 516/1034/281 

v 6.9559 6.06866 -148.405
v 6.9559 6.82541 -146.832
f 524/1035/286 525/1036/286 523/1037/285 522/1038/285 

f 521/1030/284 497/991/270 500/993/251

v 6.52785 11.0012 -144.889
v 6.52785 13.127 -144.404
f 526/1039/287 527/1040/287 497/1041/270 521/1042/284 

v 6.9559 10.9226 -143.564
v 6.9559 12.6233 -143.177
f 528/1043/288 529/1044/288 527/1045/287 526/1046/287 

g Mesh17 half_1_1 Group2 Group_67_1 MERCC1 Model

usemtl _CoolGray8_
v 13.8162 46.5332 -168.02
vt -100.957 -102.092
vn -0.246649 0.872097 -0.422623
v 13.5419 46.5249 -167.876
vt -100.634 -102.11
vn -0.244918 0.871533 -0.424788
v 15.138 47.0796 -167.663
vt -101.962 -100.925
vn -0.246832 0.87185 -0.423028
v 20.3086 46.7216 -171.42
vt -108.606 -101.69
vn -0.206278 0.878322 -0.431277
f 530/1047/289 531/1048/290 532/1049/291 533/1050/292 

usemtl _Prussian_Blue_
vt -115.466 -122.458
vn -0.102044 0.9851 -0.138435
vt -115.785 -122.408
vn -0.144899 0.979022 -0.14325
v 15.3942 44.9958 -180.122
vt -124.615 -131.748
vn -0.158731 0.977003 -0.142374
f 531/1051/293 530/1052/294 534/1053/295

v 15.6638 45.0399 -180.175
vt -157.974 -89.4611
vn -0.199134 0.969322 -0.144081
vt -157.756 -89.6539
vt -146.804 -82.9255
f 535/1054/296 534/1055/295 530/1056/294

vt -160.139 -86.5664
v 16.7071 43.9411 -189.161
vt -168.29 -91.4866
vn -0.267931 0.918309 -0.291413
vt -159.926 -86.7637
f 535/1057/296 536/1058/297 534/1059/295

vt -167.171 -72.4227
v 16.9608 43.9833 -189.272
vt -175.897 -76.5757
vn -0.285091 0.857139 -0.428994
vt -175.656 -76.7416
f 535/1060/296 537/1061/298 536/1062/297

vt -151.978 -116.896
vn -0.245986 0.927636 -0.281037
vt -144.317 -111.005
vn -0.120855 0.984161 -0.1297
v 20.2336 45.5646 -180.84
vt -148.193 -108.081
vn -0.121743 0.986216 -0.112057
f 537/1063/299 535/1064/300 538/1065/301

vt -153.44 -102.066
vt -149.697 -105.161
vt -146.245 -95.2412
vn -0.100739 0.986933 -0.125757
f 538/1066/301 535/1067/300 533/1068/302

vt -124.548 -132.114
vt -115.479 -122.883
vn -0.0999697 0.985614 -0.136277
vt -123.05 -121.718
f 535/1069/300 530/1070/303 533/1071/302

vt -109.563 -134.975
v 27.4222 46.9719 -173.587
vt -117.112 -133.116
vn -0.0655585 0.992118 -0.106794
vt -114.514 -143.568
f 533/1072/302 539/1073/304 538/1074/301

usemtl _CoolGray8_
vt -90.5016 -117.698
vn -0.1102 0.88565 -0.451087
vt -82.747 -118.252
v 27.479 47.4817 -172.591
vt -90.1919 -116.569
vn -0.137842 0.885812 -0.4431
f 539/1075/305 533/1076/292 540/1077/306

vt -90.6946 -117.088
vt -83.2544 -118.792
v 20.3861 47.234 -170.409
vt -82.9563 -117.644
vn -0.219901 0.876718 -0.427795
f 540/1078/306 533/1079/292 541/1080/307

vt -108.168 -100.502
vt -108.63 -101.594
vt -101.986 -100.831
f 541/1081/307 533/1082/292 532/1083/291

vt -108.164 -100.477
vt -101.982 -100.806
v 14.7696 47.3086 -166.977
vt -101.288 -100.318
vn -0.244544 0.871098 -0.425896
f 541/1084/307 532/1085/291 542/1086/308

vt -101.864 -100.943
vt -100.536 -102.127
vt -101.17 -100.455
f 532/1087/291 531/1088/290 542/1089/308

v 14.5991 50.5826 -160.232
vt -95.4842 -94.4492
vn -0.230483 0.873656 -0.428488
vt -99.0995 -101.401
vt -98.4436 -103.066
f 543/1090/309 542/1091/308 531/1092/290

v 15.6589 50.6253 -160.746
vt -97.0648 -94.0716
vn -0.240953 0.872921 -0.424206
vt -99.4673 -101.106
vt -95.8366 -94.1623
f 544/1093/310 542/1094/308 543/1095/309

usemtl LightSteelBlue
vt -97.2044 -102.736
vn -0.240016 0.872794 -0.424998
vt -94.8977 -95.6696
vn -0.235964 0.873704 -0.425396
v 23.3586 52.8395 -160.469
vt -101.819 -90.9519
vn -0.185982 0.889977 -0.416355
f 542/1096/311 544/1097/312 545/1098/313

vt -96.6661 -95.6259
v 17.0079 54.2643 -153.925
vt -94.3974 -87.7464
vn -0.227233 0.882129 -0.41257
vt -103.534 -90.8316
f 544/1099/312 546/1100/314 545/1101/313

usemtl _CoolGray8_
vt -94.9945 -87.2969
vn -0.208713 0.881768 -0.422995
vt -97.2946 -95.1674
vt -96.0666 -95.2598
f 546/1102/315 544/1103/310 543/1104/309

v 15.9361 54.2385 -153.49
vt -81.4805 -94.9239
vn -0.187138 0.886618 -0.422951
vt -82.6881 -94.8678
vt -83.1217 -102.891
f 547/1105/316 546/1106/315 543/1107/309

vt -83.1091 -98.0461
vt -81.9016 -98.1054
v 17.7517 56.0873 -150.323
vt -82.249 -93.8443
vn -0.17801 0.891137 -0.417357
f 546/1108/315 547/1109/316 548/1110/317

vt -76.87 -100.46
v 17.3256 57.6817 -146.765
vt -75.5166 -92.5489
vn -0.17784 0.892804 -0.413851
vt -77.3533 -96.2125
f 547/1111/316 549/1112/318 548/1113/317

usemtl _Prussian_Blue_
vt -149.75 13.5712
vn -0.685559 0.704751 -0.182579
vt -155.8 8.29658
vn -0.618688 0.743497 -0.253845
v 14.2597 54.9826 -146.846
vt -148.689 9.43635
vn -0.825784 0.554187 -0.10468
f 549/1114/319 547/1115/320 550/1116/321

usemtl _6
v 15.9359 52.2245 -144.012
vt 149.189 59.5239
vn 0.961994 -0.267116 -0.0567124
vt 159.073 61.7119
vn 0.9639 -0.26045 -0.0553321
vt 151.971 65.4524
vn 0.964966 -0.25777 -0.0489449
f 551/1117/322 547/1118/323 549/1119/324

vt 149.309 59.1273
v 14.5988 48.1586 -148.828
vt 154.411 54.7352
vn 0.971903 -0.230244 -0.0489124
vt 159.196 61.3028
f 551/1120/322 552/1121/325 547/1122/323

usemtl _CoolGray8_1
vt 16.7204 -79.7777
vn -0.000143969 -0.829007 0.559239
v 12.6576 52.2354 -143.998
vt 13.295 -79.7601
vn -6.2551e-05 -0.797721 0.603027
vt 15.3256 -86.3638
vn -0.0256131 -0.601471 0.798484
f 551/1123/326 553/1124/327 552/1125/328

v 13.6208 54.304 -140.543
vt 14.0628 -96.8421
vn -0.000274359 -0.872944 0.487821
vt 13.0522 -101.049
vt 16.4776 -101.071
f 554/1126/329 553/1127/327 551/1128/326

usemtl _Prussian_Blue_
vt -150.906 50.9723
vn -0.91401 0.405366 -0.016226
v 13.4848 54.0541 -140.536
vt -147.332 53.1338
vn -0.89768 0.440588 -0.00726962
vt -147.346 53.4308
vn -0.865783 0.499241 -0.0343347
f 553/1129/330 555/1130/331 554/1131/332

v 12.5432 51.9467 -144.034
vt -149.978 57.128
vn -0.931953 0.36247 -0.00890008
vt -146.294 59.4928
vt -149.937 57.452
f 556/1132/333 555/1133/331 553/1134/330

vt -150.991 49.982
vn -0.915999 0.399571 -0.0358995
v 12.7524 52.7004 -140.51
vt -147.328 50.8766
vn -0.897295 0.440222 -0.0326633
vt -147.398 52.4835
vn -0.865857 0.498446 -0.0429271
f 556/1135/334 557/1136/335 555/1137/336

v 11.7514 49.9358 -144.264
vt -150.998 51.611
vn -0.929487 0.368295 -0.0203168
vt -147.104 54.7184
vt -150.778 53.8713
f 558/1138/337 557/1139/335 556/1140/334

usemtl _CoolGray8_
vt -147.128 54.5436
vn -0.912331 0.409418 -0.0053122
vt -151.019 51.4325
vn -0.920307 0.389039 -0.0410357
v 12.645 52.4483 -140.277
vt -146.881 54.2599
vn -0.920715 0.389897 -0.0162629
f 557/1141/338 558/1142/339 559/1143/340

vt -147.01 53.0431
vt -151.131 50.19
v 11.6486 49.7173 -144.045
vt -150.897 49.9419
vn -0.919217 0.391616 -0.0409475
f 559/1144/340 558/1145/339 560/1146/341

v 10.9766 47.9549 -145.806
vt -152.705 47.9303
vn -0.924335 0.378142 -0.0511117
vt -150.899 49.9315
vt -151.132 50.1796
f 561/1147/342 560/1148/341 558/1149/339

usemtl LightSteelBlue
vt -147.002 53.1323
vn -0.916416 0.400029 -0.012594
vt -150.891 50.0329
vn -0.919767 0.390443 -0.0397723
vt -152.699 48.0327
vn -0.937212 0.347838 -0.0253651
f 559/1150/343 560/1151/344 561/1152/345

vt -152.524 49.8454
v 10.6753 47.9885 -127.981
vt -133.897 49.8831
vn -0.938352 0.345584 -0.0082462
vt -146.778 54.8897
f 561/1153/345 562/1154/346 559/1155/343

vt -133.896 50.3746
vt -152.523 50.3377
v 9.82941 44.3496 -148.275
vt -155.081 46.3707
vn -0.952483 0.304039 -0.0183168
f 562/1156/346 561/1157/345 563/1158/347

v 10.2453 45.6239 -147.749
vt -154.628 47.0895
vn -0.946714 0.320807 -0.0285646
vt -155.164 45.6838
vt -152.622 49.661
f 564/1159/348 563/1160/347 561/1161/345

usemtl _CoolGray8_
v 9.70712 43.9134 -148.842
vt -155.83 44.1159
vn -0.959616 0.280391 -0.0227815
vt -155.245 44.5981
vn -0.952104 0.304442 -0.0285177
vt -154.718 46.0073
vn -0.941489 0.333598 -0.0480702
v 10.3333 45.8415 -148.009
vt -154.994 46.2477
vn -0.943005 0.329844 -0.0440923
f 565/1162/349 563/1163/350 564/1164/351 566/1165/352 

vt -155.019 46.9223
vt -155.61 46.4473
v 9.001 42.79 -110.994
vt -116.06 45.224
vn -0.962425 0.271472 -0.00645243
f 563/1166/350 565/1167/349 567/1168/353

vt -116.073 45.3599
vt -155.624 46.5666
v 9.36739 43.2477 -133.211
vt -139.29 45.8516
vn -0.97271 0.231749 -0.0112687
v 8.80789 42.1508 -107.459
vt -112.378 44.6734
vn -0.963605 0.267239 -0.0070539
f 567/1169/353 565/1170/349 568/1171/354 569/1172/355 

usemtl _Prussian_Blue_
vt -155.458 44.5637
vn -0.884742 0.465801 -0.0161654
v 7.35674 40.2649 -150.506
vt -157.211 40.0343
vn -0.901271 0.433135 0.0101811
vt -139.129 43.7374
vn -0.847071 0.531452 0.00553433
f 565/1173/356 570/1174/357 568/1175/358

v 8.66615 42.4469 -151.465
vt -157.62 46.5575
vn -0.829504 0.558239 0.0171027
vt -156.688 43.8737
vt -154.829 48.3611
f 571/1176/359 570/1177/357 565/1178/356

vt -152.929 22.9993
vn -0.944056 0.257089 -0.20655
vt -154.279 25.4996
vn -0.734911 0.507987 0.449282
v 7.39102 40.142 -150.816
vt -153.249 22.8586
vn -0.86661 0.443715 0.228263
f 570/1179/360 571/1180/361 572/1181/362

v 8.57814 42.3909 -151.719
vt -153.253 59.3355
vn -0.822236 0.544839 0.164557
vt -152.585 56.5959
vt -152.974 59.4037
f 573/1182/363 572/1183/362 571/1184/361

vt -158.766 38.8174
vn -0.844653 0.530174 -0.0740103
v 8.48991 40.9402 -161.105
vt -168.544 37.1231
vn -0.856289 0.510353 -0.0794317
vt -157.741 36.1909
vn -0.924875 0.378193 -0.0397155
f 573/1185/364 574/1186/365 572/1187/366

v 10.0328 44.3288 -151.351
vt -158.338 32.5852
vn -0.882312 0.461645 -0.0917056
vt -168.292 28.1233
vt -158.554 30.0335
f 575/1188/367 574/1189/365 573/1190/364

v 11.3845 45.2545 -159.898
vt -167.481 37.7714
vn -0.879422 0.459044 -0.126078
vt -168.487 32.2901
vt -158.464 36.5953
f 576/1191/368 574/1192/365 575/1193/367

vt -166.898 30.4942
vt -175.483 32.1192
vn -0.746925 0.646908 -0.153667
vt -167.676 24.9759
f 576/1194/368 531/1195/369 574/1196/365

v 12.3257 49.1761 -156.981
vt -163.215 40.463
vn -0.893622 0.42732 -0.137246
vt -174.62 37.4936
vt -165.999 36.0706
f 577/1197/370 531/1198/369 576/1199/368

vt -163.995 17.1508
vn -0.702079 0.661822 -0.262824
vt -171.256 11.6482
vt -160.033 15.2435
f 543/1200/371 531/1201/369 577/1202/370

usemtl _6
vt 166.685 55.9555
vn 0.974749 -0.218429 -0.0464018
vt 154.78 53.3794
vt 174.71 51.6432
vn 0.982383 -0.182799 -0.0388278
f 543/1203/372 552/1204/325 531/1205/373

vt 154.411 54.7354
vt 166.307 57.3538
vt 159.196 61.303
f 552/1206/325 543/1207/372 547/1208/323

usemtl _Prussian_Blue_
vt -152.691 -0.267362
vt -158.509 -5.95144
v 13.392 52.491 -152.564
vt -150.702 -2.9843
vn -0.762296 0.616367 -0.197475
f 547/1209/320 543/1210/371 578/1211/374

vt -154.89 19.7896
vt -162.861 17.2978
vt -158.866 15.4614
f 578/1212/374 543/1213/371 577/1214/370

vt -158.958 57.7854
vt -163.603 54.1841
vt -152.961 60.4921
f 578/1215/374 577/1216/370 550/1217/321

vt -154.117 53.524
vt -164.526 46.8376
v 11.0064 47.5402 -149.561
vt -156.691 44.9538
vn -0.914781 0.394919 -0.0849398
f 550/1218/321 577/1219/370 579/1220/375

vt -156.642 45.4706
vt -164.493 47.2852
vt -158.403 41.9083
f 579/1221/375 577/1222/370 575/1223/367

vt -158.242 41.259
vt -164.372 46.59
vt -167.278 42.2771
f 575/1224/367 577/1225/370 576/1226/368

vt -158.483 44.1859
vn -0.786089 0.163183 0.596184
v 10.9264 47.3361 -149.376
vt -156.481 47.501
vn -0.942238 0.33146 -0.0481843
vt -156.678 47.726
vn -0.937044 0.347107 -0.0382781
f 575/1227/376 580/1228/377 579/1229/378

vt -158.482 43.4715
v 9.99501 44.2807 -151.059
vt -158.176 43.4183
vn -0.88612 0.461845 -0.0385993
vt -156.493 46.7943
f 575/1230/376 581/1231/379 580/1232/377

vt -157.927 42.6726
vt -158.232 42.7347
vt -158.338 40.304
f 581/1233/379 575/1234/376 571/1235/361

vt -153.454 60.6727
vt -154.114 58.1984
vt -153.836 58.2699
f 575/1236/376 573/1237/363 571/1238/361

usemtl _CoolGray8_1
vt 10.2186 33.8402
v 41.7508 42.1728 -151.726
vt 44.7882 33.5531
vn -0.00631048 -0.351029 0.936343
vt 11.6457 35.8107
f 571/1239/361 582/1240/380 575/1241/376

v 41.7514 46.0112 -174.657
vt 54.0119 185.165
vn 0.00473918 0.987348 0.158501
vt 18.1108 162.644
vn -0.190712 0.981158 0.0309633
vt 52.6381 160.912
vn 0.00947803 0.986233 0.16509
f 583/1242/381 571/1243/382 582/1244/383

v 34.59 46.0112 -174.657
vt 36.1413 187.675
vn -0.0342866 0.992859 0.114262
vt 9.05482 163.158
vt 43.6239 187.675
f 584/1245/384 571/1246/382 583/1247/381

vt -94.9749 164.051
v 27.4222 45.4357 -173.587
vt -99.803 158.186
vn -0.765412 0.062217 -0.640526
vt -98.9521 127.734
f 584/1248/384 585/1249/385 571/1250/382

vt -39.5809 158.676
v 20.3086 45.3121 -171.42
vt -55.5589 177.016
vn -0.0686159 -0.981105 -0.180902
vt -63.2896 177.807
f 571/1251/382 586/1252/386 585/1253/385

vt -101.891 155.688
vt -81.4419 142.516
v 13.8162 45.3121 -168.02
vt -94.2336 155.688
vn -0.105444 -0.973829 -0.201344
f 586/1254/386 571/1255/382 587/1256/387

vt 45.2362 84.5189
vn 0.00982167 0.265955 0.963936
vt 10.6668 84.8161
vt 9.32762 82.3178
f 582/1257/388 571/1258/361 572/1259/362

v 74.8357 42.4469 -151.465
vt 68.9926 167.576
vn 0.190712 0.981158 0.0309633
vt 33.0924 190.097
vn -0.00473918 0.987348 0.158501
vt 34.4651 165.844
vn -0.00947803 0.986233 0.16509
f 588/1260/389 583/1261/390 582/1262/391

vt 78.192 163.158
v 48.9118 46.0112 -174.657
vt 51.1054 187.675
vn 0.0342866 0.992859 0.114262
f 588/1263/389 589/1264/392 583/1247/390

v 56.0796 45.4357 -173.587
vt 164.741 100.226
vn 0.765412 0.062217 -0.640526
vt 159.913 106.091
vt 163.89 69.7735
f 590/1265/393 589/1266/392 588/1267/389

v 63.1932 45.3121 -171.42
vt -30.0308 193.713
vn 0.0686159 -0.981105 -0.180902
vt -46.0087 175.373
vt -22.3001 194.504
f 591/1268/394 588/1269/389 590/1270/393

vt 4.15247 181.933
vt 24.6017 195.105
v 69.6856 45.3121 -168.02
vt 16.9441 195.105
vn 0.105444 -0.973829 -0.201344
f 588/1271/389 591/1272/394 592/1273/395

vt 38.777 -46.972
vt 10.5125 -39.6067
vt 5.66371 -44.319
f 582/1274/380 552/1275/328 575/1276/376

vt 43.6233 -29.4145
v 42.8813 48.1586 -148.828
vt 44.8045 -22.4659
vn 0 -0.435724 0.90008
vt 15.2535 -22.4659
f 582/1277/380 593/1278/396 552/1279/328

vt -6.23919 -28.1064
vn -0.0511246 -0.625084 0.778881
vt -7.46136 -31.8877
vt -2.42325 -27.3783
f 579/1280/397 575/1281/376 552/1282/328

vt 13.2497 -79.7714
vt 11.5254 -87.3774
vt 15.2788 -86.3756
f 553/1283/327 579/1284/397 552/1285/328

usemtl _Prussian_Blue_
vt -156.612 47.9491
vt -150.91 52.9095
vt -150.878 53.2345
f 579/1286/378 556/1287/333 553/1288/330

vt -156.272 49.2393
vt -150.724 54.382
vt -156.466 49.4669
f 580/1289/377 556/1290/333 579/1291/378

vt -156.475 46.5549
vn -0.937681 0.343292 -0.0539001
v 10.9995 47.9445 -146.253
vt -153.222 47.2436
vn -0.931201 0.362536 -0.0378384
vt -151 51.7747
f 580/1292/398 594/1293/399 556/1294/334

vt -153.178 48.7174
vt -156.434 48.043
vt -154.979 46.3861
vn -0.942407 0.331183 -0.0467575
f 594/1295/399 580/1296/398 566/1297/400

vt -155.003 46.0731
vt -156.463 47.7262
vt -155.837 43.9404
f 566/1298/400 580/1299/398 565/1300/356

vt -155.843 43.0104
vt -156.493 46.7923
vt -158.176 43.4163
vn -0.886124 0.461842 -0.0385411
f 565/1301/356 580/1302/398 581/1303/401

vt -155.606 42.2156
vt -157.926 42.69
vt -158.336 40.3215
f 565/1304/356 581/1305/401 571/1306/359

usemtl _CoolGray8_
vt -153.167 48.8686
vn -0.932135 0.358501 -0.0510096
vt -154.969 46.5388
vt -154.694 46.2977
f 594/1307/402 566/1308/352 564/1309/351

vt -153.226 47.8977
vt -154.739 45.3184
vt -152.758 47.9093
f 594/1310/402 564/1311/351 561/1312/342

vt -153.23 46.7243
vt -152.762 46.7362
vt -151.203 48.9959
f 594/1313/402 561/1314/342 558/1315/339

usemtl _Prussian_Blue_
vt -150.708 54.2798
vt -152.997 49.7824
vt -150.933 52.0201
f 556/1316/334 594/1317/399 558/1318/337

vt -151.017 48.3007
vn -0.89021 0.450742 -0.0660182
vt -154.149 51.4755
vt -156.618 42.8746
f 553/1319/403 550/1320/321 579/1321/375

vt -153.933 54.4949
vt -150.888 51.236
vt -147.325 53.6899
vn -0.879069 0.475884 -0.0277906
f 550/1322/321 553/1323/403 554/1324/404

vt -147.319 53.6312
v 14.8542 56.5923 -140.194
vt -147.01 56.3542
vn -0.784072 0.613483 -0.0941816
vt -153.927 54.4387
f 554/1325/404 595/1326/405 550/1327/321

v 15.5439 57.9874 -132.903
vt -139.001 60.4434
vn -0.782208 0.622658 -0.021177
vt -146.612 58.7865
vt -146.966 56.0689
f 596/1328/406 595/1329/405 554/1330/404

vt -147.226 47.553
vt -139.682 49.4922
v 18.1953 60.4079 -139.984
vt -147.265 52.8565
vn -0.73749 0.670417 -0.0815412
f 595/1331/405 596/1332/406 597/1333/407

vt -146.977 54.0515
vt -139.459 50.544
v 18.8714 61.7699 -126.078
vt -132.494 56.0252
vn -0.749114 0.662425 -0.00450428
f 597/1334/407 596/1335/406 598/1336/408

v 16.9985 59.5762 -126.319
vt -131.697 60.2107
vn -0.760728 0.64906 0.00379119
vt -131.415 63.2218
vt -138.599 58.0298
f 599/1337/409 598/1338/408 596/1339/406

v 17.4133 60.1179 -117.365
vt -122.724 59.1496
vn -0.750382 0.661004 -0.000243685
vt -131.836 61.4199
vt -132.077 58.4052
f 600/1340/410 598/1341/408 599/1342/409

v 17.4818 60.155 -110.161
vt -115.012 59.184
vn -0.754903 0.655836 0.000677794
vt -131.635 61.4633
vt -122.539 59.1316
f 601/1343/411 598/1344/408 600/1345/410

v 18.7451 61.6421 -109.874
vt -114.823 61.683
vn -0.767313 0.64126 -0.00391584
vt -131.754 61.8582
vt -115.122 59.644
f 602/1346/412 598/1347/408 601/1348/411

vt -129.232 37.0689
vn -0.0711063 0.996522 -0.0434441
vt -112.392 35.3077
vn -0.0829712 0.996248 0.024591
v 23.8974 62.1472 -125.651
vt -128.284 42.2683
vn -0.0716967 0.996742 -0.0369481
f 598/1349/413 602/1350/414 603/1351/415

vt -129.713 37.4789
vt -113.55 31.1743
v 23.7999 62.0634 -109.307
vt -112.667 36.4336
vn -0.0730678 0.996281 0.0456626
f 603/1352/415 602/1353/414 604/1354/416

vt -83.4249 87.7995
v 17.9073 60.8043 -97.6286
vt -73.3854 79.7717
vn -0.0884216 0.989346 0.115659
vt -79.9403 91.8364
f 602/1355/414 605/1356/417 604/1357/416

v 17.2202 59.854 -103.82
vt -108.703 59.0513
vn -0.795525 0.605921 -1.24465e-05
vt -102.244 60.3281
vn -0.824153 0.565673 0.0280225
vt -115.049 61.4537
f 606/1358/418 605/1359/419 602/1360/412

v 16.8682 59.1837 -97.9095
vt -102.065 62.3099
vn -0.843722 0.53602 0.0285735
vt -101.757 64.3193
vt -108.235 63.141
f 607/1361/420 605/1362/419 606/1363/418

v 16.3895 57.9421 -92.3297
vt -95.3897 63.1428
vn -0.8378 0.54261 0.0605471
vt -100.831 66.6786
vt -101.184 64.6766
f 608/1364/421 605/1365/419 607/1366/420

vt -94.8325 63.971
v 17.1415 58.5226 -87.7527
vt -90.0033 64.7023
vn -0.830615 0.547684 0.100599
vt -100.228 67.577
f 608/1367/421 609/1368/422 605/1369/419

v 15.6627 56.0672 -86.7592
vt -88.9713 62.254
vn -0.832849 0.54365 0.103955
vt -89.877 65.2914
vt -94.7082 64.5733
f 610/1370/423 609/1371/422 608/1372/421

v 14.6377 53.1068 -81.0216
vt -80.981 62.2972
vn -0.827569 0.543734 0.139583
vt -87.4871 69.0792
vt -86.7177 66.0044
f 611/1373/424 609/1374/422 610/1375/423

v 15.6284 54.3218 -79.7834
vt -79.846 63.395
vn -0.831305 0.53882 0.1364
vt -87.8292 68.6261
vt -81.2838 61.8819
f 612/1376/425 609/1377/422 611/1378/424

usemtl _CoolGray8_
v 16.2819 54.3489 -79.6317
vt -8.80794 101.152
vn -0.144924 0.880632 0.451091
vt -10.5042 110.583
vn -0.159753 0.88042 0.446474
vt -9.50677 101.091
vn -0.142461 0.87802 0.456931
f 613/1379/426 609/1380/427 612/1381/428

v 17.5699 57.6503 -85.8481
vt -11.577 108.406
vn -0.159024 0.883588 0.440436
vt -12.643 110.369
vt -10.7542 100.975
f 614/1382/429 609/1383/427 613/1384/426

v 22.7378 58.0393 -84.6558
vt -9.29096 108.955
vn -0.147719 0.875329 0.460411
vt -15.9072 110.024
vt -14.7805 108.095
f 615/1385/430 609/1386/427 614/1387/429

v 22.9262 58.9412 -86.2685
vt -10.587 111.025
vn -0.150715 0.870219 0.469046
vt -16.7803 110.147
vt -10.1554 109.133
f 616/1388/431 609/1389/427 615/1390/430

usemtl _Prussian_Blue_
v 23.6231 61.2165 -96.9648
vt -31.7133 111.509
vn -0.0827947 0.983517 0.160747
vt -32.4795 99.4327
vn -0.108354 0.972101 0.208034
vt -26.5125 101.31
vn -0.0926245 0.975123 0.201386
f 617/1391/432 609/1392/433 616/1393/434

vt -23.8571 113.111
vt -20.4433 103.054
vt -18.1096 114.928
f 605/1394/417 609/1395/433 617/1396/432

vt -71.2332 98.9151
vt -65.8804 86.271
vt -61.4982 90.4098
f 604/1397/416 605/1398/417 617/1399/432

vt -50.4003 96.7642
v 29.6064 61.5523 -96.4219
vt -45.4142 100.594
vn -0.05105 0.992032 0.115181
vt -58.9922 106.423
f 617/1400/432 618/1401/435 604/1402/416

vt -10.5489 115.294
v 29.1232 59.0686 -84.9397
vt -0.937949 105.117
vn -0.0533327 0.976542 0.208618
vt -4.46645 116.885
f 617/1403/432 619/1404/436 618/1405/435

vt -4.06507 104.174
vt 2.52908 104.797
vt -6.70857 115.313
f 616/1406/434 619/1407/436 617/1408/432

usemtl _CoolGray8_
vt 1.40057 109.533
vt 7.79714 111.733
vn -0.10467 0.877794 0.467464
vt 1.17918 111.461
f 615/1409/430 619/1410/437 616/1411/431

v 29.0112 58.1902 -83.2973
vt 7.23563 109.755
vn -0.0899931 0.882991 0.460683
vt 6.9134 111.678
vt 0.53525 109.425
f 620/1412/438 619/1413/437 615/1414/430

vt 16.4404 108.645
v 35.4135 59.0825 -83.978
vt 22.9385 110.62
vn -0.0593108 0.886591 0.458736
vt 16.2898 110.589
f 620/1415/438 621/1416/439 619/1417/437

v 35.3599 58.2099 -82.2785
vt 22.3225 108.66
vn -0.0349517 0.87016 0.491528
vt 22.0862 110.643
vt 15.6044 108.615
f 622/1418/440 621/1419/439 620/1420/438

vt 31.3951 106.196
v 41.7509 59.0607 -83.531
vt 37.9758 108.142
vn -0.0145762 0.860105 0.509909
vt 31.3379 108.192
f 622/1421/440 623/1422/441 621/1423/439

vt 43.6234 106.871
vt 36.9457 105.289
v 41.7514 58.2099 -82.2785
vt 43.6239 105.289
vn 0 0.827189 0.561924
f 623/1424/441 622/1425/440 624/1426/442

usemtl LightSteelBlue
vt 43.6239 104.488
vn 1.01186e-17 0.881927 0.471386
vt 36.9457 104.488
vn -0.05623 0.880123 0.471405
v 34.8634 50.7731 -68.3649
vt 36.427 88.0041
vn -0.046096 0.872347 0.486709
v 41.7514 50.7731 -68.3649
vt 43.6239 88.0041
vn 1.24833e-17 0.872504 0.488607
f 624/1427/443 622/1428/444 625/1429/445 626/1430/446 

vt 20.0719 109.32
v 24.4024 50.5695 -69.9899
vt 11.2496 92.5326
vn -0.125838 0.870632 0.475568
vt 22.3038 92.9801
f 622/1431/444 627/1432/447 625/1433/445

vt 15.6348 108.875
vn -0.0999952 0.877969 0.468158
vt 13.1637 92.3278
vt 22.3529 108.918
f 620/1434/448 627/1435/447 622/1436/444

vt 0.532169 109.422
vn -0.146669 0.874606 0.462117
vt 6.10332 93.0597
vt 7.23253 109.752
f 615/1437/449 627/1438/447 620/1439/448

vt -14.0891 108.41
vn -0.144934 0.87872 0.454803
vt -1.61798 93.4195
vt -8.59396 109.234
f 614/1440/450 627/1441/447 615/1442/449

vt -4.72473 101.435
vn -0.135835 0.87818 0.458638
vt 6.04466 92.8855
vt -5.07644 108.903
f 613/1443/451 627/1444/447 614/1445/450

v 14.8865 50.2747 -72.5617
vt -8.81489 92.8119
vn -0.15628 0.863654 0.479247
vt 1.47033 93.4343
vt -9.72844 101.413
f 628/1446/452 627/1447/447 613/1448/451

vt -8.62316 92.9703
v 13.2972 46.0059 -65.5716
vt -7.94669 84.2791
vn -0.164899 0.863222 0.477133
vt 1.66337 93.5705
f 628/1449/452 629/1450/453 627/1451/447

usemtl _CoolGray8_
vt -9.43885 92.8905
vn -0.157857 0.861737 0.482174
v 12.5563 45.9723 -65.7617
vt -9.48039 84.1376
vn -0.160045 0.862044 0.4809
vt -8.68325 84.2059
vn -0.150281 0.865981 0.476962
f 628/1452/454 630/1453/455 629/1454/456

v 14.2368 50.2524 -72.7314
vt -9.07792 92.9512
vn -0.154882 0.863559 0.479872
vt -8.52267 84.2446
vt -8.37745 92.9965
f 631/1455/457 630/1456/455 628/1457/454

usemtl _Prussian_Blue_
v 13.3397 49.5598 -75.1732
vt -74.962 58.2138
vn -0.823109 0.549381 0.143778
vt -65.4171 53.7066
vn -0.821454 0.552732 0.14036
vt -72.2872 59.0839
vn -0.825819 0.544973 0.145007
f 632/1458/458 630/1459/459 631/1460/460

v 11.7959 45.7373 -69.334
vt -69.3709 53.2668
vn -0.822045 0.552389 0.138231
vt -65.5581 53.5602
vt -75.1172 58.0372
f 633/1461/461 630/1462/459 632/1463/458

vt -69.3957 53.1594
v 10.9001 41.695 -58.356
vt -58.2394 48.0777
vn -0.846867 0.522664 0.0981783
vt -65.5831 53.4549
f 633/1464/461 634/1465/462 630/1466/459

v 10.0133 41.7596 -63.927
vt -64.1582 48.1349
vn -0.849287 0.508732 0.141083
vt -58.2643 48.0538
vt -69.4238 53.1282
f 635/1467/463 634/1468/462 633/1469/461

v 8.38507 37.6755 -60.7424
vt -61.1883 43.6879
vn -0.874824 0.480254 0.0635559
vt -58.2996 48.4225
vt -64.1937 48.4985
f 636/1470/464 634/1471/462 635/1472/463

v 8.38891 37.6173 -59.3486
vt -61.7385 39.0383
vn -0.86386 0.503109 0.0250476
vt -60.6278 44.0262
vt -63.1944 39.1096
f 637/1473/465 634/1474/462 636/1475/464

vt -61.4486 39.9103
v 10.5002 40.3918 -51.2045
vt -52.8328 43.2938
vn -0.828033 0.558759 0.0463649
vt -60.2717 44.883
f 637/1476/465 638/1477/466 634/1478/462

v 8.18921 37.0529 -52.3445
vt -54.4459 37.6134
vn -0.872696 0.487532 0.0267221
vt -53.1912 41.8378
vt -61.756 38.3274
f 639/1479/467 638/1480/466 637/1481/465

v 8.03425 35.6604 -38.9006
vt -40.0899 36.9219
vn -0.836492 0.545424 0.0528521
vt -52.7744 42.8757
vt -54.1036 38.6741
f 640/1482/468 638/1483/466 639/1484/467

v 10.3311 38.6983 -38.5474
vt -39.1967 40.9367
vn -0.783876 0.614124 0.0916019
vt -52.357 43.1415
vt -39.7711 36.982
f 641/1485/469 638/1486/466 640/1487/468

v 10.6167 38.731 -38.5735
vt -15.9037 44.8125
vn -0.146879 0.979317 0.139156
vt -24.0797 55.3173
vn -0.184316 0.971852 0.146738
vt -16.1229 44.6054
vn -0.0951889 0.984365 0.148202
f 642/1488/470 638/1489/471 641/1490/472

v 10.7801 40.4566 -51.1665
vt -41.7999 45.3693
vn -0.241581 0.959773 0.143091
vt -41.973 45.1208
vt -30.2834 38.7529
f 643/1491/473 638/1492/471 642/1493/470

vt -38.9312 48.8793
vt -38.7389 49.1132
v 11.1469 41.7096 -58.2186
vt -44.7139 53.6356
vn -0.19744 0.966603 0.163389
f 638/1494/471 643/1495/473 644/1496/474

vt -44.8564 53.5305
vn -0.124962 0.979688 0.15683
vt -38.8669 49.0271
vn -0.174638 0.973767 0.145877
v 12.0154 39.7108 -44.7089
vt -32.4942 46.3463
vn -0.0378241 0.989982 0.136033
f 644/1497/475 643/1498/476 645/1499/477

vt -23.9042 55.5757
vt -15.9667 44.9267
vn -0.124454 0.982037 0.141826
vt -18.7455 50.9729
f 643/1500/476 642/1501/478 645/1502/477

vt -15.3331 45.1375
v 12.863 38.1006 -32.2629
vt -9.49673 41.2188
vn -0.0300553 0.986431 0.161402
vt -18.0141 51.2277
f 642/1503/478 646/1504/479 645/1505/477

vt -21.8936 43.9723
v 10.8738 36.817 -26.4446
vt -12.4461 35.2879
vn -0.159963 0.966609 0.200199
vt -15.4719 41.1119
f 642/1506/478 647/1507/480 646/1508/479

vt -5.01879 36.0708
vn -0.0884246 0.975414 0.201863
vt -11.9665 46.8598
vt -12.2051 46.6752
f 647/1509/481 642/1510/470 641/1511/472

vt -3.34317 36.0903
vt -9.92787 47.0783
v 10.5687 36.7843 -26.4067
vt -3.60351 35.899
vn -0.0797297 0.976226 0.201559
f 647/1512/481 641/1513/472 648/1514/482

vt -25.5574 39.0622
vn -0.694281 0.697159 0.178728
vt -38.1291 41.6944
v 8.23395 34.0019 -25.9252
vt -25.4366 35.2358
vn -0.784544 0.606948 0.1269
f 648/1515/483 641/1516/469 649/1517/484

vt -25.9803 35.4223
vt -38.8486 41.5231
vt -39.4788 37.5768
f 649/1518/484 641/1519/469 640/1520/468

v 6.70744 33.145 -33.0531
vt -33.4782 33.948
vn -0.86473 0.49917 0.055425
vt -25.8951 35.0923
vt -39.3838 37.3071
f 650/1521/485 649/1522/484 640/1523/468

v 6.73614 32.499 -28.1424
vt -28.4111 32.7991
vn -0.871214 0.479784 0.103894
vt -25.9312 34.8319
vt -33.5121 33.6729
f 651/1524/486 649/1525/484 650/1526/485

vt -27.2091 35.62
v 6.4664 30.6031 -23.5675
vt -22.6009 33.2501
vn -0.919238 0.360235 0.158849
vt -24.6106 37.4987
f 651/1527/486 652/1528/487 649/1529/484

vt -28.5893 35.2513
v 6.47674 31.8671 -28.3679
vt -28.85 34.5463
vn -0.946872 0.314494 0.0672825
vt -23.8587 33.1363
f 651/1530/486 653/1531/488 652/1532/487

vt -28.9537 34.8001
vt -34.078 35.5248
v 6.45149 32.4908 -33.0531
vt -34.0933 34.7909
vn -0.943081 0.330285 0.0388509
vt -29.2044 34.0916
f 651/1533/486 650/1534/485 654/1535/489 653/1536/488 

vt -34.2824 35.2238
v 6.29082 32.499 -37.9612
vt -39.4223 34.4991
vn -0.940248 0.340142 0.01542
vt -34.2914 34.4899
f 650/1537/485 655/1538/490 654/1539/489

vt -34.4501 33.88
vt -40.5431 36.8859
vt -39.5832 33.1081
f 650/1540/485 640/1541/468 655/1542/490

vt -40.4023 37.154
v 6.25405 32.8179 -45.8803
vt -47.7428 33.7509
vn -0.956425 0.29167 0.0134241
vt -39.4706 33.3691
f 640/1543/468 656/1544/491 655/1545/490

vt -54.2792 39.3554
vt -47.6171 34.3651
vt -40.2519 37.7146
f 639/1546/467 656/1547/491 640/1548/468

v 6.32867 33.2711 -52.7823
vt -54.996 34.6475
vn -0.960958 0.2765 0.0103847
vt -47.7878 34.1204
vt -54.4972 39.0468
f 657/1549/492 656/1550/491 639/1551/467

v 5.65496 29.2461 -52.9973
vt -55.3732 31.1156
vn -0.994253 0.106863 0.0064811
vt -47.9368 34.8994
vt -55.1484 35.3795
f 658/1552/493 656/1553/491 657/1554/492

v 5.51261 27.5884 -46.4669
vt -48.4668 29.4392
vn -0.995451 0.09527 -0.000508721
vt -47.8433 34.9567
vt -55.2874 31.1883
f 659/1555/494 656/1556/491 658/1557/493

v 5.89138 30.6031 -42.5392
vt -44.5264 32.4399
vn -0.986692 0.162561 -0.00349298
vt -48.0222 34.7776
vt -48.6245 29.2578
f 660/1558/495 656/1559/491 659/1560/494

vt -39.5823 34.6694
vt -47.8564 35.0081
vt -44.3702 32.656
f 655/1561/490 656/1562/491 660/1563/495

vt -39.7739 34.358
vt -44.549 32.3145
v 6.12666 31.8671 -37.7358
vt -39.5353 33.6768
vn -0.974291 0.225202 0.00638625
f 655/1564/490 660/1565/495 661/1566/496

vt -44.4198 32.5871
v 5.79726 30.0371 -42.1013
vt -43.9628 31.9872
vn -0.987809 0.155235 -0.0116427
vt -39.4 33.9266
f 660/1567/495 662/1568/497 661/1569/496

vt -44.1412 31.7524
vt -44.6012 32.35
v 5.48046 27.1262 -45.8498
vt -48.047 28.6792
vn -0.996956 0.077953 -0.00144649
f 662/1570/497 660/1571/495 663/1572/498

vt -47.7735 28.865
vt -44.3061 32.5153
vt -48.4175 29.3502
f 663/1573/498 660/1574/495 659/1575/494

vt -48.6276 29.0452
v 5.35652 23.6599 -49.4827
vt -51.776 24.9352
vn -0.999805 0.000558266 0.0197386
vt -47.9824 28.5616
f 659/1576/494 664/1577/499 663/1578/498

vt -48.605 29.0429
vt -55.4295 30.777
vt -51.7543 24.9337
f 659/1579/494 658/1580/493 664/1581/499

vt -51.455 25.2268
vt -55.113 31.0809
v 5.33358 25.1191 -53.0828
vt -55.2149 26.756
vn -0.99954 0.0289812 0.00895255
f 664/1582/499 658/1583/493 665/1584/500

vt -55.4648 26.5981
vt -55.3756 30.9233
v 5.35028 25.3142 -59.7406
vt -62.4212 26.8026
vn -0.998724 0.0505034 -0.000807907
f 665/1585/500 658/1586/493 666/1587/501

vt -62.4182 26.802
vt -55.3724 30.9224
v 5.67236 29.4995 -59.656
vt -62.3297 31.1879
vn -0.990997 0.133833 0.00357815
f 666/1588/501 658/1589/493 667/1590/502

vt -55.3517 31.148
vt -55.1244 35.4118
vt -62.3089 31.4165
f 658/1591/493 657/1592/492 667/1593/502

vt -62.2898 31.4409
vt -55.1033 35.4328
v 6.34097 33.6446 -59.8514
vt -62.4892 35.8282
vn -0.924301 0.38135 0.0154744
f 667/1594/502 657/1595/492 668/1596/503

vt -54.4699 39.1157
vt -62.3578 35.1516
vt -54.9742 34.7171
f 639/1597/467 668/1598/503 657/1599/492

vt -61.8921 39.3303
vt -62.4451 34.6636
vt -54.5772 38.6674
f 637/1600/465 668/1601/503 639/1602/467

vt -62.3573 34.9959
vt -61.7804 39.6597
vt -63.2364 39.7281
f 668/1603/503 637/1604/465 636/1605/464

vt -63.2591 39.6673
vn -0.902212 0.430924 0.017827
v 6.34097 33.6583 -60.1698
vt -62.7078 34.952
vn -0.932518 0.360807 0.0151127
vt -62.3752 34.936
vn -0.965257 0.261067 0.0110715
f 636/1606/504 669/1607/505 668/1608/506

vt -62.7174 34.9189
vt -63.2712 39.6339
v 8.38507 37.6884 -61.0608
vt -63.6038 39.649
vn -0.908523 0.41642 0.0343518
f 669/1609/505 636/1610/504 670/1611/507

vt -63.6442 40.154
vt -63.3116 40.1395
vt -66.6101 44.7541
vn -0.903117 0.426333 0.0511883
f 670/1612/507 636/1613/504 635/1614/508

usemtl _6
vt -24.0075 65.5488
vn -0.204114 -0.550063 -0.809795
vt -26.4704 70.6585
v 14.321 41.7604 -65.0133
vt -31.1122 70.6596
f 636/1615/509 635/1616/509 671/1617/509

vt -48.3038 31.9159
vn -0.648096 0.164282 -0.743629
vt -55.9114 36.2428
vt -46.082 27.6462
f 636/1618/510 671/1619/510 668/1620/510

vt -41.8066 32.4902
vn -0.581502 0.0555403 -0.811647
vt -51.7257 40.9831
vt -41.1198 28.1525
f 668/1621/511 671/1622/511 667/1623/511

vt -41.4605 27.8787
vn -0.587156 0.0615002 -0.807134
vt -52.0609 40.7138
vt -41.2404 23.4974
f 667/1624/512 671/1625/512 666/1626/512

v 5.35595 23.3699 -59.9277
vt -42.3464 20.8822
vn -0.603453 0.0746332 -0.793898
vt -42.2234 22.9194
vt -53.0193 40.1513
f 672/1627/513 666/1628/513 671/1629/513

usemtl _Prussian_Blue_
vt -62.4206 26.4332
vn -0.999318 0.036909 0.00149658
v 5.35028 25.3271 -60.059
vt -62.7533 26.4467
vn -0.999318 0.0369088 0.00149764
vt -62.6161 24.4016
vn -0.999996 -0.00290456 -0.000117774
f 666/1630/514 673/1631/515 672/1632/516

vt -62.4022 26.8152
vt -62.3128 31.2011
vn -0.99453 0.10437 0.00423635
vt -62.7349 26.8287
f 666/1633/514 667/1634/517 673/1635/515

vt -62.3127 31.2011
v 5.67236 29.5124 -59.974
vt -62.6449 31.2147
vn -0.991233 0.132012 0.00548114
vt -62.7348 26.8287
f 667/1636/517 674/1637/518 673/1638/515

vt -62.6235 31.4522
vt -62.2913 31.4386
vt -62.4909 35.8258
f 674/1639/518 667/1640/517 668/1641/506

vt -62.6212 31.4559
vt -62.4883 35.8294
vt -62.8209 35.8438
f 674/1642/518 668/1643/506 669/1644/505

vt -62.7942 35.8814
vn -0.950127 0.311493 0.0151891
v 6.26613 34.0997 -73.9041
vt -77.1445 36.3486
vn -0.96937 0.244433 0.0239496
vt -62.5971 31.4933
vn -0.99309 0.116835 0.0110082
f 669/1645/519 675/1646/520 674/1647/521

vt -63.5921 39.6807
vn -0.897154 0.43832 0.0546783
vt -77.0567 35.4683
vt -62.7082 34.9501
f 670/1648/522 675/1649/520 669/1650/519

v 7.43952 38.1326 -74.1025
vt -76.524 42.2068
vn -0.889239 0.454444 0.0522948
vt -76.4182 37.8147
vt -62.8623 41.7231
f 676/1651/523 675/1652/520 670/1653/522

v 7.15922 38.7025 -94.7393
vt -98.8032 41.514
vn -0.922827 0.384431 0.0245751
vt -77.0588 36.504
vt -77.2396 40.8937
f 677/1654/524 675/1655/520 676/1656/523

v 5.98898 34.4681 -94.6996
vt -98.8163 36.8595
vn -0.974533 0.223627 0.0166168
vt -77.0865 36.4601
vt -98.8355 41.4497
f 678/1657/525 675/1658/520 677/1659/524

v 5.31469 30.1757 -94.6817
vt -98.8258 32.2562
vn -0.994548 0.103625 0.0116213
vt -77.1031 36.4065
vt -98.8332 36.7961
f 679/1660/526 675/1661/520 678/1662/525

v 5.52826 29.895 -73.8958
vt -77.1308 31.9327
vn -0.993236 0.115427 0.012608
vt -77.1297 36.3931
vt -98.85 32.2305
f 680/1663/527 675/1664/520 679/1665/526

vt -62.5666 31.5606
vt -77.1104 36.4268
vt -77.1134 31.9663
f 674/1666/521 675/1667/520 680/1668/527

vt -77.1355 31.5696
v 5.28103 25.6255 -73.9686
vt -77.2147 27.1013
vn -0.999771 0.0203471 0.0066043
vt -62.5885 31.1693
f 680/1669/527 681/1670/528 674/1671/521

vt -98.8607 31.8597
vt -77.2203 27.0974
vt -77.1414 31.5658
f 679/1672/526 681/1673/528 680/1674/527

v 5.14269 25.8705 -94.7018
vt -98.9082 27.2518
vn -0.999972 0.000665555 0.00747519
vt -77.2447 26.9956
vt -98.8859 31.7537
f 682/1675/529 681/1676/528 679/1677/526

vt -98.9141 26.7485
v 5.3652 23.6713 -73.9577
vt -77.2387 24.4485
vn -0.999223 -0.0392125 0.00398324
vt -77.2506 26.4923
f 682/1678/529 683/1679/530 681/1680/528

v 5.19764 24.1184 -94.7615
vt -98.9688 24.9928
vn -0.999552 -0.0290759 0.00707681
vt -77.2312 24.5254
vt -98.9068 26.8244
f 684/1681/531 683/1682/530 682/1683/529

v 5.10566 24.3636 -106.148
vt -110.844 26.0974
vn -0.989174 0.146279 0.0116745
v 5.20313 22.4532 -73.9512
vt -77.2038 24.0837
vn -0.999315 -0.0368368 0.00354556
vt -77.2088 25.3676
vn -0.989656 0.1434 0.00417698
vt -98.9463 25.8389
vn -0.991199 0.131934 0.0108294
f 685/1684/532 686/1685/533 683/1686/534 684/1687/535 

v 4.91826 23.217 -106.212
vt -110.901 24.9946
vn -0.999743 -0.0210873 0.00832885
vt -77.1927 24.186
vt -110.832 26.2084
f 687/1688/536 686/1689/533 685/1690/532

vt -110.954 22.6309
v 5.16048 22.0417 -106.279
vt -111.023 21.3771
vn -0.977483 -0.210979 0.00397507
vt -77.2458 21.8161
f 687/1691/536 688/1692/537 686/1693/533

v 4.92515 23.2297 -106.522
vt -111.404 23.4344
vn -0.999546 -0.0193454 -0.0231076
vt -111.159 22.1675
vn -0.979301 -0.200146 -0.0301934
vt -111.081 23.4208
vn -0.999548 -0.0193297 -0.0230411
f 689/1694/538 688/1695/539 687/1696/540

vt -111.405 23.4405
v 5.16737 22.0549 -106.589
vt -111.483 22.1877
vn -0.979291 -0.200173 -0.0303353
vt -111.159 22.1736
f 689/1697/538 690/1698/541 688/1699/539

vt -111.305 22.7583
vn -0.999778 -0.0208446 0.00322206
v 4.82602 23.856 -133.229
vt -139.21 23.4264
vn -0.999313 -0.0260938 -0.0262996
vt -111.375 21.5049
vn -0.987173 -0.159644 0.00185553
f 689/1700/542 691/1701/543 690/1702/544

vt -111.257 24.9182
v 5.11255 24.3765 -106.457
vt -111.189 26.1321
vn -0.993498 0.113541 0.00842607
vt -139.162 25.5812
f 689/1703/542 692/1704/545 691/1705/543

vt -110.978 25.7066
vn -0.986657 0.162097 -0.0152558
vt -111.301 25.7201
vn -0.986658 0.162093 -0.0152446
vt -111.365 24.5059
f 685/1706/546 692/1707/547 689/1708/538

vt -111.326 25.4015
vn -0.999481 -0.022399 -0.0231695
vt -111.002 25.3881
vn -0.999487 -0.0223674 -0.0229298
v 5.07365 26.0185 -106.367
vt -111.23 27.1176
vn -0.999753 0.0045279 -0.0217496
f 692/1709/548 685/1710/549 693/1711/550

vt -111.229 27.1166
vt -111.001 25.3871
v 5.06685 26.0053 -106.054
vt -110.902 27.1028
vn -0.999757 0.00453612 -0.0215603
f 693/1712/550 685/1713/549 694/1714/551

vt -110.865 25.3004
vn -0.999682 -0.0240679 0.00755696
vt -98.9676 25.044
vt -110.767 27.0162
vn -0.99994 -0.00841572 0.00696861
f 685/1715/552 684/1716/531 694/1717/553

vt -110.775 26.9689
vt -98.9753 24.9964
vt -98.9132 26.828
f 694/1718/553 684/1719/531 682/1720/529

vt -110.77 27.3437
vt -98.9088 27.2027
v 5.19938 30.3269 -105.894
vt -110.602 31.8612
vn -0.995599 0.09301 0.0114931
f 694/1721/553 682/1722/529 695/1723/554

vt -110.577 31.9262
vt -98.8851 27.2662
vt -98.8622 31.7681
f 695/1724/554 682/1725/529 679/1726/526

vt -98.8516 32.1993
vt -98.8616 36.7392
vt -110.567 32.3592
f 679/1727/526 678/1728/525 695/1729/554

vt -110.542 32.3982
vt -98.8343 36.7719
v 5.83699 34.6686 -106.075
vt -110.72 36.9837
vn -0.970056 0.242249 0.0175266
f 695/1730/554 678/1731/525 696/1732/555

v 6.00503 34.7032 -97.3573
vt -101.593 37.1175
vn -0.96423 0.264482 0.017615
vt -110.703 37.0801
vt -98.8166 36.8628
f 697/1733/556 696/1734/555 678/1735/525

vt -110.703 37.0827
vt -101.593 37.1201
v 5.9728 34.834 -101.087
vt -105.489 37.2617
vn -0.965088 0.261334 0.0176145
f 696/1736/555 697/1737/556 698/1738/557

v 8.02885 36.4684 -100.456
vt -104.383 34.7201
vn -0.96834 0.249076 0.0167199
vt -105.153 32.0047
vn -0.634177 0.76978 0.0725144
vt -101.26 31.7874
vn -0.695581 0.716983 -0.0458525
f 699/1739/558 698/1740/559 697/1741/560

vt -101.93 44.8222
v 6.03067 35.1914 -103.18
vt -105.095 42.7663
vn -0.693134 0.697617 0.181373
vt -102.95 42.1908
f 699/1742/558 700/1743/561 698/1744/559

vt -96.8169 55.6322
v 6.29815 36.3249 -105.242
vt -102.134 55.4398
vn -0.84575 0.446311 0.292428
vt -100.18 53.9207
f 699/1745/558 701/1746/562 700/1747/561

vt -96.1636 47.4823
v 6.66161 37.6744 -105.242
vt -101.354 48.7823
vn -0.953336 0.0772961 0.291848
vt -101.481 47.3276
f 699/1748/558 702/1749/563 701/1750/562

vt -99.4347 34.6895
v 6.91294 38.5108 -103.968
vt -103.279 36.8329
vn -0.947883 -0.289647 0.13275
vt -104.634 35.9551
f 699/1751/558 703/1752/564 702/1753/563

vt -104.892 29.2959
v 6.96633 38.4582 -100.728
vt -105.185 31.6517
vn -0.875872 -0.477346 -0.070636
vt -108.571 31.714
f 699/1754/558 704/1755/565 703/1756/564

vt -104.873 37.9343
v 6.82515 37.6922 -97.4057
vt -101.52 39.3931
vn -0.912309 -0.344138 -0.22195
vt -104.966 40.3064
f 699/1757/558 705/1758/566 704/1759/565

vt -102.739 41.9097
v 6.49453 36.3462 -95.4227
vt -97.2416 41.7795
vn -0.955469 0.0549648 -0.289926
vt -99.3229 43.2141
f 699/1760/558 706/1761/567 705/1762/566

vt -103.011 29.6679
v 6.18794 35.249 -95.6203
vt -97.6197 28.3305
vn -0.850869 0.48517 -0.201571
vt -97.513 29.5339
f 699/1763/558 707/1764/568 706/1765/567

vt -104.933 23.4324
vt -101.395 21.0156
vt -99.6351 21.7629
f 699/1766/558 697/1767/560 707/1768/568

vt -98.8148 36.8645
vt -99.7728 37.711
vn -0.963727 0.266308 0.0176087
vt -101.591 37.1194
f 678/1769/525 707/1770/569 697/1771/556

vt -99.7752 37.7039
vt -98.8172 36.8574
vt -99.563 38.8932
vn -0.963725 0.266249 0.0186122
f 707/1772/569 678/1773/525 706/1774/570

vt -98.809 36.8834
vt -98.827 41.4737
vt -99.5542 38.9194
f 678/1775/525 677/1776/524 706/1777/570

vt -99.5408 38.9608
vt -98.8125 41.5148
vt -101.605 40.4198
vn -0.96384 0.265725 0.0200766
f 706/1778/570 677/1779/524 705/1780/571

vt -105.069 41.2595
vn -0.964556 0.263101 0.0202364
vt -101.602 40.4293
vt -98.8096 41.5241
f 704/1781/572 705/1782/571 677/1783/524

v 6.9979 39.0316 -106.644
vt -111.248 41.8869
vn -0.952813 0.302835 0.0209378
vt -105.068 41.266
vt -98.8085 41.5304
f 708/1784/573 704/1785/572 677/1786/524

vt -111.25 41.8833
vt -108.456 41.3196
vn -0.965305 0.260356 0.0200221
vt -105.07 41.2627
f 708/1787/573 703/1788/574 704/1789/572

vt -108.458 41.3143
vt -111.253 41.8778
vt -109.795 40.4092
vn -0.965429 0.259895 0.0200174
f 703/1790/574 708/1791/573 702/1792/575

vt -111.25 41.8842
vt -109.801 38.9553
vn -0.965484 0.259777 0.0188752
vt -109.793 40.4155
f 708/1793/573 701/1794/576 702/1795/575

vt -111.263 41.8464
vt -110.692 37.1262
vt -109.813 38.9181
f 708/1796/573 696/1797/555 701/1798/576

vt -111.496 41.0043
vn -0.940072 0.340955 -0.00386549
v 5.8438 34.6823 -106.387
vt -111.215 36.3034
vn -0.975623 0.219193 -0.0106974
vt -110.888 36.2886
vn -0.983206 0.18199 -0.0136068
f 708/1799/577 709/1800/578 696/1801/579

v 7.00366 39.0449 -106.957
vt -111.804 41.1031
vn -0.905745 0.423823 0.000182339
vt -111.2 36.3876
vt -111.477 41.0888
f 710/1802/580 709/1803/578 708/1804/577

vt -111.101 36.8359
vn -0.981499 0.191315 0.00766256
vt -111.686 41.5538
vn -0.933315 0.359017 0.00550412
v 5.82007 35.479 -133.554
vt -139.486 37.6975
vn -0.964299 0.264704 0.00769724
f 709/1805/581 710/1806/582 711/1807/583

vt -139.538 37.178
vt -111.747 41.0952
v 7.21919 39.7878 -133.477
vt -139.456 41.9114
vn -0.923363 0.383909 0.00376866
f 711/1808/583 710/1809/582 712/1810/584

vt -111.69 39.3979
vt -112.2 43.1531
vn -0.857022 0.51525 0.00553627
vt -139.397 40.2962
f 710/1811/582 569/1812/585 712/1813/584

v 8.801 42.1376 -107.146
vt -111.928 42.8272
vn -0.864491 0.502634 0.00375818
vt -112.255 42.8432
vn -0.864537 0.502564 0.00218689
vt -111.735 39.0895
f 713/1814/586 569/1815/587 710/1816/580

usemtl _CoolGray8_
vt -112.034 44.5219
vn -0.958653 0.28443 -0.00910527
v 10.4361 47.62 -108.044
vt -112.988 50.497
vn -0.940588 0.33954 -0.00279115
vt -112.361 44.5363
f 713/1817/588 714/1818/589 569/1819/355

v 10.4016 47.1494 -104.681
vt -108.969 51.3182
vn -0.942431 0.333266 0.0275141
vt -112.48 51.832
vn -0.927654 0.37242 0.0275749
vt -111.598 45.8459
vn -0.966124 0.257636 0.0150977
f 715/1820/590 714/1821/591 713/1822/592

v 13.0509 53.2612 -105.938
vt -109.834 58.7176
vn -0.893278 0.449062 0.0199308
vt -112.173 52.2695
vt -108.665 51.7317
f 716/1823/593 714/1824/591 715/1825/590

v 13.0791 53.3541 -108.993
vt -113.814 56.5711
vn -0.873142 0.487434 0.00562093
vt -112.836 49.972
vt -110.623 56.4642
f 717/1826/594 714/1827/591 716/1828/593

v 13.1089 53.4234 -111.555
vt -116.546 56.4674
vn -0.891272 0.453466 0.00145736
vt -112.88 49.7902
vt -113.87 56.3877
vn -0.873017 0.487685 0.00216195
f 718/1829/595 714/1830/589 717/1831/596

v 10.4728 47.695 -111.277
vt -116.275 49.813
vn -0.935446 0.353461 -0.00241118
vt -112.897 49.7267
vt -116.567 56.4016
f 719/1832/597 714/1833/589 718/1834/595

vt -116.315 50.7308
vt -116.012 45.3804
vt -112.936 50.649
f 719/1835/597 567/1836/353 714/1837/589

usemtl LightSteelBlue
vt -116.34 50.649
vn -0.927599 0.373555 -0.00404628
vt -133.795 50.9691
vt -116.034 45.2988
vn -0.959284 0.282325 -0.00815049
f 719/1838/598 562/1839/346 567/1840/599

vt -133.766 50.0387
vt -116.312 49.7019
v 13.1346 53.4121 -127.402
vt -133.171 56.2619
vn -0.892295 0.451384 0.00783207
f 562/1841/346 719/1842/598 720/1843/600

vt -116.289 49.7514
vt -116.585 56.3398
vn -0.873837 0.486219 0.000145422
vt -133.142 56.3268
f 719/1844/598 718/1845/601 720/1846/600

vt -133.143 54.7255
vt -116.586 54.7393
v 16.4077 58.8653 -117.611
vt -122.92 61.3817
vn -0.861677 0.507385 0.00854973
f 720/1847/600 718/1848/601 721/1849/602

v 16.4408 58.8767 -111.972
vt -116.913 61.7293
vn -0.853184 0.521595 0.00395996
vt -122.804 61.7154
vt -116.493 55.0511
f 722/1850/603 721/1851/602 718/1852/601

usemtl _CoolGray8_
vt -116.913 61.8306
vn -0.855065 0.518504 0.00408981
v 16.546 59.0943 -117.57
vt -122.761 62.0961
vn -0.85588 0.517085 0.00963488
vt -122.804 61.8167
vn -0.863257 0.504508 0.0160812
f 722/1853/604 723/1854/605 721/1855/606

vt -122.756 62.0332
vt -116.909 61.7669
v 16.5734 59.0943 -111.99
vt -116.926 62.0332
vn -0.85384 0.520519 0.00419115
f 723/1856/605 722/1857/604 724/1858/607

v 16.5288 59.0167 -110.269
vt -115.187 61.7394
vn -0.853889 0.520453 0.00142945
vt -116.985 61.8343
vn -0.85395 0.520353 0.00135539
vt -116.967 61.5681
vn -0.853652 0.520838 0.00235241
f 725/1859/608 724/1860/609 722/1861/610

usemtl _Prussian_Blue_
vt -116.8 59.3621
vn -0.765026 0.643966 0.0064812
vt -115.002 59.2563
vn -0.767102 0.641461 0.00906658
v 17.307 59.9495 -110.43
vt -115.161 60.5269
f 724/1862/611 725/1863/612 726/1864/611

vt -115.139 60.6049
vn -0.765502 0.643395 0.00696013
vt -114.982 59.3343
vn -0.76704 0.641519 0.0101338
v 17.3218 59.9626 -110.129
vt -114.825 60.6228
vn -0.774297 0.6328 0.00526512
f 726/1865/613 725/1866/614 727/1867/615

v 16.5209 59.0023 -109.962
vt -114.65 59.3603
vn -0.767055 0.641498 0.0103638
vt -114.813 60.6683
vt -114.971 59.3799
f 728/1868/616 727/1869/615 725/1870/614

vt -114.776 60.8016
vn -0.777653 0.628651 0.00737624
vt -114.615 59.4934
vn -0.76692 0.641634 0.0117968
v 16.4581 58.8763 -107.193
vt -111.722 59.3217
vn -0.76618 0.642507 0.0123378
f 727/1871/617 728/1872/618 729/1873/619

usemtl _CoolGray8_
vt -114.807 61.9445
vn -0.854089 0.520108 0.00438315
v 16.3123 58.636 -107.139
vt -111.858 61.4966
vn -0.854095 0.520087 0.00556797
vt -111.914 61.7904
vn -0.854587 0.51929 0.00424023
f 728/1874/620 730/1875/621 729/1876/622

vt -114.801 61.9327
vt -113.807 55.019
vt -111.852 61.4842
f 728/1877/620 717/1878/594 730/1879/621

vt -116.964 61.5746
vt -113.857 54.8165
vt -114.864 61.7283
vn -0.853829 0.520552 0.00150352
vt -115.184 61.7458
f 722/1880/610 717/1881/596 728/1882/623 725/1883/608 

vt -116.489 55.0678
vt -113.813 54.9829
vt -116.908 61.7461
f 718/1884/595 717/1885/596 722/1886/610

vt -111.78 61.7337
vt -113.749 55.2726
vt -110.558 55.1589
f 730/1887/621 717/1888/594 716/1889/593

usemtl LightSteelBlue
vt -112.006 61.0157
vn -0.855225 0.518247 -0.00314804
vt -110.739 54.4493
vn -0.877084 0.479811 0.0224626
v 16.1499 58.3865 -104.072
vt -108.801 60.7109
vn -0.856988 0.515276 0.00794037
f 730/1890/624 716/1891/625 731/1892/626

vt -108.339 62.2694
vt -110.36 56.0341
v 15.8836 57.721 -98.1729
vt -102.183 61.4597
vn -0.871412 0.489537 0.031528
f 731/1893/626 716/1894/625 732/1895/627

v 12.7839 51.2337 -88.0837
vt -91.2927 55.4382
vn -0.896859 0.440308 0.0420921
vt -101.668 63.1787
vt -109.914 57.8574
f 733/1896/628 732/1897/627 716/1898/625

vt -101.864 62.8394
vt -91.4542 55.1453
v 15.5072 56.6228 -92.601
vt -96.0615 61.5369
vn -0.885045 0.465022 0.0212114
f 732/1899/627 733/1900/628 734/1901/629

vt -96.5923 60.4594
vt -91.9002 54.1298
v 14.5323 54.6223 -87.2088
vt -90.9684 58.1098
vn -0.892071 0.450205 0.0390371
f 734/1902/629 733/1903/628 735/1904/630

vt -89.6709 60.9968
vt -90.7237 57.047
v 13.6146 51.9188 -81.7612
vt -84.0703 57.8456
vn -0.889099 0.452669 0.0677729
f 735/1905/630 733/1906/628 736/1907/631

vt -84.1295 57.6073
vt -90.7818 56.8001
v 12.3338 48.6846 -76.2918
vt -78.5305 53.7968
vn -0.903324 0.425304 0.0558862
f 736/1908/631 733/1909/628 737/1910/632

vt -91.1411 56.4632
v 10.2465 45.3953 -87.9219
vt -91.1209 49.8097
vn -0.934257 0.355197 0.0316089
vt -78.8662 53.5582
f 733/1911/628 738/1912/633 737/1913/632

vt -91.4158 49.091
vt -91.4884 55.7442
vt -108.909 51.0899
vn -0.928544 0.370042 0.0295896
f 738/1914/633 733/1915/628 715/1916/634

vt -110.143 57.9865
vt -108.927 51.0087
vt -91.5092 55.6717
f 716/1917/625 715/1918/634 733/1919/628

vt -91.5757 49.1173
vt -109.077 51.0428
v 8.8686 42.2991 -103.454
vt -107.835 45.7185
vn -0.95059 0.309625 0.0226059
f 738/1920/633 715/1921/634 739/1922/635

usemtl _CoolGray8_
vt -108.052 45.0741
vn -0.963821 0.266271 0.0122153
vt -109.326 50.3908
vt -111.91 44.8971
f 739/1923/636 715/1924/590 713/1925/592

v 8.76733 41.2444 -94.7171
vt -98.8649 44.221
vn -0.983807 0.178943 0.010183
v 8.70993 39.7276 -73.5949
vt -76.7972 42.6102
vn -0.968614 0.248041 0.0162145
vt -107.992 45.3411
vt -111.851 45.1695
f 740/1926/637 741/1927/638 739/1928/636 713/1929/592 

usemtl _Prussian_Blue_
vt -98.4843 43.5757
vn -0.844679 0.534056 0.0360722
vt -98.5792 40.4342
vt -76.4375 41.7012
vn -0.868677 0.492777 0.0506998
f 740/1930/639 677/1931/524 741/1932/640

vt -111.457 44.6816
vn -0.853845 0.519611 0.0308769
vt -98.5787 40.4363
vt -98.4838 43.5778
f 713/1933/641 677/1934/524 740/1935/639

vt -111.16 40.5632
vt -98.7222 40.1647
vt -111.629 44.3231
f 708/1936/573 677/1937/524 713/1938/641

vt -111.706 39.2914
vt -111.38 39.2754
vt -111.893 43.0295
f 710/1939/580 708/1940/577 713/1941/586

vt -76.527 39.9425
vt -98.6631 38.5809
vt -77.1039 37.824
f 741/1942/640 677/1943/524 676/1944/523

vt -76.2902 40.9864
vt -62.6324 40.4031
vt -75.6322 43.0811
f 676/1945/523 670/1946/522 741/1947/640

vt -63.3542 40.7442
v 9.99749 41.7668 -64.1782
vt -66.5344 45.3801
vn -0.911333 0.405026 0.0736617
vt -76.423 43.0621
f 670/1948/522 742/1949/642 741/1950/640

vt -62.9518 41.4727
vt -65.8089 46.141
vt -66.0719 46.1493
vn -0.850552 0.511873 0.120612
f 670/1951/507 635/1952/508 742/1953/643

vt -66.0266 45.7784
vt -65.7637 45.7698
vt -71.2491 50.5204
vn -0.823121 0.550739 0.138413
f 742/1954/643 635/1955/508 633/1956/644

usemtl _6
vt 13.8327 86.5307
vn 0.269794 -0.818847 -0.506657
v 13.0154 44.5999 -67.1412
vt 11.8368 84.4568
vn 0.678903 -0.637855 -0.363638
vt 13.5983 79.2779
vn 0.101429 -0.790592 -0.603884
f 633/1957/645 743/1958/646 635/1959/647

vt 13.9263 84.0973
vt 15.9719 86.1222
v 14.3154 48.7796 -72.8391
vt 14.9191 91.5388
vn 0.849372 -0.50684 -0.147243
f 743/1960/646 633/1961/645 744/1962/648

vt 41.6143 85.4677
vn 0.392893 -0.817171 -0.421741
vt 39.2346 84.0575
vt 38.779 78.5584
f 632/1963/649 744/1964/648 633/1965/645

vt 38.6986 84.2881
vt 41.069 85.7139
v 15.5468 52.57 -78.9784
vt 41.9408 91.2145
vn 0.771768 -0.610496 -0.177958
f 744/1966/648 632/1967/649 745/1968/650

vt 50.6699 88.8174
vn 0.384235 -0.836471 -0.390743
vt 48.4698 87.8508
vt 47.1866 82.4313
f 611/1969/651 745/1970/650 632/1971/649

vt 45.893 90.9506
vt 49.1519 96.9534
vn 0.198362 -0.895079 -0.399357
vt 43.7507 89.862
f 611/1972/651 610/1973/652 745/1974/650

usemtl _Prussian_Blue_
vt -86.4687 66.3206
vn -0.820603 0.562314 0.102049
v 15.4914 55.8361 -86.8324
vt -86.575 66.0292
vn -0.803619 0.580136 0.132808
vt -80.7483 62.5881
vn -0.778419 0.601104 0.180935
f 610/1975/653 746/1976/654 611/1977/655

vt -88.5205 62.4676
vt -88.4255 62.7629
v 16.2374 57.7192 -92.3768
vt -94.1994 64.8735
vn -0.824889 0.560703 0.0719047
f 746/1978/654 610/1979/653 747/1980/656

vt -94.4788 64.8229
vn -0.829554 0.555085 0.0610015
vt -94.5425 64.5438
vt -88.7533 62.4755
f 608/1981/657 747/1982/656 610/1983/653

vt -95.2528 62.9477
vt -95.1936 63.2277
v 16.691 58.9255 -97.9531
vt -101.037 64.4633
vn -0.827881 0.559411 0.0408955
f 747/1984/656 608/1985/657 748/1986/658

vt -100.955 64.7883
vn -0.818447 0.573795 0.030068
vt -101.012 64.463
vt -95.169 63.2239
f 607/1987/659 748/1988/658 608/1989/657

vt -101.973 61.8467
vt -101.924 62.1734
v 17.0602 59.6408 -103.849
vt -108.124 62.7516
vn -0.809101 0.587558 0.0114233
f 748/1990/658 607/1991/659 749/1992/660

vt -107.99 62.5056
vn -0.790193 0.612834 0.00539916
vt -108.025 62.2275
vt -101.826 61.6316
f 606/1993/661 749/1994/660 607/1995/659

vt -108.563 60.3316
vt -108.533 60.6102
vt -115.125 60.7521
f 749/1996/660 606/1997/661 727/1998/615

vt -108.508 59.4629
vt -115.135 59.8718
vn -0.766931 0.641715 0.00418627
vt -115.101 59.6104
f 606/1999/661 601/2000/662 727/2001/615

vt -115.119 59.6552
vt -108.493 59.2427
vt -114.82 61.6942
f 601/2002/411 606/2003/418 602/2004/412

vt -114.823 60.6631
vt -114.855 60.9248
vt -115.138 60.6453
f 727/2005/615 601/2006/662 726/2007/613

vt -122.533 60.1402
vn -0.763132 0.646242 0.00136914
vt -115.287 59.91
vt -115.006 60.1909
f 600/2008/663 726/2009/613 601/2010/662

v 17.2224 59.8928 -117.409
vt -122.578 59.797
vn -0.754536 0.656256 -0.00176036
vt -115.286 59.8746
vt -122.531 60.1051
f 750/2011/664 726/2012/613 600/2013/663

vt -116.923 58.6886
vt -115.289 59.8605
vt -122.581 59.7822
vn -0.762865 0.646558 0.000683998
vt -122.753 58.6893
vn -0.754637 0.656142 0.000124109
f 724/2014/611 726/2015/611 750/2016/665 723/2017/666 

vt -122.733 59.1079
v 16.7929 59.3512 -126.345
vt -132.069 58.366
vn -0.77294 0.634479 0.0004737
vt -122.899 58.0141
f 750/2018/665 751/2019/667 723/2020/666

vt -132.137 56.9455
vn -0.777554 0.628626 0.0154784
vt -122.803 57.7124
vt -132.111 57.2641
vn -0.746257 0.665651 -0.00298374
f 751/2021/668 750/2022/664 599/2023/669

vt -132.072 58.5167
vt -122.763 58.9507
vt -122.718 59.2591
f 599/2024/669 750/2025/664 600/2026/663

vt -138.856 55.7251
vn -0.811454 0.584416 0.000428442
vt -132.004 57.6553
vt -131.976 57.9738
f 596/2027/670 751/2028/668 599/2029/669

v 15.3748 57.7214 -132.953
vt -137.689 64.1117
vn -0.855974 0.517005 -0.00368803
vt -130.708 66.1181
vt -137.626 64.4392
f 752/2030/671 751/2031/668 596/2032/670

v 14.6183 56.5356 -133.172
vt -137.98 62.5835
vn -0.828527 0.559641 -0.0185773
vt -130.724 66.0539
vt -137.704 64.0451
vn -0.842894 0.538076 -0.00187711
f 753/2033/672 751/2034/667 752/2035/673

v 15.8993 58.3743 -126.462
vt -132.906 50.5917
vn -0.736302 0.676256 -0.023182
vt -132.842 51.9789
vt -139.822 47.9808
f 754/2036/674 751/2037/667 753/2038/672

vt -122.866 57.114
vt -132.035 57.4778
vt -132.156 56.0944
f 723/2039/666 751/2040/667 754/2041/674

usemtl _CoolGray8_
vt -122.389 63.3698
vt -131.693 62.4927
vn -0.87743 0.478609 0.0323948
vt -122.435 63.0909
f 723/2042/605 754/2043/675 721/2044/606

vt -131.64 63.1471
v 15.7598 58.1235 -126.509
vt -131.693 62.8479
vn -0.875826 0.481798 0.0282892
vt -122.381 63.7329
f 754/2045/675 755/2046/676 721/2047/606

v 14.4629 56.2255 -133.26
vt -138.568 61.2931
vn -0.895988 0.443436 0.0238582
vt -131.468 63.5551
vt -131.413 63.854
f 756/2048/677 755/2049/676 754/2050/675

usemtl LightSteelBlue
vt -131.474 63.5284
vn -0.875452 0.482488 0.028113
vt -138.574 61.2654
vn -0.889617 0.456374 0.0174496
vt -132.509 57.9109
f 755/2051/678 756/2052/679 720/2053/600

vt -146.537 55.2963
vt -133.083 56.412
vt -139.201 59.6689
f 559/2054/343 720/2055/600 756/2056/679

vt -146.512 55.6183
vt -133.674 50.5027
vt -133.058 56.7238
f 559/2057/343 562/2058/346 720/2059/600

usemtl _CoolGray8_
vt -138.91 60.9408
vt -146.519 56.9102
vt -146.278 56.622
f 756/2060/677 557/2061/338 559/2062/340

vt -139.366 58.7047
vt -139.276 59.0674
vn -0.896299 0.442898 0.0221128
vt -146.925 54.5806
f 756/2063/677 753/2064/680 557/2065/338

vt -138.126 62.9698
vt -130.948 65.4639
vt -138.025 63.3297
f 756/2066/677 754/2067/675 753/2068/680

usemtl _Prussian_Blue_
vt -139.52 57.3615
vt -147.178 54.4144
vt -147.13 52.8067
f 753/2069/672 555/2070/336 557/2071/335

vt -139.666 54.4093
vt -147.444 49.842
vt -139.843 52.9325
f 752/2072/673 555/2073/336 753/2074/672

vt -147.018 55.3918
vt -139.122 59.7531
vt -147.027 55.689
f 555/2075/331 752/2076/671 554/2077/332

vt -139.588 55.1762
vt -147.436 50.5952
vt -139.629 54.8454
f 596/2078/670 554/2079/332 752/2080/671

usemtl _CoolGray8_1
vt 14.2003 -107.634
v 16.7389 54.3044 -140.541
vt 17.4582 -107.633
vn -0.000115891 -0.880173 0.474653
v 15.5835 57.8655 -133.156
vt 16.2527 -99.0656
vn -9.26982e-05 -0.900763 0.434311
vt 16.2114 -98.7723
f 554/2081/329 757/2082/681 758/2083/682 596/2084/682 

vt 17.4499 -96.7984
vt 14.192 -96.7993
vt 16.61 -101.026
f 757/2085/681 554/2086/329 551/2087/326

usemtl _6
vt 145.521 61.7779
vn 0.968619 -0.245968 0.0357233
vt 149.192 59.5184
vt 151.975 65.4468
f 757/2088/683 551/2089/322 549/2090/324

vt 146.224 60.2589
vt 152.704 63.881
v 17.6226 58.6682 -144.58
vt 150.412 64.939
vn 0.973296 -0.227232 -0.0325619
f 757/2091/683 549/2092/324 759/2093/684

usemtl _CoolGray8_
v 22.9335 59.2094 -145.795
vt -86.3719 -89.4108
vn -0.154373 0.903618 -0.399555
vt -81.497 -93.1715
vt -80.8086 -90.7431
vn -0.180212 0.90545 -0.384297
f 760/2094/685 549/2095/318 759/2096/686

vt -81.1733 -89.8057
v 19.7542 57.1963 -148.845
vt -79.3474 -94.5258
vn -0.182254 0.89288 -0.411764
vt -76.1656 -93.3877
f 760/2097/685 761/2098/687 549/2099/318

v 22.5082 57.4663 -149.522
vt -87.405 -91.7626
vn -0.154737 0.901591 -0.403968
vt -84.4981 -92.4036
vt -86.1599 -87.6233
f 762/2100/688 761/2101/687 760/2102/685

usemtl LightSteelBlue
vt -83.5054 -91.228
vn -0.190218 0.891448 -0.411263
vt -86.4166 -90.6064
vn -0.168004 0.900617 -0.400829
vt -82.246 -93.7814
vn -0.197907 0.892375 -0.405585
f 761/2103/689 762/2104/690 548/2105/691

vt -95.8563 -101.196
vt -85.9228 -93.48
vt -90.0141 -90.2035
f 545/2106/313 548/2107/691 762/2108/690

vt -91.8426 -92.275
vt -90.7441 -88.1292
vt -100.926 -95.5154
f 546/2109/314 548/2110/691 545/2111/313

vt -68.2425 -105.033
v 28.9107 57.7982 -150.717
vt -75.0044 -104.192
vn -0.108998 0.9129 -0.393361
vt -72.4419 -116.752
f 762/2112/690 763/2113/692 545/2114/313

usemtl _CoolGray8_
vt -66.8832 -99.2309
vt -74.3465 -102.684
vn -0.0984549 0.912568 -0.396895
vt -67.5811 -103.497
f 760/2115/685 763/2116/693 762/2117/688

v 29.1767 59.5884 -146.645
vt -70.2446 -101.886
vn -0.0933648 0.913675 -0.395577
vt -71.1115 -106.461
vt -63.7209 -102.855
f 764/2118/694 763/2119/693 760/2120/685

v 35.4569 59.858 -147.252
vt -65.896 -106.286
vn -0.0640602 0.917931 -0.391534
vt -59.8784 -111.607
vt -59.3343 -106.983
f 765/2121/695 763/2122/693 764/2123/694

v 35.3278 58.0306 -151.556
vt -69.5865 -110.889
vn -0.0491228 0.920275 -0.388177
vt -62.848 -111.502
vt -68.7669 -106.071
f 766/2124/696 763/2125/693 765/2126/695

usemtl LightSteelBlue
vt -62.6947 -111.039
vt -69.4338 -110.433
vn -0.0554783 0.91456 -0.400627
v 30.3142 52.9978 -162.253
vt -66.6667 -123.561
vn -0.0870408 0.902837 -0.421081
f 763/2127/692 766/2128/697 767/2129/698

vt -55.4123 -114.644
v 38.2859 53.0697 -163.043
vt -59.9031 -127.306
vn -0.0268127 0.904865 -0.424854
vt -51.5348 -127.489
f 766/2130/697 768/2131/699 767/2132/698

v 41.7509 58.1309 -151.862
vt -56.6166 -116.688
vn -0.0167722 0.912819 -0.40802
vt -53.9762 -129.748
vt -49.9019 -116.947
f 769/2133/700 768/2134/699 766/2135/697

v 41.7514 53.0697 -163.043
vt -43.6239 -132.327
vn -1.13891e-16 0.900323 -0.435222
vt -40.0029 -132.327
vt -43.6234 -119.504
f 770/2136/701 768/2137/699 769/2138/700

v 41.7514 47.6025 -173.661
vt -43.6239 -138.553
vn -4.91903e-17 0.88907 -0.457771
v 34.6193 47.6025 -173.661
vt -36.1719 -138.553
vn -0.0448878 0.891413 -0.450964
vt -40.0029 -126.074
vt -43.6239 -126.074
f 771/2139/702 772/2140/703 768/2141/699 770/2142/701 

usemtl _CoolGray8_
v 41.7514 47.0818 -174.657
vt -43.6239 -138.925
vn -4.58021e-18 0.886178 -0.463346
v 34.59 47.0818 -174.657
vt -36.1413 -138.925
vn -0.0411179 0.885924 -0.462005
vt -36.1719 -137.751
vn -0.0549287 0.887135 -0.45823
vt -43.6239 -137.751
f 773/2143/704 774/2144/705 772/2145/706 771/2146/704 

vt -67.6748 -130.235
vt -60.1057 -130.481
vt -67.5218 -129.07
f 774/2147/705 539/2148/305 772/2149/706

usemtl _Prussian_Blue_
vt -79.6414 -159.37
vt -87.1354 -158.279
vn -0.0199099 0.994701 -0.100862
v 27.173 46.1045 -182.075
vt -81.9444 -167.986
vn -0.0607934 0.9933 -0.0982851
f 539/2150/304 774/2151/707 775/2152/708

vt -73.5953 -164.391
v 41.7509 46.3164 -183.247
vt -82.7927 -171.642
vn -0.0173205 0.995008 -0.0982777
vt -67.6427 -173.65
f 774/2153/707 776/2154/709 775/2155/708

v 41.7508 47.1027 -174.917
vt -55.8018 -173.985
vn -0.00632755 0.995554 -0.0939822
vt -56.3866 -182.707
vt -48.3185 -174.217
f 777/2156/710 776/2157/709 774/2158/707

v 27.2745 45.1655 -192.208
vt -74.0319 -183.51
vn -0.0808168 0.946497 -0.312428
vt -71.4876 -173.184
vt -86.5913 -170.854
f 778/2159/711 775/2160/708 776/2161/709

vt -166.752 -107.961
v 20.8619 44.6321 -190.973
vt -161.254 -112.04
vn -0.232777 0.92833 -0.289859
vt -158.909 -100.779
f 778/2162/711 779/2163/712 775/2164/708

v 20.9199 44.1971 -191.928
vt -90.2657 -140.998
vn -0.262263 0.401986 -0.877283
vt -89.8616 -139.977
vt -96.5922 -138.725
f 780/2165/713 779/2166/712 778/2167/711

vt -161.274 -71.9146
v 17.9069 43.0645 -191.039
vt -158.443 -73.9546
vn -0.397027 0.551562 -0.733587
vt -160.504 -71.131
f 780/2168/713 781/2169/714 779/2170/712

vt -68.7488 60.6942
vt -72.0297 61.8818
v 20.8678 43.4198 -191.847
vt -71.9555 61.0668
vn -0.195383 -0.089397 -0.976644
f 781/2171/714 780/2172/713 782/2173/715

vt -49.2264 63.5991
vt -49.292 64.4148
v 27.2566 43.8284 -192.775
vt -55.9716 64.0279
vn -0.106153 -0.314676 -0.943245
f 782/2174/715 780/2175/713 783/2176/716

v 27.277 44.5497 -193.112
vt -60.1118 123.143
vn -0.0935088 0.263664 -0.960071
vt -60.035 122.315
vt -53.3576 122.738
f 784/2177/717 783/2178/716 780/2179/713

v 41.7509 44.1177 -193.432
vt -50.8726 126.314
vn -0.0332966 -0.4558 -0.889459
vt -35.7132 125.98
vt -35.7473 126.812
f 785/2180/718 783/2181/716 784/2182/717

vt -53.1269 26.0063
vn -0.0470289 0.0993987 -0.993936
v 41.7509 40.7288 -193.771
vt -53.1436 22.4477
vn -0.0411552 0.0994307 -0.994193
vt -37.9669 25.7025
vn -0.0789799 0.127266 -0.988719
f 785/2183/719 786/2184/720 783/2185/721

v 27.0938 40.6315 -193.217
vt -36.095 14.1893
vn -0.082253 0.109381 -0.990591
vt -36.2471 17.5623
vt -51.4205 14.2919
f 787/2186/722 783/2187/721 786/2188/720

vt -58.9256 17.4831
vt -58.8281 14.1081
vt -52.1806 17.0517
vn -0.187487 0.199565 -0.961781
f 783/2189/721 787/2190/722 782/2191/723

v 19.533 40.3408 -192.295
vt -46.086 2.74091
vn -0.164769 0.157618 -0.973657
vt -47.4088 6.02187
vt -54.0441 3.05074
f 788/2192/724 782/2193/723 787/2194/722

vt -76.3369 -4.19701
vn -0.28296 0.257197 -0.924004
vt -79.5422 -3.8128
vt -78.3457 -7.14194
f 781/2195/725 782/2196/723 788/2197/724

vt -74.1201 -5.92759
vn -0.271342 0.264755 -0.925353
vt -76.1198 -8.87875
vn -0.218519 0.213719 -0.952142
v 17.8097 42.873 -191.065
vt -74.0304 -6.13508
vn -0.229573 0.294331 -0.927721
f 781/2198/726 788/2199/727 789/2200/728

vt -57.731 -19.652
vt -59.7502 -22.4478
v 19.3238 40.3364 -192.255
vt -59.5275 -22.4526
vn -0.165154 0.158455 -0.973456
f 789/2201/728 788/2202/727 790/2203/729

vt -58.3683 32.8057
vt -58.5909 32.8102
v 22.008 36.1479 -192.985
vt -61.2672 28.4243
vn -0.151761 0.0434484 -0.987462
f 790/2204/729 788/2205/727 791/2206/730

vt -47.6451 19.8241
vn -0.114594 0.0649939 -0.991284
vt -44.99 24.223
v 26.6222 39.1636 -193.282
vt -52.4678 22.988
vn -0.107428 0.0798969 -0.990997
f 791/2207/731 788/2208/724 792/2209/732

vt -53.1699 25.8885
vt -52.6894 24.3493
vt -45.2115 25.5836
f 787/2210/722 792/2211/732 788/2212/724

v 27.3935 39.687 -193.299
vt -42.0772 28.322
vn -0.0484678 0.0712829 -0.996278
vt -41.2719 27.774
vt -41.759 29.3111
f 793/2213/733 792/2214/732 787/2215/722

vt -45.4445 23.3886
vn -0.0522357 0.115563 -0.991926
v 28.3988 38.5491 -193.487
vt -46.5076 22.1948
vn -0.06438 0.112692 -0.991542
vt -44.64 22.8396
vn -0.0881991 0.0951115 -0.991552
f 793/2216/734 794/2217/735 792/2218/736

vt -35.7738 14.5136
v 30.4516 38.6776 -193.543
vt -38.9761 13.4497
vn -0.0349028 0.106142 -0.993738
vt -36.8305 13.3142
f 793/2219/734 795/2220/737 794/2221/735

v 28.6792 39.9051 -193.321
vt -37.68 16.4683
vn -0.0377956 0.0974543 -0.994522
vt -39.5394 15.1758
vt -36.3367 16.2386
f 796/2222/738 795/2223/737 793/2224/734

vt -37.7164 16.5221
v 41.7511 40.1216 -193.798
vt -51.3837 16.7501
vn -0.0345051 0.0707289 -0.996899
vt -39.5758 15.2296
f 796/2225/738 797/2226/739 795/2227/737

vt -51.1162 33.0013
vt -37.4489 32.7748
vt -51.1149 33.6363
vn -0.0371144 0.0442325 -0.998332
f 797/2228/739 796/2229/738 786/2230/740

vt -51.3139 30.4582
vt -37.6479 29.596
vn -0.0340996 0.068522 -0.997067
vt -35.9884 30.3564
f 786/2231/720 796/2232/741 787/2233/722

vt -36.0546 26.0683
vt -34.7111 25.8396
vt -34.3955 26.8296
f 796/2234/741 793/2235/733 787/2236/722

vt -37.5007 31.5247
vt -49.3099 33.0349
v 41.7511 38.8052 -193.856
vt -49.3116 31.6581
vn -0.0281398 0.0439685 -0.998637
f 795/2237/737 797/2238/739 798/2239/742

vt -36.0293 138.714
vn 0.138397 -0.394987 -0.908202
vt -47.8399 138.87
vn -0.0214294 -0.502963 -0.864042
v 33.024 37.205 -192.708
vt -38.6983 136.917
vn -0.0426804 -0.154478 -0.987074
f 795/2240/743 798/2241/744 799/2242/745

vt -49.4092 133.787
v 41.7512 37.293 -193.007
vt -49.3839 131.976
vn -0.0247531 -0.0887233 -0.995749
vt -40.2601 131.871
f 798/2243/744 800/2244/746 799/2245/745

vt -41.6666 11.324
vt -50.7906 11.4167
v 34.1859 32.3491 -193.416
vt -42.9063 6.20267
vn -0.0357611 0.287507 -0.957111
f 799/2246/745 800/2247/746 801/2248/747

vt -45.7867 18.9335
v 41.7512 32.3485 -193.497
vt -45.7922 13.742
vn -0.0140634 0.35206 -0.935872
vt -37.8871 13.7426
f 800/2249/746 802/2250/748 801/2251/747

vt -45.7866 -60.2222
v 34.2777 30.7136 -194.238
vt -37.9866 -62.1333
vn -0.0143716 0.462711 -0.886393
vt -37.8815 -60.2216
f 802/2252/748 803/2253/749 801/2254/747

v 41.7511 30.7136 -194.42
vt -48.5572 -71.2683
vn -0.021211 0.491157 -0.870813
vt -40.7463 -71.2683
vt -48.5339 -69.3072
f 804/2255/750 803/2256/749 802/2257/748

vt -40.7515 -14.7476
vn -0.0303169 0.226726 -0.973487
vt -48.5625 -14.7475
vn -0.0237362 0.227684 -0.973446
v 41.7511 29.8742 -194.616
vt -48.5675 -15.6482
v 34.2846 29.8742 -194.434
vt -40.7638 -15.6482
vn -0.0287726 0.227508 -0.973351
f 803/2258/751 804/2259/752 805/2260/752 806/2261/753 

vt -40.7691 -15.5267
vn -0.0288087 0.227034 -0.973461
vt -48.5727 -15.5267
vn -0.0238131 0.227437 -0.973501
v 34.2938 28.8039 -194.684
vt -40.785 -16.675
vn -0.0289337 0.353407 -0.935022
f 806/2262/754 805/2263/755 807/2264/756

v 41.7519 28.7651 -194.876
vt -48.6011 -16.8547
vn -0.0211116 0.422837 -0.90596
vt -40.8059 -16.8131
vt -48.5936 -15.6646
f 808/2265/757 807/2266/756 805/2267/755

v 41.7508 28.0493 -195.412
vt -48.0692 -98.4343
vn -0.0292992 0.604257 -0.796251
vt -40.2629 -97.4488
vt -48.0581 -97.4994
f 809/2268/758 807/2269/756 808/2270/757

vt -51.5278 -76.2731
v 26.8687 28.0346 -194.842
vt -35.9669 -76.2908
vn -0.055024 0.517308 -0.854029
vt -43.7127 -75.3612
f 809/2271/758 810/2272/759 807/2273/756

vt -51.5738 -104.705
v 26.1155 26.7634 -195.845
vt -35.2674 -106.436
vn -0.0741436 0.319177 -0.94479
vt -36.0129 -104.725
f 809/2274/758 811/2275/760 810/2276/759

v 41.7508 26.7794 -196.583
vt -53.449 -116.927
vn -0.0452246 0.303825 -0.951654
vt -37.0943 -116.949
vt -53.3902 -115.123
f 812/2277/761 811/2278/760 809/2279/758

v 41.7508 24.8344 -196.335
vt -53.2193 51.3424
vn -0.0497565 -0.0172253 -0.998613
vt -36.8767 53.3741
vt -53.2315 53.391
f 813/2280/762 811/2281/760 812/2282/761

v 26.2169 24.8066 -195.543
vt -37.6984 56.9313
vn -0.109457 -0.0296629 -0.993549
vt -37.6084 59.0007
vt -53.95 56.9606
f 814/2283/763 811/2284/760 813/2285/762

vt -53.556 56.9348
v 18.1853 26.7409 -194.808
vt -45.1352 58.9814
vn -0.186591 0.057406 -0.980759
vt -53.4915 59.0052
f 814/2286/763 815/2287/764 811/2288/760

v 18.546 24.7682 -194.448
vt -47.6958 65.4359
vn -0.186707 -0.0487795 -0.981204
vt -47.3754 67.5405
vt -55.792 65.4769
f 816/2289/765 815/2290/764 814/2291/763

vt -65.802 66.7396
v 12.4041 24.7166 -192.978
vt -59.2033 66.6844
vn -0.528297 -0.0316744 -0.848468
vt -65.5222 68.85
f 816/2292/765 817/2293/766 815/2294/764

vt -66.3325 3.4136
v 18.4225 23.4422 -194.577
vt -66.2385 2.01877
vn -0.182135 -0.0995369 -0.978223
vt -59.7338 3.35928
f 816/2295/765 818/2296/767 817/2297/766

vt -48.0064 4.14839
vt -56.1026 4.18878
vt -47.8977 2.75463
f 816/2298/765 814/2299/763 818/2300/767

vt -48.2501 0.747311
vt -56.4547 2.18312
v 26.081 23.4782 -195.684
vt -56.3353 0.785265
vn -0.080111 -0.112059 -0.990467
f 818/2301/767 814/2302/763 819/2303/768

vt -37.7951 3.37744
vt -54.0467 3.4066
vt -37.6608 1.98094
f 814/2304/763 813/2305/762 819/2306/768

vt -37.5088 3.72791
vt -53.8949 5.15226
v 41.7508 23.5039 -196.471
vt -53.902 3.75484
vn -0.0496216 -0.119114 -0.99164
f 819/2307/768 813/2308/762 820/2309/769

v 41.7508 20.9107 -195.55
vt -53.7027 88.0971
vn -0.0464139 -0.261572 -0.964067
vt -37.3572 90.9435
vt -53.7505 90.972
f 821/2310/770 819/2311/768 820/2312/769

v 26.4551 20.8743 -194.817
vt -37.1976 85.6037
vn -0.0965449 -0.204006 -0.974197
vt -36.8499 88.477
vt -53.1977 85.6439
f 822/2313/771 819/2314/768 821/2315/770

vt -56.1594 85.8782
vt -47.8155 88.7209
vt -55.9007 88.7609
f 822/2316/771 818/2317/767 819/2318/768

v 18.819 20.7789 -193.734
vt -47.0658 83.2417
vn -0.170271 -0.210091 -0.962741
vt -46.7753 86.1754
vt -55.124 83.3468
f 823/2319/772 818/2320/767 822/2321/771

vt -61.3118 83.0576
v 12.4244 20.6439 -192.328
vt -54.4709 82.9085
vn -0.48156 -0.221757 -0.847894
vt -61.0895 85.9972
f 823/2322/772 824/2323/773 818/2324/767

vt -62.2699 41.0036
v 18.9853 18.8052 -193.567
vt -62.4025 38.931
vn -0.171233 -0.0531983 -0.983793
vt -55.4289 40.8618
f 823/2325/772 825/2326/774 824/2327/773

vt -47.6483 40.4362
vt -55.7066 40.5363
vt -47.796 38.3646
f 823/2328/772 822/2329/771 825/2330/774

vt -46.6127 42.6059
vt -54.522 44.7826
v 26.5652 18.8878 -194.596
vt -54.6052 42.6927
vn -0.0805419 -0.113514 -0.990266
f 825/2331/774 822/2332/771 826/2333/775

vt -37.0867 42.3873
vt -36.9824 44.4762
v 41.7508 18.9444 -195.302
vt -52.9705 42.4468
vn -0.0462429 -0.116216 -0.992147
f 826/2334/775 822/2335/771 827/2336/776

vt -53.2879 44.8714
vt -37.3002 46.9038
vt -53.3003 46.9422
f 827/2337/776 822/2338/771 821/2339/770

v 41.7508 16.4375 -195.023
vt -52.9587 39.3826
vn -0.045912 -0.11169 -0.992682
vt -37.0883 41.9586
vt -52.9721 42.0181
f 828/2340/777 826/2341/775 827/2342/776

v 26.6317 16.3882 -194.315
vt -37.209 39.719
vn -0.0863872 -0.0570985 -0.994624
vt -37.1531 42.3474
vt -53.0235 39.7709
f 829/2343/778 826/2344/775 828/2345/777

vt -54.6408 39.5416
vt -46.6186 42.0837
vt -54.6111 42.1704
f 829/2346/778 825/2347/774 826/2348/775

v 19.0912 16.2493 -193.719
vt -36.0359 5.72158
vn -0.156917 0.0523625 -0.986223
vt -35.9129 8.39639
vt -43.9391 5.86694
f 830/2349/779 825/2350/774 829/2351/778

vt -66.6546 7.67579
v 12.7022 16.0166 -192.197
vt -59.7921 7.43235
vn -0.555638 0.00117659 -0.831424
vt -66.5098 10.3495
f 830/2352/779 831/2353/780 825/2354/774

vt -61.6404 123.523
vn -0.134263 -0.316557 -0.939023
v 19.0694 15.7008 -193.331
vt -61.5336 122.828
vn -0.143513 -0.469931 -0.870959
vt -54.7799 123.228
vn -0.434814 -0.271671 -0.858564
f 830/2355/781 832/2356/782 831/2357/783

vt -48.4391 126.76
v 26.6447 15.7941 -194.481
vt -56.3645 126.18
vn -0.0798395 -0.287737 -0.954376
vt -48.359 126.062
f 830/2358/781 833/2359/784 832/2360/782

vt -44.7483 -36.7752
vn -0.0633581 0.267115 -0.96158
vt -44.7764 -37.4193
vt -36.8451 -36.9258
f 829/2361/785 833/2362/784 830/2363/781

vt -53.2804 -37.3886
vn -0.0454138 0.253047 -0.966387
vt -37.4878 -38.0864
vt -37.4659 -37.4421
f 828/2364/786 833/2365/784 829/2366/785

v 41.7508 15.8623 -195.164
vt -53.0085 -31.966
vn -0.0368078 -0.454342 -0.890066
vt -37.2088 -32.0394
vt -53.0017 -31.3472
f 834/2367/787 833/2368/784 828/2369/786

vt -51.8695 154.913
v 26.6709 14.6106 -193.291
vt -36.0468 153.059
vn -0.0384099 -0.71661 -0.696416
vt -36.0699 154.812
f 834/2370/787 835/2371/788 833/2372/784

v 41.7508 14.6664 -193.879
vt -50.6894 157.466
vn -0.0238648 -0.73173 -0.681176
vt -34.9213 157.381
vt -50.7364 159.3
f 836/2373/789 835/2374/788 834/2375/787

usemtl _6
vt -30.2683 201.827
vn 0.00242938 -0.99101 -0.133769
vt -46.0307 202.258
vn -0.000804434 -0.990917 -0.134471
v 17.3216 11.0875 -167.36
vt -20.178 174.601
vn -0.000496043 -0.996764 0.0803784
f 835/2376/790 836/2377/791 837/2378/792

vt -43.6233 202.804
v 41.7514 11.0875 -167.36
vt -43.6239 174.844
vn 0.0416669 -0.984949 0.167748
vt -18.0985 174.844
f 836/2379/791 838/2380/793 837/2381/792

usemtl _CoolGray8_
v 41.7514 13.0996 -167.318
vt 43.6239 10.0358
vn 1.62144e-07 -0.0758596 0.997119
v 7.21361 13.0996 -167.318
vt 7.53713 10.0358
v 6.72075 11.0875 -167.36
vt 7.02217 7.93304
vn 1.58683e-20 -0.0208685 0.999782
vt 18.0985 7.93304
vt 43.6239 7.93304
f 839/2382/794 840/2383/794 841/2384/795 837/2385/792 838/2386/793 

v 41.7514 16.7159 -166.842
vt 43.6239 -5.45435
vn 1.63225e-07 -0.255712 0.966753
v 6.15305 16.7159 -166.842
vt 6.42906 -5.45436
v 7.11273 13.5299 -167.261
vt 7.43179 -8.812
vn 3.23796e-07 -0.130621 0.991432
vt 7.53719 -9.26555
vt 43.6239 -9.26555
f 842/2387/796 843/2388/796 844/2389/797 840/2390/794 839/2391/794 

v 41.7514 20.7157 -165.215
vt 43.6239 -44.9677
vn -5.20697e-07 -0.497165 0.867656
v 5.41505 20.7157 -165.215
vt 5.65791 -44.9677
vt 6.42901 -49.4791
vt 43.6239 -49.4791
f 845/2392/798 846/2393/798 843/2394/796 842/2395/796 

v 41.7514 24.0577 -162.651
vt 43.6237 -83.5118
vn -2.51897e-07 -0.707086 0.707127
v 4.87561 24.0577 -162.651
vt 5.09405 -83.5118
v 4.93885 23.6631 -162.954
vt 5.16013 -84.0316
vn -1.03204e-06 -0.608749 0.793363
vt 5.65768 -87.9132
vt 43.6237 -87.9133
f 847/2396/799 848/2397/799 849/2398/800 846/2399/798 845/2400/798 

v 41.7514 26.6221 -159.309
vt 43.624 -115.118
vn -2.36801e-07 -0.866026 0.499999
v 4.49457 26.6221 -159.309
vt 4.69629 -115.118
v 4.52344 26.4295 -159.56
vt 4.72646 -115.449
vn 5.32552e-07 -0.793328 0.608795
vt 5.09442 -119.519
vt 43.624 -119.519
f 850/2401/801 851/2402/801 852/2403/802 848/2404/799 847/2405/799 

v 41.7514 28.2339 -155.417
vt 43.6235 -138.742
vn -1.0021e-06 -0.923897 0.382642
v 17.3216 28.2339 -155.417
vt 18.098 -138.742
vn -5.05371e-07 -0.965925 0.258822
v 4.30922 28.2339 -155.417
vt 4.50206 -138.741
v 4.33203 28.0344 -155.899
vt 4.52589 -139.287
vt 4.69571 -143.143
vt 43.6235 -143.143
f 853/2406/803 854/2407/804 855/2408/804 856/2409/803 851/2410/801 850/2411/801 

usemtl _Prussian_Blue_
v 17.3216 28.2341 -147.065
vt -18.0984 153.66
vn 0 -1 2.61064e-05
vt -18.0984 162.387
vt -43.6239 162.387
v 41.7514 28.2341 -147.065
vt -43.6239 153.66
f 857/2412/805 854/2413/805 853/2414/805 858/2415/805 

vt -162.388 32.6889
vn -0.633572 0.773684 -2.01981e-05
vt -153.661 32.6893
v 17.993 28.7839 -151.241
vt -158.025 33.5959
f 854/2416/806 857/2417/806 859/2418/806

vt -18.8 160.598
vn 0 -1 3.97441e-05
vt -18.0984 156.196
vn -5.00437e-19 -0.965929 -0.258805
v 4.19042 28.2341 -147.065
vt -4.37836 156.196
v 4.25697 28.7839 -151.241
vt -4.44789 160.598
f 859/2419/807 857/2420/808 860/2421/808 861/2422/807 

usemtl _CoolGray8_
v 41.7514 26.6221 -143.173
vt -43.6239 148.851
vn 3.11454e-19 -0.866031 -0.49999
v 4.14218 26.6221 -143.173
vt -4.32796 148.851
vt -4.37836 153.253
vt -18.0984 153.253
vt -43.6239 153.253
vn -9.9231e-19 -0.92388 -0.382683
f 862/2423/809 863/2424/809 860/2425/808 857/2426/808 858/2427/810 

v 41.7514 24.0577 -139.831
vt -43.6239 131.214
vn 7.92303e-19 -0.707115 -0.707099
v 4.23059 24.0577 -139.831
vt -4.42032 131.214
vt -4.32796 135.616
vt -43.6239 135.616
f 864/2428/811 865/2429/811 863/2430/809 862/2431/809 

v 41.7514 20.7157 -137.266
vt -43.6239 104.482
vn 1.09115e-18 -0.499991 -0.866031
v 4.41764 20.7157 -137.266
vt -4.61576 104.482
vt -4.42032 108.883
vt -43.6239 108.883
f 866/2432/812 867/2433/812 865/2434/811 864/2435/811 

v 41.7514 16.8239 -135.654
vt -43.6239 70.4786
vn 1.2008e-18 -0.258807 -0.965929
v 4.81477 16.8239 -135.654
vt -5.03071 70.4786
vt -4.61576 74.88
vt -43.6239 74.88
f 868/2436/813 869/2437/813 867/2438/812 866/2439/812 

v 41.7514 12.6474 -135.104
vt -43.6239 31.5266
vn 2.41739e-19 -6.57274e-05 -1
v 5.44605 12.6474 -135.104
vt -5.6903 31.5266
vt -5.03071 35.9279
vt -43.6239 35.9279
f 870/2440/814 871/2441/814 869/2442/813 868/2443/813 

v 41.7514 9.06734 -135.575
vt -43.6239 -9.07757
vn 3.00782e-19 0.130391 -0.991463
v 17.3216 9.06734 -135.575
vt -18.0985 -9.07757
v 6.42859 9.06734 -135.575
vt -6.71691 -9.07757
vt -5.6903 -5.30468
vt -43.6239 -5.30468
f 872/2444/815 873/2445/815 874/2446/815 871/2447/814 870/2448/814 

vt -6.71691 141.787
vn -0.567264 -0.804204 0.177389
vt -18.0985 141.787
vn -4.61526e-06 -0.999876 -0.0157766
v 7.08617 9.03641 -133.613
vt -7.40398 139.736
vn -0.695421 -0.702236 0.152496
f 874/2449/816 873/2450/817 875/2451/818

v 7.09263 9.02272 -132.746
vt -7.49175 138.827
vn -0.8392 -0.543712 0.0109377
vt -7.48553 139.732
vt -18.1812 141.777
f 876/2452/819 875/2453/818 873/2454/817

usemtl _Prussian_Blue_
vt -139.579 7.19218
vt -138.674 7.17741
v 6.11288 12.8433 -133.168
vt -139.117 11.2981
vn -0.904409 -0.405214 0.133589
f 875/2455/818 876/2456/819 877/2457/820

v 6.11519 12.8252 -132.27
vt -138.218 11.4805
vn -0.853994 -0.520238 -0.00685218
vt -139.156 11.5
vt -138.718 7.37863
f 878/2458/821 877/2459/820 876/2460/819

vt -138.276 7.62363
v 5.58265 13.5041 -133.253
vt -139.296 8.53392
vn -0.921037 -0.347363 0.176155
vt -139.214 7.64795
f 878/2461/821 879/2462/822 877/2463/820

vt -138.312 8.34403
v 5.57689 13.4835 -132.27
vt -138.299 9.23246
vn -0.774085 -0.63296 -0.0123821
vt -139.327 9.2603
f 878/2464/821 880/2465/823 879/2466/822

vt -138.249 8.00411
vt -138.254 7.1156
v 5.7789 12.9578 -106.913
vt -111.758 7.29465
vn -0.761467 -0.64817 -0.00670773
f 880/2467/823 878/2468/821 881/2469/824

vt -111.756 6.76982
vt -138.252 6.58464
v 6.35968 12.302 -106.888
vt -111.735 5.85437
vn -0.803235 -0.595639 0.00522548
f 881/2470/824 878/2471/821 882/2472/825

vt -138.173 11.2339
vt -138.666 7.13121
vt -111.652 10.6694
f 878/2473/821 876/2474/819 882/2475/825

vt -110.853 0.316054
vt -137.734 -4.12114
v 8.44011 9.79282 -106.761
vt -110.554 -3.07911
vn -0.754601 -0.655985 0.0161557
f 882/2476/825 876/2477/819 883/2478/826

usemtl _CoolGray8_
vt 51.9172 -98.7519
vn 0.0123749 -0.999503 0.0289794
vt 61.285 -124.287
vt 72.275 -122.808
f 883/2479/827 876/2480/827 873/2481/827

usemtl _6
vt 136.987 -37.5361
vn 0.0949895 -0.995431 0.00974209
vt 177.656 -27.2886
vt 105.689 -33.856
vn 0.0456916 -0.998776 0.0189274
f 873/2482/828 838/2483/793 883/2484/829

vt -43.6239 175.249
vt -18.0985 141.971
vt -18.0985 175.249
f 838/2485/793 873/2486/828 837/2487/792

usemtl _CoolGray8_
vt -174.866 11.5847
vn -1 -2.37425e-06 -1.25569e-07
vt -141.656 9.47395
v 17.3216 18.3627 -134.041
vt -140.052 19.1862
v 17.3216 28.3145 -143.874
vt -150.327 29.5843
vt -162.388 29.5001
v 17.3216 28.1961 -158.979
vt -166.109 29.4607
v 17.3216 19.4291 -166.857
vt -174.341 20.3005
f 837/2488/830 873/2489/830 884/2490/830 885/2491/830 854/2492/830 886/2493/830 887/2494/830 

usemtl _6
vt 12.9034 111.33
vt -9.01028 180.193
v 20.3216 8.70719 -48.1036
vt -11.1203 53.5852
vn 0.000125635 -0.999863 -0.0165436
f 883/2495/829 838/2496/793 888/2497/831

vt 23.3415 49.5287
vt 101.359 149.264
v 41.7508 8.60636 -18.0432
vt -14.9989 45.3039
vn 0.0185982 -0.999689 -0.0166113
f 888/2498/831 838/2499/793 889/2500/832

usemtl _CoolGray8_
vt -21.233 50.2913
vn 0 -0.999994 -0.00335425
vt -43.6233 18.8824
vn -0.000451922 -0.996432 0.0843987
v 20.3216 8.60636 -18.0432
vt -21.233 18.8824
vn 0.0621804 -0.995387 0.0730598
f 888/2501/833 889/2502/834 890/2503/835

vt 21.233 -17.5411
vt 43.6233 -17.5411
v 34.1015 10.1599 -6.04899
vt 35.6309 -4.90428
vn 0.0003551 -0.991869 0.127262
f 890/2504/835 889/2505/834 891/2506/836

v 41.7508 10.1776 -5.83093
vt 43.5563 -5.14402
vn -0.00135315 -0.991824 0.127607
vt 35.5619 -5.28828
vt 43.421 -18.0084
f 892/2507/837 891/2508/836 889/2509/834

usemtl _Prussian_Blue_
vt 43.4608 -0.866147
vn -0.0122905 -0.865326 0.501059
v 41.7508 11.5354 -3.48591
vt 43.5209 1.96453
vn -0.0261199 -0.846274 0.532107
vt 35.4652 -0.902877
vn -0.0276656 -0.833843 0.551307
f 892/2510/838 893/2511/839 891/2512/840

vt 43.256 1.24355
v 26.3015 11.6726 -4.38083
vt 27.0881 1.49784
vn -0.0673205 -0.793488 0.604851
vt 35.0941 -1.30569
f 893/2513/839 894/2514/841 891/2515/840

vt 43.2649 1.99065
vn -0.0424073 -0.76302 0.644982
v 28.9793 11.902 -3.89194
vt 29.9234 2.6235
vn -0.0477034 -0.75623 0.652565
vt 27.0968 2.2275
vn -0.0905446 -0.756154 0.648099
f 893/2516/842 895/2517/843 894/2518/844

v 41.7508 11.7905 -3.21464
vt 43.3299 4.03196
vn -0.0426509 -0.727895 0.684361
vt 29.9674 4.20195
vt 43.3123 3.64332
f 896/2519/845 895/2520/843 893/2521/842

v 41.7505 12.4415 -4.05287
vt 43.4073 12.7529
vn -0.0256663 0.790293 0.612191
v 29.0226 12.5514 -4.7306
vt 30.0906 12.9422
vn 0.0602385 0.787347 0.61356
vt 30.0821 11.833
vn 0.0966691 0.794851 0.599056
vt 43.4443 11.6446
f 897/2522/846 898/2523/847 895/2524/848 896/2525/846 

usemtl _CoolGray8_
vt 43.3098 9.00401
vn -0.051909 -0.417713 0.907095
v 41.7505 16.7232 -2.08117
vt 43.4275 13.9279
vn -0.0581115 -0.402815 0.913435
vt 29.9924 9.13045
vn -0.0783567 -0.408393 0.909437
f 897/2526/849 899/2527/850 898/2528/851

vt 29.9056 9.35566
vt 43.3651 14.0846
v 26.0804 16.7247 -3.17626
vt 26.9522 14.0863
vn -0.145431 -0.401519 0.90423
f 898/2529/851 899/2530/850 900/2531/852

usemtl _Prussian_Blue_
vt 26.9415 -4.54108
vn -0.00855702 -0.999196 0.0391732
vt 43.3543 -4.57524
vn -0.00296125 -0.999149 0.0411433
v 41.7508 16.7989 -0.246844
vt 43.4922 -2.66198
v 26.03 16.7994 -1.36026
vt 27.0252 -2.64314
vn -0.00605532 -0.99914 0.041008
f 900/2532/853 899/2533/854 901/2534/854 902/2535/855 

vt 43.4961 17.0374
vn -0.0701605 -0.117681 0.99057
v 41.7508 17.0522 -0.216752
vt 43.4983 17.3039
vn -0.0706353 -0.0977796 0.992698
vt 27.029 17.0379
vn -0.118537 -0.0958386 0.988314
f 901/2536/856 903/2537/857 902/2538/858

vt 27.0268 17.2383
vt 43.4961 17.5032
v 26.0034 17.0522 -1.34238
vt 27.0005 17.5032
vn -0.166317 -0.0875963 0.982174
f 902/2539/858 903/2540/857 904/2541/859

vt 43.4961 17.1522
vn -0.0680739 -0.126658 0.989608
v 28.2937 19.1021 -0.880091
vt 29.4218 19.3165
vn -0.0853925 -0.14561 0.98565
vt 27.0005 17.1522
vn -0.129101 -0.121908 0.984109
f 903/2542/860 905/2543/861 904/2544/862

vt 43.5133 17.37
v 41.7508 19.0154 6.39488e-13
vt 43.5283 19.4337
vn -0.0655697 -0.109502 0.991821
vt 29.4376 19.5247
f 903/2545/860 906/2546/863 905/2547/861

v 29.1548 19.2788 -0.803334
vt 30.3406 19.702
vn 0.00663892 -0.0222428 0.999731
vt 29.4375 19.5162
vn -0.0734215 -0.201641 0.976704
vt 43.5283 19.425
vn -0.0640111 -0.017958 0.997788
f 907/2548/864 905/2549/865 906/2550/866

v 28.3 20.5116 -0.520292
vt 29.5293 20.3648
vn 0.0305239 0.162063 0.986308
vt 29.5088 18.8449
vt 30.4109 19.0355
f 908/2551/867 905/2552/865 907/2553/864

vt 29.2811 19.7599
v 25.717 20.8307 -0.757105
vt 26.5722 20.1038
vn -0.0666984 0.187415 0.980014
vt 29.2286 18.2408
f 908/2554/867 909/2555/868 905/2556/865

vt 29.5676 17.7576
v 25.7479 22.0907 -1.66424
vt 26.8978 19.7907
vn -0.0418947 0.662892 0.747542
vt 26.8681 18.1684
f 908/2557/867 910/2558/869 909/2559/868

vt 26.2901 23.463
vt 29.112 21.6469
v 28.465 21.7188 -1.05628
vt 29.1937 23.0353
vn -0.0166664 0.665855 0.745895
f 910/2560/869 908/2561/867 911/2562/870

vt 29.2872 18.1989
v 29.4084 21.0059 -0.905386
vt 30.4942 18.7585
vn 0.0582694 0.135323 0.989087
vt 29.5455 19.5655
f 908/2563/867 912/2564/871 911/2565/870

vt 28.1414 21.3566
vt 29.0822 20.0685
vt 29.3674 21.8731
f 908/2566/867 907/2567/864 912/2568/871

vt 30.3545 20.2798
v 41.7508 21.0279 -0.153078
vt 43.5324 22.1116
vn -0.0611729 0.0729678 0.995456
vt 30.6126 22.0885
f 907/2569/864 913/2570/872 912/2571/871

v 41.7508 19.3549 -0.0257311
vt 43.5375 20.372
vn -0.0618953 0.0755895 0.995216
vt 43.5293 22.1251
vt 30.3515 20.2923
f 914/2572/873 913/2573/872 907/2574/864

vt 30.3515 20.2919
vt 43.5392 20.0159
vt 43.5375 20.3716
f 907/2575/864 906/2576/866 914/2577/873

vt 43.5324 22.121
v 41.7508 21.6902 -0.203232
vt 43.5292 22.815
vn -0.0563542 0.413491 0.908763
vt 30.6125 22.098
f 913/2578/872 915/2579/874 912/2580/871

vt 30.6044 22.139
vt 43.5209 22.8598
vt 29.6106 22.8899
f 912/2581/871 915/2582/874 911/2583/870

vt 43.533 12.4075
v 41.7508 22.6139 -2.11475
vt 43.4139 14.6225
vn -0.0274546 0.906279 0.421787
vt 29.6228 12.4761
f 915/2584/874 916/2585/875 911/2586/870

vt 29.5895 12.214
vt 43.3585 14.4975
v 29.6653 22.6332 -3.01316
vt 30.6962 14.5467
vn -0.0016765 0.906369 0.422483
f 911/2587/870 916/2588/875 917/2589/876

vt 43.3409 24.1978
vn -0.0728717 0.163837 0.983792
v 41.7508 23.1141 -2.19805
vt 43.3345 24.7276
vn -0.0747209 0.235303 0.969046
vt 30.6786 24.2183
vn -0.0949718 0.493796 0.864376
f 916/2590/877 918/2591/878 917/2592/879

vt 30.6446 24.2339
vt 43.2998 24.7616
v 33.8134 23.2487 -2.87839
vt 34.9761 24.9094
vn -0.089522 0.403963 0.910385
f 917/2593/879 918/2594/878 919/2595/880

v 33.8112 23.4672 -2.905
vt 34.9514 25.0563
vn -0.116587 0.118657 0.986067
vt 34.956 24.8264
vn -0.12578 0.131338 0.983326
vt 43.2798 24.6848
vn -0.0828024 0.119115 0.989422
v 41.7508 23.3325 -2.22421
vt 43.2775 24.9146
f 920/2596/881 919/2597/882 918/2598/883 921/2599/883 

v 30.7369 23.6813 -3.4013
vt 31.208 25.5588
vn -0.147753 0.18426 0.971708
vt 34.4682 25.1036
vt 34.4617 25.3334
f 922/2600/884 919/2601/882 920/2602/881

v 30.7369 23.4636 -3.36641
vt 31.2589 25.4919
vn -0.154873 0.156328 0.975488
vt 34.5134 25.2646
vt 31.2536 25.7222
f 923/2603/885 919/2604/882 922/2605/884

vt 34.7322 24.6199
vt 31.4801 24.8787
vn -0.0768308 0.472605 0.877919
vt 30.4116 23.8783
f 919/2606/880 923/2607/886 917/2608/879

vt 30.7622 23.3619
vt 31.8586 24.3317
v 29.0223 24.0301 -3.74889
vt 30.047 24.9931
vn -0.14018 0.410135 0.901187
f 917/2609/879 923/2610/886 924/2611/887

vt 31.0644 25.8276
vt 29.2374 26.1965
vn -0.194656 0.333542 0.92242
vt 31.0705 25.5973
f 922/2612/884 924/2613/888 923/2614/885

vt 29.5105 26.3517
vt 31.3347 25.9692
v 29.151 24.2484 -3.80166
vt 29.6362 26.5912
vn -0.19208 0.336344 0.921942
f 924/2615/888 922/2616/884 925/2617/889

usemtl _CoolGray1_
vt 29.1843 26.6024
vn -0.208407 0.296613 0.93198
vt 30.8902 26.0012
vn -0.167418 0.139417 0.975979
v 31.861 24.2797 -3.29315
vt 32.0653 26.6356
v 30.275 24.5047 -3.63506
vt 30.3706 26.8745
vn -0.200896 0.265725 0.942884
f 925/2618/890 922/2619/891 926/2620/891 927/2621/892 

vt 31.2033 25.5011
vt 34.457 25.2759
vn -0.105992 0.107144 0.988578
v 33.8036 24.2244 -2.98961
vt 34.4357 26.0718
vn -0.117365 0.108648 0.987128
vt 32.3814 26.1299
f 922/2622/891 920/2623/893 928/2624/894 926/2625/891 

vt 34.9317 25.8259
vt 34.947 25.0299
v 41.4937 24.0737 -2.32365
vt 42.9967 25.6675
vn -0.0243928 0.142688 0.989467
f 928/2626/894 920/2627/893 929/2628/895

vt 34.9498 25.009
vt 43.2759 24.8675
vn 0.0116508 0.136926 0.990513
vt 42.9995 25.6462
f 920/2629/893 921/2630/896 929/2631/895

v 41.7516 26.1672 -2.71136
vt 43.675 26.6318
vn 0.0112106 0.211 0.977422
vt 43.3634 24.4127
vt 43.6193 23.6271
f 930/2632/897 929/2633/895 921/2634/896

v 41.4937 26.1669 -2.72096
vt 43.2179 27.6934
vn -0.0458564 0.251885 0.96667
vt 43.2334 25.4673
vt 43.4875 27.6937
f 931/2635/898 929/2636/895 930/2637/897

usemtl _Gray8_1
vt 34.9405 25.9916
vn -0.11397 0.18561 0.975992
vt 43.0055 25.8314
vn -0.0812335 0.186167 0.979154
vt 42.9712 28.0572
v 33.7956 26.1669 -3.36031
vt 34.9001 28.0574
vn -0.17426 0.254388 0.951273
f 928/2638/899 929/2639/900 931/2640/900 932/2641/901 

usemtl _CoolGray1_
vt 34.8995 28.0567
vn -0.132597 0.271463 0.953271
vt 42.9706 28.0567
v 41.4937 26.5163 -2.81995
vt 42.962 28.4361
vn -0.0551984 0.273633 0.960249
f 932/2642/902 931/2643/898 933/2644/903

v 41.7516 26.5162 -2.81167
vt 43.5081 27.8367
vn -0.0341351 0.275366 0.960733
vt 43.2385 27.8369
vt 43.2418 27.4574
f 934/2645/904 933/2646/903 931/2647/898

v 41.4937 28.4304 -3.37208
vt 43.2201 29.9018
vn -0.0469989 0.275104 0.960265
vt 43.2385 27.8204
vt 43.5081 27.8202
f 935/2648/905 933/2649/903 934/2650/904

usemtl _Gray8_1
v 33.8023 28.3431 -3.98265
vt 34.8555 30.4112
vn -0.132401 0.27365 0.952673
vt 42.9646 28.4252
vn -0.0794127 0.275419 0.958039
vt 42.9171 30.5061
vn -0.0791723 0.276285 0.957809
f 936/2651/906 933/2652/907 935/2653/908

v 33.7967 26.5163 -3.45974
vt 34.8917 28.4331
vn -0.158958 0.272032 0.949068
vt 42.9616 28.4331
vt 34.8523 30.418
f 937/2654/909 933/2655/907 936/2656/906

usemtl _CoolGray1_
vt 42.9616 28.4351
vt 34.8917 28.4351
vn -0.159012 0.271056 0.949339
vt 34.8991 28.0556
f 933/2657/903 937/2658/910 932/2659/902

v 28.5324 26.5163 -4.79776
vt 27.6592 29.9589
vn -0.23732 0.267338 0.933922
v 28.6902 26.1669 -4.65733
vt 27.8551 29.5799
vt 33.3589 29.58
vt 33.3345 29.9588
f 938/2660/911 939/2661/911 932/2662/902 937/2663/910 

vt 28.6793 29.3047
vn -0.145036 0.310585 0.939416
v 28.165 25.3383 -4.465
vt 28.3538 28.0096
vn -0.189655 0.324795 0.926574
vt 28.8648 28.9205
vn -0.182009 0.330328 0.926151
f 938/2664/912 940/2665/913 939/2666/914

vt 28.7168 29.2691
v 27.7795 28.2753 -5.49294
vt 27.8297 31.2024
vn -0.201044 0.294257 0.934342
vt 28.3897 27.9744
f 938/2667/912 941/2668/915 940/2669/913

usemtl _Gray8_1
vt 33.335 29.9604
vt 33.2062 31.9415
vt 26.7184 31.868
vn -0.237248 0.267777 0.933814
vt 27.6597 29.9605
f 937/2670/909 936/2671/906 941/2672/916 938/2673/916 

usemtl _CoolGray1_
v 27.6697 28.6263 -5.62464
vt 26.5726 32.2806
vn -0.236823 0.274773 0.931888
vt 26.7176 31.8991
vt 33.2054 31.9728
vn -0.132203 0.276813 0.951786
v 33.8048 28.694 -4.08514
vt 33.1815 32.354
vn -0.158643 0.278266 0.947312
f 942/2674/917 941/2675/917 936/2676/918 943/2677/919 

vt 26.5948 32.274
vn -0.242468 0.213597 0.946354
v 26.7454 28.7856 -5.90507
vt 25.5867 32.4472
vn -0.239821 0.248025 0.9386
vt 26.7396 31.8924
f 942/2678/920 944/2679/921 941/2680/915

v 26.6224 29.9615 -6.15017
vt 25.15 33.1548
vn -0.243901 0.179792 0.952989
vt 25.3413 31.9078
vt 26.3502 31.7388
f 945/2681/922 944/2682/921 942/2683/920

usemtl _Prussian_Blue_
vt 25.2816 31.9217
vn -0.231963 0.239096 0.942882
vt 25.0893 33.1685
vn -0.261489 0.177503 0.948745
v 26.4083 30.0052 -6.21733
vt 24.855 33.2148
vn -0.251588 0.176179 0.951664
f 944/2684/923 945/2685/924 946/2686/925

v 27.0083 30.7464 -6.19727
vt 25.5046 34.103
vn -0.21763 0.233526 0.947683
vt 24.8945 33.315
vt 25.1288 33.2686
f 947/2687/926 946/2688/925 945/2689/924

vt 25.7396 33.923
v 26.7931 30.8775 -6.27577
vt 25.5015 34.062
vn -0.210754 0.22393 0.951545
vt 25.127 33.1369
f 947/2690/926 948/2691/927 946/2692/925

vt 26.546 34.0662
v 28.1218 31.2699 -6.14145
vt 27.7003 34.6353
vn -0.175714 0.292631 0.939942
vt 26.31 34.2087
f 947/2693/926 949/2694/928 948/2695/927

v 28.1218 31.0514 -6.07123
vt 27.5545 34.5548
vn -0.176094 0.367086 0.913367
vt 27.54 34.7942
vt 26.3879 34.2207
f 950/2696/929 949/2697/928 947/2698/926

vt 27.865 34.5645
vt 27.8775 34.325
v 33.8411 31.7948 -5.32372
vt 33.8991 35.1397
vn -0.123453 0.43402 0.892404
f 949/2699/928 950/2700/929 951/2701/930

v 33.8389 31.5764 -5.19768
vt 33.5337 34.8407
vn -0.12574 0.49689 0.858656
vt 33.5094 35.103
vt 27.4989 34.2099
f 952/2702/931 951/2703/930 950/2704/929

vt 34.738 33.0947
vt 34.7472 32.8314
v 41.7508 31.837 -4.65471
vt 43.0319 33.1456
vn -0.0770183 0.46652 0.881151
f 951/2705/930 952/2706/931 953/2707/932

usemtl _CoolGray1_
vt 34.7944 33.6971
vn -0.154772 0.395951 0.905135
v 41.4937 30.9648 -4.32152
vt 42.8406 33.0076
vn -0.0232884 0.375007 0.926729
vt 43.0799 33.9908
vn -0.0502821 0.369315 0.927943
f 952/2708/933 954/2709/934 953/2710/935

v 33.8299 30.8512 -4.91464
vt -34.7997 32.956
vn -0.994214 -0.0280897 -0.103679
vt -34.7846 33.7692
vt -42.8311 33.0833
f 955/2711/936 952/2712/933 954/2713/934

vt 34.1833 34.571
v 32.5717 30.7799 -5.07252
vt 32.8926 33.6783
vn -0.166706 0.367331 0.915028
vt 34.2172 33.7583
f 952/2714/933 956/2715/937 955/2716/936

vt 32.3795 34.1245
vt 33.6537 35.0405
vt 27.6161 34.4367
vn -0.201702 0.323511 0.924477
f 956/2717/937 952/2718/933 950/2719/938

v 28.1223 30.5287 -5.89024
vt 27.5682 34.0252
vn -0.228592 0.318354 0.919998
vt 32.2942 34.3024
vt 27.53 34.6019
f 957/2720/939 956/2721/937 950/2722/938

usemtl _Gray8_1
vt 27.5638 34.034
vn -0.223462 0.220717 0.949394
vt 33.7582 32.0056
vn -0.144861 0.320133 0.936232
vt 32.2898 34.3117
vn -0.162501 0.34204 0.925528
f 957/2723/940 943/2724/941 956/2725/942

vt 33.1935 31.8691
vt 26.9748 33.8217
vt 26.5845 31.797
vn -0.240561 0.190109 0.951834
f 943/2726/941 957/2727/940 942/2728/943

v 27.351 29.6565 -5.91074
vt 26.1982 32.8886
vn -0.231167 0.181958 0.955748
vt 26.5942 31.7922
vt 26.9848 33.8168
f 958/2729/944 942/2730/943 957/2731/940

usemtl _CoolGray1_
vt 26.6942 31.7706
vt 26.2998 32.8676
vn -0.236363 0.184141 0.954057
vt 25.5009 33.1924
f 942/2732/920 958/2733/945 945/2734/922

vt 26.2078 32.7801
v 27.4367 30.2666 -6.00145
vt 26.2715 33.4276
vn -0.227652 0.242789 0.942989
vt 25.7875 33.9368
vn -0.206723 0.205922 0.956484
vt 25.4085 33.1038
f 958/2735/945 959/2736/946 947/2737/947 945/2738/922 

usemtl _Gray8_1
vt 26.4486 32.6812
vt 27.2385 33.6066
vt 26.5144 33.3285
vn -0.222093 0.173849 0.959402
f 958/2739/944 957/2740/940 959/2741/948

usemtl _CoolGray1_
vt 25.7281 34.4599
vt 26.4481 34.7484
vt 26.3942 35.3239
f 959/2742/946 957/2743/939 950/2744/938

vt 27.7859 34.2341
vt 26.6176 33.9061
vt 27.0944 33.3903
f 950/2745/938 947/2746/947 959/2747/946

usemtl _Gray8_1
vt 32.896 33.6847
vt 34.3211 31.3516
vt 34.2206 33.7645
vn -0.106807 0.357923 0.927622
f 956/2748/942 943/2749/941 955/2750/949

vt 34.8461 30.5612
vt 42.8318 33.103
vn -0.0777339 0.359978 0.929717
vt 34.8004 32.9759
f 943/2751/941 954/2752/950 955/2753/949

v 41.4937 28.7792 -3.47152
vt 42.8981 30.6573
vn -0.0781569 0.361351 0.929149
vt 42.8236 33.1065
vt 34.8389 30.5618
f 960/2754/951 954/2755/950 943/2756/941

usemtl _CoolGray1_
vt 43.1227 32.4604
vn -0.0322516 0.363041 0.931215
vt 43.1606 30.0104
vn -0.0670022 0.304928 0.950016
v 41.7511 28.7906 -3.46498
vt 43.4296 30.0232
vn -0.0276254 0.446654 0.89428
f 954/2757/952 960/2758/953 961/2759/954

vt -43.4539 30.3721
v 41.7516 28.435 -3.36292
vt -43.4585 29.9856
vn -0.0414432 0.274228 0.960771
vt -43.1849 30.3596
f 961/2760/954 962/2761/955 960/2762/953

vt 43.1759 30.0155
vt 43.4456 30.0205
vt 43.1717 30.3944
f 935/2763/905 962/2764/955 960/2765/953

vt 43.4688 27.9289
vt 43.4454 30.0148
vt 43.1757 30.0098
f 934/2766/904 962/2767/955 935/2768/905

vt 34.8558 30.415
vt 42.9173 30.5099
vt 42.9088 30.8887
f 936/2769/918 935/2770/905 960/2771/953

vt 42.9057 30.884
vt 34.8465 30.7912
vt 34.8528 30.4093
f 960/2772/953 943/2773/919 936/2774/918

vt 43.512 29.7585
v 41.7516 30.9645 -4.31454
vt 43.4889 32.197
vn -0.024762 0.363888 0.931114
vt 43.2193 32.1974
f 961/2775/954 963/2776/956 954/2777/952

vt 43.4889 32.2024
vn -0.0247711 0.36312 0.931413
vt 43.4786 33.1808
vt 43.2193 32.2027
f 963/2778/957 953/2779/935 954/2780/934

usemtl _Prussian_Blue_
vt 43.0363 33.7201
v 41.7508 32.0548 -4.75982
vt 43.0267 33.9726
vn -0.0782511 0.433356 0.897819
vt 34.7423 33.6712
f 953/2781/932 964/2782/958 951/2783/930

vt 42.8818 30.627
vn -0.0740223 0.694071 0.716091
v 33.8455 32.3289 -5.8427
vt 34.5494 31.0255
vn -0.121062 0.705878 0.697912
vt 34.6005 30.249
vn -0.119135 0.692416 0.711595
f 964/2784/959 965/2785/960 951/2786/961

v 41.7509 32.5085 -5.19812
vt 42.8326 31.3466
vn -0.0742228 0.692855 0.717247
vt 34.5472 31.0864
vt 42.8797 30.6892
f 966/2787/962 965/2788/960 964/2789/959

vt 42.7628 29.0363
vn -0.0415863 0.833434 0.551052
v 33.8626 33.6755 -7.5584
vt 34.2997 31.0052
vn -0.0882228 0.847203 0.523892
vt 34.4789 28.7333
vn -0.118763 0.781655 0.612299
f 966/2790/963 967/2791/964 965/2792/965

v 41.7509 33.691 -7.34383
vt 43.3668 24.8872
vn -0.0134069 0.910602 0.413066
vt 35.1218 24.8537
vt 43.4358 22.3283
f 968/2793/966 967/2794/964 966/2795/963

vt 35.1104 21.618
vt 43.3554 21.6609
v 33.5861 35.752 -12.675
vt 34.6505 27.3764
vn -0.0436381 0.941849 0.333192
f 967/2796/964 968/2797/966 969/2798/967

vt 34.6071 27.5236
vt 43.3279 21.8325
v 41.7509 35.7846 -12.4687
vt 43.1403 27.6137
vn -0.011847 0.947667 0.31904
f 969/2799/967 968/2800/966 970/2801/968

vt 43.0651 23.9445
v 41.7509 37.5052 -18.894
vt 42.7955 30.8893
vn -0.0142338 0.973704 0.227373
vt 34.5324 23.8128
f 970/2802/968 971/2803/969 969/2804/967

vt 34.3808 24.0551
vt 42.5736 31.2129
v 33.151 37.437 -19.0698
vt 33.5902 30.9344
vn -0.0463635 0.971652 0.231824
f 969/2805/967 971/2806/969 972/2807/970

vt 33.3684 29.1534
vt 42.3487 29.5209
v 31.968 39.8525 -31.3824
vt 31.3561 42.1669
vn -0.0530165 0.984952 0.164497
f 972/2808/970 971/2809/969 973/2810/971

vt 29.6603 43.8877
vt 41.233 31.7703
v 41.7509 40.0268 -31.1669
vt 39.8464 44.7878
vn -0.0247494 0.988104 0.151785
f 973/2811/971 971/2812/969 974/2813/972

vt 27.5298 42.7019
vt 37.6483 44.1788
v 30.7375 41.2637 -43.0992
vt 24.2406 54.6552
vn -0.046666 0.989911 0.133785
f 973/2814/971 974/2815/972 975/2816/973

vt 20.6377 56.7032
vt 34.752 47.1999
v 41.7509 41.5383 -42.4956
vt 31.9712 58.8132
vn -0.0309718 0.991203 0.128673
f 975/2817/973 974/2818/972 976/2819/974

vt 21.3152 56.7976
vt 32.6753 58.7589
v 30.2766 42.3474 -50.7195
vt 19.0778 64.5373
vn -0.0364762 0.989887 0.13709
f 975/2820/973 976/2821/974 977/2822/975

vt 30.945 58.9531
v 34.2828 42.7791 -54.7628
vt 20.1481 69.4545
vn -0.0256884 0.994743 0.0991275
vt 19.6536 56.6288
f 976/2823/974 978/2824/976 975/2825/973

v 41.7509 42.4376 -49.6567
vt 25.7578 67.959
vn -0.0186676 0.995409 0.0938734
vt 16.7009 70.6888
vt 28.0356 60.7703
f 979/2826/977 978/2827/976 976/2828/974

usemtl _CoolGray8_
vt 33.7802 62.5882
vt 25.1579 66.4785
vt 21.7835 61.5607
vn -0.0291586 0.996152 0.0826492
f 979/2829/977 978/2830/976 977/2831/978

v 41.7514 42.7791 -54.7628
vt 43.6239 60.0739
vn -6.30697e-18 0.997771 0.0667283
vt 35.8203 60.0739
vt 43.6234 54.7269
f 980/2832/979 978/2833/976 979/2834/977

v 41.7514 43.2137 -55.4667
vt 43.6239 73.033
vn 2.77506e-19 0.850888 0.525347
v 34.3129 43.2137 -55.4667
vt 35.8518 73.033
vn -0.0508544 0.854499 0.516958
vt 35.8203 72.1686
vn -0.0379917 0.851 0.52379
vt 43.6239 72.1686
f 981/2835/980 982/2836/981 978/2837/982 980/2838/980 

usemtl LightSteelBlue
vt 43.6239 88.4511
vt 36.427 88.4511
vt 35.8518 72.8303
vn -0.0566599 0.8645 0.49943
vt 43.6239 72.8303
vn 1.48432e-17 0.862745 0.50564
f 626/2839/446 625/2840/445 982/2841/983 981/2842/984 

vt 22.5407 93.2398
vt 11.4853 92.8219
vt 24.4761 77.7287
f 625/2843/445 627/2844/447 982/2845/983

vt 26.6458 76.8651
vt 14.1088 92.3373
v 26.7468 43.0362 -56.314
vt 18.6976 76.4918
vn -0.0973848 0.86459 0.49295
f 982/2846/983 627/2847/447 983/2848/985

vt 13.3637 77.7638
vt 7.63052 93.232
v 18.9228 42.7098 -57.6342
vt 5.09334 77.0937
vn -0.138001 0.862264 0.487295
f 983/2849/985 627/2850/447 984/2851/986

vt 1.5485 93.5122
v 11.8426 42.3496 -59.2967
vt -7.46033 76.493
vn -0.163928 0.865715 0.472933
vt 0.111273 77.239
f 627/2852/447 985/2853/987 984/2854/986

vt -10.5892 83.8484
vt -9.75452 76.1546
vt -1.29022 93.4511
f 629/2855/453 985/2856/987 627/2857/447

usemtl _CoolGray8_
vt -4.30076 84.4114
vt -4.77006 75.291
vn -0.14778 0.872306 0.466094
vt -4.07304 76.6758
vn -0.139883 0.872969 0.467287
f 629/2858/456 634/2859/988 985/2860/989

vt -9.76392 83.9476
vt -8.90382 74.8866
vt -8.96704 84.0188
f 630/2861/455 634/2862/988 629/2863/456

usemtl _6
vt 61.6229 44.1251
vn 0.946416 0.138595 0.291697
v 12.6072 41.7604 -63.9257
vt 67.7095 44.1942
vn 0.964194 -0.253783 -0.0769697
vt 69.5272 48.6379
vn 0.96287 0.0841814 0.256505
f 634/2864/990 986/2865/991 630/2866/992

vt 49.0328 50.0827
vn 0.00925886 0.999851 0.0145892
vt 46.9119 50.0827
vt 42.2877 46.1243
f 671/2867/993 986/2868/993 634/2869/993

v 18.8202 42.2832 -56.8631
vt -62.5409 0.974718
vn -0.0512498 0.998047 -0.0357261
vt -68.8822 -6.42149
vn -0.0363651 0.998052 -0.0506901
vt -61.1163 -7.34763
vn -0.0692137 0.997269 -0.0257597
f 987/2870/994 671/2871/995 634/2872/996

vt -50.8716 -33.8969
v 26.6828 42.6037 -55.5835
vt -56.7254 -27.9705
vn -0.0178327 0.997328 -0.0708488
vt -52.0846 -43.5635
f 987/2873/994 988/2874/997 671/2875/995

usemtl _CoolGray8_
v 18.5989 42.1508 -54.0414
vt -28.8698 54.9958
vn -0.0714935 0.991352 0.110045
vt -24.403 62.3585
vn -0.0375858 0.995475 0.0872699
vt -30.9025 57.1482
vn -0.064638 0.997036 0.0417171
f 989/2876/998 988/2877/999 987/2878/1000

vt 5.15759 65.289
vt -0.447354 68.219
vt -7.32892 63.0415
f 977/2879/978 988/2880/999 989/2881/998

vt 9.0386 64.4639
vt 11.2974 69.9839
vt 3.62949 67.7414
f 977/2882/978 978/2883/976 988/2884/999

usemtl _6
vt -44.3323 -46.81
vn -0.00683436 0.996319 -0.0854524
v 35.7511 41.7604 -66.7569
vt -47.8086 -58.9943
vn -0.00674068 0.996458 -0.0838165
vt -36.6235 -48.9076
f 978/2885/1001 990/2886/1002 988/2887/997

v 41.7514 41.7604 -66.7569
vt -43.6239 -65.8083
vn -1.84992e-18 0.996413 -0.0846237
vt -37.3546 -65.8083
vt -35.8203 -53.2311
vt -43.6239 -53.2311
f 991/2888/1003 990/2889/1002 978/2890/1001 980/2891/1003 

v 41.7514 11.301 -74.6084
vt -43.6239 -8.02406
vn 0 0.249609 -0.968347
v 35.7511 11.301 -74.6084
vt -37.3546 -8.02406
vt -37.3546 24.8418
vt -43.6239 24.8418
f 992/2892/1004 993/2893/1004 990/2894/1004 991/2895/1004 

vt -78.7681 42.1378
vn -0.824529 0.141234 -0.54791
vt -85.6007 9.99006
v 34.8942 33.763 -67.5289
vt -78.9443 33.697
f 990/2896/1005 993/2897/1005 994/2898/1005

vt -72.05 34.4429
vn -0.998784 -0.0246495 -0.0426886
vt -79.4785 10.9664
v 34.8942 10.72 -54.2233
vt -58.1603 10.3591
f 994/2899/1006 993/2900/1006 995/2901/1006

v 14.321 10.72 -54.2233
vt 14.9633 56.9513
vn -3.34364e-18 0.999594 0.0284917
vt 36.4592 56.9513
vt 37.3546 78.2593
f 996/2902/1007 995/2903/1007 993/2904/1007

vt -14.9633 38.0301
vn 0 -0.500049 -0.865997
v 14.321 33.763 -67.5289
vt -14.9633 65.8321
vn -3.62729e-17 -0.500049 -0.865997
vt -36.4592 38.0301
f 996/2905/1008 997/2906/1009 995/2907/1009

vt 30.1637 59.5392
vn 0.542251 -0.420149 -0.727625
vt 21.8564 33.0073
v 6.22898 13.0836 -61.6186
vt 33.2531 35.7288
f 997/2908/1010 996/2909/1010 998/2910/1010

vt -48.8446 11.1106
vn -0.683799 0.0597323 -0.727222
v 5.37872 20.9515 -60.1728
vt -47.1626 19.3461
vt -59.2345 32.7561
f 998/2911/1011 999/2912/1011 997/2913/1011

usemtl _Prussian_Blue_
v 6.22898 13.391 -61.8794
vt -64.9808 13.9602
vn -0.993557 -0.0994782 -0.0543098
vt -64.7098 13.6377
vn -0.990704 -0.0880016 -0.103733
vt -63.1149 21.8905
f 1000/2914/1012 998/2915/1013 999/2916/1012

v 6.16844 13.3063 -73.6311
vt -76.8994 13.9326
vn -0.999985 0.000796292 0.00534495
vt -64.348 13.7
vn -0.999977 0.00434319 0.00511959
vt -64.6204 14.0212
vn -0.999985 0.00196297 0.0051368
f 1001/2917/1014 998/2918/1015 1000/2919/1016

v 5.99696 12.2649 -73.4675
vt -76.7091 13.7698
vn -0.985418 0.169903 0.00914834
vt -64.3272 14.6369
vn -0.98801 0.154146 0.00869584
vt -76.8785 14.8727
vn -0.986468 0.163746 0.00826197
f 1002/2920/1017 998/2921/1018 1001/2922/1019

v 6.07389 12.0177 -61.5497
vt -64.247 13.4304
vn -0.98945 0.144571 0.00938565
vt -64.3175 14.5559
vt -76.6996 13.6915
f 1003/2923/1020 998/2924/1018 1002/2925/1017

vt -64.2863 14.5973
vn -0.989362 0.144833 0.0136371
vt -64.2165 13.4718
vn -0.978359 0.206712 0.00917971
v 6.28275 12.6151 -52.7413
vt -55.011 14.1026
vn -0.964319 0.19207 -0.182205
f 998/2926/1021 1003/2927/1022 1004/2928/1023

vt -55.0742 14.5291
vt -64.2785 13.8813
v 6.06582 11.8323 -52.6144
vt -54.9427 13.6802
vn -0.980409 0.134102 -0.144275
f 1004/2929/1023 1003/2930/1022 1005/2931/1024

vt -64.4236 5.84389
vn -0.737723 -0.674998 -0.0119545
v 6.66955 11.366 -61.5082
vt -64.3927 4.92086
vn -0.802865 -0.596084 -0.00961978
vt -55.0893 5.58132
vn -0.735885 -0.676861 0.0182447
f 1003/2932/1025 1006/2933/1026 1005/2934/1027

vt -64.3845 5.5258
vt -76.8349 5.87583
vn -0.742546 -0.669736 -0.00888941
vt -64.349 4.60294
f 1003/2935/1025 1002/2936/1028 1006/2937/1026

vt -64.3438 4.64327
vt -76.8304 5.90913
v 6.5869 11.6107 -73.3629
vt -76.7283 4.98786
vn -0.771474 -0.635976 -0.0190382
f 1006/2938/1026 1002/2939/1028 1007/2940/1029

vt -76.8314 5.91793
vt -111.753 5.97013
vt -76.7293 4.99665
f 1002/2941/1028 882/2942/825 1007/2943/1029

vt -111.772 7.00692
vn -0.748451 -0.663131 -0.00885861
vt -111.753 6.09143
vt -76.8313 6.03968
f 881/2944/1030 882/2945/825 1002/2946/1028

vt -111.636 14.7494
vn -0.978206 0.207361 0.0106737
vt -76.6895 14.0094
v 5.98318 13.9233 -106.948
vt -111.669 15.7806
vn -0.982575 0.185619 0.0095986
f 881/2947/1031 1002/2948/1017 1008/2949/1032

vt -111.686 15.5332
vt -76.7055 13.7767
vt -76.8748 14.8797
f 1008/2950/1032 1002/2951/1017 1001/2952/1019

vt -111.708 14.5457
vn -0.999985 -0.000291367 0.00555524
vt -76.8964 13.901
v 5.98322 14.2143 -106.925
vt -111.684 14.8498
vn -0.999985 -0.000370384 0.00555308
f 1008/2953/1033 1001/2954/1014 1009/2955/1034

v 6.16844 13.5971 -73.6075
vt -76.8718 14.2039
vn -0.999986 -0.000433332 0.00535246
vt -111.684 14.8487
vt -76.8964 13.8999
f 1010/2956/1035 1009/2957/1034 1001/2958/1014

vt -111.697 14.0724
vn -0.994484 -0.104826 0.0035869
vt -76.885 13.424
vn -0.995435 -0.0953161 0.00482458
vt -111.025 22.2962
vn -0.995206 -0.097653 0.00546326
f 1009/2959/1036 1010/2960/1037 688/2961/1038

vt -111.003 22.3739
vt -76.8592 13.5143
v 5.46825 21.277 -73.9438
vt -77.2159 21.5717
vn -0.995283 -0.0970097 0.000574508
f 688/2962/1038 1010/2963/1037 1011/2964/1039

vt -76.8853 13.5395
vt -64.631 13.3232
vn -0.994956 -0.100274 -0.00280814
vt -77.2392 21.597
f 1010/2965/1037 1000/2966/1040 1011/2967/1039

vt -64.6202 13.9888
vt -76.8745 14.2041
vt -76.8991 13.9002
f 1000/2968/1016 1010/2969/1035 1001/2970/1014

vt -77.3095 21.5471
vt -64.7119 13.2572
v 5.37872 20.9651 -60.4912
vt -63.2533 21.2192
vn -0.993901 -0.109895 -0.00916309
f 1011/2971/1039 1000/2972/1040 1012/2973/1041

vt -63.2303 21.1821
vn -0.993843 -0.110698 -0.00474636
vt -64.685 13.2193
vt -62.8977 21.1677
f 1012/2974/1042 1000/2975/1012 999/2976/1012

v 5.14565 22.138 -60.3656
vt -63.1163 21.7519
vn -0.997168 -0.0751394 -0.00322173
vt -63.2496 20.5027
vn -0.98096 -0.194032 -0.00831944
vt -62.9169 20.4882
f 1013/2977/1043 1012/2978/1044 999/2979/1044

vt -63.1294 21.7883
vn -0.999558 -0.0293454 -0.0047137
vt -77.3194 20.8713
vn -0.977426 -0.211209 -0.00538885
vt -63.2633 20.5391
vn -0.980989 -0.193748 -0.0110214
f 1013/2980/1045 1011/2981/1046 1012/2982/1047

vt -77.3158 21.8508
vt -77.3107 20.5911
vt -63.121 21.5133
f 686/2983/533 1011/2984/1046 1013/2985/1045

vt -77.2444 21.6196
vt -111.022 21.1789
vt -77.2355 20.3599
f 686/2986/533 688/2987/537 1011/2988/1046

vt -77.274 23.9606
vt -63.0791 23.6284
vt -77.281 25.2445
f 686/2989/533 1013/2990/1045 683/2991/534

vt -77.2582 25.3577
vt -63.0572 23.7331
v 5.35595 23.3828 -60.2461
vt -62.9317 25.052
vn -0.986067 0.166324 0.00283456
f 683/2992/534 1013/2993/1045 1014/2994/1048

vt -62.9061 25.0967
vn -0.98612 0.165891 0.00691974
vt -63.0325 23.7778
v 5.14565 22.1244 -60.0472
vt -62.6999 23.7634
vn -0.998912 0.0465938 0.00186714
f 1014/2995/1049 1013/2996/1043 1015/2997/1050

vt -62.7836 21.7374
f 999/2979/1044 1015/2998/1050 1013/2977/1043

vt -62.7753 21.7149
vn -0.999897 -0.0141775 -0.00241974
vt -62.9081 20.4656
vn -0.980739 -0.195214 -0.00648869
v 5.13122 21.9605 -53.1221
vt -55.5396 21.5404
vn -0.999191 -0.0401494 -0.00250608
f 1015/2999/1051 999/3000/1052 1016/3001/1053

vt -55.5381 21.5178
vt -62.9065 20.4426
v 5.36642 20.7855 -53.1295
vt -55.5474 20.2657
vn -0.980505 -0.196185 -0.0109946
f 1016/3002/1053 999/3003/1052 1017/3004/1054

vt -62.895 21.1954
vn -0.994286 -0.106669 -0.00425063
vt -64.4094 12.9275
vn -0.993966 -0.10905 -0.0118573
vt -55.5358 21.021
vn -0.995687 -0.0923887 -0.00842734
f 999/3005/1055 998/3006/1056 1017/3007/1057

vt -55.6552 21.3398
vt -64.548 13.2675
v 5.67214 16.8863 -53.0523
vt -55.5842 17.2531
vn -0.993613 -0.1119 0.0145791
f 1017/3008/1057 998/3009/1056 1018/3010/1058

vt -55.1165 12.13
vn -0.989987 -0.140878 0.00892981
vt -55.4404 16.6382
vt -64.3918 12.6245
f 1004/3011/1059 1018/3012/1058 998/3013/1056

vt -54.968 11.9804
v 6.07616 14.174 -52.0222
vt -54.221 13.6254
vn -0.991686 -0.124526 0.032436
vt -55.3053 16.4877
f 1004/3014/1059 1019/3015/1060 1018/3016/1058

vt -49.4242 8.72584
vt -48.913 11.1972
vn -0.995126 -0.0122336 -0.0978468
vt -49.6595 9.55196
f 1005/3017/1024 1019/3018/1061 1004/3019/1023

vt -53.6891 11.9773
v 6.18406 11.8142 -51.7138
vt -52.74 11.9584
vn -0.997888 -0.0374493 0.0530814
vt -53.0741 14.4249
f 1005/3020/1024 1020/3021/1062 1019/3022/1061

v 6.67186 11.1806 -52.5072
vt -53.7327 -0.123909
vn -0.887508 -0.459077 -0.0397134
vt -52.9663 0.769245
vn -0.888656 -0.457329 -0.0337632
vt -53.9152 0.794757
f 1021/3023/1063 1020/3024/1064 1005/3025/1027

vt -53.844 14.4251
vt -54.7773 13.7081
v 7.1918 9.26416 -51.3776
vt -53.7801 11.5394
vn -0.950117 -0.308816 -0.0437076
f 1020/3026/1064 1021/3027/1063 1022/3028/1065

vt -53.6824 7.37504
vt -54.8626 9.44985
v 7.33733 8.72803 -52.1033
vt -54.4407 6.79462
vn -0.964249 -0.264423 -0.0174544
f 1022/3029/1065 1021/3030/1063 1023/3031/1066

vt -55.1585 10.1727
v 7.76744 8.97649 -61.3403
vt -64.4362 7.78125
vn -0.887716 -0.458892 -0.0371393
vt -54.7747 7.51168
f 1021/3032/1063 1024/3033/1067 1023/3034/1066

vt -64.3283 8.12369
vt -64.1635 5.37544
vt -54.924 7.91046
f 1006/3035/1026 1024/3036/1067 1021/3037/1063

vt -64.2842 7.94768
vt -76.6702 8.22908
vt -64.1116 5.1999
f 1006/3038/1026 1007/3039/1029 1024/3040/1067

vt -64.6004 6.2919
vt -76.9331 10.1387
v 8.56514 9.5455 -72.9185
vt -76.7126 7.12284
vn -0.716858 -0.695899 -0.0428782
f 1024/3041/1067 1007/3042/1029 1025/3043/1068

vt -76.6755 4.17064
vt -111.577 1.53949
vt -76.218 1.18152
f 1007/3044/1029 883/3045/826 1025/3046/1068

vt -111.745 6.38669
vt -111.634 2.98023
vt -76.7201 5.44818
f 882/3047/825 883/3048/826 1007/3049/1029

usemtl _6
vt -111.776 5.77438
vt -52.5221 -14.2404
vt -76.7098 1.2147
vn -0.0139969 -0.999534 -0.0271356
f 883/3050/829 888/3051/831 1025/3052/1069

vt 26.0083 59.5627
vn 0.0174266 -0.999169 -0.0368564
vt 31.5163 70.382
vt 7.64528 54.442
f 1024/3053/1070 1025/3054/1069 888/3055/831

vt 5.64569 54.9158
vn 0.00328812 -0.999868 -0.0158858
vt 7.52963 64.3957
vt -8.52773 54.1204
f 1023/3056/1071 1024/3057/1070 888/3058/831

v 7.33842 8.72311 -51.1534
vt -7.7432 53.4833
vn -4.75117e-06 -0.999986 -0.00519921
vt -7.74347 54.4758
vt -21.3042 50.2775
f 1026/3059/1072 1023/3060/1071 888/3061/831

usemtl _Prussian_Blue_
vt -54.4421 6.79945
vt -53.4496 6.79412
vn -0.965238 -0.261373 0.000355403
vt -53.6838 7.37984
f 1023/3062/1066 1026/3063/1073 1022/3064/1065

vt -53.44 6.78243
v 7.34056 8.71835 -50.2411
vt -52.4867 6.7773
vn -0.930229 -0.323335 -0.173576
v 7.14701 9.43307 -50.535
vt -52.794 7.55089
vn -0.923463 -0.349462 -0.158405
vt -53.6743 7.36808
f 1026/3065/1073 1027/3066/1074 1028/3067/1075 1022/3068/1065 

usemtl _6
vt -7.69152 52.5379
vn -1.0788e-06 -0.999986 -0.0052168
vt -7.68968 53.4912
vt -21.2539 50.299
f 1027/3069/1076 1026/3070/1072 888/3071/831

v 6.49758 8.70719 -48.1036
vt -6.78899 50.3079
vn 0 -0.999986 -0.00522335
vt -7.66978 52.5412
vt -21.233 50.3079
f 1029/3072/1077 1027/3073/1076 888/3074/831

usemtl _Prussian_Blue_
vt -51.6238 13.0214
vt -49.2231 13.0088
vn -0.879535 -0.337302 -0.335627
vt -51.8347 13.8267
f 1027/3075/1074 1029/3076/1078 1028/3077/1075

vt -49.5219 11.9625
v 6.2619 9.99732 -48.6388
vt -49.9619 13.3755
vn -0.925863 -0.288306 -0.244246
vt -52.1405 12.7575
f 1029/3078/1078 1030/3079/1079 1028/3080/1075

usemtl _CoolGray8_
v 41.7514 9.99732 -48.6388
vt 43.6239 29.1193
vn 7.48859e-20 0.259063 0.96586
vt 6.54274 29.1193
vt 6.78899 27.66
vn -6.32236e-19 0.383129 0.923695
vt 21.233 27.66
v 41.7514 8.70719 -48.1036
vt 43.6239 27.66
f 1031/3081/1080 1030/3082/1080 1029/3083/1081 888/3084/1081 1032/3085/1081 

v 41.7514 14.1739 -49.1887
vt 43.6239 21.3923
vn 1.77485e-19 -1.11981e-16 1
v 5.61383 14.1739 -49.1887
vt 5.8656 21.3923
vt 6.54274 16.9908
vt 43.6239 16.9908
f 1033/3086/1082 1034/3087/1082 1030/3088/1080 1031/3089/1080 

v 41.7514 18.3504 -48.6388
vt 43.6239 12.3748
vn 1.10853e-18 -0.258821 0.965925
v 5.2245 18.3504 -48.6388
vt 5.45882 12.3748
vt 5.8656 7.97332
vt 43.6239 7.97332
f 1035/3090/1083 1036/3091/1083 1034/3092/1082 1033/3093/1082 

v 41.7514 22.2421 -47.0269
vt 43.6239 2.6681
vn 2.04846e-18 -0.499991 0.866031
v 4.98145 22.2421 -47.0269
vt 5.20487 2.6681
vt 5.45882 -1.7331
vt 43.6239 -1.7331
f 1037/3094/1084 1038/3095/1084 1036/3096/1083 1035/3097/1083 

v 41.7514 25.5841 -44.4625
vt 43.6239 -7.07332
vn -1.20857e-18 -0.70711 0.707104
v 4.88246 25.5841 -44.4625
vt 5.10143 -7.07332
vt 5.20487 -11.4747
vt 43.6239 -11.4747
f 1039/3098/1085 1040/3099/1085 1038/3100/1084 1037/3101/1084 

v 41.7514 28.1484 -41.1205
vt 43.6239 -16.1825
vn -1.95399e-18 -0.866024 0.500002
v 4.91508 28.1484 -41.1205
vt 5.13551 -16.1825
vt 5.10143 -20.5839
vt 43.6239 -20.5839
f 1041/3102/1086 1042/3103/1086 1040/3104/1085 1039/3105/1085 

v 41.7514 29.7606 -37.2285
vt 43.6239 -24.0369
vn -5.9442e-20 -0.965924 0.258828
v 4.99497 29.7606 -37.2285
vt 5.21899 -24.0369
vt 5.13551 -28.4385
vt 43.6239 -28.4385
f 1043/3106/1087 1044/3107/1087 1042/3108/1086 1041/3109/1086 

v 41.7514 30.3104 -33.0527
vt 43.6239 -30.1058
vn 1.03532e-19 -1 1.35129e-05
v 5.08272 30.3104 -33.0527
vt 5.31068 -30.1058
vt 5.21899 -34.5066
vt 43.6239 -34.5066
f 1045/3110/1088 1046/3111/1088 1044/3112/1087 1043/3113/1087 

v 41.7514 29.7606 -28.876
vt -43.6239 33.971
vn 8.51062e-19 -0.965927 -0.258815
v 5.18063 29.7606 -28.876
vt -5.41298 33.971
vt -5.31068 38.3727
vt -43.6239 38.3727
f 1047/3114/1089 1048/3115/1089 1046/3116/1088 1045/3117/1088 

v 41.7514 28.1484 -24.984
vt -43.6239 35.3728
vn 2.5387e-06 -0.866018 -0.500013
v 5.21552 28.1484 -24.984
vt -5.44943 35.3728
vt -5.41298 39.7743
vt -43.6239 39.7743
f 1049/3118/1090 1050/3119/1090 1048/3120/1089 1047/3121/1089 

v 41.7514 25.5841 -21.642
vt -43.6237 34.2133
vn 2.5387e-06 -0.707101 -0.707113
v 5.4754 25.5841 -21.642
vt -5.72078 34.2131
v 5.43406 26.0002 -22.185
vt -5.67758 34.9279
vn 5.03396e-06 -0.793344 -0.608773
v 5.41077 26.2244 -22.4772
vt -5.65325 35.3127
vt -5.44922 38.6145
vt -43.6237 38.6147
f 1051/3122/1091 1052/3123/1091 1053/3124/1092 1054/3125/1092 1050/3126/1090 1049/3127/1090 

v 41.7514 22.2421 -19.0777
vt -43.6239 30.5718
vn 8.37091e-19 -0.499991 -0.866031
v 5.72748 22.2421 -19.0777
vt -5.98435 30.5718
vt -5.72097 34.9732
vt -43.6239 34.9732
f 1055/3128/1093 1056/3129/1093 1052/3130/1091 1051/3131/1091 

v 41.7514 18.3504 -17.4657
vt -43.6239 24.6974
vn 1.18603e-19 -0.258821 -0.965925
v 6.2203 18.3504 -17.4657
vt -6.49927 24.6974
vt -5.98435 29.0986
vt -43.6239 29.0986
f 1057/3132/1094 1058/3133/1094 1056/3134/1093 1055/3135/1093 

v 41.7514 14.1739 -16.9158
vt -43.6239 16.9902
vn -2.11244e-19 -1.39976e-16 -1
v 6.79524 14.1739 -16.9158
vt -7.1 16.9902
vt -6.49927 21.3917
vt -43.6239 21.3917
f 1059/3136/1095 1060/3137/1095 1058/3138/1094 1057/3139/1094 

v 41.7514 9.99732 -17.4657
vt -43.6239 7.97391
vn -9.09596e-19 0.130548 -0.991442
v 20.3217 9.99732 -17.4657
vt -21.2331 7.97391
vn -3.05534e-19 0.301422 -0.953491
v 7.52434 9.99732 -17.4657
vt -7.8618 7.97391
vn -4.58745e-19 0.259205 -0.965822
vt -7.1 12.3754
vt -43.6239 12.3754
f 1061/3140/1096 1062/3141/1097 1063/3142/1098 1060/3143/1095 1059/3144/1095 

usemtl _Prussian_Blue_
vt -21.2331 2.65072
v 7.70494 8.60636 -18.0432
vt -8.0505 1.07712
vn 0 0.383402 -0.923582
vt -7.8618 2.65072
f 1062/3145/1097 1064/3146/1099 1063/3147/1098

vt -21.233 1.07712
f 1062/3145/1097 890/3148/1099 1064/3146/1099

vt 21.233 19.7388
vn -0.00257679 -0.992405 -0.12299
vt 8.0505 19.7388
vn 2.00279e-18 0.993743 0.111687
v 8.58782 8.30966 -15.4033
vt 8.97298 16.9632
f 890/3149/1100 1064/3150/1101 1065/3151/1100

usemtl _CoolGray8_
vt -8.97298 16.9632
vt -8.0505 19.7388
vn 2.05881e-18 -0.993743 -0.111687
vt -21.233 19.7388
f 1065/3152/1100 1064/3153/1102 890/3154/1100

usemtl _Prussian_Blue_
vt -12.7691 5.26475
vn -0.907211 0.0706954 0.414694
vt -15.1547 7.08045
vn -0.869795 -0.11119 0.480722
vt -15.6765 5.58395
vn -0.928764 -0.238411 0.283826
f 1065/3155/1103 1063/3156/1104 1064/3157/1105

vt -7.49476 12.2189
v 8.86271 9.70739 -15.5699
vt -7.46176 13.717
vn -0.905993 -0.0449859 0.420896
vt -9.88548 14.0278
f 1065/3158/1103 1066/3159/1106 1063/3160/1104

v 8.89071 8.18328 -14.4822
vt -11.0694 11.3946
vn -0.90887 0.235916 0.343946
vt -12.1481 13.027
vt -12.0821 11.5299
f 1067/3161/1107 1066/3162/1106 1065/3163/1103

vt -10.4927 11.8021
v 9.18635 9.63159 -14.7273
vt -10.6129 13.3631
vn -0.945783 -0.163675 0.280543
vt -11.5558 13.4447
f 1067/3164/1107 1068/3165/1108 1066/3166/1106

vt -11.1585 13.2286
vt -11.024 11.6689
v 9.16991 8.06635 -13.6331
vt -10.0906 11.5429
vn 0.977312 0.0565709 -0.204111
f 1068/3167/1108 1067/3168/1107 1069/3169/1109

usemtl _CoolGray8_
vt -10.1326 14.8674
vn -0.00528823 -0.990872 -0.134703
vt -9.87589 15.7737
vt -21.9562 19.0528
f 1069/3170/1110 1067/3171/1110 890/3172/1110

vt -9.86291 15.7794
vn -0.00515324 -0.99093 -0.134277
vt -9.58358 16.7622
vt -21.9404 19.0691
f 1067/3173/1111 1065/3174/1100 890/3175/1100

usemtl _Prussian_Blue_
vn -2.00279e-18 -0.993743 -0.111687
f 1064/3153/1112 890/3154/1100 1065/3152/1100

usemtl _CoolGray8_
v 11.9996 8.29619 -10.029
vt 14.03 8.8765
vn 0.0424545 -0.999084 0.00541812
vt 16.6088 4.83542
vn 0.0560949 -0.998233 0.0196155
vt 24.8044 14.33
f 1070/3176/1113 1069/3177/1114 890/3178/835

v 15.0891 8.37635 -9.02159
vt 4.41782 18.0851
vn 0.156448 -0.985504 0.0656143
vt 6.3662 15.3032
vt 11.8395 26.0676
f 1071/3179/1115 1070/3180/1113 890/3181/835

usemtl _Prussian_Blue_
vt 12.168 4.46725
vn -0.210583 -0.334623 0.918522
v 11.9805 9.59469 -9.62997
vt 8.88005 5.79531
vn -0.500971 -0.409817 0.762285
vt 8.77276 4.37987
vn -0.570247 -0.173069 0.803035
f 1071/3182/1116 1072/3183/1117 1070/3184/1118

v 15.136 9.59469 -8.53706
vt 12.0245 4.77827
vn -0.182501 -0.516951 0.836334
vt 8.53533 4.77827
vt 11.8125 3.42391
f 1073/3185/1119 1072/3186/1117 1071/3187/1116

vt 12.0245 0.311859
v 11.8752 10.0893 -9.29547
vt 8.54578 0.945237
vn -0.401424 -0.586254 0.70368
vt 8.53533 0.311859
f 1073/3188/1119 1074/3189/1120 1072/3190/1117

vt 11.8349 -0.794258
v 15.0551 10.0642 -8.16592
vt 11.8873 -0.165454
vn -0.117644 -0.676335 0.727139
vt 8.36156 -0.131867
f 1073/3191/1119 1075/3192/1121 1074/3193/1120

vt 15.493 1.94654
v 18.7769 9.55021 -8.44504
vt 19.2983 1.88713
vn -0.0651559 -0.643355 0.762791
vt 15.4221 2.57354
f 1073/3194/1119 1076/3195/1122 1075/3196/1121

vt 15.4749 4.48965
vt 19.3445 5.80898
vt 15.5391 5.85898
f 1071/3197/1116 1076/3198/1122 1073/3199/1119

usemtl _CoolGray8_
vt 16.5974 16.121
vn 0.173668 -0.976964 0.124022
vt 15.4318 12.2024
vt 26.3043 12.9702
f 1076/3200/1123 1071/3201/1115 890/3202/835

v 23.5523 10.0444 -6.75769
vt 24.7451 7.83434
vn 0.0334911 -0.99258 0.116893
vt 21.367 3.72826
vt 27.8982 -4.11358
f 1077/3203/1124 1076/3204/1123 890/3205/835

usemtl _Prussian_Blue_
v 18.6406 10.0572 -7.85889
vt 17.1713 -2.65479
vn -0.0999033 -0.763898 0.637558
vt 17.1744 -3.47699
vt 22.4307 -2.67558
vn -0.142859 -0.764743 0.628298
f 1078/3206/1125 1076/3207/1122 1077/3208/1126

vt 18.6827 -0.718349
vt 14.9226 -0.707169
vt 18.7709 -1.53581
f 1078/3209/1125 1075/3210/1121 1076/3211/1122

vt 14.9297 2.01611
vn -0.219109 -0.612881 0.759189
vt 18.6897 2.00681
vn -0.127699 -0.722286 0.679703
v 14.7602 11.7752 -6.81133
vt 14.7458 4.30966
vn -0.209417 -0.705356 0.677213
f 1075/3212/1127 1078/3213/1128 1079/3214/1129

vt 12.9974 -0.416434
vt 16.6192 -3.19863
v 18.1873 11.7447 -5.91118
vt 16.6994 -0.465874
vn -0.148073 -0.756621 0.636866
f 1079/3215/1129 1078/3216/1128 1080/3217/1130

vt 22.4307 -2.66358
vn -0.101718 -0.772522 0.626787
vt 17.1607 0.0911126
vt 17.1713 -2.6428
f 1077/3218/1131 1080/3219/1130 1078/3220/1128

vt 26.0632 0.900308
vt 17.436 1.01238
vt 22.762 -1.63248
f 894/3221/841 1080/3222/1130 1077/3223/1131

vt 17.4356 0.982603
vn -0.145889 -0.742244 0.654056
vt 26.0628 0.870296
v 21.5457 11.9674 -4.99271
vt 21.0644 1.32979
vn -0.130501 -0.741744 0.657864
f 1080/3224/1132 894/3225/844 1081/3226/1133

v 26.2816 11.9259 -4.10084
vt 26.1038 1.32574
vn -0.0945783 -0.741585 0.664159
vt 21.0688 1.39015
vt 26.0674 0.93238
f 1082/3227/1134 1081/3228/1133 894/3229/844

vt 21.1153 6.68146
vn -0.167648 -0.466429 0.868526
vt 26.1505 6.63247
vn -0.135328 -0.416103 0.899191
v 22.7057 12.728 -4.36033
vt 22.4306 7.57988
vn -0.163051 -0.456613 0.874597
f 1081/3230/1135 1082/3231/1136 1083/3232/1137

v 25.3993 12.6591 -3.90241
vt 25.3748 8.10061
vn -0.143405 -0.439536 0.886704
vt 22.5203 8.18049
vt 26.2445 7.25006
f 1084/3233/1138 1083/3234/1137 1082/3235/1136

v 22.9893 13.6143 -3.83001
vt 22.9012 8.68482
vn -0.171241 -0.481393 0.859615
vt 22.5096 7.63648
vt 25.3641 7.55502
f 1085/3236/1139 1083/3237/1137 1084/3238/1138

vt 16.7171 8.8598
vn -0.537854 -0.419815 0.731074
v 21.1316 13.337 -5.33811
vt 14.2183 8.55867
vn -0.546264 -0.195545 0.814468
vt 16.1462 7.89732
vn -0.526442 -0.0311329 0.849641
f 1085/3239/1140 1086/3240/1141 1083/3241/1142

v 21.2675 13.6988 -5.01669
vt 14.9759 5.06487
vn -0.520812 -0.479683 0.706158
vt 14.6645 4.64192
vt 17.1604 4.96607
f 1087/3242/1143 1086/3243/1141 1085/3244/1140

vt 14.8902 2.97286
vt 17.0744 2.86875
v 22.7413 14.1783 -3.57488
vt 17.0216 3.5635
vn -0.476175 -0.57843 0.662326
f 1087/3245/1143 1085/3246/1140 1088/3247/1144

vt 22.5099 9.0956
vn -0.187624 -0.481797 0.855961
vt 22.7096 8.42807
v 23.6559 13.6162 -3.69089
vt 23.421 8.43039
vn -0.1822 -0.488111 0.853552
f 1088/3248/1145 1085/3249/1139 1089/3250/1146

vt 22.7109 7.83518
vt 25.1614 6.67868
vt 23.4224 7.83755
f 1085/3251/1139 1084/3252/1138 1089/3253/1146

vt 20.8001 -0.446377
vn 0.623469 0.620619 0.475519
vt 22.2903 -1.91152
vn 0.354209 0.759551 0.545544
v 23.9299 14.1917 -4.78032
vt 21.7816 0.434537
vn 0.525195 0.679165 0.512743
f 1089/3254/1147 1084/3255/1148 1090/3256/1149

vt 23.5599 -0.0920992
v 25.5546 13.2896 -4.84443
vt 24.2866 0.857129
vn 0.247507 0.775006 0.581469
vt 22.8972 2.21521
f 1084/3257/1148 1091/3258/1150 1090/3259/1149

vt 30.1812 3.54185
vt 27.0354 5.99138
vt 26.5992 4.87836
f 895/3260/848 1091/3261/1150 1084/3262/1148

vt 30.3957 5.41022
vt 30.6432 6.49143
vt 27.1463 7.72055
f 895/3263/848 898/3264/847 1091/3265/1150

usemtl _CoolGray8_
vt 25.8095 9.04261
vn -0.154327 -0.412394 0.897839
vt 29.4176 8.19312
vt 26.5821 12.9954
f 1091/3266/1151 898/3267/851 900/3268/852

vt 25.069 8.44213
vt 25.9681 12.3681
vt 23.4223 9.47312
vn -0.211161 -0.393397 0.89479
f 1091/3269/1151 900/3270/852 1090/3271/1152

vt 23.228 9.53327
vt 25.7955 12.409
v 24.4771 16.7334 -3.54435
vt 24.0768 12.4189
vn -0.227141 -0.385743 0.894209
f 1090/3272/1152 900/3273/852 1092/3274/1153

usemtl _Prussian_Blue_
vt 22.5701 -11.9113
vn 0.231972 -0.971366 0.0513457
vt 24.2723 -12.1499
v 24.3231 16.7997 -1.73489
vt 23.0944 -10.0864
vn 0.112221 -0.99254 0.047656
f 1092/3275/1154 900/3276/853 1093/3277/1155

vt 26.2301 -6.58648
vt 24.4042 -6.57887
vt 25.867 -8.45125
f 902/3278/855 1093/3279/1155 900/3280/853

vt 24.4344 16.8209
vn -0.213362 -0.0960829 0.972237
vt 26.2603 16.8206
vt 26.2371 17.0857
f 1093/3281/1156 902/3282/858 904/3283/859

vt 24.4363 16.8059
vt 26.239 17.0708
v 17.5743 17.0522 -3.19022
vt 17.2228 17.0708
vn -0.237098 -0.108556 0.965402
f 1093/3284/1156 904/3285/859 1094/3286/1157

vt 26.239 16.8856
v 25.8581 19.1138 -1.13304
vt 26.1375 19.0538
vn -0.16901 -0.156314 0.97314
vt 17.2228 16.8856
vn -0.238448 -0.110561 0.964841
f 904/3287/862 1095/3288/1158 1094/3289/1159

vt 29.3074 19.4138
vt 26.7489 19.4262
vt 26.8772 17.2594
f 905/3290/861 1095/3291/1158 904/3292/862

vt 29.3051 18.5832
vt 26.641 20.435
vn -0.175317 -0.223537 0.958799
vt 26.7466 18.5958
f 905/3293/861 909/3294/1160 1095/3295/1158

vt 26.0582 19.7138
v 17.3995 19.2943 -2.97085
vt 17.0728 18.066
vn -0.237166 -0.190714 0.952565
vt 26.1168 17.8725
f 909/3296/1160 1096/3297/1161 1095/3298/1158

v 17.2936 21.0802 -2.57529
vt 17.0516 20.0056
vn -0.233542 -0.223448 0.946324
vt 17.0697 18.0912
vt 26.0552 19.7381
f 1097/3299/1162 1096/3300/1161 909/3301/1160

vt 16.736 19.8317
v 12.8916 21.146 -3.75282
vt 11.9749 19.9022
vn -0.359942 -0.249472 0.899003
vt 16.7346 17.9173
f 1097/3302/1162 1098/3303/1163 1096/3304/1161

vt 16.9112 18.068
vn -0.113438 0.829994 0.546115
v 17.3298 22.1105 -4.13355
vt 16.5609 19.9885
vn -0.171554 0.69659 0.696657
vt 12.1512 18.1905
vn -0.194439 0.791605 0.579272
f 1097/3305/1164 1099/3306/1165 1098/3307/1166

vt 17.3579 16.9715
vt 26.3533 16.5021
vn -0.164535 0.714839 0.679657
vt 17.121 18.9092
f 1097/3308/1164 909/3309/1167 1099/3310/1165

vt 16.1738 24.2183
vt 25.5744 22.5876
vt 25.3401 24.1932
vn -0.13931 0.796112 0.588896
f 1099/3311/1165 909/3312/1167 910/3313/1168

vt 16.1722 24.487
vt 25.3385 24.4627
v 17.3261 22.7378 -4.54089
vt 16.0492 25.2588
vn -0.148461 0.709355 0.689039
f 1099/3314/1165 910/3315/1168 1100/3316/1169

vt 17.5078 13.6636
vt 26.5735 11.4867
v 25.7362 22.6453 -3.37208
vt 26.3747 13.3524
vn -0.13386 0.675718 0.724905
f 1100/3317/1169 910/3318/1168 1101/3319/1170

vt 26.5134 12.7582
vt 26.6712 10.8887
vt 30.6356 12.7174
f 1101/3320/1170 910/3321/1168 917/3322/879

vt 26.9584 10.2263
vt 29.7552 9.33669
vt 31.1269 11.5241
f 910/3323/869 911/3324/870 917/3325/876

v 27.1358 24.3787 -4.36818
vt 27.8341 25.2418
vn -0.0903367 0.466982 0.87964
vt 26.4702 23.0874
vt 30.5926 23.0723
f 1102/3326/1171 1101/3327/1170 917/3328/879

v 25.744 25.7556 -5.06379
vt 27.0808 25.6794
vn -0.276506 0.423079 0.862872
vt 27.0053 21.9808
vt 28.5063 24.0421
f 1103/3329/1172 1101/3330/1170 1102/3331/1171

v 23.8364 26.4289 -6.35166
vt 19.544 32.1933
vn -0.380339 0.417747 0.825124
vt 22.6851 27.7893
vt 21.9239 31.4095
f 1104/3332/1173 1101/3333/1170 1103/3334/1172

v 23.1511 25.208 -5.74109
vt 21.7864 28.7378
vn -0.216322 0.536091 0.815973
vt 25.0398 25.5743
vt 22.3112 30.2451
f 1105/3335/1174 1101/3336/1170 1104/3337/1173

v 21.7792 24.4225 -5.57754
vt 20.558 27.6165
vn -0.159461 0.683728 0.712101
vt 25.1393 25.411
vt 21.9023 28.5913
f 1106/3338/1175 1101/3339/1170 1105/3340/1174

vt 21.8278 24.4956
vt 17.351 22.0711
vt 26.2223 21.938
f 1106/3341/1175 1100/3342/1169 1101/3343/1170

v 20.15 24.4225 -6.05379
vt 18.4332 24.8985
vn -0.112421 0.761593 0.63823
vt 16.0447 21.9663
vt 20.2067 24.8985
f 1107/3344/1176 1100/3345/1169 1106/3346/1175

v 18.3921 25.2946 -7.09393
vt 18.5664 24.8171
vn -0.0870808 0.72185 0.686549
vt 17.6683 20.9848
vt 20.4837 23.5099
f 1108/3347/1177 1100/3348/1169 1107/3349/1176

v 17.1067 25.2946 -7.31897
vt 16.2874 25.8829
vn -0.178914 0.716853 0.673878
vt 17.0137 21.9987
vt 17.6508 25.8829
f 1109/3350/1178 1100/3351/1169 1108/3352/1177

v 15.6062 24.6845 -7.21081
vt 12.8211 27.1596
vn -0.196784 0.727547 0.657231
vt 15.4518 24.2912
vt 14.2595 28.0586
f 1110/3353/1179 1100/3354/1169 1109/3355/1178

v 13.3349 24.5098 -7.5523
vt 11.7112 25.1599
vn -0.159282 0.756518 0.634279
vt 16.4997 22.369
vt 14.1022 25.435
f 1111/3356/1180 1100/3357/1169 1110/3358/1179

v 13.1742 22.8422 -5.49206
vt 12.3917 21.4907
vn -0.208428 0.629361 0.74864
vt 16.8402 21.3179
vt 12.1392 24.2538
f 1112/3359/1181 1100/3360/1169 1111/3361/1180

vt 12.2456 25.0997
v 13.1234 22.1962 -5.15887
vt 12.2671 24.3387
vn -0.234344 0.583072 0.777888
vt 16.6957 24.9768
f 1112/3362/1181 1113/3363/1182 1100/3364/1169

v 10.6095 22.9468 -6.48031
vt 8.10862 25.9666
vn -0.456623 0.544103 0.70388
vt 11.0488 25.0856
vt 10.9799 25.8438
f 1114/3365/1183 1113/3366/1182 1112/3367/1181

vt 10.6744 25.2749
vt 7.72114 26.1112
v 10.5464 22.2858 -6.24176
vt 7.75388 25.3747
vn -0.49436 0.58554 0.642457
f 1113/3368/1182 1114/3369/1183 1115/3370/1184

v 8.6433 22.4188 -8.53008
vt -0.904405 26.1076
vn -0.782934 0.389959 0.484712
vt 2.20503 25.9621
vt 2.05845 26.6847
f 1116/3371/1185 1115/3372/1184 1114/3373/1183

vt -0.716096 26.5588
v 8.20325 21.2897 -7.93696
vt -0.55512 25.1583
vn -0.685355 0.567771 0.455987
vt 2.39236 26.3938
f 1116/3374/1185 1117/3375/1186 1115/3376/1184

vt -4.59105 26.2116
v 6.79266 21.3515 -11.2833
vt -7.9992 24.93
vn -0.87291 0.412427 0.260637
vt -4.20501 24.8557
f 1116/3377/1185 1118/3378/1187 1117/3379/1186

v 7.24082 22.5462 -11.5746
vt -7.61663 26.4249
vn -0.938049 0.23035 0.258849
vt -7.54541 25.0592
vt -4.11474 26.2792
f 1119/3380/1188 1118/3381/1187 1116/3382/1185

v 6.88939 22.6795 -14.0339
vt -13.2919 25.5274
vn -0.975666 0.16764 0.141324
vt -10.473 24.0277
vt -10.6969 25.3768
f 1120/3383/1189 1118/3384/1187 1119/3385/1188

v 6.35541 21.3658 -14.2123
vt -13.6903 23.9893
vn -0.978253 0.207401 0.00256553
vt -10.596 23.9733
vt -13.4226 25.4585
f 1121/3386/1190 1118/3387/1187 1120/3388/1189

vt -13.7205 18.4541
vn -0.94788 -0.318575 0.00584339
v 7.29991 19.8112 -11.333
vt -10.6002 16.7434
vn -0.946524 -0.206172 0.248165
vt -10.6262 18.4383
vn -0.916231 -0.309939 0.253888
f 1121/3389/1191 1122/3390/1192 1118/3391/1193

v 6.69379 20.5819 -15.3479
vt -15.6414 15.6214
vn -0.991275 -0.120723 0.0529187
vt -11.4186 14.7182
vt -14.4753 16.5402
f 1123/3392/1194 1122/3393/1192 1121/3394/1191

vt -14.7962 21.5905
v 6.77456 19.084 -14.7273
vt -14.1425 20.0254
vn -0.984519 -0.0833832 0.154176
vt -10.5537 20.7853
f 1123/3395/1194 1124/3396/1195 1122/3397/1192

vt -14.7913 21.5926
v 6.64377 18.9148 -15.5699
vt -15.0285 19.8507
vn -0.981436 -0.0395685 0.187666
vt -14.1376 20.0275
f 1123/3398/1194 1125/3399/1196 1124/3400/1195

vt -15.4503 21.6622
v 6.67024 21.1496 -15.798
vt -15.9211 22.2555
vn -0.997754 -0.06004 0.0297105
vt -15.6856 19.9201
f 1123/3401/1194 1126/3402/1197 1125/3403/1196

vt -16.9981 20.4555
vt -15.7685 21.2873
vt -17.4572 21.0579
f 1123/3404/1194 1121/3405/1191 1126/3406/1197

vt -17.4825 21.4129
vt -15.7936 21.6407
v 6.59248 22.185 -16.1203
vt -17.7995 22.5037
vn -0.995018 0.00558318 0.0995415
f 1126/3407/1197 1121/3408/1190 1127/3409/1198

vt -14.3053 24.9311
vt -16.4976 24.3747
vt -14.518 23.453
f 1120/3410/1189 1127/3411/1198 1121/3412/1190

vt -15.23 20.6218
vt -13.0308 21.1499
v 6.55554 22.4916 -15.9703
vt -15.0834 20.9492
vn -0.993625 -0.0719854 0.0867569
f 1127/3413/1198 1120/3414/1189 1128/3415/1199

vt -15.3426 24.0933
vt -13.2896 24.2901
v 6.5285 23.6595 -16.6227
vt -16.0198 25.3164
vn -0.989519 0.0577172 0.132368
f 1128/3416/1199 1120/3417/1189 1129/3418/1200

vt -13.4923 23.7935
vt -10.8966 23.6542
vt -16.2234 24.8175
f 1120/3419/1189 1119/3420/1188 1129/3421/1200

v 7.26001 23.3041 -11.948
vt -11.0864 25.2092
vn -0.917946 0.226724 0.325532
vt -16.0301 25.5826
vt -10.7047 24.413
f 1130/3422/1201 1129/3423/1200 1119/3424/1188

vt -11.0396 25.6096
v 7.51462 25.7978 -12.9859
vt -12.0643 28.2526
vn -0.945209 0.182999 0.270353
vt -15.983 25.9862
f 1130/3425/1201 1131/3426/1202 1129/3427/1200

vt -7.70183 26.7909
v 8.79507 23.1211 -8.80876
vt -4.05108 26.5924
vn -0.692336 0.445132 0.567916
v 7.75863 25.7876 -12.4983
vt -7.97901 29.4851
vn -0.824641 0.322502 0.464715
vt -8.54869 29.4962
f 1130/3428/1201 1132/3429/1203 1133/3430/1204 1131/3431/1202 

vt -3.99002 26.9623
vt -7.64046 27.1664
vt -3.80343 26.179
f 1132/3432/1203 1130/3433/1201 1116/3434/1185

vt -7.71303 25.6655
vt -4.21078 25.5289
vt -8.05731 26.4787
f 1119/3435/1188 1116/3436/1185 1130/3437/1201

vt 1.79141 27.0844
vt -1.29193 27.2819
vt -1.16728 26.4863
f 1114/3438/1183 1132/3439/1203 1116/3440/1185

v 11.0635 25.3362 -8.99847
vt 0.42125 29.8769
vn -0.400741 0.641572 0.654058
vt -0.975534 26.8665
vt 2.10503 26.6295
f 1134/3441/1205 1132/3442/1203 1114/3443/1183

vt 3.34237 27.1967
vt 5.29441 29.8805
v 10.0222 26.3292 -10.275
vt 3.68454 31.0838
vn -0.475056 0.509587 0.717387
f 1132/3444/1203 1134/3445/1205 1135/3446/1206

vt 5.02418 29.953
vn -0.413092 0.455645 0.788507
v 11.1878 25.4737 -9.01286
vt 5.12748 30.1175
vn -0.44543 0.405686 0.79813
vt 3.40283 31.1407
vn -0.475486 0.461194 0.749142
f 1134/3447/1207 1136/3448/1208 1135/3449/1209

vt 9.46153 28.6692
vn -0.33704 0.317294 0.886413
vt 6.78925 29.7805
vt 6.67707 29.6219
f 1111/3450/1210 1136/3451/1208 1134/3452/1207

vt 5.75216 29.2703
vt 8.45241 28.2288
v 13.3471 24.6991 -7.60245
vt 8.43848 28.4333
vn -0.262563 0.331306 0.906254
f 1136/3453/1208 1111/3454/1210 1137/3455/1211

vt 12.4015 27.5761
vt 12.3978 27.3712
vt 14.7972 27.5604
vn -0.147711 0.400381 0.904365
f 1137/3456/1211 1111/3457/1210 1110/3458/1212

vt 12.4174 27.5897
vt 14.8131 27.5726
v 15.5042 24.8455 -7.31287
vt 14.6901 27.762
vn -0.137947 0.476655 0.868199
f 1137/3459/1211 1110/3460/1212 1138/3461/1213

vt 14.9094 27.5728
vt 15.0305 27.3821
vt 16.565 28.105
vn -0.146267 0.466753 0.872209
f 1138/3462/1213 1110/3463/1212 1109/3464/1214

vt 16.4516 28.0794
v 17.0058 25.4833 -7.44458
vt 16.3268 28.3066
vn -0.149306 0.49146 0.858006
vt 14.7989 27.5384
f 1109/3465/1214 1139/3466/1215 1138/3467/1213

vt 16.0148 28.5914
vt 16.1428 28.366
v 18.4753 25.4731 -7.1611
vt 17.5786 28.5793
vn -0.259848 0.3996 0.87909
f 1139/3468/1215 1109/3469/1214 1140/3470/1216

vt 17.7244 28.6608
vt 16.2874 28.4562
vt 17.6508 28.4562
vn -0.218663 0.431363 0.875278
f 1140/3471/1216 1109/3472/1214 1108/3473/1217

vt 15.939 29.4724
vt 18.0234 28.4523
vn -0.331567 0.290467 0.897604
vt 15.9997 29.6812
f 1108/3474/1217 1107/3475/1218 1140/3476/1216

vt 16.0957 28.321
v 20.2176 24.5899 -6.06556
vt 16.1537 28.5009
vn -0.330749 0.182163 0.925971
vt 14.0149 29.4503
f 1107/3477/1218 1141/3478/1219 1140/3479/1216

vt 18.4332 27.243
vt 20.2067 27.243
vn -0.170531 0.232402 0.957553
vt 18.4976 27.4207
f 1107/3480/1218 1106/3481/1220 1141/3482/1219

vt 20.147 26.8831
v 21.6693 24.5899 -5.63337
vt 20.0204 27.0595
vn -0.165602 0.212579 0.963009
vt 18.4378 27.0595
f 1106/3483/1220 1142/3484/1221 1141/3485/1219

vt 22.3399 26.6024
vt 22.4572 26.4197
v 22.9825 25.3339 -5.79691
vt 23.7023 27.4146
vn -0.0299377 0.380612 0.92425
f 1142/3486/1221 1106/3487/1220 1143/3488/1222

vt 23.6639 27.4531
vn -0.0225509 0.37971 0.924831
vt 23.4838 27.5921
vt 22.2476 26.5862
f 1105/3489/1223 1143/3490/1222 1106/3491/1220

vt 24.358 26.0097
vt 25.0928 27.4265
vn -0.0202053 0.431124 0.902067
vt 24.1836 26.1559
f 1105/3492/1223 1104/3493/1224 1143/3494/1222

vt 23.7984 26.586
vt 24.6708 27.8821
v 23.6201 26.4924 -6.39265
vt 24.4436 27.9572
vn -0.0437852 0.428837 0.90232
f 1143/3495/1222 1104/3496/1224 1144/3497/1225

vt 24.4379 28.6336
v 23.8675 26.954 -6.57103
vt 24.4558 29.2288
vn -0.0527321 0.381461 0.922879
v 23.6479 26.9786 -6.59458
vt 24.2253 29.2564
vn -0.0578438 0.37952 0.923374
vt 24.2097 28.7058
f 1104/3498/1224 1145/3499/1226 1146/3500/1227 1144/3501/1225 

v 24.9499 26.56 -5.79953
vt 19.9374 32.3687
vn -0.449422 0.342539 0.825037
vt 18.558 32.8112
vn -0.447548 0.367155 0.815413
vt 18.6399 32.2214
f 1147/3502/1228 1145/3503/1229 1104/3504/1173

vt 19.6854 32.1674
vn -0.458283 0.323606 0.827801
v 25.0364 26.734 -5.82003
vt 19.7534 32.3598
vn -0.457076 0.336755 0.823212
vt 18.3039 32.6032
vn -0.46028 0.345716 0.817693
f 1147/3505/1230 1148/3506/1231 1145/3507/1232

vt 21.1515 31.0656
vn -0.284325 0.343965 0.894901
v 25.7396 26.041 -5.17457
vt 21.0924 31.38
vn -0.179825 0.387438 0.904187
vt 20.1254 32.1442
vt 20.0561 31.9522
f 1103/3508/1233 1149/3509/1234 1148/3510/1231 1147/3511/1230 

vt 26.0964 28.1327
vt 27.6256 26.5918
vn -0.0842442 0.451949 0.888057
vt 26.0783 28.4521
f 1103/3512/1233 1102/3513/1235 1149/3514/1234

vt 27.0744 26.2065
vt 28.5014 24.2524
v 27.2223 24.5534 -4.46151
vt 28.5953 24.4578
vn -0.139303 0.438372 0.887933
f 1149/3515/1234 1102/3516/1235 1150/3517/1236

vt 28.8687 26.6317
vt 26.875 27.2765
vt 26.8067 27.0613
f 924/3518/888 1150/3519/1236 1102/3520/1235

vt 25.9394 28.2867
vt 27.9542 27.7114
v 28.7473 24.3322 -3.93337
vt 27.6239 28.0435
vn -0.233344 0.342336 0.910141
f 1150/3521/1236 924/3522/888 1151/3523/1237

vt 28.6272 27.6329
vt 28.1847 27.7263
vt 28.5099 27.3892
f 925/3524/889 1151/3525/1237 924/3526/888

v 28.9976 24.4176 -3.90589
vt 28.4614 27.8085
vn -0.222354 0.351868 0.909256
vt 27.4777 28.8359
vn -0.209425 0.33954 0.916981
vt 28.2005 27.7129
vt 28.643 27.6192
f 1152/3527/1238 940/3528/1239 1151/3529/1237 925/3530/889 

usemtl _CoolGray1_
vt 27.5507 28.7803
vt 28.5321 27.7506
vn -0.219397 0.356805 0.90805
v 29.1655 25.3333 -4.22513
vt 28.6256 28.7747
vn -0.217953 0.35505 0.909085
f 940/3531/913 1152/3532/1240 1153/3533/1241

vt 28.5428 28.8492
vt 28.4519 27.8249
vt 28.6336 27.6357
f 1153/3534/1241 1152/3535/1240 925/3536/890

vt 29.8945 27.8504
vt 28.6239 28.7774
vt 28.7116 27.5637
f 927/3537/892 1153/3538/1241 925/3539/890

usemtl _Gray8_1
vt 29.7263 27.9747
vn -0.204509 0.278019 0.938553
vt 33.3623 29.821
vt 28.451 28.895
vn -0.231462 0.339948 0.911516
f 927/3540/1242 932/3541/901 1153/3542/1243

vt 32.1195 26.7975
vn -0.161603 0.200056 0.966365
vt 34.0948 28.8166
vt 30.4251 27.0382
f 926/3543/1244 932/3544/901 927/3545/1242

vt 34.4587 26.4195
vt 34.3926 28.4846
vt 32.4044 26.4783
f 928/3546/899 932/3547/901 926/3548/1244

vt 33.3596 29.8258
vt 27.8558 29.8258
vn -0.231517 0.34047 0.911307
vt 28.4483 28.8995
f 932/3549/901 939/3550/1245 1153/3551/1243

usemtl _CoolGray1_
vt 28.6251 28.7649
vt 28.0375 29.6943
vt 27.5502 28.7705
f 1153/3552/1241 939/3553/914 940/3554/913

usemtl _Prussian_Blue_
vt 28.2701 27.655
vt 27.5497 28.7796
v 27.951 25.208 -4.465
vt 27.3321 28.6339
vn -0.213153 0.320426 0.92298
f 1151/3555/1237 940/3556/1239 1154/3557/1246

vt 26.1551 32.1974
vt 27.6893 28.2641
vt 27.9085 28.4074
f 944/3558/923 1154/3559/1246 940/3560/1239

v 26.5358 28.7842 -5.9574
vt 25.3659 32.5128
vn -0.236896 0.236693 0.942261
vt 27.1807 28.603
vt 25.5917 32.5144
f 1155/3561/1247 1154/3562/1246 944/3563/923

vt 25.8122 29.0926
vn -0.333783 0.247956 0.909454
vt 23.887 32.9493
vn -0.487173 0.198524 0.850442
v 27.6058 25.0264 -4.54219
vt 25.4457 28.8968
vn -0.371293 0.233095 0.898782
f 1154/3564/1248 1155/3565/1249 1156/3566/1250

v 26.1558 28.8884 -6.17503
vt 21.4262 33.2299
vn -0.435387 0.229974 0.870374
vt 23.5504 29.1096
vt 21.8832 33.1187
f 1157/3567/1251 1156/3568/1250 1155/3569/1249

vt 25.5607 32.3219
vn -0.557044 0.319546 0.766546
v 25.7016 28.1082 -5.99273
vt 25.1321 31.4603
vn -0.374283 0.411712 0.830906
vt 27.3776 28.0571
vn -0.212216 0.33426 0.918278
f 1157/3570/1252 1158/3571/1253 1156/3572/1254

vt 17.461 35.9833
vt 17.7209 36.9099
v 24.9653 30.8892 -8.4555
vt 15.2818 39.286
vn -0.621495 0.444801 0.6449
f 1158/3573/1253 1157/3574/1252 1159/3575/1255

vt 6.31904 34.754
vt 8.99902 32.6533
v 26.0247 30.2074 -6.63121
vt 8.52213 34.0382
vn -0.786465 0.267498 0.556703
f 1159/3576/1255 1157/3577/1252 1160/3578/1256

vt 21.6844 33.7611
vt 22.141 33.6484
vt 21.3513 35.1873
vn -0.578642 0.250111 0.776285
f 1157/3579/1251 1155/3580/1249 1160/3581/1257

vt 14.9299 31.7802
vt 14.6425 33.0594
vn -0.668653 0.280358 0.688697
vt 14.0531 33.2713
f 1155/3582/1249 946/3583/1258 1160/3584/1257

vt 25.6025 31.8736
vt 25.1814 33.1685
vt 25.3768 31.8721
f 944/3585/923 946/3586/925 1155/3587/1247

vt 17.1414 37.8516
vt 17.7236 37.6206
v 26.4219 31.1506 -6.85014
vt 17.3272 38.9293
vn -0.556205 0.508545 0.657281
f 1160/3588/1257 946/3589/1258 1161/3590/1259

vt 13.4132 38.1218
vt 13.6338 39.0952
vn -0.458946 0.607525 0.648292
vt 12.9273 39.3999
f 946/3591/1258 948/3592/1260 1161/3593/1259

vt 19.68 37.3057
vt 20.3261 36.8878
v 27.6951 31.6606 -6.70186
vt 20.892 38.086
vn -0.268247 0.721047 0.638854
f 1161/3594/1259 948/3595/1260 1162/3596/1261

vt 23.6026 34.8045
vt 24.9447 35.3646
vn -0.202162 0.705175 0.679602
vt 24.3143 35.9222
f 948/3597/1260 949/3598/1262 1162/3599/1261

vt 26.7691 32.0687
vt 32.6309 33.7201
vt 26.1885 32.6779
f 949/3600/1262 965/3601/960 1162/3602/1261

vt 33.1828 33.3394
vt 33.0646 34.1086
vt 27.1687 32.5837
f 951/3603/961 965/3604/960 949/3605/1262

vt 32.4288 33.2287
vt 31.965 35.4599
vt 25.9973 32.1213
vn -0.220602 0.722901 0.654789
f 965/3606/965 967/3607/964 1162/3608/1263

vt 26.5447 32.0958
vt 32.6091 35.2552
v 25.9734 33.4108 -9.12233
vt 24.2114 34.8402
vn -0.417724 0.694466 0.585854
f 1162/3609/1263 967/3610/964 1163/3611/1264

vt 31.9471 29.5944
vt 30.229 35.1098
vt 23.5685 28.8914
f 967/3612/964 969/3613/967 1163/3614/1264

vt 24.7734 28.114
vt 31.8563 33.8467
v 23.5818 35.3558 -13.7975
vt 21.3744 32.8766
vn -0.27823 0.882537 0.3791
f 1163/3615/1264 969/3616/967 1164/3617/1265

vt 30.634 30.8338
vt 28.5136 37.4258
vt 20.222 29.284
f 969/3618/967 972/3619/970 1164/3620/1265

vt 19.8055 29.5155
vt 27.9349 37.8194
v 21.8915 36.7714 -19.6943
vt 16.4344 35.1638
vn -0.175741 0.955253 0.23792
f 1164/3621/1265 972/3622/970 1165/3623/1266

vt 26.1986 37.7147
vt 20.8162 49.7326
vt 14.8696 34.4032
f 972/3624/970 973/3625/971 1165/3626/1266

vt 12.7416 35.2728
vt 17.5111 51.0082
v 18.717 38.8548 -31.9532
vt 4.58148 45.9131
vn -0.137256 0.977246 0.16171
f 1165/3627/1266 973/3628/971 1166/3629/1267

vt -2.21789 44.0644
vt 9.63846 51.3143
v 15.7135 40.1335 -44.524
vt -12.1077 53.3563
vn -0.113606 0.982602 0.146922
f 1166/3630/1267 973/3631/971 1167/3632/1268

vt -12.4236 53.6498
vt 9.33544 51.75
vt 1.41967 61.2916
f 1167/3633/1268 973/3634/971 975/3635/973

vt -6.2754 56.3836
vt 8.41276 62.2394
vt -8.05864 66.8355
f 1167/3636/1268 975/3637/973 989/3638/998

vt -2.92684 65.7517
vt 13.0951 59.7743
vt 9.69097 67.0765
f 989/3639/998 975/3640/973 977/3641/975

vt 3.31202 64.5492
vt 18.6304 56.9479
vt 10.9998 68.4299
f 989/3642/998 975/3643/973 988/3644/999

vt 17.7549 70.1459
vt 9.90513 68.6606
vt 17.7308 57.3107
f 978/3645/976 988/3646/999 975/3647/973

usemtl _CoolGray8_
vt 27.1274 76.9244
vt 19.2207 75.715
vn -0.0895513 0.856844 0.507739
vt 27.2022 76.0627
f 982/3648/981 988/3649/1269 978/3650/982

vt 18.7776 76.5752
vn -0.102806 0.865473 0.490293
vt 18.8262 75.687
vt 26.7262 76.9398
f 983/3651/1270 988/3652/1269 982/3653/981

vt 13.8651 77.6925
vt 5.66883 76.1552
vn -0.128007 0.86957 0.476931
vt 13.9732 76.8096
f 983/3654/1270 987/3655/1271 988/3656/1269

vt 4.77884 76.8953
vn -0.139942 0.875141 0.46319
vt 4.86763 75.9726
vt 13.0463 77.6011
f 984/3657/1272 987/3658/1271 983/3659/1270

vt -0.0155671 77.0927
vt -8.21458 74.9165
vt 0.134072 76.1779
f 984/3660/1272 634/3661/988 987/3662/1271

vt -7.79426 76.2611
vt -8.41885 74.8421
vt -0.226198 77.0421
f 985/3663/989 634/3664/988 984/3665/1272

vt -44.5413 47.8002
vt -49.6076 41.0457
vn -0.0815663 0.995851 0.0403341
vt -49.3646 41.214
vt -42.001 46.2799
f 987/3666/1000 634/3667/1273 644/3668/1273 989/3669/998 

usemtl _Prussian_Blue_
vt -31.9364 61.5723
vt -32.2242 61.5052
vn -0.151522 0.9739 0.168994
vt -27.5471 55.5063
f 644/3670/474 634/3671/1274 638/3672/471

vt -19.356 53.4773
vt -23.8581 63.077
vt -32.5459 60.9772
f 1167/3673/1268 989/3674/998 644/3675/475

vt -18.1777 53.6553
vt -31.1741 61.4855
v 13.5537 39.8414 -44.6051
vt -19.9349 52.2045
vn -0.135482 0.979972 0.145947
f 1167/3676/1268 644/3677/475 1168/3678/1275

vt -26.7404 63.207
v 13.0644 39.7887 -44.6317
vt -16.7003 52.7776
vn -0.14846 0.977296 0.151168
vt -16.2724 53.0641
f 644/3679/475 1169/3680/1276 1168/3681/1275

vt -25.7674 50.1279
vt -37.7054 58.3169
v 12.4117 39.6734 -44.6797
vt -26.2582 49.6367
vn -0.0820227 0.985756 0.146827
f 1169/3682/1276 644/3683/475 1170/3684/1277

vt 34.8179 40.0035
vt 40.84 53.0464
vt 34.4763 40.2426
f 1170/3685/1277 644/3686/475 645/3687/477

vt 37.1797 36.6846
v 14.0497 38.0211 -32.1743
vt 31.3697 24.6263
vn -0.0448725 0.986039 0.160352
vt 37.5005 36.4182
f 645/3688/477 1171/3689/1278 1170/3690/1277

vt 26.2921 30.2238
vt 27.3801 29.6161
vt 30.9194 42.5247
f 646/3691/479 1171/3692/1278 645/3693/477

vt 22.2731 35.6386
v 15.8218 35.7169 -20.1845
vt 21.7382 22.4197
vn -0.157123 0.949136 0.27286
vt 23.4387 35.1975
f 646/3694/479 1172/3695/1279 1171/3696/1278

v 13.7048 35.9037 -20.4902
vt 20.4458 22.4704
vn -0.0474228 0.961435 0.270912
vt 22.4374 21.4378
vt 23.5703 34.619
f 1173/3697/1280 1172/3698/1279 646/3699/479

vt 16.5502 31.033
v 16.6133 34.5405 -16.8944
vt 19.1652 26.727
vn -0.188367 0.891245 0.412554
vt 18.7147 30.4431
f 1173/3700/1280 1174/3701/1281 1172/3702/1279

v 14.1153 34.8347 -17.4191
vt 17.0418 27.0642
vn -0.047175 0.912504 0.406339
vt 19.5556 26.1216
vt 17.0443 30.4889
f 1175/3703/1282 1174/3704/1281 1173/3705/1280

vt 15.3609 31.7485
v 17.248 33.0718 -13.8712
vt 18.5056 27.5107
vn -0.117074 0.812194 0.571519
vt 17.9507 31.0412
f 1175/3706/1282 1176/3707/1283 1174/3708/1281

v 15.0073 33.1454 -14.0701
vt 15.322 29.1216
vn -0.0157044 0.867846 0.496584
vt 17.6675 28.9518
vt 14.306 33.0198
f 1177/3709/1284 1176/3710/1283 1175/3711/1282

vt 15.0385 32.6237
v 16.2073 32.2731 -12.7962
vt 16.348 31.0554
vn 0.000900209 0.802286 0.596939
vt 17.3864 32.4914
f 1177/3712/1284 1178/3713/1285 1176/3714/1283

vt 13.8421 34.2241
vn -0.0988497 0.793117 0.600994
v 14.9352 33.0034 -13.8944
vt 13.7889 33.982
vn -0.0918777 0.790863 0.605058
vt 15.2437 32.7376
vn -0.0959032 0.760308 0.642444
f 1177/3715/1286 1179/3716/1287 1178/3717/1288

v 13.2495 33.6688 -15.1447
vt 10.2654 35.9094
vn -0.145744 0.792387 0.592353
v 13.265 33.508 -14.9258
vt 10.3287 35.6322
vt 12.2592 34.7616
vt 12.2948 35.0069
f 1180/3718/1289 1181/3719/1289 1179/3720/1287 1177/3721/1286 

v 11.9434 33.6193 -15.4456
vt 7.65877 36.5053
vn -0.165933 0.788812 0.591812
v 11.6326 33.6077 -15.5159
vt 7.32625 36.4844
vn -0.294145 0.735934 0.60982
v 11.729 33.4496 -15.279
vt 7.49006 36.2164
vn -0.340986 0.723022 0.600805
vt 9.13507 36.3153
vt 9.05769 36.5889
f 1182/3722/1290 1183/3723/1291 1184/3724/1292 1181/3725/1289 1180/3726/1289 

vt 6.87621 32.5001
vn -0.124537 0.899616 0.418548
vt 7.20822 32.5278
vn -0.128054 0.899243 0.418287
v 11.6897 34.6961 -17.8382
vt 6.22298 35.0997
vn -0.115379 0.924748 0.362668
f 1183/3727/1293 1182/3728/1294 1185/3729/1295

vt 6.42547 35.0094
vn -0.155759 0.928005 0.338447
vt 7.38875 32.4292
vn -0.126508 0.900741 0.415526
vt 8.97999 35.3416
f 1185/3730/1296 1182/3731/1297 1175/3732/1282

vt 8.48126 32.5658
vn -0.0704444 0.898312 0.433674
vt 8.63425 35.3812
vt 7.08495 32.4462
f 1180/3733/1298 1175/3734/1282 1182/3735/1297

vt 13.4451 30.3432
vt 15.3092 29.1355
vt 14.2903 33.033
f 1180/3736/1298 1177/3737/1284 1175/3738/1282

vt 6.8942 36.6014
vt 5.76242 33.0768
vt 8.30647 33.4815
f 1173/3739/1280 1185/3740/1296 1175/3741/1282

vt -3.46988 33.0821
vt -3.77118 36.7717
vt -10.1413 39.5623
f 1185/3742/1296 1173/3743/1280 647/3744/480

vt -0.407655 37.1205
vt 4.75673 32.4627
vt -0.884842 43.6663
f 647/3745/480 1173/3746/1280 646/3747/479

vt 4.64465 30.6113
vt 0.597044 38.9849
v 11.3937 34.6794 -17.8879
vt 4.33758 30.5455
vn -0.0970283 0.947389 0.305025
f 1185/3748/1295 647/3749/481 1186/3750/1299

vt 6.07949 29.8923
vt 3.00887 38.5979
vt 2.71463 38.4645
f 1186/3751/1299 647/3752/481 648/3753/482

vt -12.4814 37.0275
vn -0.527547 0.784304 0.326436
vt -21.0009 40.5235
v 8.96162 32.3029 -16.1085
vt -11.7749 33.0802
vn -0.683278 0.646025 0.340269
f 1186/3754/1300 648/3755/483 1187/3756/1301

vt -14.3514 33.9893
vt -24.476 40.1548
vt -24.5234 36.3267
f 1187/3757/1301 648/3758/483 649/3759/484

vt -25.0511 37.1683
vt -22.9681 32.9551
vt -14.8287 35.0622
f 649/3760/484 652/3761/487 1187/3762/1301

vt -14.2118 36.1571
vt -22.3968 34.2348
v 8.10883 29.4472 -14.5799
vt -12.8637 32.9274
vn -0.755777 0.437631 0.487115
f 1187/3763/1301 652/3764/487 1188/3765/1302

vt -22.6292 33.9295
v 7.56368 26.2882 -13.1918
vt -11.7918 29.269
vn -0.843102 0.343226 0.413974
vt -13.0882 32.6809
f 652/3766/487 1189/3767/1303 1188/3768/1302

v 6.33099 27.5884 -19.6368
vt -18.0639 31.1281
vn -0.96553 0.188181 0.179835
vt -11.2278 29.6723
vt -21.99 34.5039
f 1190/3769/1304 1189/3770/1303 652/3771/487

vt -11.6439 29.0297
vt -18.4949 30.4138
v 7.53568 26.0184 -13.0793
vt -11.536 28.7425
vn -0.93784 0.191543 0.289426
f 1189/3772/1303 1190/3773/1304 1191/3774/1305

vt -11.7544 28.158
vt -18.7184 29.8079
v 6.40447 26.1377 -18.5246
vt -17.5654 28.2834
vn -0.978246 0.0904935 0.18667
f 1191/3775/1305 1190/3776/1304 1192/3777/1306

v 6.17372 27.1262 -20.2539
vt -19.6259 29.1468
vn -0.980938 0.116871 0.155247
vt -17.8055 28.1099
vt -18.962 29.6317
f 1193/3778/1307 1192/3779/1306 1190/3780/1304

v 6.23033 26.1597 -19.5207
vt -18.9545 27.9943
vn -0.982085 0.0739492 0.173321
vt -17.8979 27.9713
vt -19.7191 29.0069
f 1194/3781/1308 1192/3782/1306 1193/3783/1307

vt -18.9551 27.9704
vn -0.98231 0.0709601 0.173295
v 6.24367 25.9376 -19.3542
vt -18.7813 27.7377
vn -0.982151 0.0760518 0.172035
vt -17.8986 27.9474
vn -0.976188 0.108941 0.187588
f 1194/3784/1309 1195/3785/1310 1192/3786/1311

vt -21.0857 28.8061
vn -0.941891 0.200389 0.269602
vt -17.7088 28.5033
vt -17.8802 28.7378
vn -0.952912 0.143228 0.267291
f 1054/3787/1312 1195/3788/1312 1194/3789/1313

vt -20.658 29.3243
vn -0.927674 0.256869 0.270998
vt -17.5816 29.2566
vt -20.9578 29.5667
f 1053/3790/1314 1195/3791/1312 1054/3792/1312

vt -17.4822 24.6949
vn -0.957198 0.0891551 0.27536
vt -17.6097 28.6022
vn -0.94913 0.153162 0.275126
vt -20.6861 28.6685
vn -0.949208 0.153153 0.27486
f 1056/3793/1315 1195/3794/1316 1053/3795/1317

v 6.39662 23.3324 -17.3781
vt -15.5756 25.8494
vn -0.947318 0.116016 0.298545
vt -17.603 28.6039
vt -17.4759 24.6966
f 1196/3796/1318 1195/3797/1316 1056/3798/1315

v 6.41555 25.9157 -18.3554
vt -17.7486 27.7178
vn -0.981719 0.0800835 0.172667
vt -18.8074 27.7407
vn -0.982706 0.0717798 0.170693
vt -16.7458 25.0117
vn -0.986005 0.0400508 0.161833
f 1197/3799/1319 1195/3800/1320 1196/3801/1321

vt -17.9227 28.024
vt -18.8054 27.8141
vt -17.7465 27.7912
vn -0.978082 0.0931212 0.186239
f 1192/3802/1311 1195/3803/1310 1197/3804/1322

vt -17.5967 28.2596
vt -17.4212 28.0263
vt -11.6946 27.9024
vn -0.941141 0.18469 0.283094
f 1192/3805/1311 1197/3806/1322 1131/3807/1323

vt -15.6242 25.6634
vt -11.6943 27.9103
vt -17.421 28.0342
f 1129/3808/1200 1131/3809/1202 1197/3810/1319

vt -17.9971 27.6123
vt -16.9897 24.9079
vt -16.1889 25.2504
f 1197/3811/1319 1196/3812/1321 1129/3813/1200

vt -15.9932 24.8512
vt -16.7944 24.5094
vt -15.4645 23.3105
f 1129/3814/1200 1196/3815/1321 1127/3816/1198

vt -15.478 23.2956
vt -16.808 24.4945
vt -14.902 19.8785
f 1127/3817/1198 1196/3818/1321 1125/3819/1196

vt -15.0367 25.2609
vt -16.9431 24.1181
vt -13.165 20.6308
vn -0.962278 -0.0341301 0.269919
f 1196/3820/1318 1056/3821/1315 1125/3822/1324

vt -14.2744 19.4457
vt -18.061 22.9237
vt -16.304 18.8557
vn -0.955145 -0.0871556 0.283022
f 1125/3823/1324 1056/3824/1315 1058/3825/1325

vt -13.8917 17.8844
vt -15.9193 17.2879
v 7.56037 14.1739 -14.9533
vt -13.0196 12.8735
vn -0.928778 -0.180177 0.323895
f 1125/3826/1324 1058/3827/1325 1198/3828/1326

vt -11.6873 13.7169
vt -14.6418 18.0949
vt -13.8882 13.7169
vn -0.887864 -0.20148 0.413646
f 1198/3829/1326 1058/3830/1325 1060/3831/1327

vt -11.6873 10.106
vt -13.8882 10.1059
v 8.71085 10.227 -15.498
vt -11.7809 5.77387
vn -0.860955 -0.261024 0.436603
f 1198/3832/1326 1060/3833/1327 1199/3834/1328

vt -8.81344 6.95879
vt -11.1357 11.1795
vt -11.2137 6.7132
vn -0.825542 -0.212933 0.522628
f 1199/3835/1328 1060/3836/1327 1063/3837/1329

vt -8.64513 5.15617
vn -0.858274 -0.307719 0.410701
vt -11.0448 4.90418
vt -8.622 4.58605
f 1199/3838/1330 1063/3839/1104 1066/3840/1106

vt -12.5358 5.98599
vt -12.5576 5.41582
v 8.99791 10.208 -14.6454
vt -11.5958 5.96512
vn -0.918566 -0.322031 0.229198
f 1199/3841/1330 1066/3842/1106 1200/3843/1331

vt -11.3504 4.74272
vt -11.3346 5.38189
vt -12.2931 4.82678
f 1068/3844/1108 1200/3845/1331 1066/3846/1106

vt -14.5895 6.09515
v 9.09547 10.1829 -13.5106
vt -13.3295 6.70302
vn -0.899802 -0.369513 0.231984
vt -14.5195 6.73067
f 1068/3847/1108 1201/3848/1332 1200/3849/1331

v 9.30716 9.59469 -13.678
vt -13.2369 5.33922
vn -0.637493 -0.724372 0.262466
vt -13.0851 5.99817
vt -14.3404 5.38055
f 1202/3850/1333 1201/3851/1332 1068/3852/1108

v 10.2614 9.59469 -11.5018
vt -6.70037 3.22026
vn -0.800548 -0.237591 0.550157
vt -9.11179 3.89267
vt -9.18321 3.22026
f 1203/3853/1334 1201/3854/1332 1202/3855/1333

v 10.1318 10.1327 -11.2615
vt -6.37507 4.40062
vn -0.72627 -0.445985 0.523096
vt -8.96239 4.45712
vt -6.54827 3.79445
f 1204/3856/1335 1201/3857/1332 1203/3858/1334

vt -6.37553 4.37714
vn -0.748673 -0.44001 0.495864
v 9.62635 12.2104 -10.3361
vt -5.71109 6.71915
vn -0.799307 -0.395642 0.4523
vt -8.96285 4.43367
vn -0.906162 -0.365914 0.21208
f 1204/3859/1336 1205/3860/1337 1201/3861/1338

vt -3.32675 3.17909
v 11.4141 12.2528 -7.83229
vt 0.361487 5.61566
vn -0.54537 -0.546873 0.635218
vt -2.85296 5.56698
f 1204/3862/1336 1206/3863/1339 1205/3864/1337

vt 0.808267 0.880967
vn -0.472443 -0.56062 0.680076
vt 1.64619 3.52241
vt -1.93715 0.934054
f 1074/3865/1340 1206/3866/1339 1204/3867/1336

vt 11.8966 0.852245
vt 8.43706 3.65473
vt 8.37084 0.884357
f 1075/3868/1127 1206/3869/1339 1074/3870/1340

vt 11.371 1.77322
vt 7.73732 2.41082
vt 11.0965 -0.511261
f 1079/3871/1129 1206/3872/1339 1075/3873/1127

vt 6.97824 -1.80981
vt 10.581 -2.60382
v 12.5103 12.4948 -6.94565
vt 8.41765 -1.4073
vn -0.377564 -0.661938 0.647521
f 1206/3874/1339 1079/3875/1129 1207/3876/1341

v 14.7762 12.0325 -6.52741
vt 11.7539 0.328526
vn -0.238258 -0.698017 0.675282
vt 9.39533 1.01154
vn -0.335162 -0.638059 0.693215
vt 11.6272 -0.0516072
vn -0.208925 -0.724288 0.657083
f 1208/3877/1342 1207/3878/1343 1079/3879/1344

vt 12.0424 1.60983
v 12.6613 12.7224 -6.67439
vt 9.92048 2.57075
vn -0.380979 -0.54573 0.746346
vt 9.67287 2.25383
f 1208/3880/1342 1209/3881/1345 1207/3882/1343

v 12.966 13.1768 -7.10266
vt -14.7185 13.69
vn 0.157935 -0.728703 -0.66637
vt -16.4596 12.1615
vn -0.442168 -0.555684 -0.704061
vt -14.3202 13.083
vn 0.735343 0.173803 0.655029
f 1210/3883/1346 1208/3884/1347 1209/3885/1348

vt -16.4472 12.2096
vt -14.7029 13.7346
v 14.8057 12.5725 -6.96833
vt -16.5642 12.9292
vn -0.998939 0.0158701 -0.0432283
f 1208/3886/1347 1210/3887/1346 1211/3888/1349

v 18.0783 12.5368 -6.09784
vt 16.7116 17.0184
vn -0.191224 0.54065 0.819226
vt 13.1735 17.0667
vt 13.2582 16.3426
v 18.1528 11.9971 -5.63206
vt 16.908 16.2956
vn -0.165751 0.631416 0.757523
f 1212/3889/1350 1211/3890/1349 1208/3891/1347 1213/3892/1351 

vt 16.7121 0.90086
vn -0.163752 -0.735997 0.656882
vt 13.0624 0.95443
vt 12.9672 0.565192
f 1213/3893/1352 1208/3894/1342 1079/3895/1344

vt 13.005 0.171843
vt 16.7071 0.12436
vt 16.7491 0.516979
f 1079/3896/1344 1080/3897/1132 1213/3898/1352

vt 21.0669 1.30526
vt 17.4595 1.35165
vt 17.4382 0.957368
f 1081/3899/1133 1213/3900/1352 1080/3901/1132

vt 21.2221 15.4652
vn -0.301582 0.349291 0.887155
vt 17.4514 16.2363
vt 17.6147 15.5054
f 1081/3902/1353 1212/3903/1350 1213/3904/1351

v 20.487 12.9176 -5.61854
vt 19.2635 16.4326
vn -0.407489 0.175852 0.896119
vt 16.7014 16.0098
vt 20.4979 15.3775
f 1214/3905/1354 1212/3906/1350 1081/3907/1353

vt 18.4195 13.6969
vt 15.7544 13.8951
vt 17.0392 12.9019
f 1083/3908/1142 1214/3909/1354 1081/3910/1353

vt 16.6375 16.1789
vt 15.9063 15.7354
vt 18.5712 15.5348
f 1086/3911/1141 1214/3912/1354 1083/3913/1142

vt 15.4271 12.2286
v 12.3159 13.9602 -7.11705
vt 14.8565 13.1264
vn 0.596214 0.157633 0.787198
vt 14.9213 11.7077
f 1210/3914/1346 1215/3915/1355 1209/3916/1348

vt 14.8414 11.3505
vt 14.8095 12.7703
v 11.6854 13.7956 -6.58716
vt 13.9526 12.5815
vn 0.659689 -0.131683 0.739912
f 1209/3917/1348 1215/3918/1355 1216/3919/1356

vt 14.3663 14.9217
v 12.317 15.0843 -6.45109
vt 13.8763 16.1959
vn 0.583222 -0.517335 0.626272
vt 13.5089 14.7352
f 1215/3920/1355 1217/3921/1357 1216/3922/1356

vt 13.477 14.7751
vt 13.8397 16.237
v 11.6854 15.2925 -5.68657
vt 12.8076 16.4732
vn 0.500026 -0.635478 0.588337
f 1216/3923/1356 1217/3924/1357 1218/3925/1358

vt 14.3315 12.3565
v 12.613 15.5022 -6.09784
vt 14.3557 13.0061
vn 0.309549 -0.796915 0.518755
vt 13.3234 12.6802
f 1217/3926/1357 1219/3927/1359 1218/3928/1358

vt 13.3332 12.7244
vt 14.3664 13.0475
v 12.1351 15.9305 -5.15974
vt 13.379 13.7072
vn 0.208233 -0.843689 0.494802
f 1218/3929/1358 1219/3930/1359 1220/3931/1360

vt 14.2664 4.68834
v 13.8311 16.0053 -5.40222
vt 15.3454 5.81095
vn 0.0487236 -0.889655 0.454026
vt 13.5614 5.64395
f 1219/3932/1359 1221/3933/1361 1220/3934/1360

vt 13.5565 5.7817
vt 15.3408 5.94555
v 13.5847 16.5359 -4.34463
vt 14.8458 7.10733
vn 0.0207969 -0.891639 0.452269
f 1220/3935/1360 1221/3936/1361 1222/3937/1362

vt 13.4796 0.467646
v 16.5311 16.183 -4.63988
vt 16.3864 0.889501
vn -0.199054 -0.881818 0.427522
v 16.5273 16.7292 -3.51513
vt 16.5529 2.18531
vn -0.221178 -0.862009 0.456092
vt 13.3852 1.72695
f 1221/3938/1361 1223/3939/1363 1224/3940/1364 1222/3941/1362 

vt 10.4288 -3.47616
v 18.7193 15.3683 -4.564
vt 12.2608 -5.08924
vn -0.316528 -0.81761 0.480962
vt 11.1617 -2.39464
f 1223/3942/1363 1225/3943/1365 1224/3944/1364

vt 13.6526 0.882494
vt 15.1838 -1.59226
v 19.0978 16.0026 -3.35115
vt 16.1171 -0.438786
vn -0.312288 -0.792046 0.524538
f 1224/3945/1364 1225/3946/1365 1226/3947/1366

vt 14.5151 -0.537015
vt 13.4745 -1.59473
v 20.2699 14.5805 -4.69266
vt 14.7374 -2.90827
vn -0.352122 -0.760669 0.545337
f 1226/3948/1366 1225/3949/1365 1227/3950/1367

vt 15.4398 0.364299
vt 15.7869 -1.99193
v 21.2634 15.0869 -3.38735
vt 17.3723 -1.15293
vn -0.359218 -0.74331 0.564316
f 1226/3951/1366 1227/3952/1367 1228/3953/1368

vt 14.8744 -0.985621
v 21.2036 13.8903 -4.94081
vt 15.5409 -2.03189
vn -0.43823 -0.645474 0.625554
vt 16.4956 -0.218009
f 1227/3954/1367 1229/3955/1369 1228/3956/1368

vt 16.6855 -0.165386
vt 15.7474 -1.98786
vt 17.8726 -1.54926
f 1228/3957/1368 1229/3958/1369 1088/3959/1144

vt 14.4461 4.81391
vt 14.4509 4.58862
vt 16.5895 5.1527
f 1229/3960/1369 1087/3961/1143 1088/3962/1144

vt 20.9039 9.72664
vn -0.191021 -0.485623 0.853042
vt 22.3677 8.63977
v 23.0828 14.1993 -3.48547
vt 22.7364 8.66531
vn -0.191897 -0.487754 0.851629
v 22.7947 14.9218 -3.13832
vt 22.522 9.52912
f 1228/3963/1370 1088/3964/1145 1230/3965/1371 1231/3966/1370 

vt 22.3501 8.57529
vt 23.2554 7.90207
vt 22.7189 8.60047
f 1088/3967/1145 1089/3968/1146 1230/3969/1371

vt 15.7731 2.28311
vn 0.857055 0.331225 0.394648
vt 16.2703 1.5562
v 23.4685 14.6723 -4.69571
vt 17.0607 2.87279
vn 0.775641 0.456004 0.436397
f 1230/3970/1372 1089/3971/1147 1232/3972/1373

vt 18.3601 2.18335
vt 18.0126 2.79291
vt 17.2617 1.45342
f 1090/3973/1149 1232/3974/1373 1089/3975/1147

vt 23.783 12.2711
vt 22.4571 9.93929
vn -0.238526 -0.382658 0.892568
vt 22.9006 9.39561
f 1092/3976/1153 1232/3977/1374 1090/3978/1152

vt 22.4332 9.93896
vt 23.7611 12.2697
v 23.4532 16.3323 -3.98876
vt 22.6079 11.8161
vn -0.239947 -0.382241 0.892366
f 1232/3979/1374 1092/3980/1153 1233/3981/1375

vt 7.76352 28.0807
vn 0.806686 -0.561327 0.184849
vt 7.46334 29.2831
v 23.0485 16.2761 -2.31275
vt 5.96893 27.9122
vn 0.59469 -0.794848 0.120665
f 1233/3982/1376 1092/3983/1154 1234/3984/1377

vt 6.32849 29.344
vt 6.68436 27.8239
vt 8.21741 29.1514
f 1093/3985/1155 1234/3986/1377 1092/3987/1154

vt 22.9698 11.2923
vn -0.191521 -0.481352 0.855348
vt 24.4015 11.9152
vn -0.189207 -0.487736 0.852241
vt 18.7047 10.967
vn -0.19232 -0.495073 0.847299
f 1234/3988/1378 1093/3989/1379 1226/3990/1380

vt 18.7378 10.673
vt 24.4327 11.6331
v 17.6231 16.8012 -3.20636
vt 17.2653 11.6349
vn -0.193069 -0.508669 0.839035
f 1226/3991/1380 1093/3992/1379 1235/3993/1381

vt 17.266 16.7092
vn -0.238077 -0.108304 0.965189
vt 24.4334 16.7077
vt 17.2199 16.9729
f 1235/3994/1382 1093/3995/1156 1094/3996/1157

vt 15.6837 16.4553
vn -0.259865 -0.132733 0.956479
vt 16.8732 16.531
vt 16.8285 16.7949
f 1224/3997/1383 1235/3998/1382 1094/3999/1157

vt 15.9297 10.9768
vn -0.199905 -0.519761 0.830594
vt 18.5811 10.0881
vt 17.1184 11.0648
f 1224/4000/1384 1226/4001/1380 1235/4002/1381

vt 16.8572 16.6815
v 13.4568 16.7744 -4.33896
vt 12.3909 16.389
vn -0.321888 -0.203472 0.924655
vt 15.7125 16.3415
f 1094/4003/1157 1236/4004/1385 1224/4005/1383

vt 16.8456 16.8995
v 13.2166 19.3576 -4.12832
vt 12.1947 19.321
vn -0.362526 -0.157232 0.918615
vt 12.3791 16.6077
vn -0.353594 -0.108636 0.929069
f 1094/4006/1159 1237/4007/1386 1236/4008/1387

vt 16.6803 19.1269
vt 12.1457 19.1935
vt 16.7949 16.7688
f 1096/4009/1161 1237/4010/1386 1094/4011/1159

vt 16.6647 17.6264
vt 11.9091 19.6213
vt 12.1301 17.6946
f 1096/4012/1161 1098/4013/1163 1237/4014/1386

vt 10.0015 18.7515
v 10.5228 19.4331 -5.5553
vt 6.92951 16.8973
vn -0.649356 -0.185299 0.737565
vt 10.1146 16.8155
f 1098/4015/1163 1238/4016/1388 1237/4017/1386

v 10.1855 21.2216 -5.18285
vt 6.81321 18.8121
vn -0.636701 -0.270472 0.72212
vt 6.9396 16.8752
vt 10.0112 18.7302
f 1239/4018/1389 1238/4019/1388 1098/4020/1163

vt -1.78886 18.3311
vn -0.846034 -0.267507 0.461158
vt 1.64376 16.3196
vt 1.75654 18.2574
f 1117/4021/1390 1238/4022/1388 1239/4023/1389

v 8.51878 19.5447 -8.30199
vt -1.86974 16.5314
vn -0.864305 -0.186226 0.467223
vt 1.68266 16.4106
vt -1.75162 18.4193
f 1240/4024/1391 1238/4025/1388 1117/4026/1390

vt -1.81435 18.6428
v 8.77623 15.8579 -8.77387
vt -2.0563 14.7574
vn -0.854143 -0.244616 0.458916
vt 1.73816 18.5251
f 1240/4027/1391 1241/4028/1392 1238/4029/1388

vt -4.83168 19.0241
vt -8.24498 19.3043
vt -5.1927 15.1479
f 1240/4030/1391 1122/4031/1192 1241/4032/1392

vt -4.95432 17.1484
vt -4.71461 19.0248
vt -8.36709 17.435
f 1240/4033/1391 1117/4034/1390 1122/4035/1192

vt -8.01138 16.2387
vt -4.37232 17.8589
vt -8.16664 17.9267
f 1122/4036/1192 1117/4037/1390 1118/4038/1193

vt -5.14795 15.1833
vt -8.20195 19.3383
v 7.68453 15.9129 -11.5149
vt -8.23069 15.2411
vn -0.954718 -0.185626 0.232503
f 1241/4039/1392 1122/4040/1192 1242/4041/1393

vt -10.3243 19.5826
vt -13.9122 18.8185
vt -10.4411 15.4869
f 1122/4042/1192 1124/4043/1195 1242/4044/1393

vt -11.0678 14.7962
vt -14.509 18.1587
v 7.70114 14.1739 -14.081
vt -13.7306 12.9522
vn -0.957243 -0.253839 0.138751
f 1242/4045/1393 1124/4046/1195 1243/4047/1394

vt -13.8137 18.127
vt -14.7042 17.9479
vt -12.9711 12.9305
f 1124/4048/1195 1125/4049/1196 1243/4050/1394

vt -13.2425 12.8742
vt -14.9543 17.8989
vt -14.1656 12.8742
vn -0.960215 -0.232312 0.154979
f 1243/4051/1394 1125/4052/1196 1198/4053/1395

vt -14.5359 6.78515
vn -0.921934 -0.316179 0.223759
vt -13.2425 11.1024
vt -14.1656 11.1024
f 1199/4054/1396 1243/4055/1394 1198/4056/1395

vt -12.5457 5.48638
vt -11.6057 5.4653
vn -0.925939 -0.329118 0.185252
vt -11.4682 9.86255
f 1199/4057/1396 1200/4058/1397 1243/4059/1394

vt -13.3295 6.70273
vt -14.0377 11.1033
vt -14.5195 6.73038
f 1201/4060/1338 1243/4061/1394 1200/4062/1397

vt -14.3279 6.98189
v 8.38058 12.1741 -12.9449
vt -13.7201 9.18786
vn -0.905325 -0.334787 0.26135
vt -14.8908 11.4034
f 1201/4063/1338 1244/4064/1398 1243/4065/1394

vt -8.56112 3.71224
vt -5.33421 6.03267
vt -8.35488 5.9911
f 1201/4066/1338 1205/4067/1337 1244/4068/1398

vt -4.26031 10.8918
vt -8.36365 6.75151
vt -5.34297 6.79234
f 1241/4069/1392 1244/4070/1398 1205/4071/1337

vt -8.27587 12.3269
vt -9.40204 8.23371
vt -5.19318 12.2667
f 1242/4072/1393 1244/4073/1398 1241/4074/1392

vt -11.9557 9.78703
vt -10.5967 13.8089
vt -13.2408 11.9382
f 1244/4075/1398 1242/4076/1393 1243/4077/1394

vt 0.357834 5.89717
vt -2.05455 10.0123
vt -2.85662 5.84884
f 1206/4078/1339 1241/4079/1392 1205/4080/1337

v 10.6649 15.7795 -5.827
vt 0.750129 9.35242
vn -0.565222 -0.355817 0.744257
vt -2.90679 9.44336
vt -0.610696 5.26225
f 1245/4081/1399 1241/4082/1392 1206/4083/1339

vt 1.02558 19.3514
vt -2.7909 15.606
vt 0.866222 15.5238
f 1238/4084/1388 1241/4085/1392 1245/4086/1399

vt 7.38216 15.5659
v 11.9129 16.1095 -5.19289
vt 8.84452 15.9119
vn -0.418828 -0.189158 0.888145
vt 7.37207 19.3968
f 1245/4087/1399 1246/4088/1400 1238/4089/1388

vt 9.81897 10.8302
vt 8.36662 10.4443
v 11.3853 15.3731 -5.78034
vt 9.09014 9.96914
vn -0.317389 -0.467956 0.824792
f 1246/4090/1400 1245/4091/1399 1247/4092/1401

v 11.3853 13.694 -6.78909
vt 8.37589 7.13103
vn -0.446737 -0.506915 0.7372
vt 8.77042 9.13927
vt 8.05415 9.62532
f 1248/4093/1402 1247/4094/1401 1245/4095/1399

vt 8.18288 9.07825
vn -0.37263 -0.440714 0.816651
vt 7.73327 7.08162
vn -0.415284 -0.480696 0.772315
vt 8.10686 7.20211
vn -0.387382 -0.453649 0.802582
vt 8.50827 8.9827
vn -0.391018 -0.420011 0.81896
f 1247/4096/1403 1248/4097/1404 1216/4098/1405 1218/4099/1406 

vt 8.77721 6.80848
vt 7.90314 8.05007
vt 7.5286 7.93257
f 1209/4100/1345 1216/4101/1405 1248/4102/1404

vt 7.17444 4.29086
vt 5.99692 5.48922
vt 6.88632 4.01026
f 1209/4103/1345 1248/4104/1404 1207/4105/1343

vt 6.14179 5.63501
vt 5.57554 3.86409
vt 7.04027 4.16155
f 1248/4106/1402 1206/4107/1339 1207/4108/1341

vt 4.80695 5.91565
vt 4.85204 8.4302
vt 4.14615 4.17779
f 1248/4109/1402 1245/4110/1399 1206/4111/1339

vt 8.76775 10.4461
vt 9.19359 11.3788
vn -0.387963 -0.357278 0.84961
vt 8.44135 10.5382
f 1218/4112/1406 1246/4113/1407 1247/4114/1403

vt 8.09566 10.6779
vt 8.76637 11.3978
vn -0.398191 -0.301511 0.866334
vt 8.54438 11.5998
f 1218/4115/1406 1220/4116/1408 1246/4117/1407

vt 11.27 14.0163
vt 9.43849 13.2907
vt 9.66633 13.0953
f 1236/4118/1385 1246/4119/1407 1220/4120/1408

vt 10.5647 16.2389
vt 10.4382 18.9556
vt 8.72299 15.5397
f 1236/4121/1387 1237/4122/1386 1246/4123/1400

vt 6.97307 19.1739
vt 8.43295 15.6838
vt 10.1582 19.0946
f 1238/4124/1388 1246/4125/1400 1237/4126/1386

vt 9.33942 13.7918
vt 11.0703 14.4427
vn -0.330116 -0.198986 0.922729
vt 10.9509 14.699
f 1220/4127/1408 1222/4128/1409 1236/4129/1385

vt 12.514 15.7494
vt 15.7082 15.954
vt 12.3866 16.0018
f 1222/4130/1409 1224/4131/1383 1236/4132/1385

vt 1.36548 25.9337
vt -1.51838 24.5562
vt 2.02653 24.4621
vn -0.463646 0.698995 0.544461
f 1115/4133/1184 1117/4134/1186 1239/4135/1410

vt 7.12816 22.2645
vt 10.3251 22.1504
vt 6.9744 23.8704
f 1239/4136/1410 1098/4137/1166 1115/4138/1184

vt 8.06434 21.934
vt 11.2661 19.9504
vt 10.9824 21.7781
f 1115/4139/1184 1098/4140/1166 1113/4141/1182

vt 12.3414 18.4858
vt 16.7908 20.1832
vt 12.2687 20.334
f 1098/4142/1166 1099/4143/1165 1113/4144/1182

vt 16.6739 23.953
vt 16.5745 24.7282
vt 12.1505 24.0589
f 1099/4145/1165 1100/4146/1169 1113/4147/1182

vt 17.2194 16.9026
vt 26.1342 19.0702
vt 17.0901 19.26
f 1094/4148/1159 1095/4149/1158 1096/4150/1161

vt 20.9096 9.76362
vt 22.5277 9.56663
vt 22.9747 11.1843
vt 18.7096 10.8577
f 1228/4151/1370 1231/4152/1370 1234/4153/1378 1226/4154/1380 

vt 7.76393 23.1771
vt 8.54492 21.6916
vn 0.952028 -0.135486 0.274382
vt 9.56535 23.2388
f 1234/4155/1377 1231/4156/1411 1233/4157/1376

v 23.2466 15.2365 -4.51428
vt 10.6163 21.7027
vn 0.94251 0.0487335 0.330606
vt 10.1382 22.8987
vt 9.10631 21.3593
f 1249/4158/1412 1233/4159/1376 1231/4160/1411

vt 22.3785 9.90367
vt 22.5567 11.7805
vt 22.2044 10.5416
vn -0.242165 -0.382042 0.891852
f 1232/4161/1374 1233/4162/1375 1249/4163/1413

vt 14.0129 10.1117
vt 13.7484 10.7177
vt 12.691 9.60368
f 1232/4164/1373 1249/4165/1412 1230/4166/1372

vt 11.4904 11.0745
vt 11.9362 10.3041
vt 13.0021 11.4099
f 1231/4167/1411 1230/4168/1372 1249/4169/1412

vt 0.616655 0.27906
vt 0.808302 0.882838
vt -1.93712 0.935921
f 1072/4170/1117 1074/4171/1120 1204/4172/1335

vt -1.50575 2.73272
vt -1.59904 2.10924
vt 1.05637 2.10924
f 1204/4173/1335 1203/4174/1334 1072/4175/1117

vt 0.762812 4.98031
vt 1.05637 6.36912
vt -1.59904 6.36912
f 1070/4176/1118 1072/4177/1117 1203/4178/1334

v 10.1207 8.2326 -11.63
vt 0.169764 8.52674
vn -0.664468 -0.041581 0.746159
vt 2.749 8.59318
vt 0.368579 9.94993
f 1250/4179/1414 1070/4180/1118 1203/4181/1334

vt -6.70037 10.8397
vt -9.18321 10.8397
vt -6.88211 9.41423
f 1203/4182/1334 1202/4183/1333 1250/4184/1414

vt 6.547 9.93891
vt 8.86368 9.76444
vt 8.84564 11.3683
f 1250/4185/1414 1069/4186/1109 1202/4187/1333

vt 13.0489 11.028
vt 13.0191 9.42432
vt 14.1525 11.0668
f 1202/4188/1333 1069/4189/1109 1068/4190/1108

vt -12.5679 22.7096
vt -12.9101 23.7928
vt -12.3585 20.3717
f 1126/4191/1197 1127/4192/1198 1125/4193/1196

vt -17.4082 22.7206
vt -17.2485 23.0418
vt -17.9247 24.2655
f 1127/4194/1198 1128/4195/1199 1129/4196/1200

vt -11.7379 28.6271
vn -0.919646 0.223882 0.322688
vt -17.5489 28.7538
vt -11.6471 28.3929
f 1191/4197/1415 1192/4198/1311 1131/4199/1323

vt -8.55578 29.4753
vt -7.98611 29.4644
vn -0.825654 0.31926 0.465154
v 7.67101 26.0118 -12.8075
vt -8.31568 29.7073
vn -0.801998 0.370223 0.468758
vt -8.63283 29.7145
f 1131/4200/1323 1133/4201/1416 1251/4202/1417 1191/4203/1415 

v 8.85102 25.9419 -10.8681
vt -4.7237 30.315
vn -0.654847 0.435072 0.617971
vt -7.09553 30.3936
vt -6.77307 30.1413
f 1252/4204/1418 1251/4205/1417 1133/4206/1416

v 8.95194 26.1793 -10.944
vt -4.67887 30.7307
vn -0.645181 0.467476 0.604324
vt -7.03979 30.5326
vt -4.66809 30.4499
f 1253/4207/1419 1251/4208/1417 1252/4209/1418

vt -6.93043 30.4779
vn -0.819514 0.331551 0.467408
vt -4.56886 30.668
vn -0.693021 0.466671 0.549491
vt -7.32883 30.7916
f 1251/4210/1420 1253/4211/1421 1189/4212/1303

vt -4.53831 30.7413
v 8.96415 28.1297 -12.6414
vt -6.02169 32.9991
vn -0.681247 0.471108 0.560322
vt -7.29817 30.8673
f 1253/4213/1421 1254/4214/1422 1189/4215/1303

v 9.86025 26.4844 -10.4739
vt 1.10306 31.3123
vn -0.521182 0.562131 0.642167
vt -1.05109 33.3909
vt 0.056617 30.9269
f 1255/4216/1423 1254/4217/1422 1253/4218/1421

v 10.0765 26.5499 -10.3714
vt 1.92607 31.2482
vn -0.521125 0.491724 0.697593
vt -0.426408 33.2894
vn -0.544585 0.534047 0.646699
vt 1.68102 31.1635
vn -0.489372 0.519828 0.70021
f 1256/4219/1424 1254/4220/1425 1255/4221/1426

v 9.15491 28.1675 -12.4835
vt -2.26771 33.5055
vn -0.61093 0.492064 0.620192
vt -2.52556 33.4606
vt -0.0370106 31.5876
f 1257/4222/1427 1254/4223/1425 1256/4224/1424

vt -2.66949 33.4247
vt -2.41184 33.4707
v 9.08504 29.307 -13.5088
vt -3.21889 34.856
vn -0.508671 0.553196 0.659719
f 1254/4225/1425 1257/4226/1427 1258/4227/1428

vt 5.23344 33.822
vn -0.225521 0.64032 0.734255
vt 5.59895 32.261
vn -0.171027 0.705251 0.688019
v 9.73286 28.0128 -12.1813
vt 6.26648 32.0491
vn -0.189409 0.689916 0.69867
f 1258/4228/1429 1257/4229/1430 1259/4230/1431

vt 6.75589 30.321
vt 8.14178 27.7261
vn -0.148036 0.742134 0.653699
vt 7.41081 30.0729
f 1257/4231/1430 1256/4232/1432 1259/4233/1431

v 10.4699 26.8026 -10.5585
vt 7.5939 28.7123
vn -0.152135 0.728741 0.667677
vt 6.39878 30.6198
vt 7.2501 28.314
f 1260/4234/1433 1259/4235/1431 1256/4236/1432

usemtl _CoolGray1_
vt 15.1524 18.6691
vn 0.463908 0.73903 0.488491
v 12.4194 28.8542 -15.3458
vt 19.5569 22.4592
vn 0.652465 0.477923 0.588115
vt 15.4133 20.9049
vn 0.540089 0.540036 0.645496
f 1260/4237/1434 1261/4238/1435 1259/4239/1436

v 12.6258 28.5093 -15.3458
vt 20.6543 25.7106
vn 0.572527 0.673966 0.466887
vt 20.5351 26.1133
vt 15.241 23.7181
f 1262/4240/1437 1261/4241/1435 1260/4242/1434

usemtl _White_
v 13.8648 30.1214 -15.3458
vt 14.4867 31.4723
vn 0 0 1
v 13.4092 30.2737 -15.3458
vt 14.0106 31.6315
v 12.9761 30.2259 -15.3458
vt 13.558 31.5815
v 12.5201 29.897 -15.3458
vt 13.0816 31.2378
v 12.3762 29.4987 -15.3458
vt 12.9313 30.8217
vt 12.9764 30.1483
vt 13.1921 29.7879
v 12.8566 28.2869 -15.3458
vt 13.4332 29.5555
v 13.5009 28.0692 -15.3458
vt 14.1064 29.3281
v 13.9783 28.1031 -15.3458
vt 14.6052 29.3635
v 14.3126 28.2446 -15.3458
vt 14.9546 29.5113
v 14.5022 28.8156 -15.3458
vt 15.1526 30.1079
v 14.4794 29.2635 -15.3458
vt 15.1288 30.576
v 14.313 29.6919 -15.3458
vt 14.955 31.0235
v 14.1258 29.9254 -15.3458
vt 14.7593 31.2676
f 1263/4243/1438 1264/4244/1438 1265/4245/1438 1266/4246/1438 1267/4247/1438 1261/4248/1438 1262/4249/1438 1268/4250/1438 1269/4251/1438 1270/4252/1438 1271/4253/1438 1272/4254/1438 1273/4255/1438 1274/4256/1438 1275/4257/1438 

usemtl _CoolGray1_
vt 12.6809 26.7756
vn -0.0601613 -0.205739 0.976756
vt 13.1554 26.6119
vn -0.342835 -0.334206 0.877935
v 13.2678 32.9937 -14.7034
vt 12.5874 29.6981
vn -0.268388 -0.260975 0.927286
f 1264/4258/1439 1263/4259/1440 1276/4260/1441

vt 1.63109 26.9834
vt 1.71674 23.8466
v 14.895 32.4589 -13.658
vt 3.64471 26.3994
vn -0.581253 -0.311476 0.75175
f 1276/4261/1441 1263/4262/1440 1277/4263/1442

vt 9.03069 21.7346
vt 7.3687 19.0012
vt 7.62124 18.7721
vn -0.579377 -0.370194 0.72614
f 1277/4264/1442 1263/4265/1440 1275/4266/1443

vt -1.64502 29.867
vt -3.52902 27.1812
v 15.8271 31.7717 -12.6584
vt -0.222285 29.1384
vn -0.749934 -0.235478 0.618182
f 1277/4267/1442 1275/4268/1443 1278/4269/1444

vt 0.927202 17.7689
vt 1.07664 17.4941
vn -0.747797 -0.279808 0.602086
vt 4.09712 19.9407
f 1275/4270/1443 1274/4271/1445 1278/4272/1444

vt -2.53365 31.839
vt -5.75372 29.6618
v 16.4956 30.952 -11.6754
vt -1.29266 30.9809
vn -0.843104 -0.113127 0.525717
f 1278/4273/1444 1274/4274/1445 1279/4275/1446

vt -4.16137 23.1504
vt -4.05909 22.6813
vn -0.854197 -0.107575 0.5087
vt 0.281241 24.5304
f 1274/4276/1445 1273/4277/1447 1279/4278/1446

vt -2.60999 32.8652
vt -6.98528 31.1005
v 17.0899 29.4491 -10.4852
vt -1.2206 31.2945
vn -0.883114 0.0873155 0.460961
f 1279/4279/1446 1273/4280/1447 1280/4281/1448

vt -1.17102 29.8006
vt -6.9357 29.6065
vt -6.92437 29.138
vn -0.878038 0.17526 0.445347
f 1280/4282/1448 1273/4283/1447 1272/4284/1449

vt -1.97631 35.3623
vt -7.72653 34.673
v 17.1715 27.8772 -9.28282
vt -0.810748 33.6521
vn -0.836891 0.355821 0.415939
f 1280/4285/1448 1272/4286/1449 1281/4287/1450

vt -7.70349 34.7575
vt -7.79089 34.135
vn -0.700927 0.574118 0.42319
vt -0.78803 33.7344
f 1272/4288/1449 1271/4289/1451 1281/4290/1450

vt -0.481285 35.4082
vt -7.48163 35.8506
v 16.4945 25.8739 -8.08698
vt 0.309969 32.9965
vn -0.505033 0.764369 0.400851
f 1281/4291/1450 1271/4292/1451 1282/4293/1452

vt 0.00301176 34.1895
vt -0.252513 33.9091
vn -0.253836 0.890484 0.377631
vt 6.8426 29.4911
f 1271/4294/1451 1270/4295/1453 1282/4296/1452

vt 7.49853 28.8523
vt 0.546516 33.4923
v 15.3002 25.3775 -7.98973
vt 6.62159 27.819
vn -0.170566 0.913214 0.370065
f 1282/4297/1452 1270/4298/1453 1283/4299/1454

vt 11.4368 27.8351
vt 10.9464 27.7375
vn 0.040947 0.93098 0.362766
vt 14.1962 19.9943
f 1270/4300/1453 1269/4301/1455 1283/4302/1454

vt 12.8006 21.8887
vt 8.73076 29.234
v 13.5954 25.2583 -8.21694
vt 11.0288 21.5636
vn 0.0910333 0.924445 0.370289
f 1283/4303/1454 1269/4304/1455 1284/4305/1456

vt 21.1611 16.0036
vt 20.6523 16.4997
vn 0.348539 0.848653 0.39788
vt 16.3577 9.59709
f 1269/4306/1455 1268/4307/1457 1284/4308/1456

vt 15.6918 15.3022
vt 16.502 23.3913
v 11.294 26.0223 -9.56063
vt 13.6359 17.3426
vn 0.343061 0.836403 0.42748
f 1284/4309/1456 1268/4310/1457 1285/4311/1458

vt 20.807 21.0162
vt 20.672 21.3226
vt 14.8853 17.8963
f 1268/4312/1457 1262/4313/1437 1285/4314/1458

vt 15.349 15.6884
vt 19.8342 20.6992
vt 15.2027 17.2606
f 1285/4315/1458 1262/4316/1437 1260/4317/1434

usemtl _Prussian_Blue_
vt 9.49411 27.6723
vn -0.150061 0.725972 0.671153
vt 8.43697 28.8452
v 10.2382 26.3938 -10.1751
vt 8.28246 28.2307
vn -0.142338 0.716527 0.682883
f 1285/4318/1459 1260/4319/1433 1286/4320/1460

vt 8.2075 28.423
vt 8.41324 28.1888
vt 8.57235 28.8021
f 1256/4321/1432 1286/4322/1460 1260/4323/1433

vt 2.98491 31.4374
vt 2.99169 31.1796
vt 4.72963 30.1791
vt 3.23795 31.2553
vn -0.483741 0.449091 0.751207
f 1256/4324/1424 1135/4325/1209 1136/4326/1208 1286/4327/1461 

vt 2.86808 31.4462
vt 2.62038 31.3697
vt 2.87578 31.1884
f 1256/4328/1424 1255/4329/1426 1135/4330/1209

vt 2.50543 31.1729
vn -0.516674 0.418335 0.747023
vt 2.24808 31.3513
vn -0.521003 0.436005 0.733795
vt 1.14649 30.7273
f 1135/4331/1462 1255/4332/1463 1252/4333/1418

vt 0.821531 31.0681
vt 0.783037 30.7898
vt 1.87779 31.4257
f 1253/4334/1419 1252/4335/1418 1255/4336/1463

vt 0.55864 30.7767
vn -0.662376 0.450273 0.598759
vt 1.80607 27.3469
vt 1.90899 31.2477
f 1252/4337/1464 1132/4338/1203 1135/4339/1206

vt -6.77718 30.1496
vt -2.93418 27.145
vt -4.72782 30.3234
f 1133/4340/1204 1132/4341/1203 1252/4342/1464

vt 9.43921 26.9835
vn -0.167322 0.712704 0.681217
vt 9.42695 27.8009
vt 8.21311 28.3546
f 1136/4343/1465 1285/4344/1459 1286/4345/1460

vt 8.76572 27.3644
vt 11.3324 26.2115
vn -0.148883 0.743601 0.651837
vt 8.72059 28.1807
f 1136/4346/1465 1137/4347/1466 1285/4348/1459

vt 9.71676 26.8481
vt 12.2077 24.7281
vt 12.342 25.6241
vn -0.129837 0.758516 0.638589
f 1285/4349/1459 1137/4350/1466 1284/4351/1467

vt 11.9573 24.9302
vt 14.2242 25.166
vn -0.212801 0.737024 0.641491
vt 13.8668 26.0185
vn -0.193198 0.742603 0.641261
vt 12.0755 25.8285
f 1137/4352/1466 1138/4353/1468 1283/4354/1469 1284/4355/1467 

vt 11.9088 28.0991
vt 12.3623 27.2936
vt 13.0365 28.8508
vn -0.194087 0.718836 0.667537
f 1283/4356/1469 1138/4357/1468 1282/4358/1470

vt 12.2875 27.3282
vt 13.6977 28.2956
vn -0.179396 0.770695 0.611429
vt 12.9551 28.8882
f 1138/4359/1468 1139/4360/1471 1282/4361/1470

vt 16.076 24.4026
vt 17.6397 24.3845
vn -0.117139 0.754411 0.645866
vt 15.4296 25.0988
f 1139/4362/1471 1140/4363/1472 1282/4364/1470

v 19.0159 25.7227 -7.32988
vt 17.648 26.6578
vn -0.154977 0.651555 0.742602
vt 14.9033 26.8979
vt 17.1371 26.2615
f 1287/4365/1473 1282/4366/1470 1140/4367/1472

vt 17.3113 29.253
vt 14.9338 31.9535
vn -0.131221 0.608506 0.782625
vt 14.5626 29.4425
f 1287/4368/1473 1281/4369/1474 1282/4370/1470

vt 17.7184 28.7992
v 18.1297 27.8676 -9.06171
vt 16.4198 31.532
vn -0.16848 0.630884 0.757364
vt 15.3924 31.5441
f 1287/4371/1473 1288/4372/1475 1281/4373/1474

usemtl _CoolGray1_
vt 19.0987 14.3648
vn 0.563854 0.678321 0.471115
v 19.8331 27.754 -10.7665
vt 22.3174 17.1517
vn 0.747386 0.325263 0.579326
vt 19.8014 17.3077
vn 0.630394 0.397447 0.666813
f 1287/4374/1476 1289/4375/1477 1288/4376/1478

v 20.1433 27.0101 -10.7665
vt 19.2977 21.4891
vn 0.507159 0.753709 0.417987
vt 19.1564 22.3192
vt 15.5525 20.0523
f 1290/4377/1479 1289/4378/1477 1287/4379/1476

usemtl _White_
v 20.9906 26.7918 -10.7665
vt 21.932 27.9934
v 21.6003 27.4369 -10.7665
vt 22.5691 28.6675
v 21.5983 27.8066 -10.7665
vt 22.5669 29.0537
v 21.458 28.1527 -10.7665
vt 22.4204 29.4154
v 21.1417 28.4424 -10.7665
vt 22.0899 29.718
v 20.5512 28.595 -10.7665
vt 21.4729 29.8774
v 20.2131 28.5454 -10.7665
vt 21.1197 29.8257
v 19.8919 28.2485 -10.7665
vt 20.7841 29.5154
vt 20.7226 28.9987
vt 21.0467 28.2215
v 20.6142 26.7918 -10.7665
vt 21.5387 27.9934
f 1291/4380/1438 1292/4381/1438 1293/4382/1438 1294/4383/1438 1295/4384/1438 1296/4385/1438 1297/4386/1438 1298/4387/1438 1289/4388/1438 1290/4389/1438 1299/4390/1438 

v 21.3453 26.9754 -10.7665
vt 22.3027 28.1853
f 1292/4381/1438 1291/4380/1438 1300/4391/1438

usemtl _CoolGray1_
vt 5.59977 35.9318
vn -0.672741 0.635846 0.378312
vt 5.36291 35.5882
vn -0.283268 0.889125 0.359467
v 22.4504 25.6227 -6.2906
vt 9.93477 33.4001
vn -0.530646 0.766518 0.361753
f 1300/4392/1480 1291/4393/1481 1301/4394/1482

vt 10.4876 32.8993
vt 5.96252 35.1826
v 21.4368 25.0932 -6.17983
vt 9.8778 31.8653
vn -0.172841 0.917032 0.359415
f 1301/4395/1482 1291/4396/1481 1302/4397/1483

vt 21.932 20.2709
vt 21.5387 20.2709
vn 0.097239 0.925759 0.365398
vt 22.3983 15.1604
f 1291/4398/1481 1299/4399/1484 1302/4400/1483

vt 19.6301 21.5459
vt 17.4408 26.2429
v 20.3614 25.0932 -6.4995
vt 18.4578 21.5459
vn 0.157438 0.911056 0.381039
f 1302/4401/1483 1299/4402/1484 1303/4403/1485

vt 22.8531 7.91874
vt 22.5203 8.34698
vt 19.3903 4.58625
f 1299/4404/1484 1290/4405/1479 1303/4406/1485

vt 22.1915 9.11496
vt 23.8066 13.7336
vt 21.2634 10.6316
f 1303/4407/1485 1290/4408/1479 1287/4409/1476

usemtl _Prussian_Blue_
vt 19.6468 26.5904
vn -0.174579 0.671151 0.720471
vt 18.1045 27.4752
vt 19.5833 25.8828
vn -0.148919 0.679093 0.718788
f 1303/4410/1486 1287/4411/1473 1141/4412/1487

vt 18.1164 26.1251
vt 20.0748 24.8442
vt 18.6522 26.4871
f 1140/4413/1472 1141/4414/1487 1287/4415/1473

vt 18.4397 27.1535
vt 20.0223 27.1533
vn -0.253695 0.661411 0.705815
vt 19.6266 27.864
vn -0.236903 0.662162 0.710928
vt 18.4543 27.8638
f 1141/4416/1487 1142/4417/1488 1302/4418/1489 1303/4419/1486 

vt 19.734 29.6162
vn -0.305158 0.629965 0.714159
vt 18.7805 28.887
vt 19.2059 28.1938
f 1301/4420/1490 1302/4421/1489 1142/4422/1488

vt 18.6795 28.6031
vt 19.8823 29.6371
vn -0.326258 0.618645 0.714727
vt 19.1716 30.0384
f 1142/4423/1488 1143/4424/1491 1301/4425/1490

vt 18.7987 30.925
vt 19.1178 32.4065
vn -0.49059 0.462132 0.738753
v 23.179 26.9534 -6.97313
vt 18.4349 32.9946
vn -0.554986 0.380343 0.739818
vt 18.0712 31.295
f 1143/4426/1491 1144/4427/1492 1304/4428/1493 1301/4429/1490 

vt 14.5845 33.6303
vn -0.60383 0.329066 0.72602
vt 13.9549 33.6023
vt 14.6972 33.091
f 1146/4430/1494 1304/4431/1493 1144/4432/1492

v 23.6579 27.1614 -6.66741
vt 14.5566 33.6924
vn -0.605514 0.328821 0.724727
vt 13.9676 33.4627
vt 14.5972 33.4905
f 1305/4433/1495 1304/4434/1493 1146/4435/1494

vt 14.4484 33.8485
v 23.7 27.8989 -6.974
vt 14.2761 34.6661
vn -0.571091 0.352853 0.741181
vt 13.8598 33.6178
f 1305/4436/1495 1306/4437/1496 1304/4438/1493

vt 24.4469 29.2199
vn -0.0440194 0.382655 0.922842
v 23.9218 27.9121 -6.97138
vt 24.7108 30.0699
vn -0.0254582 0.520127 0.85371
vt 24.4791 30.0549
vn -0.0406754 0.512966 0.857445
f 1305/4439/1497 1307/4440/1498 1306/4441/1499

v 23.8775 27.1366 -6.64691
vt 24.6048 29.268
vn -0.0423228 0.386507 0.921315
vt 24.6355 30.147
vt 24.3746 29.2961
f 1308/4442/1500 1307/4443/1498 1305/4444/1497

vt 17.6886 34.1005
vn -0.473813 0.409491 0.779627
vt 17.8233 33.2314
vn -0.474585 0.346125 0.8093
vt 19.8094 34.3204
f 1307/4445/1501 1308/4446/1502 1158/4447/1253

vt 18.1883 32.8504
vt 19.6685 32.4047
vn -0.458963 0.326036 0.826471
vt 20.1817 33.9259
f 1308/4448/1502 1148/4449/1503 1158/4450/1253

vt 18.4242 32.8309
vt 19.8731 32.5842
vt 18.3946 33.0357
vn -0.454393 0.362854 0.81355
f 1145/4451/1232 1148/4452/1231 1308/4453/1504

vt 24.5952 29.0735
vt 24.602 29.2803
vt 24.3718 29.3084
f 1145/4454/1226 1308/4455/1500 1305/4456/1497

vt 24.2334 29.2936
vt 24.4639 29.2658
vt 24.2391 29.4994
f 1146/4457/1227 1145/4458/1226 1305/4459/1497

vt 20.1614 32.1569
vt 21.1279 31.3921
vn -0.268751 0.350192 0.897295
vt 20.6882 33.6735
f 1148/4460/1503 1149/4461/1505 1158/4462/1253

vt 26.3362 28.1317
vt 27.9432 26.4619
vn -0.177882 0.349046 0.920068
vt 26.2239 30.4523
f 1149/4463/1505 1150/4464/1506 1158/4465/1253

vt 24.9938 31.5456
vt 26.8776 27.6301
vt 27.2524 28.151
f 1158/4466/1253 1150/4467/1506 1156/4468/1254

vt 26.0453 28.3831
vt 27.7291 28.1351
vn -0.257774 0.361836 0.895895
vt 26.407 28.9131
f 1150/4469/1506 1151/4470/1507 1156/4471/1254

vt 26.7784 28.1566
vn -0.333946 0.248336 0.909291
vt 25.8059 29.1013
vt 25.4395 28.9054
f 1151/4472/1508 1154/4473/1248 1156/4474/1250

v 23.3218 29.3945 -8.23308
vt 16.2331 36.5022
vn -0.399916 0.518255 0.755962
vt 17.4583 34.7619
vt 19.578 34.9921
f 1309/4475/1509 1307/4476/1501 1158/4477/1253

v 23.1411 29.3055 -8.15109
vt 24.4163 28.2876
vn -0.0278402 0.675756 0.7366
vt 25.1959 26.3649
vt 24.6076 28.4103
vn -0.0351113 0.709619 0.70371
f 1310/4478/1510 1307/4479/1498 1309/4480/1511

vt 23.6232 30.0496
vt 24.2801 28.1569
vt 24.5116 28.1747
f 1310/4481/1510 1306/4482/1499 1307/4483/1498

vt 15.8175 34.9317
vt 14.6243 36.5411
vn -0.523884 0.386556 0.759026
v 23.173 28.0195 -7.42059
vt 15.098 35.0697
vn -0.54609 0.377391 0.747905
f 1306/4484/1496 1310/4485/1512 1311/4486/1513

vt 15.1717 35.0546
vt 14.7001 36.5266
v 22.7724 29.0175 -8.25663
vt 14.3227 36.1969
vn -0.521616 0.389594 0.759035
f 1311/4487/1513 1310/4488/1512 1312/4489/1514

v 21.8686 29.8526 -9.25186
vt 13.7515 36.623
vn -0.470639 0.373834 0.799217
vt 15.1123 35.6835
vt 15.4946 36.0075
f 1313/4490/1515 1312/4491/1514 1310/4492/1512

usemtl _CoolGray1_
vt 4.09824 23.6122
vn -0.618587 -0.430683 0.657162
vt 2.53253 21.7705
vn -0.708503 -0.375999 0.597201
vt 5.4824 22.7074
vn -0.845879 -0.199126 0.494811
f 1313/4493/1516 1294/4494/1517 1312/4495/1518

vt 12.1193 14.1891
vn -0.37287 -0.454386 0.809013
vt 12.3941 13.8351
vt 13.6299 15.9126
f 1295/4496/1519 1294/4497/1517 1313/4498/1516

v 20.1815 30.2926 -10.2183
vt 10.4376 17.548
vn -0.261296 -0.39005 0.882941
vt 10.8952 15.3429
vt 12.4533 17.0236
f 1314/4499/1520 1295/4500/1519 1313/4501/1516

vt 20.3985 24.0544
vn -0.0693478 -0.283624 0.956425
vt 21.0131 23.8859
vt 20.0642 25.9284
f 1296/4502/1521 1295/4503/1519 1314/4504/1520

vt 19.3859 23.3138
vt 19.0967 25.1953
v 19.2155 30.1498 -10.4268
vt 18.0655 25.037
vn 0.00543468 -0.217538 0.976037
f 1296/4505/1521 1314/4506/1520 1315/4507/1522

usemtl _Prussian_Blue_
vt 16.2879 35.3177
vn -0.29112 0.401334 0.868435
vt 17.3181 35.4823
vn -0.317384 0.403972 0.857948
v 18.9966 30.6299 -10.722
vt 15.9828 35.871
vn -0.222607 0.368249 0.902684
f 1315/4508/1523 1314/4509/1524 1316/4510/1525

v 20.2287 30.7952 -10.4359
vt 17.2025 36.0688
vn -0.319071 0.401686 0.858395
vt 15.8831 35.88
vt 17.2193 35.4947
f 1317/4511/1526 1316/4512/1525 1314/4513/1524

vt 15.6382 34.7161
vn -0.209197 0.754021 0.622647
v 20.2354 30.9649 -10.6405
vt 15.566 34.9843
vn -0.213166 0.689131 0.692574
vt 14.3312 34.4549
vn -0.128647 0.602599 0.787607
f 1317/4514/1527 1318/4515/1528 1316/4516/1529

vt 16.9728 33.8336
vt 17.0286 33.5615
v 21.9511 30.6154 -9.69103
vt 18.9771 33.2732
vn -0.15115 0.749309 0.64474
f 1318/4517/1528 1317/4518/1527 1319/4519/1530

v 21.8668 30.4638 -9.53577
vt 18.907 33.1842
vn -0.107154 0.7427 0.660996
vt 18.9435 33.4247
vt 16.9946 33.7099
f 1320/4520/1531 1319/4521/1530 1317/4522/1527

vt 21.8012 30.8509
vt 21.7299 30.6184
vt 23.3794 28.9778
f 1319/4523/1530 1320/4524/1531 1309/4525/1511

vt 23.3469 28.4639
vt 23.5276 28.6017
vt 21.8947 30.2588
f 1310/4526/1510 1309/4527/1511 1320/4528/1531

vt 15.4008 35.9379
vt 13.4906 37.2347
vn -0.426398 0.382887 0.819501
vt 13.6566 36.5504
f 1310/4529/1512 1320/4530/1532 1313/4531/1515

vt 14.8166 36.3209
vt 16.8388 35.8218
vt 16.7149 36.515
f 1314/4532/1524 1313/4533/1515 1320/4534/1532

vt 16.6955 36.5642
vt 14.7483 36.9415
vt 14.7973 36.3692
f 1320/4535/1532 1317/4536/1526 1314/4537/1524

vt 18.8352 35.4052
v 24.2574 30.8936 -8.87025
vt 19.4616 37.2653
vn -0.357577 0.603083 0.713042
vt 16.9105 36.9201
vn -0.302091 0.626233 0.718731
f 1309/4538/1509 1321/4539/1533 1319/4540/1534

vt 20.7646 34.4992
vt 18.02 37.9998
vt 17.4699 36.1157
f 1158/4541/1253 1321/4542/1533 1309/4543/1509

vt 18.1106 38.3673
vt 17.2534 38.3728
vt 20.069 34.9291
f 1159/4544/1255 1321/4545/1533 1158/4546/1253

vt 17.2757 38.0729
vt 18.1329 38.0669
v 23.4013 33.0818 -11.4721
vt 15.138 41.0475
vn -0.417977 0.669402 0.614163
f 1321/4547/1533 1159/4548/1255 1322/4549/1535

vt 12.2165 39.7056
vt 12.4696 42.6163
vt 8.83307 42.2365
f 1159/4550/1255 1163/4551/1264 1322/4552/1535

vt 11.7751 40.5613
vn -0.592988 0.508602 0.624251
vt 9.63357 43.1779
vt 9.51392 40.2587
f 1161/4553/1536 1163/4554/1264 1159/4555/1255

vt 20.3259 39.8988
vt 21.7772 36.8449
vt 23.0432 37.534
f 1163/4556/1264 1161/4557/1536 1162/4558/1263

vt 11.704 39.4394
vt 11.7869 40.5298
vt 9.5257 40.2276
f 1160/4559/1256 1161/4560/1536 1159/4561/1255

vt 8.13974 43.2439
vt 11.7706 43.6742
v 21.2957 34.8165 -15.5874
vt 3.50658 45.5127
vn -0.294871 0.842273 0.451251
f 1322/4562/1535 1163/4563/1264 1323/4564/1537

vt 3.5982 45.5019
vt 11.8585 43.6466
vt 6.60049 46.2136
f 1323/4565/1537 1163/4566/1264 1164/4567/1265

vt 1.50323 44.542
vt 4.46362 45.4117
v 19.727 36.0393 -19.7706
vt -2.91658 46.514
vn -0.217756 0.930682 0.293962
f 1323/4568/1537 1164/4569/1265 1324/4570/1538

vt -0.445822 42.7451
vt 6.8367 41.118
vt 1.18769 44.488
f 1324/4571/1538 1164/4572/1265 1165/4573/1266

vt -2.90178 41.9414
vt -1.40597 43.8039
v 16.5553 38.4363 -32.0282
vt -14.9061 48.0389
vn -0.150266 0.969758 0.192329
f 1324/4574/1538 1165/4575/1266 1325/4576/1539

vt -9.66077 46.4093
vt 3.12544 40.3511
vt -7.9348 47.9323
f 1325/4577/1539 1165/4578/1266 1166/4579/1267

vt -15.3327 43.2656
vt -13.861 45.0355
vt -27.5544 49.2074
f 1325/4580/1539 1166/4581/1267 1168/4582/1275

vt -23.7263 49.7171
vt -10.4648 44.3274
vt -22.0991 51.3124
f 1168/4583/1275 1166/4584/1267 1167/4585/1268

vt -19.1953 51.5252
v 15.5121 38.323 -32.0972
vt -9.21058 42.7044
vn -0.162113 0.971295 0.174083
vt -8.3305 43.3624
f 1168/4586/1275 1326/4587/1540 1325/4588/1539

vt -19.2168 51.3207
vt -8.89632 42.7243
vt -18.8052 51.6302
f 1169/4589/1276 1326/4590/1540 1168/4591/1275

vt -27.4563 48.7613
vt -27.9268 48.2507
vt -15.6993 42.2665
f 1169/4592/1276 1170/4593/1277 1326/4594/1540

vt -17.1965 42.2839
vt -29.6723 47.7317
vt -18.1745 41.0657
f 1326/4595/1540 1170/4596/1277 1171/4597/1278

vt -12.9193 44.6349
vt -2.8567 36.5784
vt -11.7679 45.6908
f 1171/4598/1278 1172/4599/1279 1326/4600/1540

vt -18.5836 44.9262
vt -8.11627 37.6544
v 17.1558 36.112 -19.9643
vt -7.14108 38.7568
vn -0.22631 0.939592 0.256809
f 1326/4601/1540 1172/4602/1279 1327/4603/1541

vt -1.51379 41.4585
v 17.8267 34.9284 -16.5194
vt 2.58824 39.7539
vn -0.286628 0.850916 0.440211
vt -0.315132 42.3126
f 1172/4604/1279 1328/4605/1542 1327/4606/1541

vt -0.0856371 40.5482
vt 1.09097 41.2835
vt -3.09207 42.7783
f 1174/4607/1281 1328/4608/1542 1172/4609/1279

vt 1.69429 41.5747
v 18.6761 33.3705 -13.1216
vt 5.89604 39.5684
vn -0.267148 0.754262 0.599768
vt 2.91196 42.2398
f 1174/4610/1281 1329/4611/1543 1328/4612/1542

vt 4.00276 39.3058
vt 5.64128 39.8086
vt 1.42227 41.7784
f 1176/4613/1283 1329/4614/1543 1174/4615/1281

v 18.8646 30.7901 -10.8594
vt 9.67358 38.1793
vn -0.239044 0.678451 0.694667
vt 8.15974 41.4354
vt 6.48777 41.0585
f 1330/4616/1544 1329/4617/1543 1176/4618/1283

vt 17.5296 35.2711
vn -0.164059 0.67792 0.716595
vt 15.283 38.5338
vt 16.0871 35.0341
f 1318/4619/1545 1329/4620/1543 1330/4621/1544

vt 20.302 31.898
v 20.3759 33.3448 -12.9755
vt 20.2756 35.3846
vn -0.156472 0.802726 0.575455
vt 18.4932 35.4223
f 1318/4622/1545 1331/4623/1546 1329/4624/1543

vt 18.3135 35.0064
vt 15.6281 38.9315
vt 16.294 35.509
f 1319/4625/1534 1331/4626/1546 1318/4627/1545

vt 13.5282 40.365
vt 16.4743 36.6316
vt 19.0203 37.0122
f 1331/4628/1546 1319/4629/1534 1321/4630/1533

vt 19.9755 35.883
vt 18.1214 39.0421
vt 14.6014 39.4218
f 1321/4631/1533 1322/4632/1535 1331/4633/1546

vt 16.1278 36.8252
vt 16.0573 33.5494
vt 19.549 32.964
f 1323/4634/1537 1331/4635/1546 1322/4636/1535

v 19.3023 34.9431 -16.399
vt 14.7354 36.5632
vn -0.0866633 0.906937 0.412256
vt 16.7895 33.0103
vt 16.9705 36.2819
f 1332/4637/1547 1331/4638/1546 1323/4639/1537

vt 16.7755 33.0752
vt 19.8016 29.2822
vt 18.322 33.1103
f 1328/4640/1542 1331/4641/1546 1332/4642/1547

vt 18.7552 28.0663
vt 20.5369 28.0026
vt 17.6797 31.9244
f 1329/4643/1543 1331/4644/1546 1328/4645/1542

vt -15.5401 33.963
vt -18.1762 30.2956
vt -16.6299 30.2496
f 1327/4646/1541 1332/4647/1547 1328/4648/1542

vt 15.1663 34.3119
vt 17.8586 30.6857
v 18.0937 36.1377 -19.9181
vt 16.1445 34.3916
vn -0.0337502 0.966826 0.253197
f 1327/4649/1541 1332/4650/1547 1333/4651/1548

vt 15.7087 32.8632
vt 17.9304 32.4904
vt 13.6375 36.382
f 1332/4652/1547 1323/4653/1537 1333/4654/1548

vt 21.3501 27.8373
vt 24.1061 22.7404
vt 23.0242 27.4577
f 1333/4655/1548 1323/4656/1537 1324/4657/1538

vt 24.5396 35.5544
vt 23.1897 22.6457
vt 24.815 22.0931
f 1325/4658/1539 1333/4659/1548 1324/4660/1538

vt -3.21386 45.3972
vt 5.6096 35.5702
vt -2.24018 45.9065
f 1326/4661/1540 1333/4662/1548 1325/4663/1539

vt 13.5874 30.559
vt 14.5583 30.7022
vt 9.46817 42.8889
f 1327/4664/1541 1333/4665/1548 1326/4666/1540

vt 16.4675 35.5581
vn -0.10758 0.594549 0.79683
vt 16.6355 35.3594
vt 17.9133 35.7747
f 1330/4667/1549 1316/4668/1529 1318/4669/1528

v 17.9108 30.7376 -10.8332
vt 18.4968 32.0868
vn -0.136415 0.535858 0.833215
vt 19.6332 31.9397
vt 19.4926 32.1585
f 1334/4670/1550 1316/4671/1529 1330/4672/1549

vt 18.0749 34.268
v 17.8509 30.5805 -10.76
vt 18.0166 34.0854
vn -0.172709 0.547079 0.81907
vt 19.214 34.1429
f 1334/4673/1550 1335/4674/1551 1316/4675/1529

vt 12.747 36.4995
vt 12.7745 36.6892
v 16.9792 31.3136 -11.5925
vt 11.5679 37.3844
vn -0.228899 0.628217 0.743605
f 1335/4676/1551 1334/4677/1550 1336/4678/1552

vt 17.5866 29.7405
vn 0.00945771 0.791142 0.611559
vt 18.5699 28.7545
vn -0.0171875 0.791036 0.611528
vt 17.8373 32.7504
f 1336/4679/1553 1334/4680/1554 1176/4681/1283

vt 18.204 29.2713
vt 19.1984 29.3607
vt 17.3741 33.2481
f 1334/4682/1554 1330/4683/1544 1176/4684/1283

vt 17.4984 30.6488
vt 18.2496 29.0138
vt 18.6335 32.0097
f 1178/4685/1285 1336/4686/1553 1176/4687/1283

v 16.9005 31.1279 -11.432
vt 13.2145 35.0909
vn -0.118521 0.713507 0.690551
vt 13.2422 35.3588
vt 12.0929 36.7431
f 1337/4688/1555 1336/4689/1552 1178/4690/1288

vt 16.528 33.0997
vt 15.4855 34.1419
vt 15.4322 33.8779
f 1335/4691/1551 1336/4692/1552 1337/4693/1555

vt 9.55715 33.5456
vn -0.265559 0.275986 0.923748
vt 8.34191 34.1198
vn -0.57387 0.235825 0.784257
vt 7.84863 33.9353
vn -0.537564 0.333559 0.774444
f 1335/4694/1556 1337/4695/1557 1279/4696/1558

vt 5.93846 37.8493
v 16.0864 32.1472 -12.6501
vt 4.47071 38.9996
vn -0.573724 0.375051 0.728133
vt 5.45065 37.6508
f 1337/4697/1557 1338/4698/1559 1279/4699/1558

vt 17.4201 30.41
vt 16.668 32.26
vt 16.5447 32.0566
vn -0.045354 0.774987 0.630348
f 1337/4700/1555 1178/4701/1288 1338/4702/1560

vt 13.6501 34.1797
vt 15.0072 32.7322
vt 15.1133 32.945
f 1179/4703/1287 1338/4704/1560 1178/4705/1288

vt 5.85074 38.7507
vt 4.11386 39.7101
vn -0.476487 0.371078 0.797033
vt 5.62625 38.3299
vn -0.556304 0.37193 0.743097
f 1338/4706/1559 1179/4707/1561 1278/4708/1562

vt 4.38225 39.1397
vn -0.473298 0.380054 0.7947
vt 5.78165 38.3673
vt 4.2731 39.7517
f 1277/4709/1563 1278/4710/1562 1179/4711/1561

vt 7.72965 38.8888
vt 7.65919 39.5064
vt 5.72272 39.4954
vn -0.305422 0.406208 0.861228
f 1277/4712/1563 1179/4713/1561 1276/4714/1564

vt 5.62202 39.8996
vn -0.316303 0.375183 0.871315
vt 5.72647 39.3236
vt 7.66294 39.3344
f 1181/4715/1565 1276/4716/1564 1179/4717/1561

vt 9.72735 39.4229
vt 8.0807 39.3568
vn -0.217888 0.446265 0.86797
vt 9.78572 38.8404
f 1181/4718/1565 1184/4719/1566 1276/4720/1564

vt 10.4194 38.826
vt 8.72247 39.3683
v 11.7209 32.826 -14.9341
vt 8.78806 38.6264
vn -0.215549 0.474773 0.853305
f 1276/4721/1564 1184/4722/1566 1339/4723/1567

vt 7.30557 38.9415
vt 7.21123 39.6802
v 10.0923 31.6716 -14.774
vt 5.72176 37.5742
vn -0.23502 0.450927 0.861064
f 1339/4724/1567 1184/4725/1566 1340/4726/1568

vt 7.96896 39.5256
v 9.73713 32.006 -15.0366
vt 6.01334 37.8385
vn -0.223654 0.438472 0.870472
vt 6.4404 37.4478
f 1184/4727/1566 1341/4728/1569 1340/4729/1568

vt 0.285021 39.1526
v 9.61292 32.1313 -15.279
vt -1.48767 37.2438
vn -0.4987 0.626919 0.598557
vt -1.2322 37.0624
vn -0.507946 0.562519 0.652352
f 1184/4730/1292 1342/4731/1570 1341/4732/1571

vt 1.20645 39.4206
vt 0.984369 39.6427
vt -0.624895 37.568
f 1184/4733/1292 1183/4734/1291 1342/4735/1570

vt -3.26548 36.6769
vn -0.575857 0.581535 0.574635
vt -1.86694 38.8991
vn -0.470105 0.753682 0.459308
vt -4.35162 36.9353
f 1342/4736/1572 1183/4737/1573 1187/4738/1301

vt -4.47016 37.2821
vt -6.51944 39.0875
vt -6.75033 35.0842
f 1183/4739/1573 1186/4740/1300 1187/4741/1301

vt 6.55986 34.9699
vt 6.24837 34.9299
vt 7.17611 32.3612
f 1185/4742/1295 1186/4743/1299 1183/4744/1293

vt -4.63252 38.2097
vt -5.72945 38.4176
vt -5.18748 34.96
f 1342/4745/1572 1187/4746/1301 1188/4747/1302

v 8.92089 30.3104 -14.4639
vt -4.41736 36.0203
vn -0.622832 0.505696 0.596952
vt -4.52907 38.2238
vt -5.0933 34.9757
f 1343/4748/1574 1342/4749/1572 1188/4750/1302

vt -4.93005 38.1727
vt -4.79395 35.9705
vn -0.486641 0.528741 0.695423
vt -4.65581 38.0211
f 1342/4751/1570 1343/4752/1575 1341/4753/1571

vt 1.05856 38.3003
vt 0.613917 36.2937
v 9.11274 30.2703 -14.33
vt 0.857342 36.2463
vn -0.421347 0.552417 0.719238
f 1341/4754/1571 1343/4755/1575 1344/4756/1576

vt 1.25859 35.9847
v 8.89428 29.3113 -13.6405
vt 1.63255 34.6844
vn -0.429352 0.580196 0.692119
vt 1.50105 35.9325
f 1343/4757/1575 1345/4758/1577 1344/4759/1576

vt -3.90103 34.7946
vn -0.683686 0.435961 0.585245
vt -4.50446 36.0055
vt -5.17773 34.9592
f 1345/4760/1578 1343/4761/1574 1188/4762/1302

vt -5.47934 34.7877
vt -4.79718 31.202
vt -4.20133 34.6335
f 1188/4763/1302 1189/4764/1303 1345/4765/1578

vt -5.28468 33.0739
vt -6.17592 34.4249
vt -6.60423 30.9685
f 1254/4766/1422 1345/4767/1578 1189/4768/1303

vt -0.236267 34.9151
vt 0.406617 33.4297
vt 0.00592112 34.9096
f 1345/4769/1577 1254/4770/1425 1258/4771/1428

vt -0.430215 36.0208
vt -0.218579 34.7837
vt 0.0236054 34.7781
f 1344/4772/1576 1345/4773/1577 1258/4774/1428

vt 4.38963 35.3616
vn -0.21582 0.576839 0.787831
vt 4.62913 34.0605
vt 5.70401 32.3126
f 1344/4775/1579 1258/4776/1429 1259/4777/1431

vt 6.75876 31.8741
v 9.57856 30.2745 -14.2167
vt 6.08382 34.985
vn -0.213953 0.509751 0.833293
vt 5.58291 34.9792
f 1259/4778/1431 1346/4779/1580 1344/4780/1579

usemtl _CoolGray1_
vt 15.5182 26.0681
vt 19.6496 28.0437
vn 0.553444 0.197099 0.809229
vt 16.5625 29.0752
vn 0.406543 0.253036 0.877893
f 1259/4781/1436 1267/4782/1581 1346/4783/1582

vt 20.6153 30.1449
vt 20.5858 30.8192
vt 16.2783 29.2647
f 1261/4784/1435 1267/4785/1581 1259/4786/1436

vt 17.6624 29.2776
vt 17.8035 29.6969
vn 0.283147 -0.020722 0.958853
vt 14.5118 30.0944
f 1267/4787/1581 1266/4788/1583 1346/4789/1582

vt 14.9412 33.0349
vt 18.2321 32.6304
vt 15.6604 34.532
vn 0.219012 -0.00636599 0.975701
f 1346/4790/1582 1266/4791/1583 1340/4792/1584

vt 14.8559 28.5498
vt 15.3291 28.898
vn 0.0954019 -0.129965 0.986918
vt 12.2671 30.428
f 1266/4793/1583 1265/4794/1585 1340/4795/1584

vt 12.8096 31.8746
vt 15.8788 30.3591
vt 14.5165 33.0847
vn 0.0175836 -0.155975 0.987604
f 1340/4796/1584 1265/4797/1585 1339/4798/1586

vt 13.8221 28.8811
vt 14.2746 28.9316
vt 12.5037 31.6282
f 1265/4799/1585 1264/4800/1439 1339/4801/1586

vt 10.2528 29.3708
vt 11.9513 26.6279
vt 11.8865 29.5511
f 1339/4802/1586 1264/4803/1439 1276/4804/1441

usemtl _Prussian_Blue_
vt 6.15453 37.4733
vt 5.72468 37.861
vt 5.78814 35.8535
f 1340/4805/1568 1341/4806/1569 1346/4807/1580

vt 6.09412 37.8084
vt 5.63854 35.7955
vt 6.13946 35.8004
f 1341/4808/1569 1344/4809/1579 1346/4810/1580

vt 4.51478 38.6064
vt 5.70424 37.6782
vt 4.73073 39.0317
f 1278/4811/1562 1279/4812/1558 1338/4813/1559

vt 10.8723 35.5656
vn -0.142935 0.457837 0.877471
vt 11.4482 36.8999
vt 9.75148 37.3381
f 1280/4814/1587 1335/4815/1556 1279/4816/1558

v 18.2978 29.2936 -10.4019
vt 18.7302 32.5414
vn -0.111504 0.450287 0.885894
vt 18.2507 33.9328
vt 17.4659 32.7096
f 1347/4817/1588 1335/4818/1556 1280/4819/1587

vt 19.3313 34.0205
vt 18.1337 33.967
vt 18.6168 32.5768
f 1316/4820/1525 1335/4821/1556 1347/4822/1588

vt 13.9584 34.7695
vt 14.8444 35.7367
vt 14.5204 36.279
f 1347/4823/1588 1315/4824/1523 1316/4825/1525

usemtl _CoolGray1_
vt 20.4579 29.4035
vn 0.285355 0.106058 0.952536
vt 22.4929 28.616
vn 0.0998118 -0.151484 0.983407
vt 21.4109 30.3048
f 1347/4826/1589 1297/4827/1590 1315/4828/1522

vt 22.0925 28.0243
vn 0.494724 0.120936 0.860595
vt 22.4252 28.3378
vt 20.391 29.1274
f 1298/4829/1591 1297/4830/1590 1347/4831/1589

vt 23.2966 22.3517
vt 21.7508 23.6641
vt 20.7485 21.8734
f 1298/4832/1591 1347/4833/1589 1288/4834/1478

usemtl _Prussian_Blue_
vt 16.4517 30.3318
vt 16.3208 32.3798
vt 15.4242 30.3455
f 1288/4835/1475 1347/4836/1588 1281/4837/1474

vt 19.4331 30.5578
vt 18.1742 30.7625
vt 18.2221 28.6935
f 1347/4838/1588 1280/4839/1587 1281/4840/1474

usemtl _CoolGray1_
vt 22.6312 29.4502
vt 22.6748 29.9687
vt 20.1132 29.5694
f 1289/4841/1477 1298/4842/1591 1288/4843/1478

vt 20.3789 28.9603
vt 21.4309 27.2527
vt 21.784 27.3054
f 1315/4844/1522 1297/4845/1590 1296/4846/1521

vt 3.01758 19.9045
vt 3.09855 19.5228
vn -0.878223 -0.111909 0.464974
vt 5.96207 20.8581
f 1294/4847/1517 1293/4848/1592 1312/4849/1518

vt 2.3359 30.1628
vt -0.559289 28.8976
vt 3.30455 29.12
vn -0.907222 0.0502107 0.417644
f 1312/4850/1518 1293/4851/1592 1311/4852/1593

vt -0.560812 28.9242
vt -0.55988 28.5379
vn -0.887744 0.20423 0.412553
vt 3.30303 29.1467
f 1293/4853/1592 1292/4854/1594 1311/4855/1593

vt 2.63171 32.9745
vt -1.22991 32.3577
vt 3.06231 31.8458
vn -0.828195 0.403717 0.388722
f 1311/4856/1593 1292/4857/1594 1304/4858/1595

vt -0.240514 36.8933
vt -0.357091 36.3548
vt 4.04515 36.3291
f 1292/4859/1594 1300/4860/1480 1304/4861/1595

vt 4.07394 37.4315
vt -0.328293 37.4598
vt 4.38098 35.7206
f 1304/4862/1595 1300/4863/1480 1301/4864/1482

usemtl _Prussian_Blue_
vt 15.4071 34.1912
vt 14.6866 34.324
vt 14.9727 33.1503
f 1306/4865/1496 1311/4866/1513 1304/4867/1493

vt -8.64195 29.74
vt -8.3248 29.7328
vt -8.73366 30.0327
f 1191/4868/1305 1251/4869/1420 1189/4870/1303

vt -21.0848 28.835
vn -0.927268 0.263079 0.26639
vt -17.8792 28.7667
vn -0.95237 0.146917 0.267222
vt -18.6327 29.7876
vn -0.946146 0.223838 0.233887
f 1054/4871/1596 1194/4872/1597 1193/4873/1598

v 6.308 30.0371 -24.0023
vt -23.154 33.4393
vn -0.894735 0.387983 0.221176
vt -21.791 29.2644
vt -19.3528 30.2518
f 1348/4874/1599 1054/4875/1596 1193/4876/1598

vt -22.5536 32.493
vn -0.88847 0.380733 0.256249
vt -20.0282 30.3562
vt -21.1936 34.5905
f 1050/4877/1600 1054/4878/1596 1348/4879/1599

vt -24.4831 31.131
vt -23.2494 33.3052
vt -28.4744 32.9869
vn -0.869454 0.471729 0.146701
f 1050/4880/1600 1348/4881/1599 1048/4882/1601

vt -28.5329 32.6188
vt -23.3086 32.9494
vt -27.7477 35.1374
vn -0.854017 0.508267 0.110992
f 1048/4883/1601 1348/4884/1599 653/4885/1602

vt -24.6431 32.397
vn -0.975262 0.200673 0.0927018
vt -24.1798 33.0043
vt -29.1859 34.3605
f 1348/4886/1603 652/4887/487 653/4888/488

vt -19.6416 29.9823
vt -23.7066 33.1895
vt -24.1766 32.5873
f 1190/4889/1304 652/4890/487 1348/4891/1603

vt -20.3116 29.4793
vt -19.6525 29.9708
vt -24.1881 32.5748
f 1193/4892/1307 1190/4893/1304 1348/4894/1603

vt -29.4725 31.0754
vt -28.808 33.6285
vt -33.8247 31.7417
vn -0.851101 0.523719 0.036682
f 1048/4895/1601 653/4896/1602 1046/4897/1604

vt -33.9286 31.2793
vt -28.9239 33.1976
vt -33.8023 33.9663
vn -0.85877 0.512313 0.00705708
f 1046/4898/1604 653/4899/1602 654/4900/1605

vt -34.8848 31.212
vt -39.1456 27.8457
vn -0.873402 0.481585 -0.0724194
vt -34.7964 28.5236
f 654/4901/1605 1044/4902/1606 1046/4903/1604

vt -39.4417 32.3252
vn -0.897913 0.431816 -0.0853627
vt -38.9092 29.8273
vt -34.5498 33.0649
f 661/4904/1607 1044/4905/1606 654/4906/1605

vt -39.201 27.1528
vt -39.9359 29.5988
vt -43.1855 25.2807
vn -0.911671 0.37781 -0.161603
f 1044/4907/1606 661/4908/1607 1042/4909/1608

vt -43.2615 27.5149
vt -39.8666 31.7197
vt -44.372 29.6505
vn -0.935987 0.31937 -0.148089
f 1042/4910/1608 661/4911/1607 662/4912/1609

vt -42.931 26.265
vt -44.1483 28.3416
vt -46.3109 23.4456
vn -0.949409 0.243726 -0.198038
f 1042/4913/1608 662/4914/1609 1040/4915/1610

vt -46.7287 25.5882
vt -44.4024 30.4086
vt -48.2456 27.2575
vn -0.968843 0.183851 -0.165957
f 1040/4916/1610 662/4917/1609 663/4918/1611

vt -46.3044 25.4187
vt -47.8622 27.0498
vt -48.9286 21.8837
vn -0.975609 0.10419 -0.193211
f 1040/4919/1610 663/4920/1611 1038/4921/1612

vt -49.3881 22.8349
vt -48.2402 27.9836
v 5.3611 23.3328 -48.7251
vt -51.1999 23.9847
vn -0.984131 0.0601852 -0.166925
f 1038/4922/1612 663/4923/1611 1349/4924/1613

vt -47.8162 28.4672
vt -51.6135 24.8447
vt -50.822 24.5029
vn -0.999957 -0.00901797 0.00215088
f 663/4925/498 664/4926/499 1349/4927/1614

vt -50.9664 24.1674
vt -51.7578 24.5094
v 5.54933 18.9148 -50.535
vt -52.8594 19.548
vn -0.99784 -0.0654285 0.00586129
f 1349/4928/1614 664/4929/499 1350/4930/1615

vt -52.6688 19.431
vt -51.5737 24.3939
v 5.52408 19.0838 -51.3776
vt -53.5496 19.6077
vn -0.994718 -0.0911678 0.0471753
f 1350/4931/1615 664/4932/499 1351/4933/1616

vt -50.3605 23.3721
v 5.35687 21.5443 -50.8896
vt -51.8152 21.1516
vn -0.994859 -0.0616788 0.0803159
vt -52.2947 18.5689
f 664/4934/499 1352/4935/1617 1351/4936/1616

v 5.35438 22.2421 -50.8896
vt -53.1427 23.2186
vn -0.999981 -0.00353209 0.00507812
vt -53.1426 22.4895
vt -51.6726 24.7
f 1353/4937/1618 1352/4938/1617 664/4939/499

v 5.13584 21.9359 -52.0832
vt -52.5496 22.8666
vn -0.996381 0.0134791 0.0839279
vt -51.2812 22.4575
vn -0.984782 -0.0668853 0.160406
vt -51.2817 23.1865
vn -0.984587 0.0530821 0.166645
f 1354/4940/1619 1352/4941/1620 1353/4942/1621

vt -51.8603 20.6296
vt -53.1276 21.0423
v 5.35634 21.0814 -51.3257
vt -52.3116 20.1418
vn -0.981704 -0.153809 0.112249
f 1352/4943/1620 1354/4944/1619 1355/4945/1622

vt -52.9416 19.864
vt -53.7501 20.7712
v 5.35399 20.7593 -52.0235
vt -53.6682 19.522
vn -0.982373 -0.185484 0.0232304
f 1355/4946/1622 1354/4947/1619 1356/4948/1623

vt -54.4188 21.5569
vt -55.5042 21.583
vt -54.3564 20.3066
f 1354/4949/1619 1016/4950/1053 1356/4951/1623

v 5.33981 23.223 -53.1068
vt -55.44 24.9249
vn -0.986608 0.163003 0.00596548
vt -55.4578 23.5879
vt -54.3724 23.5619
f 1357/4952/1624 1016/4953/1053 1354/4954/1619

vt -62.6087 25.0157
vn -0.986349 0.16466 0.00152734
vt -55.4981 23.5233
vt -55.4819 24.8602
f 672/4955/1625 1016/4956/1053 1357/4957/1624

vt -62.7299 23.7088
vt -55.4942 23.5351
vt -62.6047 25.0285
f 1015/4958/1051 1016/4959/1053 672/4960/1625

vt -62.7022 23.7591
vt -62.5758 25.0788
vn -0.986126 0.165862 0.00672534
vt -62.9085 25.0924
f 1015/4961/1050 672/4962/1626 1014/4963/1049

vt -62.9487 24.4151
f 673/1631/515 1014/4964/516 672/1632/516

vt -77.2581 26.7546
vt -62.9199 24.4113
vn -0.999729 -0.0232189 0.00166383
vt -62.7244 26.4429
vn -0.999312 0.0366312 0.00576128
f 681/4965/528 1014/4966/1627 673/4967/1628

vt -77.2834 24.474
vt -62.9569 24.1722
vt -77.2947 26.5177
f 683/4968/530 1014/4969/1627 681/4970/528

vt -62.6231 31.2312
vt -77.2478 27.1579
vt -62.7142 26.8453
f 674/4971/521 681/4972/528 673/4973/1628

vt -62.4338 26.4333
vt -62.6293 24.4018
vn -0.999992 -0.00295824 -0.00251048
vt -55.5024 24.2484
vn -0.999994 -0.00315513 0.00122621
vt -55.4774 26.2294
f 666/4974/501 672/4975/1629 1357/4976/1630 665/4977/500 

vt -55.4602 24.2448
v 5.34483 23.2016 -52.1107
vt -54.4195 24.2224
vn -0.999982 -0.00335616 0.00498968
vt -55.4352 26.2259
f 1357/4978/1630 1358/4979/1631 665/4980/500

vt -54.371 23.5642
vt -54.3979 24.9046
vn -0.9853 0.163751 0.0486698
vt -55.4386 24.9273
f 1354/4981/1619 1358/4982/1632 1357/4983/1624

vt -53.7152 24.2902
v 5.35019 22.8091 -51.3257
vt -52.9068 25.215
vn -0.983238 0.136937 0.12038
vt -53.7242 25.6308
f 1354/4984/1619 1359/4985/1633 1358/4986/1632

vt -52.9618 24.2723
vt -51.6943 24.5942
vt -52.1453 25.1901
f 1354/4987/1619 1353/4988/1621 1359/4989/1633

vt -53.5987 23.8114
vn -0.999981 -0.00343104 0.00503201
vt -53.143 23.219
vt -51.673 24.7003
f 1359/4990/1634 1353/4991/1618 664/4992/499

vt -53.5989 23.8122
vt -51.6732 24.7012
vt -55.4349 26.2258
vt -54.4191 24.2224
f 1359/4993/1634 664/4994/499 665/4995/500 1358/4996/1631 

vt -54.4391 20.3421
vt -55.5831 21.622
vt -55.5947 20.3699
f 1356/4997/1623 1016/4998/1053 1017/4999/1054

vt -54.4285 21.0531
vn -0.995327 -0.0954881 0.0143902
vt -55.5842 21.0805
vt -53.7562 19.2924
f 1356/5000/1635 1017/5001/1057 1351/5002/1616

vt -55.4277 21.1541
vt -55.3426 17.0677
vt -53.5951 19.3706
f 1017/5003/1057 1018/5004/1058 1351/5005/1616

vt -53.1341 18.6381
vt -54.8684 16.3253
vt -53.7648 13.4704
f 1351/5006/1616 1018/5007/1058 1019/5008/1060

vt -54.308 13.9557
vt -52.7581 18.941
vt -53.6387 19.1186
f 1019/5009/1060 1350/5010/1615 1351/5011/1616

v 6.09339 14.174 -51.1517
vt -53.3094 13.8439
vn -0.992119 -0.070233 -0.103768
vt -52.6764 18.8314
vn -0.991829 -0.0601364 -0.112515
vt -54.2191 13.8439
f 1360/5012/1636 1350/5013/1637 1019/5014/1061

vt -53.6654 15.1124
vt -50.9135 19.4928
vn -0.979633 -0.0247059 -0.199272
vt -52.923 20.0847
f 1360/5015/1636 1036/5016/1638 1350/5017/1637

vt -51.3185 15.1683
vn -0.976072 -0.0992484 -0.193477
vt -50.6638 19.5399
vt -53.4298 15.1684
f 1034/5018/1639 1036/5019/1638 1360/5020/1636

vt -53.4298 15.2373
v 6.19326 11.7961 -50.8407
vt -53.139 12.7464
vn -0.968858 -0.212687 -0.126802
vt -51.3185 15.2372
f 1360/5021/1636 1361/5022/1640 1034/5023/1639

vt -53.0557 12.0306
vt -53.3816 14.5172
vt -53.968 12.0496
f 1361/5024/1640 1360/5025/1636 1020/5026/1062

vt -54.2191 14.476
vt -53.8947 12.0082
vt -53.3094 14.476
f 1019/5027/1061 1020/5028/1062 1360/5029/1636

vt -53.1068 8.96702
vt -54.0191 8.98746
vt -52.7852 6.30475
f 1361/5030/1640 1020/5031/1064 1028/5032/1075

vt -53.8517 8.63768
vt -53.4738 5.77611
vt -52.5949 5.96565
f 1020/5033/1064 1022/5034/1065 1028/5035/1075

vt -52.4366 15.5164
vt -52.4491 12.8348
vt -50.277 13.4751
f 1361/5036/1640 1028/5037/1075 1030/5038/1079

vt -51.7272 14.5446
vt -53.5079 12.0252
vt -51.2279 10.1193
f 1034/5039/1639 1361/5040/1640 1030/5041/1079

vt -51.0337 19.099
vt -51.1458 24.3064
vt -53.0438 19.6889
f 1036/5042/1638 1349/5043/1613 1350/5044/1637

vt -49.1651 23.1186
vt -50.9831 24.2586
vt -50.8657 19.0513
f 1038/5045/1612 1349/5046/1613 1036/5047/1638

vt -53.3405 21.2807
vn -0.994085 -0.085217 0.0673215
vt -54.069 20.943
vt -53.3872 19.186
f 1355/5048/1641 1356/5049/1635 1351/5050/1616

vt -52.4263 21.5288
vt -52.8801 21.0433
vt -52.9179 18.9484
f 1352/5051/1617 1355/5052/1641 1351/5053/1616

vt -39.4239 34.8363
vt -39.1941 34.1521
vt -34.2929 34.8274
f 655/5054/490 661/5055/496 654/5056/489

usemtl _CoolGray1_
vt 25.7158 32.4444
vt 27.5108 28.674
vt 26.8671 31.8863
f 944/5057/921 940/5058/913 941/5059/915

usemtl _Prussian_Blue_
vt 28.4433 27.4767
vt 26.3738 27.8689
vt 29.2828 25.9059
f 924/5060/887 1102/5061/1171 917/5062/879

vt 21.1449 31.0594
vt 20.0495 31.9459
vt 18.7517 31.8014
f 1103/5063/1172 1147/5064/1228 1104/5065/1173

vt 9.22589 23.0551
vt 11.7387 25.4461
vt 9.08104 26.7102
f 1114/5066/1183 1111/5067/1180 1134/5068/1205

vt 11.2416 22.7955
vt 10.7196 25.5205
vt 8.37275 22.9665
f 1112/5069/1181 1111/5070/1180 1114/5071/1183

vt 26.1245 10.2855
vt 27.0267 9.4696
vt 29.8538 9.443
vn -0.0755196 -0.344157 0.93587
f 1084/5072/1138 1082/5073/1136 895/5074/1642

vt 29.8107 3.36981
vt 26.9837 3.40708
vt 26.979 3.01206
f 895/5075/843 1082/5076/1134 894/5077/844

vt 35.2533 -0.337806
vt 27.2054 2.34282
vt 24.2075 -0.542534
f 891/5078/840 894/5079/841 1077/5080/1131

usemtl _CoolGray8_
vt 24.7399 -5.2142
vt 21.5917 -17.1634
vt 35.7459 -4.25424
f 1077/5081/1124 890/5082/835 891/5083/836

usemtl _Prussian_Blue_
vt -55.0844 5.42878
vt -64.3874 4.76243
vt -54.9843 4.49753
f 1005/5084/1027 1006/5085/1026 1021/5086/1063

vt -111.15 22.6604
vn -0.994397 -0.102337 -0.0264962
vt -111.473 22.6743
vn -0.994396 -0.102334 -0.0265495
vt -111.847 14.4388
f 688/5087/1643 690/5088/1644 1009/5089/1644

vt -111.474 22.6756
v 5.99011 14.2348 -107.261
vt -112.199 14.4616
vn -0.994395 -0.102332 -0.0266028
vt -111.847 14.4401
f 690/5090/1644 1362/5091/1645 1009/5092/1644

vt -111.34 22.2893
vn -0.994453 -0.105062 0.00509881
v 4.96493 22.6783 -133.229
vt -139.176 22.9442
vn -0.997006 -0.076979 0.00728317
vt -112.038 14.0729
vn -0.993409 -0.11444 0.00650286
f 690/5093/1646 1363/5094/1647 1362/5095/1648

vt -111.342 22.19
vt -139.178 24.0849
vt -139.177 22.8458
vn -0.993041 -0.117116 -0.0123924
f 690/5096/544 691/5097/543 1363/5098/1649

vt -139.293 24.65
v 4.95747 22.9399 -134.014
vt -140.117 23.6862
vn -0.993551 -0.104162 -0.0447977
vt -139.297 23.4109
f 691/5099/543 1364/5100/1650 1363/5101/1649

vt -139.255 25.1279
v 4.94377 23.3761 -134.45
vt -140.536 24.6242
vn -0.995563 -0.0601769 -0.072334
vt -140.082 24.1666
f 691/5102/543 1365/5103/1651 1364/5104/1650

v 4.91612 24.3356 -134.455
vt -140.415 25.6131
vn -0.997327 0.000663645 -0.0730592
vt -140.413 24.6102
vt -139.132 25.1119
f 1366/5105/1652 1365/5106/1651 691/5107/543

vt -140.493 25.2754
vn -0.999575 -0.0290732 -0.00191591
v 4.86231 26.3643 -137.162
vt -143.322 27.396
vn -0.999994 -0.00324335 0.00120547
vt -140.489 24.2724
vn -0.999487 -0.0318431 -0.00347056
f 1366/5108/1653 1367/5109/1654 1365/5110/1655

v 4.90234 24.7735 -134.014
vt -140.035 25.7318
vn -0.999629 -0.0272229 -0.00104385
vt -143.324 27.3947
vt -140.495 25.2741
f 1368/5111/1656 1367/5112/1654 1366/5113/1653

v 4.89802 24.9461 -133.234
vt -139.209 25.9281
vn -0.999866 -0.0155058 0.00527313
vt -143.314 27.4104
vt -140.024 25.7477
f 1369/5114/1657 1367/5115/1654 1368/5116/1656

vt -143.276 27.5074
vt -139.171 26.0255
v 4.88869 26.3207 -133.311
vt -139.252 27.4619
vn -0.999711 0.0231412 0.0065239
f 1367/5117/1654 1369/5118/1657 1370/5119/1658

vt -111.099 27.1461
vn -0.999974 -3.23478e-05 0.00716552
f 1369/5118/1657 693/5120/1659 1370/5119/1658

vt -111.189 25.3135
vn -0.999681 -0.0240979 0.00749668
vt -111.094 27.0297
vt -139.167 25.9088
f 692/5121/1660 693/5122/1659 1369/5123/1657

vt -139.151 25.2907
vt -111.177 25.8356
vt -139.155 26.4321
vn -0.997813 0.0658885 -0.00533879
f 691/5124/543 692/5125/545 1369/5126/1661

vt -140.099 25.9801
vn -0.998009 0.0481269 -0.0407752
vt -139.277 25.0194
vt -139.284 26.1608
f 1368/5127/1662 691/5128/543 1369/5129/1661

vt -140.535 25.3085
vt -139.251 24.8073
vt -140.075 25.7663
f 1366/5130/1652 691/5131/543 1368/5132/1662

vt -111.096 27.3584
v 5.20627 30.3402 -106.206
vt -110.927 31.8759
vn -0.997153 0.0751012 0.00679347
vt -139.25 27.6743
f 693/5133/1659 1371/5134/1663 1370/5135/1658

vt -111.058 31.784
vn -0.994104 0.107055 -0.0172228
vt -111.223 27.2663
vt -110.732 31.7701
vn -0.997418 0.0692596 -0.0189595
f 1371/5136/1664 693/5137/550 695/5138/1665

vt -110.731 31.771
vt -111.222 27.2672
vt -110.895 27.2534
f 695/5139/1665 693/5140/550 694/5141/551

vt -110.915 36.4704
vt -111.042 31.8997
vt -110.715 31.8858
f 696/5142/579 1371/5143/1664 695/5144/1665

vt -111.239 36.4926
vt -111.04 31.9075
vt -110.913 36.4782
f 709/5145/578 1371/5146/1664 696/5147/579

vt -110.917 32.2974
vt -111.1 36.8832
v 5.14465 31.5531 -133.47
vt -139.403 33.5784
vn -0.994357 0.105869 0.00681738
f 1371/5148/1663 709/5149/581 1372/5150/1666

vt -139.421 33.5424
vt -111.12 36.86
vt -139.506 37.7047
f 1372/5151/1666 709/5152/581 711/5153/583

vt -139.395 33.6389
vt -139.477 37.8013
v 5.12398 31.9488 -142.354
vt -148.677 34.0584
vn -0.991037 0.133408 0.00687335
f 1372/5154/1666 711/5155/583 1373/5156/1667

vt -148.702 33.9667
vt -139.504 37.7156
v 5.80834 35.8576 -146.467
vt -152.995 38.1177
vn -0.952596 0.304124 0.00835134
f 1373/5157/1667 711/5158/583 1374/5159/1668

vt -152.961 37.9648
vt -139.47 37.5472
v 5.93651 36.0301 -140.03
vt -146.234 38.1551
vn -0.947316 0.320151 0.00979307
f 1374/5160/1668 711/5161/583 1375/5162/1669

v 5.92518 35.8822 -136.232
vt -142.276 37.995
vn -0.951051 0.308897 0.00918629
vt -146.244 38.1575
vt -139.479 37.552
f 1376/5163/1670 1375/5164/1669 711/5165/583

v 8.34198 37.653 -139.363
vt -144.934 35.8895
vn -0.957797 0.287328 0.00816369
vt -145.765 32.8916
vn -0.570724 0.8184 0.0670504
vt -141.803 32.6185
vn -0.636175 0.76952 -0.0558607
f 1377/5166/1671 1375/5167/1672 1376/5168/1673

vt -141.77 50.8807
v 6.02701 36.3478 -142.014
vt -144.925 48.5499
vn -0.632031 0.75353 0.180915
v 6.00424 36.2679 -141.515
vt -144.416 48.4071
vn -0.575842 0.810973 0.103579
vt -142.901 47.9826
f 1377/5169/1671 1378/5170/1674 1379/5171/1675 1375/5172/1672 

vt -133.215 69.4154
v 6.41476 37.5259 -144.144
vt -138.6 69.2327
vn -0.803101 0.508724 0.310208
vt -136.66 67.5395
f 1377/5173/1671 1380/5174/1676 1378/5175/1674

v 6.80902 38.6591 -144.135
vt -137.512 57.345
vn -0.885941 0.305458 0.349005
vt -137.671 56.1015
vt -132.285 56.2409
v 6.87526 38.8495 -144.133
vt -137.485 57.5539
vn -0.940499 0.117816 0.318718
f 1381/5176/1677 1380/5177/1676 1377/5178/1671 1382/5179/1678 

vt -150.524 39.7918
vn -0.944341 0.328806 0.0103862
vt -150.51 41.0454
vn -0.944446 0.328495 0.0106372
vt -150.507 41.256
vn -0.943716 0.330716 0.00516143
vt -152.958 37.9463
f 1380/5180/1679 1381/5181/1680 1382/5182/1681 1374/5183/1668 

vt -146.916 27.4605
vn -0.81044 0.577027 -0.101129
vt -146.814 26.211
vn -0.96221 0.130425 -0.239042
v 6.08436 37.7443 -142.695
vt -145.263 26.4518
vn -0.981883 0.146272 -0.120457
f 1381/5184/1682 1380/5185/1683 1383/5186/1684

vt -148.576 40.755
vt -146.316 39.5216
vn -0.991528 -0.0216839 -0.128072
vt -147.023 40.9836
f 1380/5187/1683 1378/5188/1685 1383/5189/1684

vt -150.528 39.7623
vt -152.962 37.9164
vt -148.308 38.4588
vn -0.943945 0.329951 0.0100299
f 1380/5190/1679 1374/5191/1668 1378/5192/1686

vt -146.237 38.0874
vt -147.788 38.3507
vn -0.943654 0.330786 0.00992455
vt -148.309 38.4392
vt -152.964 37.8964
f 1375/5193/1669 1379/5194/1687 1378/5195/1686 1374/5196/1668 

vt -147.995 37.8869
vn -0.998473 0.0108957 -0.0541552
vt -149.23 39.4299
vt -148.517 37.9705
f 1379/5197/1688 1383/5198/1684 1378/5199/1685

v 5.94746 37.1283 -140.64
vt -147.037 38.7887
vn -0.998407 -0.0438825 -0.0354762
vt -149.189 39.4323
vt -147.953 37.8897
f 1384/5200/1689 1383/5201/1684 1379/5202/1688

vt -149.201 39.3932
vt -147.048 38.7495
v 5.87707 37.7996 -139.367
vt -145.717 39.451
vn -0.930176 0.366872 -0.0132992
f 1383/5203/1684 1384/5204/1689 1385/5205/1690

v 5.9615 37.2527 -139.207
vt -145.272 37.1144
vn -0.987288 -0.157853 -0.0185583
vt -145.442 37.692
vt -146.769 36.9831
f 1386/5206/1691 1385/5207/1690 1384/5208/1689

vt -145.723 39.3747
vt -145.561 38.7949
v 5.89923 36.9057 -137.19
vt -143.453 38.4271
vn -0.998095 -0.0606151 -0.0115042
f 1385/5209/1690 1386/5210/1691 1387/5211/1692

v 5.91405 37.7391 -135.612
vt -141.626 39.4254
vn -0.938118 0.296427 0.179072
vt -145.55 39.4886
vt -143.275 38.5546
f 1388/5212/1693 1385/5213/1690 1387/5214/1692

vt -141.447 32.8427
v 6.76876 38.4221 -135.379
vt -141.177 33.9799
vn -0.633853 0.764601 0.116684
vt -145.37 32.9434
f 1388/5215/1693 1389/5216/1694 1385/5217/1690

vt -123.95 76.5713
vt -124.561 75.5748
v 6.54817 37.7401 -134.318
vt -123.055 75.5763
vn -0.855084 0.305612 0.418846
f 1389/5218/1694 1388/5219/1693 1390/5220/1695

vt -123.002 28.7429
vt -124.508 28.7418
vt -125.085 26.7792
vn -0.969323 -0.0831134 0.23131
f 1390/5221/1695 1388/5222/1693 1376/5223/1696

vt -143.232 38.466
vt -142.231 37.3965
vt -141.583 39.3368
f 1387/5224/1692 1376/5225/1696 1388/5226/1693

vt -140.272 40.0206
vn -0.95081 0.309647 0.00891496
vt -142.278 37.979
v 6.10952 36.4004 -134.567
vt -140.536 38.5484
f 1390/5227/1697 1376/5228/1697 1391/5229/1697

vt -140.534 38.5641
vn -0.950954 0.309185 0.00949458
vt -142.276 37.9949
vt -139.479 37.5519
f 1391/5230/1698 1376/5231/1670 711/5232/583

vt -144.446 13.7039
vt -140.739 11.1046
vt -139.072 11.8652
vn -0.809107 0.538171 -0.236046
f 1377/5233/1671 1376/5234/1673 1391/5235/1699

vt -139.872 22.475
vt -134.366 21.079
vt -134.277 22.5721
vn -0.939265 0.0735585 -0.335217
f 1377/5236/1671 1391/5237/1699 1390/5238/1700

vt -140.264 40.062
vn -0.950841 0.309614 0.00636328
vt -140.529 38.5898
vt -139.474 37.5775
f 1390/5239/1701 1391/5240/1698 711/5241/583

vt -139.494 37.4637
vt -139.402 42.197
vt -140.286 39.9476
f 711/5242/583 712/5243/584 1390/5244/1701

vt -140.327 39.702
vt -139.447 41.9529
v 6.96166 39.0186 -136.307
vt -142.404 41.1073
vn -0.950265 0.311438 0.00182085
vt -141.435 40.4517
vn -0.950528 0.310631 0.00206439
f 1390/5245/1701 712/5246/584 1392/5247/1702 1389/5248/1703 

v 7.15669 39.6286 -139.606
vt -145.854 41.7462
vn -0.94979 0.312884 0.00155861
vt -142.408 41.0753
vt -139.451 41.9213
f 1393/5249/1704 1392/5250/1702 712/5251/584

vt -144.951 42.1065
vt -141.559 43.7795
vn -0.897273 -0.370802 -0.239596
vt -144.989 44.5268
vn -0.850213 -0.520089 -0.0815142
f 1377/5252/1671 1392/5253/1705 1393/5254/1706

vt -140.258 46.775
vt -134.663 46.868
vt -135.786 47.5963
vn -0.92301 -0.206611 -0.324599
vt -136.768 48.2333
f 1377/5255/1671 1390/5256/1700 1389/5257/1707 1392/5258/1705 

vt -145.754 30.6481
vt -145.984 33.0578
v 7.1754 39.7013 -142.861
vt -149.385 33.1464
vn -0.942283 -0.306502 0.134757
f 1377/5259/1671 1393/5260/1706 1394/5261/1708

vt -149.256 41.8168
vn -0.946607 0.322384 0.00162875
vt -145.855 41.7369
vt -139.451 41.912
f 1394/5262/1709 1393/5263/1704 712/5264/584

vt -139.452 41.8431
vt -157.245 42.3699
vt -149.257 41.7475
f 712/5265/584 570/5266/357 1394/5267/1709

vt -139.089 44.2423
vt -157.178 40.575
vt -139.387 39.9885
f 568/5268/358 570/5269/357 712/5270/584

vt -139.426 39.6474
vt -112.234 42.553
vt -139.138 43.9019
f 712/5271/584 569/5272/585 568/5273/358

vt -150.583 40.7909
vt -149.253 41.7337
vt -157.241 42.3574
f 1382/5274/1681 1394/5275/1709 570/5276/357

vt -137.515 35.6097
vt -141.364 37.7559
vt -142.728 36.8634
f 1377/5277/1671 1394/5278/1708 1382/5279/1678

vt -153.017 37.501
vt -150.575 40.8174
vt -157.232 42.3863
f 1374/5280/1668 1382/5281/1681 570/5282/357

vt -151.624 33.0338
vn -0.98649 0.11585 -0.115826
vt -156.067 37.7131
v 5.80834 35.6392 -146.686
vt -151.849 32.802
vn -0.978204 0.146809 -0.146844
f 1374/5283/1710 570/5284/360 1395/5285/1711

vt -151.842 32.801
vt -156.061 37.7119
vt -156.385 37.5815
f 1395/5286/1711 570/5287/360 572/5288/362

vt -157.545 42.3351
v 5.84318 35.7733 -149.641
vt -156.325 37.4906
vn -0.968929 0.247043 -0.0121287
vt -153.237 37.342
vn -0.973736 0.227682 0.000342492
f 572/5289/366 1396/5290/1712 1395/5291/1713

vt -157.759 40.2349
v 6.50312 36.411 -161.284
vt -168.654 36.1125
vn -0.957343 0.283897 -0.0538178
vt -156.471 35.4079
f 572/5292/366 1397/5293/1714 1396/5294/1712

vt -168.531 37.8049
vt -168.567 32.6341
vt -157.725 36.8937
f 574/5295/365 1397/5296/1714 572/5297/366

vt -168.509 37.4172
v 7.04832 36.6212 -167.062
vt -174.597 32.4862
vn -0.939028 0.330825 -0.0937031
vt -168.533 32.2463
f 574/5298/365 1398/5299/1715 1397/5300/1714

v 9.23367 41.2838 -166.919
vt -174.499 35.7492
vn -0.844622 0.528261 -0.086915
vt -174.421 30.3674
vt -168.377 35.3526
f 1399/5301/1716 1398/5302/1715 574/5303/365

v 10.2701 40.6683 -179.275
vt -187.39 34.5026
vn -0.840772 0.520689 -0.148275
vt -174.343 29.8314
vt -174.438 35.2129
f 1400/5304/1717 1398/5305/1715 1399/5306/1716

v 8.47726 36.4325 -179.168
vt -186.862 29.6122
vn -0.955513 0.2462 -0.16242
vt -174.126 29.8258
vt -187.205 34.4072
f 1401/5307/1718 1398/5308/1715 1400/5309/1717

v 5.97633 32.022 -166.963
vt -173.929 29.3003
vn -0.984359 0.126496 -0.122622
vt -174.167 34.2299
vt -186.903 34.0276
f 1402/5310/1719 1398/5311/1715 1401/5312/1718

v 5.46097 31.8473 -161.113
vt -168.248 30.6421
vn -0.990989 0.113009 -0.0719058
vt -174.578 35.7609
vt -174.384 30.8294
f 1403/5313/1720 1398/5314/1715 1402/5315/1719

vt -168.478 35.4373
vt -174.543 35.6623
vt -168.207 30.5504
f 1397/5316/1714 1398/5317/1715 1403/5318/1720

v 5.14535 30.9723 -156.15
vt -163.234 31.898
vn -0.993729 0.100391 -0.0492301
vt -168.63 37.7258
vt -168.426 32.8356
f 1404/5319/1721 1397/5320/1714 1403/5321/1720

v 5.01791 31.619 -151.241
vt -158.082 31.8026
vn -0.993706 0.109737 -0.0225167
vt -168.642 36.9087
vt -163.211 31.1135
f 1405/5322/1722 1397/5323/1714 1404/5324/1721

vt -156.469 36.346
vt -168.652 37.0276
vt -158.101 31.9056
f 1396/5325/1712 1397/5326/1714 1405/5327/1722

v 4.98808 30.9723 -146.33
vt -152.766 33.3131
vn -0.995304 0.0966949 0.00456294
vt -156.207 38.4204
vt -157.895 34.0011
f 1406/5328/1723 1396/5329/1712 1405/5330/1722

vt -156.375 37.7669
vt -152.912 32.6739
vt -153.287 37.6247
f 1396/5331/1712 1406/5332/1723 1395/5333/1713

vt -153.26 37.7452
vt -152.889 32.7942
v 5.12398 31.7297 -142.572
vt -148.963 33.5977
vn -0.993124 0.114953 0.0221335
f 1395/5334/1713 1406/5335/1723 1407/5336/1724

v 4.92267 29.0772 -141.756
vt -147.984 30.9373
vn -0.998131 0.0582383 0.0184994
vt -148.833 33.718
vt -152.761 32.924
f 1408/5337/1725 1407/5338/1724 1406/5339/1723

vt -148.56 34.1164
vt -147.717 31.3338
v 4.86231 26.1653 -137.388
vt -143.161 28.279
vn -0.999359 0.0299872 0.0195462
f 1407/5340/1724 1408/5341/1725 1409/5342/1726

v 4.85956 26.0625 -137.825
vt -144.001 27.3411
vn -0.999955 -0.00939583 -0.00110612
vt -143.544 27.4486
vt -148.108 30.4918
f 1410/5343/1727 1409/5344/1726 1408/5345/1725

v 4.98111 22.1337 -134.811
vt -140.788 22.9698
vn -0.997419 -0.0669664 -0.0258985
vt -143.482 27.1833
vt -143.939 27.0758
f 1411/5346/1728 1409/5347/1726 1410/5348/1727

vt -143.21 27.4013
vn -0.999986 -0.00501556 0.00165753
vt -143.445 27.1934
vn -0.999894 0.0104023 -0.0101498
vt -140.751 22.9802
vn -0.99899 -0.0391333 0.0220962
f 1367/5349/1729 1409/5350/1730 1411/5351/1731

vt -143.392 27.5845
vt -148.821 33.4214
vn -0.998022 0.0449126 -0.0439831
vt -143.628 27.3766
f 1367/5352/1729 1373/5353/1732 1409/5354/1730

vt -148.712 33.6465
vt -143.289 27.8039
vt -139.429 33.2326
f 1373/5355/1667 1367/5356/1654 1372/5357/1666

vt -139.412 33.2431
vt -143.272 27.815
vt -139.249 27.7694
f 1372/5358/1666 1367/5359/1654 1370/5360/1658

vt -139.266 27.7487
vt -110.944 31.9535
vt -139.43 33.2224
f 1370/5361/1658 1371/5362/1663 1372/5363/1666

vt -143.631 27.3692
vt -148.824 33.4138
vt -149.053 33.1848
vn -0.995815 0.0645957 -0.0646478
f 1409/5364/1730 1373/5365/1732 1407/5366/1733

vt -148.654 32.6426
vt -152.998 36.7414
vt -148.882 32.4129
f 1373/5367/1732 1374/5368/1710 1407/5369/1733

vt -148.883 32.4133
vt -152.998 36.7419
vt -153.226 36.5129
f 1407/5370/1733 1374/5371/1710 1395/5372/1711

usemtl _6
v 41.7514 35.6392 -146.686
vt 43.6239 136.747
vn -6.908e-20 0.700809 0.713349
vt 6.06884 136.747
vt 5.35378 130.818
vn 1.79571e-19 0.703597 0.710599
v 41.7514 31.7297 -142.572
vt 43.6239 130.818
f 1412/5373/1734 1395/5374/1734 1407/5375/1735 1413/5376/1735 

v 41.7514 40.142 -150.816
vt 43.6239 137.424
vn 3.60368e-19 0.675942 0.736955
vt 7.7225 137.424
vt 6.06884 131.04
vt 43.6239 131.04
f 1414/5377/1736 572/5378/1736 1395/5379/1734 1412/5380/1734 

vt 43.6239 125.805
vt 5.35378 125.805
vt 5.08038 117.859
vn -3.11846e-19 0.612612 0.790384
v 41.7514 26.1653 -137.388
vt 43.6239 117.859
f 1413/5381/1735 1407/5382/1735 1409/5383/1737 1415/5384/1737 

vt 43.6239 100.337
vt 5.08038 100.337
vt 5.2045 95.3379
vn -2.21454e-18 0.462414 0.886664
v 41.7514 22.1337 -134.811
vt 43.6239 95.3379
f 1415/5385/1737 1409/5386/1737 1411/5387/1738 1416/5388/1738 

vt 43.6239 75.2799
vt 5.2045 75.2799
v 5.40628 17.5577 -132.915
vt 5.64875 70.1045
vn -2.93341e-18 0.38276 0.923848
v 41.7514 17.5577 -132.915
vt 43.6239 70.1045
f 1416/5389/1738 1411/5390/1738 1417/5391/1739 1418/5392/1739 

usemtl _Prussian_Blue_
vt -138.554 17.4474
vn -0.993197 -0.108142 0.0431844
v 4.98111 22.2695 -134.542
vt -140.269 22.385
vn -0.997891 -0.0624891 0.0175479
vt -140.55 22.2427
f 1417/5393/1740 1419/5394/1741 1411/5395/1731

vt -138.859 17.7338
v 5.40628 17.5685 -132.594
vt -138.523 17.7451
vn -0.992646 -0.120986 0.00405145
vt -140.56 22.6765
f 1417/5396/1740 1420/5397/1742 1419/5398/1741

vt -138.509 17.1662
vt -138.845 17.1548
v 5.853 14.7033 -131.989
vt -137.875 14.1368
vn -0.988881 -0.133474 0.0655741
f 1420/5399/1742 1417/5400/1740 1421/5401/1743

v 5.853 14.3923 -132.269
vt -136.316 12.2687
vn -0.985556 -0.113415 0.12576
vt -136.025 12.5958
vt -137.044 15.5976
f 1422/5402/1744 1421/5403/1743 1417/5404/1740

vt -112.036 14.8392
vn -0.999918 0.0115134 0.00555487
vt -137.873 15.3288
vn -0.999973 -0.00491653 0.00545168
vt -138.166 15.0038
f 1362/5405/1745 1421/5406/1746 1422/5407/1745

vt -137.892 14.1867
vn -0.988142 -0.153521 0.00257045
vt -112.055 13.6912
vt -138.525 17.2163
vn -0.994156 -0.107535 0.00946402
f 1421/5408/1747 1362/5409/1648 1420/5410/1748

vt -111.989 14.1779
vt -139.133 23.0319
vt -138.464 17.6737
f 1362/5411/1648 1363/5412/1647 1420/5413/1748

vt -139.118 23.009
vt -140.489 22.5803
vn -0.99893 -0.0462301 0.000875523
vt -138.448 17.6509
f 1363/5414/1647 1419/5415/1749 1420/5416/1748

vt -140.034 23.7882
vn -0.999431 -0.0336863 -0.00196979
vt -140.585 23.0873
vt -139.213 23.5147
f 1364/5417/1750 1419/5418/1749 1363/5419/1647

vt -140.491 24.2476
vt -140.587 23.0908
vt -140.035 23.7917
f 1365/5420/1655 1419/5421/1749 1364/5422/1750

vt -143.344 27.3941
vt -140.607 23.1133
vt -140.511 24.2701
f 1367/5423/1654 1419/5424/1749 1365/5425/1655

vt -140.51 23.1144
vt -143.249 27.3939
vt -140.791 22.9726
f 1419/5426/1741 1367/5427/1729 1411/5428/1731

vt -138.165 15.2246
vt -111.707 14.7344
vn -0.999594 0.0279403 0.00565656
vt -112.034 15.0599
f 1422/5429/1745 1008/5430/1751 1362/5431/1745

vt -138.128 16.5985
vn -0.956801 0.290693 0.00539987
vt -138.131 15.6062
vn -0.964725 0.263148 0.00763714
vt -111.67 16.0864
vn -0.968368 0.249274 0.0112081
f 1422/5432/1752 880/5433/1753 1008/5434/1754

vt -139.226 15.2171
vn -0.956814 0.290699 0.000496792
vt -138.199 15.1946
vt -138.198 16.187
f 879/5435/1755 880/5436/1753 1422/5437/1752

vt -132.49 13.8604
vt -131.425 14.7884
vn -0.962889 -0.00576972 0.269837
v 5.41736 17.3881 -133.76
vt -133.047 17.9186
vn -0.957389 0.0107182 0.288601
f 879/5438/822 1422/5439/1756 1423/5440/1757

vt -138.097 13.7832
vn -0.990489 -0.136826 0.0144833
vt -138.779 17.122
vn -0.994017 -0.109048 -0.00618471
vt -139.661 16.9431
vn -0.993912 -0.109804 0.00901166
f 1422/5441/1758 1417/5442/1759 1423/5443/1760

vt -138.856 17.7744
v 5.04434 21.806 -135.567
vt -141.627 22.2286
vn -0.997164 -0.0734838 -0.0162408
vt -139.738 17.5967
f 1417/5444/1759 1424/5445/1761 1423/5446/1760

vt -140.954 22.9902
vt -141.745 22.6458
vt -138.99 18.1811
f 1411/5447/1728 1424/5448/1761 1417/5449/1759

vt -140.936 23.2259
vt -144.074 27.3413
vt -141.728 22.8826
f 1411/5450/1728 1410/5451/1727 1424/5452/1761

vt -141.507 22.5063
vt -143.871 26.956
v 4.86183 25.5994 -138.442
vt -144.515 26.4719
vn -0.999859 -0.015009 0.00758982
f 1424/5453/1761 1410/5454/1727 1425/5455/1762

vt -144.032 27.2416
v 4.88939 28.5104 -142.191
vt -148.594 29.7993
vn -0.999303 0.0368178 0.00617239
vt -144.677 26.7577
f 1410/5456/1727 1426/5457/1763 1425/5458/1762

vt -148.45 30.1083
vt -143.89 27.5481
vt -147.995 30.7012
f 1426/5459/1763 1410/5460/1727 1408/5461/1725

vt -152.849 32.6527
vt -148.525 30.0768
vt -148.07 30.6699
f 1406/5462/1723 1426/5463/1763 1408/5464/1725

v 4.95712 30.3403 -146.556
vt -153.105 31.9426
vn -0.998792 0.0491326 -0.000538547
vt -148.544 30.0284
vt -152.869 32.6036
f 1427/5465/1764 1426/5466/1763 1406/5467/1723

vt -151.317 37.6592
vn -0.943367 0.326355 0.0595836
vt -151.943 35.3408
vn -0.942962 0.321039 0.0880701
vt -146.799 35.6449
vn -0.943246 0.298522 0.145502
f 1427/5468/1765 860/5469/1766 1426/5470/1767

vt -152.895 33.1919
vt -157.811 31.4655
vn -0.943741 0.330679 0.00213189
vt -153.451 30.8557
f 1427/5471/1765 861/5472/1768 860/5473/1766

v 5.01447 30.9649 -151.241
vt -157.755 34.0455
vn -0.942817 0.332061 -0.028851
vt -157.782 31.6334
vt -152.864 33.3548
f 1428/5474/1769 861/5475/1768 1427/5476/1765

vt -158.062 29.2709
vt -162.375 26.2509
vn -0.940082 0.327285 -0.0955567
vt -158.016 26.8591
f 1428/5477/1769 855/5478/1770 861/5479/1768

v 5.10632 30.3403 -155.927
vt -162.907 27.8772
vn -0.937926 0.326923 -0.115831
vt -162.32 25.5371
vt -158.017 28.571
f 1429/5480/1771 855/5481/1770 1428/5482/1769

v 5.28848 28.5781 -160.234
vt -165.767 20.8043
vn -0.934772 0.313202 -0.16765
vt -160.632 20.4255
vt -161.303 22.743
f 1430/5483/1772 855/5484/1770 1429/5485/1771

vt -160.609 20.7729
vn -0.938314 0.301557 -0.169202
vt -165.744 21.1501
vn -0.974831 0.159509 -0.15576
vt -161.109 20.5542
vn -0.956788 0.226199 -0.182731
f 855/5486/1773 1430/5487/1774 856/5488/1775

vt -160.581 24.8222
vt -165.219 25.3968
v 5.31125 28.3598 -160.515
vt -165.511 25.1661
vn -0.989058 0.0680795 -0.130878
f 856/5489/1775 1430/5490/1774 1431/5491/1776

v 5.39481 28.6518 -161.281
vt -168.239 29.6615
vn -0.995556 0.0204186 -0.0919259
vt -167.434 29.3564
vt -167.14 29.5846
f 1432/5492/1777 1431/5493/1776 1430/5494/1774

v 5.41539 28.4398 -161.558
vt -168.556 29.3759
vn -0.99613 0.0256455 -0.0840617
vt -167.461 29.2922
vt -168.266 29.5974
f 1433/5495/1778 1431/5496/1776 1432/5497/1777

vt -167.595 27.2166
vn -0.983533 0.169626 -0.062365
vt -168.69 27.3021
vn -0.975661 0.212639 -0.0535757
v 5.25848 26.9631 -163.481
vt -170.679 25.7242
vn -0.989943 0.134411 -0.0441117
f 1431/5498/1779 1433/5499/1780 1434/5500/1781

vt -170.894 28.1352
vt -168.888 29.6922
v 5.3812 27.3195 -166.765
vt -174.326 28.5109
vn -0.976034 0.210553 -0.055
f 1434/5501/1781 1433/5502/1780 1435/5503/1782

vt -174.271 25.9176
vt -168.842 27.1417
v 5.82683 28.7683 -166.793
vt -174.328 27.5006
vn -0.944154 0.316479 -0.0917333
f 1435/5504/1782 1433/5505/1780 1436/5506/1783

vt -168.746 29.4083
v 5.83695 29.0006 -166.805
vt -174.246 29.9947
vn -0.993886 0.00437939 -0.110328
vt -174.233 29.7517
vn -0.993382 0.0378276 -0.108453
f 1433/5507/1778 1437/5508/1784 1436/5509/1785

vt -174.22 30.2461
vt -168.72 29.6602
vt -168.43 29.8816
f 1437/5510/1784 1433/5511/1778 1432/5512/1777

vt -168.269 33.0804
vt -174.229 30.1051
vn -0.994272 0.0348518 -0.10104
vt -168.438 29.7405
vn -0.995563 0.0278858 -0.0898654
f 1403/5513/1720 1437/5514/1786 1432/5515/1787

vt -174.337 33.0622
vt -174.16 29.9027
vt -168.201 32.8796
f 1402/5516/1719 1437/5517/1786 1403/5518/1720

v 7.15329 29.5845 -176.059
vt -183.218 30.1949
vn -0.986495 0.0722347 -0.147005
vt -173.452 29.5844
vt -173.636 32.7436
f 1438/5519/1788 1437/5520/1786 1402/5521/1719

vt -173.331 31.4884
vt -183.097 32.0998
vn -0.990085 0.102528 -0.0960213
v 7.19664 29.3623 -176.255
vt -183.307 31.8671
vn -0.987081 -0.0171372 -0.159304
f 1437/5522/1784 1438/5523/1789 1439/5524/1790

vt -181.971 31.5255
v 7.58749 30.9647 -178.44
vt -184.499 32.968
vn -0.984255 0.170412 -0.0469305
vt -182.18 31.2933
f 1438/5525/1789 1440/5526/1791 1439/5527/1790

vt -183.158 35.7261
v 7.69037 31.197 -178.352
vt -185.515 37.5529
vn -0.900619 0.415045 0.128927
vt -185.613 37.2897
f 1438/5528/1789 1441/5529/1792 1440/5530/1791

vt -185.315 30.1655
vn -0.969576 0.0839857 -0.22993
vt -182.861 28.4711
vt -173.282 31.0323
f 1441/5531/1793 1438/5532/1788 1402/5533/1719

vt -185.289 29.7139
vt -173.256 30.5824
vt -186.26 35.2259
f 1441/5534/1793 1402/5535/1719 1401/5536/1718

vt -183.775 28.7857
vt -184.783 34.2911
v 8.97885 36.3649 -181.5
vt -187.276 34.2201
vn -0.935311 0.191943 -0.29724
f 1441/5537/1793 1401/5538/1718 1442/5539/1794

vt -184.517 22.8816
vt -185.041 27.6602
vt -187.01 22.8054
f 1401/5540/1718 1400/5541/1717 1442/5542/1794

vt -188.075 25.8936
vt -186.041 30.7216
v 11.1837 40.1187 -185.255
vt -192.357 30.105
vn -0.826623 0.475621 -0.300798
f 1442/5543/1794 1400/5544/1717 1443/5545/1795

vt -184.421 5.75886
v 14.4571 44.6395 -179.735
vt -185.937 11.6145
vn -0.542614 0.823328 -0.166438
vt -190.716 4.94846
f 1400/5546/1717 1444/5547/1796 1443/5548/1795

vt -184.635 6.51982
vt -173.855 15.1654
vt -186.125 12.3822
f 1400/5549/1717 531/5550/369 1444/5551/1796

vt -174.27 26.436
vt -175.816 33.4263
vt -187.216 25.6151
f 1399/5552/1716 531/5553/369 1400/5554/1717

vt -168.5 30.4308
vt -175.975 37.9209
vt -174.618 30.8916
f 574/5555/365 531/5556/369 1399/5557/1716

vt -178.879 -32.0361
vt -167.093 -27.6318
vt -179.633 -31.2038
vn -0.410606 0.895997 -0.169093
f 1444/5558/1796 531/5559/369 534/5560/1797

vt -189.929 -31.2798
vn -0.400816 0.864261 -0.303973
vt -179.914 -29.6245
vt -180.654 -28.7801
f 536/5561/1798 1444/5562/1796 534/5563/1797

v 15.5544 43.6542 -188.593
vt -185.37 -49.4426
vn -0.546419 0.767552 -0.335097
vt -176.501 -46.3807
vt -186.418 -48.5511
f 1445/5564/1799 1444/5565/1796 536/5566/1798

vt -191.055 6.55806
vt -186.23 13.1905
vt -195.5 11.745
f 1443/5567/1795 1444/5568/1796 1445/5569/1799

v 14.1269 41.7095 -189.012
vt -187.087 -4.55757
vn -0.742454 0.584517 -0.327264
vt -182.262 -6.64437
vt -187.278 -2.00653
f 1446/5570/1800 1443/5571/1795 1445/5572/1799

v 12.3856 40.2621 -187.542
vt -182.222 -4.30955
vn -0.838116 0.349983 -0.418418
vt -179.524 -4.48781
vt -184.394 -2.51026
f 1447/5573/1801 1443/5574/1795 1446/5575/1800

vt -180.115 30.531
v 10.8351 37.9935 -185.244
vt -177.238 28.1363
vn -0.900531 0.143648 -0.410376
vt -177.415 30.3796
f 1447/5576/1801 1448/5577/1802 1443/5578/1795

v 12.4815 40.2541 -187.855
vt -191.061 24.4588
vn -0.834102 0.481902 -0.268412
v 10.7195 37.6767 -185.241
vt -187.901 21.6096
vn -0.911192 0.330756 -0.245619
vt -187.941 21.9597
vt -190.719 24.4677
vn -0.796966 0.558448 -0.230174
f 1449/5579/1803 1450/5580/1804 1448/5581/1804 1447/5582/1805 

usemtl _3
vt -188 21.6159
vn -0.909318 0.326818 -0.257547
vt -191.158 24.4673
vn -0.871481 0.401914 -0.281044
v 11.0057 37.5063 -186.349
vt -189.194 21.4274
vn -0.90187 0.321711 -0.288328
f 1450/5583/1806 1449/5584/1807 1451/5585/1808

v 11.9264 38.4658 -188.093
vt -190.414 22.0728
vn -0.901763 0.312962 -0.298123
vt -188.381 21.015
vt -190.361 24.0443
f 1452/5586/1809 1451/5587/1808 1449/5588/1807

usemtl _1
vt -187.858 21.561
vn -0.903025 0.29984 -0.307639
vt -189.894 22.6124
vn -0.90183 0.301313 -0.309698
v 11.3121 36.8522 -187.875
vt -189.47 20.8443
vn -0.901714 0.301369 -0.309982
f 1451/5589/1810 1452/5590/1811 1453/5591/1812

v 11.9037 36.8522 -189.598
vt -191.407 20.8713
vn -0.824389 0.292367 -0.48467
vt -189.503 20.8713
vt -189.927 22.6395
f 1454/5592/1813 1453/5593/1812 1452/5594/1811

usemtl _Orange_3
v 10.8954 36.5033 -187.003
vt -188.5 20.3898
vn -0.919792 0.235671 -0.313754
vt -189.503 20.7724
vn -0.90137 0.302962 -0.30943
vt -191.407 20.7724
vn -0.778327 0.213025 -0.590617
f 1455/5595/1814 1453/5596/1815 1454/5597/1816

usemtl _1
vt -189.468 20.8372
vt -188.465 20.4548
vn -0.913452 0.259775 -0.313245
vt -187.856 21.5539
f 1453/5598/1812 1455/5599/1817 1451/5600/1810

v 10.1629 36.2627 -185.046
vt -186.749 20.9874
vn -0.92385 0.235833 -0.301469
vt -188.319 22.3482
vt -188.931 21.2507
f 1456/5601/1818 1451/5602/1810 1455/5603/1817

usemtl _3
vt -187.726 20.86
vn -0.926988 0.293658 -0.233365
vt -188.094 22.418
vt -189.288 22.2302
f 1456/5604/1819 1450/5605/1806 1451/5606/1808

v 9.90582 36.2972 -183.844
vt -189.697 25.093
vn -0.941214 0.269039 -0.20429
vt -191.307 26.622
vt -190.981 25.0548
f 1457/5607/1820 1450/5608/1806 1456/5609/1819

usemtl _Prussian_Blue_
vt -191.362 26.9975
vt -191.333 26.6464
vt -189.723 25.117
v 9.8397 36.3066 -183.532
vt -189.389 25.1275
vn -0.928196 0.361228 -0.0892584
f 1448/5610/1804 1450/5611/1804 1457/5612/1820 1458/5613/1821 

v 7.62644 31.1826 -178.659
vt -184.07 24.9683
vn -0.96964 0.213829 -0.118638
vt -189.538 30.449
vt -189.871 30.439
f 1459/5614/1822 1458/5615/1821 1457/5616/1820

vt -181.974 48.9323
vt -186.902 55.141
vt -182.301 48.9147
f 1441/5617/1792 1458/5618/1821 1459/5619/1822

vt -180.585 38.4576
vn -0.917965 0.0668952 -0.390979
vt -174.727 33.1187
vt -178.28 38.5185
f 1458/5620/1823 1441/5621/1793 1442/5622/1794

vt -180.324 28.2124
vt -178.019 28.2739
vt -182.377 29.9928
f 1458/5623/1823 1442/5624/1794 1448/5625/1802

vt -182.532 29.6375
vt -178.174 27.9171
vt -182.685 31.8826
f 1448/5626/1802 1442/5627/1794 1443/5628/1795

vt -181.53 45.3076
vt -181.857 45.2915
vt -181.64 45.0493
f 1441/5629/1792 1459/5630/1822 1440/5631/1791

vt -183.546 33.9688
vt -183.779 34.1967
v 9.13136 30.9647 -185.217
vt -190.809 33.9688
vn -0.963478 -0.0201151 -0.26703
f 1440/5632/1791 1459/5633/1822 1460/5634/1824

v 9.13009 31.1826 -185.217
vt -190.761 32.7727
vn -0.945332 0.091077 -0.313134
vt -190.761 32.5451
vt -183.731 32.7727
f 1461/5635/1825 1460/5636/1824 1459/5637/1822

vt -184.374 32.6764
vt -184.374 32.9041
v 10.9322 30.9647 -189.976
vt -189.69 32.6764
vn -0.755309 0.243097 -0.608615
f 1460/5638/1824 1461/5639/1825 1462/5640/1826

v 10.9446 31.1826 -189.833
vt -188.78 13.8575
vn -0.716252 0.410943 -0.564012
vt -188.914 13.6204
vt -183.597 13.8575
f 1463/5641/1827 1462/5642/1826 1461/5643/1825

vt -117.945 -52.1387
v 14.2573 31.1854 -191.992
vt -122.077 -52.1354
vn -0.50631 0.322459 -0.799794
vt -118.016 -52.402
f 1463/5644/1827 1464/5645/1828 1462/5646/1826

usemtl _3
vt -117.89 18.058
vn -0.832056 0.131555 -0.538865
v 11.3079 33.8271 -189.784
vt -118.18 20.8324
vn -0.703794 0.105632 -0.702506
vt -122.022 18.0609
vn -0.431541 0.0757604 -0.898907
f 1463/5647/1829 1465/5648/1830 1464/5649/1831

v 9.57415 33.805 -185.228
vt -184.475 27.0636
vn -0.940328 0.150672 -0.305092
vt -189.568 27.0869
vt -189.481 24.2988
f 1466/5650/1832 1465/5651/1830 1463/5652/1829

usemtl _1
vt -189.6 19.7385
vn -0.833242 0.194335 -0.517631
vt -184.507 19.7147
vn -0.931068 0.244435 -0.270859
v 10.4858 35.5438 -186.392
vt -185.982 21.5887
vn -0.916416 0.219025 -0.334979
f 1465/5653/1833 1466/5654/1834 1467/5655/1835

vt -184.318 19.7328
vt -184.36 22.3799
vt -185.795 21.6057
f 1466/5656/1834 1456/5657/1818 1467/5658/1835

vt -191.557 29.9097
vt -191.621 27.263
v 9.4113 34.5408 -183.514
vt -189.832 28.0554
vn -0.952282 0.236355 -0.19312
f 1456/5659/1818 1466/5660/1834 1468/5661/1836

vt -191.586 27.1084
v 9.33677 33.7992 -184.081
vt -190.361 27.1023
vn -0.952331 0.239841 -0.188527
vt -189.797 27.9013
f 1466/5662/1834 1469/5663/1837 1468/5664/1836

usemtl _3
vt -190.349 30.0824
vn -0.972171 0.153592 -0.176901
vt -191.573 30.0885
vt -191.468 27.3114
vn -0.958624 0.161381 -0.234512
f 1469/5665/1838 1466/5666/1832 1461/5667/1839

vt -183.597 22.6477
vt -183.778 25.4208
vt -188.78 22.6477
f 1461/5668/1839 1466/5669/1832 1463/5670/1829

vt -191.499 31.999
vt -192.637 29.2361
v 9.2789 33.9717 -183.554
vt -190.945 32.1811
vn -0.962073 0.19934 -0.186224
f 1469/5671/1838 1461/5672/1839 1470/5673/1840

vt -190.761 25.8518
vt -183.731 25.8518
vt -189.102 28.8156
f 1461/5674/1839 1459/5675/1822 1470/5676/1840

vt -190.026 28.629
vt -190.041 28.0173
vt -184.689 25.019
f 1468/5677/1836 1470/5678/1840 1459/5679/1822

usemtl _1
vt -190.767 28.1261
vt -190.215 28.3115
vt -190.2 28.9232
f 1469/5680/1837 1470/5681/1840 1468/5682/1836

usemtl _3
vt -184.645 25.0306
vt -190.423 30.5258
vt -189.984 28.6387
f 1459/5683/1822 1457/5684/1820 1468/5685/1836

vt -191.088 29.7425
vt -189.355 27.8946
vt -189.804 29.7796
f 1456/5686/1819 1468/5687/1836 1457/5688/1820

usemtl _1
v 10.4936 35.8492 -186.218
vt -186.545 24.4725
vn -0.923087 0.19733 -0.330108
vt -186.713 24.1458
vt -185.276 24.9148
f 1471/5689/1841 1467/5690/1835 1456/5691/1818

usemtl _Orange_3
vt -188.099 26.487
vn -0.929728 0.200391 -0.308947
vt -189.01 27.1846
vt -188.27 26.1613
vn -0.929441 0.199253 -0.310543
f 1471/5692/1842 1455/5693/1814 1467/5694/1843

usemtl _1
vt -188.156 27.8303
vt -187.243 27.1355
vt -185.973 27.5747
f 1455/5695/1817 1471/5696/1841 1456/5697/1818

usemtl _Orange_3
vt -188.843 27.1953
v 11.5959 35.5659 -189.683
vt -191.73 26.1961
vn -0.835419 0.217524 -0.504736
vt -188.102 26.1726
f 1455/5698/1814 1472/5699/1844 1467/5700/1843

vt -190.936 24.3427
vt -190.912 22.9581
vt -188.028 23.9671
f 1454/5701/1816 1472/5702/1844 1455/5703/1814

v 14.6362 35.5802 -191.746
vt -125.267 7.36078
vn -0.395592 0.106027 -0.912286
vt -121.428 7.34562
vt -121.644 8.71338
f 1473/5704/1845 1472/5705/1844 1454/5706/1816

usemtl _1
vt -125.223 18.7584
vn -0.321985 0.0909468 -0.942366
v 14.484 33.8376 -191.888
vt -125.175 16.9253
vn -0.438974 0.118894 -0.890599
vt -121.384 18.7433
vn -0.712672 0.149352 -0.685414
f 1473/5707/1846 1474/5708/1847 1472/5709/1848

vt -52.9207 18.3967
v 19.5819 33.8426 -192.87
vt -58.217 16.5728
vn -0.144912 0.0583275 -0.987724
vt -52.7926 16.5675
f 1473/5710/1846 1475/5711/1849 1474/5712/1847

v 19.6947 35.5873 -192.792
vt -60.9695 26.241
vn -0.154268 0.0536497 -0.986571
vt -60.8704 24.4151
vt -55.5722 26.2335
f 1476/5713/1850 1475/5714/1849 1473/5715/1846

vt -41.8128 27.0693
v 21.1252 35.5875 -192.945
vt -43.3159 27.0695
vn -0.0714313 0.0370234 -0.996758
vt -41.7042 25.2439
f 1476/5716/1850 1477/5717/1851 1475/5718/1849

usemtl _Orange_3
vt -41.8138 19.2955
vn -0.154002 0.0833575 -0.984548
v 19.5491 36.8522 -192.662
vt -41.648 20.6225
vn -0.144259 0.079929 -0.986307
vt -43.3169 19.2957
vn -0.103808 0.0917257 -0.990359
f 1476/5719/1852 1478/5720/1853 1477/5721/1854

vt -60.975 22.209
vt -55.5777 22.2015
vt -60.7985 23.5346
f 1476/5722/1852 1473/5723/1845 1478/5724/1853

v 14.7068 36.8522 -191.669
vt -55.3107 24.8038
vn -0.40581 0.077819 -0.910639
vt -60.4756 24.8038
vt -55.2546 23.4714
f 1479/5725/1855 1478/5726/1853 1473/5727/1845

usemtl _1
vt -60.4756 17.5873
vn -0.176779 0.106645 -0.978456
vt -55.3107 17.5873
vn -0.419406 0.138608 -0.897155
v 19.2194 38.4658 -192.417
vt -60.0866 19.283
vn -0.199271 0.0968946 -0.975142
f 1478/5728/1856 1479/5729/1857 1480/5730/1858

vt -54.7079 19.2849
v 14.7542 38.4658 -191.515
vt -54.7247 20.9791
vn -0.439945 0.097757 -0.892688
vt -59.4844 20.9791
f 1479/5731/1857 1481/5732/1859 1480/5733/1858

vt -143.017 27.2702
vt -143.085 25.5773
v 12.396 38.4658 -189.462
vt -139.75 27.2702
vn -0.738507 0.21934 -0.637571
f 1481/5734/1859 1479/5735/1857 1482/5736/1860

vt -128.037 2.3974
vt -131.348 0.659984
vt -127.707 0.659984
f 1482/5737/1860 1479/5738/1857 1454/5739/1813

usemtl _Orange_3
vt -131.348 25.9854
vt -131.337 24.6519
vt -127.707 25.9854
f 1479/5740/1855 1473/5741/1845 1454/5742/1816

usemtl _1
vt -189.943 22.6716
vt -191.455 22.6716
vt -191.423 20.9035
f 1452/5743/1811 1482/5744/1860 1454/5745/1813

usemtl _3
vt -191.455 22.6729
vn -0.79363 0.287217 -0.536338
vt -189.943 22.6729
v 12.931 40.2196 -189.315
vt -191.491 24.5946
vn -0.78778 0.376839 -0.487232
f 1482/5746/1861 1452/5747/1809 1483/5748/1862

vt -191.141 23.003
vt -191.079 24.9742
vt -192.675 24.9362
f 1452/5749/1809 1449/5750/1807 1483/5751/1862

vt -190.582 2.5057
v 13.8791 41.4474 -189.064
vt -192.238 4.10037
vn -0.707089 0.548278 -0.446561
vt -192.178 2.45965
f 1449/5752/1807 1484/5753/1863 1483/5754/1862

usemtl _Prussian_Blue_
vt -190.565 2.48248
vt -190.223 2.4932
vt -192.221 4.07679
vn -0.733684 0.618879 -0.280528
f 1449/5755/1803 1447/5756/1805 1484/5757/1864

vt -194.384 10.8361
vt -196.263 12.9395
vn -0.699108 0.694924 -0.168311
vt -196.264 12.5586
f 1447/5758/1805 1446/5759/1865 1484/5760/1864

v 15.5803 42.7856 -190.408
vt -196.308 7.04058
vn -0.543745 0.486922 -0.683556
vt -194.489 5.09718
vt -194.503 5.47783
f 1485/5761/1866 1484/5762/1864 1446/5763/1865

v 15.5246 42.6037 -190.475
vt -172.122 -2.05648
vn -0.531122 0.430961 -0.729508
vt -169.927 -3.38747
vt -172.098 -1.84715
f 1486/5764/1867 1484/5765/1864 1485/5766/1866

usemtl _3
vt -171.996 -1.93998
vn -0.531053 0.429801 -0.730243
v 14.8061 40.2341 -191.347
vt -172.308 -4.66521
vn -0.448685 0.305167 -0.839974
vt -169.801 -3.26982
f 1486/5767/1868 1487/5768/1869 1484/5769/1863

vt -74.9026 -34.0848
vt -77.3654 -33.7773
vn -0.233792 0.362497 -0.902184
vt -74.4582 -36.7916
f 1486/5770/1868 789/5771/1870 1487/5772/1869

usemtl _Prussian_Blue_
vt -74.9145 -34.1712
vt -74.9492 -33.9634
vt -77.3773 -33.8636
vn -0.278363 0.335927 -0.899815
f 1486/5773/1867 1485/5774/1866 789/5775/1871

vt -76.2953 -5.83391
vn -0.282098 0.26546 -0.921928
vt -76.2063 -6.04168
vt -73.7779 -6.13637
v 17.6738 43.0368 -190.978
vt -76.0436 -5.86437
f 781/5776/1872 789/5777/1871 1485/5778/1866 1488/5779/1872 

vt -106.349 -127.067
vn -0.501656 0.777528 -0.379198
vt -105.449 -125.167
vt -108.564 -126.517
vn -0.342246 0.789999 -0.508694
f 1485/5780/1873 1445/5781/1799 1488/5782/1874

vt -188.458 -2.1704
vt -188.616 0.382953
vt -190.383 -0.757526
f 1446/5783/1800 1445/5784/1799 1485/5785/1873

vt -135.679 -64.3676
vt -137.645 -65.6526
vt -134.365 -64.7753
f 536/5786/1798 1488/5787/1874 1445/5788/1799

vt -123.059 -83.8486
vt -123.344 -83.7833
vt -124.945 -85.2484
vn -0.305651 0.772604 -0.556471
f 536/5789/297 537/5790/298 1488/5791/1875

vt -97.2787 -113.984
vn -0.239206 0.803151 -0.545646
vt -97.0298 -114.033
vt -95.6319 -112.373
f 781/5792/1876 1488/5793/1875 537/5794/298

vt -122.136 -82.1692
vt -126.525 -81.1826
vt -123.968 -83.5665
f 537/5795/299 779/5796/712 781/5797/714

vt -188.462 -56.48
vt -185.059 -59.4217
vt -178.684 -52.2523
f 779/5798/712 537/5799/299 538/5800/301

vt -146.888 -113.165
vt -152.986 -108.997
vt -154.741 -120.364
f 538/5801/301 775/5802/708 779/5803/712

vt -152.269 -109.845
vt -146.146 -113.976
vt -146.313 -103.207
f 775/5804/708 538/5805/301 539/5806/304

usemtl _3
vt -58.9829 -18.7506
vt -60.7853 -21.5474
vn -0.205427 0.171671 -0.963498
vt -55.9708 -21.6603
f 789/5807/1870 790/5808/1877 1487/5809/1869

vt -54.9405 23.3521
vt -59.7551 23.4595
vt -59.682 21.496
vn -0.205403 0.097042 -0.973854
f 1487/5810/1869 790/5811/1877 1480/5812/1878

v 20.1633 38.9175 -192.587
vt -65.2443 21.9452
vn -0.221114 0.0967384 -0.970438
vt -64.2432 21.4711
vt -64.3119 23.4348
f 1489/5813/1879 1480/5814/1878 790/5815/1877

usemtl _1
v 19.7398 38.177 -192.551
vt -62.5752 25.8684
vn -0.192876 0.0923544 -0.976867
vt -62.0142 26.1709
vt -63.0157 26.6441
vn -0.220362 0.0782685 -0.972273
f 1490/5816/1880 1480/5817/1858 1489/5818/1881

vt -58.11 18.7605
vt -58.6704 18.4569
vt -58.497 17.0643
f 1480/5819/1858 1490/5820/1880 1478/5821/1856

vt -48.8248 19.4339
v 19.9272 37.1835 -192.682
vt -49.0379 18.3902
vn -0.185636 0.0937554 -0.978136
vt -48.6439 18.0422
f 1490/5822/1880 1491/5823/1882 1478/5824/1856

vt -66.5903 23.6753
vt -67.0295 24.4517
vt -66.8123 22.6335
f 1490/5825/1880 1489/5826/1881 1491/5827/1882

usemtl _Orange_3
vt -42.8684 25.1192
vn -0.110066 0.0686185 -0.991553
vt -43.1027 26.9353
vn -0.10988 0.0689536 -0.99155
v 21.7976 36.1465 -192.961
vt -44.8429 24.0332
vn -0.107401 0.0770576 -0.991225
f 1491/5828/1883 1489/5829/1884 1492/5830/1885

usemtl _Prussian_Blue_
vt 201.209 27.9571
vn 0.862161 0.506394 0.015578
vt 201.994 22.8803
vt 201.572 26.2378
f 790/5831/1886 1492/5832/1886 1489/5833/1886

vt -45.4277 17.7489
vn -0.112606 0.0671666 -0.991367
vt -42.7761 22.1489
vt -45.649 17.7504
f 1492/5834/1887 790/5835/729 791/5836/730

vt -45.3407 31.0243
vt -45.562 31.0257
v 24.7058 31.1854 -193.461
vt -48.4188 25.8376
vn -0.134351 0.0522045 -0.989558
f 1492/5837/1887 791/5838/730 1493/5839/1888

v 25.0508 30.9656 -193.525
vt -63.9842 34.0578
vn -0.145234 0.0613285 -0.987495
vt -63.6175 34.2874
vt -60.7556 39.4727
f 1494/5840/1889 1493/5841/1888 791/5842/730

v 19.47 30.9656 -192.958
vt -40.605 6.06068
vn -0.15077 0.125352 -0.980589
v 19.4678 31.1854 -192.929
vt -40.5996 6.29221
vn -0.137978 0.129345 -0.981953
vt -46.1007 6.29225
vt -46.4661 6.06064
f 1495/5843/1890 1496/5844/1891 1493/5845/1888 1494/5846/1889 

vt -55.7108 7.4893
vt -55.7185 7.25784
vt -50.1793 7.4893
vn -0.175936 0.122385 -0.976764
f 1496/5847/1891 1495/5848/1890 1464/5849/1892

vt -55.8024 9.27979
v 14.2402 30.9656 -192.015
vt -50.2499 9.27979
vn -0.176255 0.117306 -0.97733
vt -50.2631 9.51096
f 1495/5850/1890 1497/5851/1893 1464/5852/1892

vt -55.8024 -36.1195
vn -0.130931 0.343287 -0.93006
v 19.4644 29.2201 -193.602
vt -55.9159 -38.06
vn -0.138193 0.377828 -0.915505
vt -50.2499 -36.1195
vn -0.378238 0.210093 -0.901552
f 1495/5853/1894 1498/5854/1895 1497/5855/1896

vt -46.4773 -38.0387
vn -0.113273 0.225329 -0.967676
vt -40.6782 -39.9816
vt -40.6162 -38.0387
f 1494/5856/1897 1498/5857/1895 1495/5858/1894

v 27.546 29.0891 -194.341
vt -46.1439 -31.7765
vn -0.0586366 0.280429 -0.958082
vt -37.6646 -31.6329
vt -43.4731 -29.7185
f 1499/5859/1898 1498/5860/1895 1494/5861/1897

vt -45.4754 -66.2299
vt -44.8135 -67.475
vt -36.9963 -66.0753
f 1499/5862/1898 810/5863/759 1498/5864/1895

vt -34.8282 -62.2153
vt -41.8862 -62.5476
vt -34.1365 -63.4441
f 1499/5865/1898 807/5866/756 810/5867/759

vt -44.2302 -13.7255
vt -37.171 -13.4205
v 31.3793 30.1795 -194.262
vt -41.1693 -12.2542
vn -0.0339797 0.20332 -0.978523
f 807/5868/756 1499/5869/1898 1500/5870/1899

vt -34.4507 -4.22015
v 29.5364 31.0082 -194.068
vt -36.5216 -2.18569
vn -0.0131377 0.154458 -0.987912
vt -38.452 -3.06422
f 1499/5871/1898 1501/5872/1900 1500/5873/1899

v 28.8817 31.983 -193.931
vt -29.9104 4.75539
vn -0.0943829 0.110164 -0.989422
vt -30.5942 3.7268
vt -28.5142 1.70174
f 1502/5874/1901 1501/5875/1900 1499/5876/1898

vt -29.0554 4.168
vn -0.0332517 0.0903379 -0.995356
v 29.9018 31.9832 -193.925
vt -30.1213 4.16818
vn 0.0134673 0.117821 -0.992944
vt -29.7387 3.139
vn 0.00883712 0.162204 -0.986718
f 1502/5877/1902 1503/5878/1903 1501/5879/1904

vt -29.0531 17.6971
v 27.6869 37.3438 -193.523
vt -27.8071 23.315
vn -0.0708853 0.0611686 -0.995607
vt -30.119 17.6973
f 1502/5880/1902 1504/5881/1905 1503/5882/1903

v 26.5363 38.1605 -193.354
vt -49.9159 29.7716
vn -0.108183 0.0619769 -0.992197
vt -51.1304 28.9171
vt -52.4182 23.3086
f 1505/5883/1906 1504/5884/1905 1502/5885/1902

vt -50.4957 27.9996
vt -49.2813 28.8542
v 27.7668 38.1358 -193.488
vt -50.5746 28.8284
vn -0.0961797 0.0835638 -0.99185
f 1504/5886/1905 1505/5887/1906 1506/5888/1907

vt -49.2657 25.0202
vt -50.4777 23.9429
vt -49.1844 23.9688
f 792/5889/736 1506/5890/1907 1505/5891/1906

vt -44.0793 16.5472
vt -42.8707 17.6283
vt -44.7377 16.9819
f 1506/5892/1907 792/5893/736 794/5894/735

vt -35.0266 29.3447
vn 0.181919 0.0585839 -0.981567
vt -35.1089 30.1731
vn -0.0301883 0.0478507 -0.998398
vt -35.7689 30.6054
vn 0.0619381 -0.148652 -0.986948
f 1504/5895/1908 1506/5896/1909 794/5897/1910

vt 14.1736 59.714
v 31.2639 36.5914 -192.667
vt 11.0661 57.659
vn 0.141743 -0.0662421 -0.987685
vt 14.9083 58.4489
f 794/5898/1910 1507/5899/1911 1504/5900/1908

vt -29.8427 115.42
vt -31.9876 115.566
vt -32.8356 113.202
f 794/5901/1910 795/5902/743 1507/5903/1911

v 31.3966 36.9025 -192.651
vt 72.491 69.6235
vn 0.221833 -0.154088 -0.962833
vt 72.6196 69.2939
vt 73.8126 71.5043
f 1508/5904/1912 1507/5905/1911 795/5906/743

vt -44.2759 23.153
v 31.7609 37.119 -192.655
vt -44.6562 23.3799
vn 0.00239573 -0.122407 -0.992477
vt -44.1385 22.8269
f 1508/5907/1912 1509/5908/1913 1507/5909/1911

vt 10.4827 108.245
vt 10.8537 108.003
vt 12.0171 109.986
f 1509/5910/1913 1508/5911/1912 795/5912/743

vt -35.0745 133.673
vt -33.7546 133.57
vt -32.3892 135.446
f 799/5913/745 1509/5914/1913 795/5915/743

vt -42.7331 21.4554
vt -44.054 21.5456
v 31.2517 35.8335 -192.742
vt -42.2061 20.1072
vn 0.131083 0.121348 -0.983917
f 1509/5916/1913 799/5917/745 1510/5918/1914

v 31.2745 32.8944 -193.123
vt -48.7852 8.74818
vn 0.0571773 0.153094 -0.986556
vt -48.7296 11.8444
vt -50.5724 13.2893
f 1511/5919/1915 1510/5920/1914 799/5921/745

vt 60.1621 14.0079
vt 60.3178 10.915
vt 61.9749 9.95615
vn 0.347391 0.23602 -0.907532
f 1510/5922/1914 1511/5923/1915 1503/5924/1916

vt 42.8255 -19.4835
v 31.4296 32.5234 -193.172
vt 42.6928 -19.8853
vn 0.104376 0.346412 -0.932258
vt 44.4661 -20.4705
f 1511/5925/1915 1512/5926/1917 1503/5927/1916

vt -82.2617 29.9805
vt -82.0921 30.3682
v 31.8404 32.3578 -193.281
vt -82.7059 29.8074
vn -0.0986834 0.318867 -0.942648
f 1512/5928/1917 1511/5929/1915 1513/5930/1918

vt -44.619 -12.6636
vt -44.0193 -12.0878
vt -47.0738 -12.673
f 1513/5931/1918 1511/5932/1915 801/5933/747

vt -49.7913 13.5745
vt -51.0583 8.4599
vt -48.0018 9.03426
f 799/5934/745 801/5935/747 1511/5936/1915

vt -44.3666 -70.0044
vt -46.8213 -70.015
v 31.677 30.9111 -194.103
vt -44.2435 -71.7466
vn 0.00889524 0.489404 -0.872012
f 1513/5937/1918 801/5938/747 1514/5939/1919

vt -38.6083 -62.0507
vt -35.8893 -61.8198
vt -38.5007 -60.1391
f 803/5940/749 1514/5941/1919 801/5942/747

vt -39.7264 -14.6986
vn -0.0197642 0.219066 -0.97551
vt -40.0316 -13.914
vn -0.0184408 0.219443 -0.975451
vt -42.7521 -14.1258
f 1500/5943/1920 1514/5944/1921 803/5945/751

vt -33.8182 -11.7566
vt -33.5077 -12.5391
v 30.4033 31.4232 -193.986
vt -32.487 -11.2089
vn 0.00585296 0.185949 -0.982542
f 1514/5946/1921 1500/5947/1920 1515/5948/1922

vt -32.5941 -10.8486
vt -33.4992 -10.4051
vt -34.5214 -11.7343
f 1501/5949/1904 1515/5950/1922 1500/5951/1920

vt -25.7445 5.32245
vt -24.8366 4.88489
vt -25.2226 5.9128
f 1515/5952/1922 1501/5953/1904 1503/5954/1903

vt 36.1728 -43.6521
vn 0.217045 0.441863 -0.87043
vt 36.6473 -43.0231
vt 34.8813 -42.4162
f 1515/5955/1923 1503/5956/1916 1512/5957/1917

vt -2.66523 -77.1337
vt -1.36722 -76.5114
vt -2.55383 -75.1745
f 1514/5958/1919 1515/5959/1923 1512/5960/1917

vt -40.2037 -69.9663
vt -40.6368 -70.1656
vt -40.4976 -71.9065
f 1512/5961/1917 1513/5962/1918 1514/5963/1919

vt -42.8536 -15.4747
vt -39.8136 -15.1472
vt -42.8392 -14.5741
f 806/5964/753 1500/5965/1920 803/5966/751

vt -39.822 -15.0699
vt -42.8621 -15.3973
vt -42.8807 -16.5456
f 1500/5967/1899 806/5968/754 807/5969/756

vt 29.0818 -5.44335
vt 31.1737 0.260009
vt 27.3726 -1.34687
f 1503/5970/1916 1504/5971/1908 1510/5972/1914

vt 18.8976 19.5701
vt 18.9295 18.775
vt 22.7399 20.3596
f 1507/5973/1911 1510/5974/1914 1504/5975/1908

vt -49.4461 18.9628
vt -48.9232 17.6129
vt -48.9295 18.4088
f 1509/5976/1913 1510/5977/1914 1507/5978/1911

vt -51.2027 24.9092
vt -51.1222 23.8578
vn -0.110441 0.0668263 -0.991634
vt -46.3782 21.748
f 792/5979/732 1505/5980/1924 791/5981/731

vt -48.7139 29.2872
vt -51.2141 22.8235
vt -43.9682 27.1814
f 1505/5982/1924 1502/5983/1901 791/5984/731

vt -46.0043 30.6113
vt -53.2522 26.2567
vt -49.2273 25.193
f 791/5985/731 1502/5986/1901 1494/5987/1897

vt -58.4962 -9.3295
vt -62.5148 -8.24236
vt -61.2068 -11.3348
f 1494/5988/1897 1502/5989/1901 1499/5990/1898

vt -39.8772 -51.5404
vt -47.7029 -52.8913
v 18.4625 28.01 -194.033
vt -38.8792 -52.9193
vn -0.146234 0.510844 -0.847144
f 1498/5991/1895 810/5992/759 1516/5993/1925

vt -47.2597 -108.158
vt -39.1163 -106.454
vt -47.9401 -106.42
f 811/5994/760 1516/5995/1925 810/5996/759

vt -45.5786 -83.1343
vt -45.7593 -81.5641
vt -53.9349 -83.1065
f 815/5997/764 1516/5998/1925 811/5999/760

vt -68.6205 -80.9974
v 12.2343 26.7086 -193.315
vt -62.2099 -81.0376
vn -0.491765 0.273911 -0.826522
vt -68.7014 -79.4189
f 815/6000/764 1517/6001/1926 1516/6002/1925

vt -67.7773 62.5362
vt -61.4534 60.3852
vt -61.3666 62.5019
f 815/6003/764 817/6004/766 1517/6005/1926

vt -159.703 46.881
v 9.54964 26.6413 -190.257
vt -155.599 48.923
vn -0.859044 0.0650811 -0.507749
vt -159.85 48.9944
f 817/6006/766 1518/6007/1927 1517/6008/1926

v 9.92244 24.6111 -189.973
vt -158.893 51.8906
vn -0.891827 -0.056856 -0.44879
vt -158.87 54.0675
vt -162.964 52.0037
f 1519/6009/1928 1518/6010/1927 817/6011/766

vt -189.506 38.0489
v 7.75344 26.5233 -185.391
vt -184.227 40.0951
vn -0.962117 -0.0328784 -0.270647
vt -189.647 40.2214
f 1519/6012/1928 1520/6013/1929 1518/6014/1927

v 8.14067 24.4411 -185.13
vt -184.048 37.7643
vn -0.960063 -0.0589192 -0.273509
vt -184.16 39.991
vt -189.44 37.9461
f 1521/6015/1930 1520/6016/1929 1519/6017/1928

vt -191.087 31.3504
v 6.90152 24.2254 -178.977
vt -184.529 31.1201
vn -0.985675 -0.0634508 -0.156265
vt -191.271 33.5723
f 1521/6018/1930 1522/6019/1931 1520/6020/1929

vt -191.389 23.0247
v 8.06766 23.1412 -185.317
vt -191.566 21.6618
vn -0.958835 -0.0612767 -0.277273
vt -184.832 22.7985
f 1521/6021/1930 1523/6022/1932 1522/6023/1931

vt -184.671 19.508
vt -190.064 19.6865
vt -184.829 18.1427
f 1521/6024/1930 1519/6025/1928 1523/6026/1932

vt -184.756 18.3734
vt -189.991 19.9165
v 9.84494 23.2977 -190.135
vt -190.122 18.5377
vn -0.843843 -0.0589992 -0.533336
f 1523/6027/1932 1519/6028/1928 1524/6029/1933

vt -160.03 11.0509
vt -164.102 11.162
vt -160.109 9.66821
f 1519/6030/1928 817/6031/766 1524/6032/1933

vt -162.899 2.79097
vt -166.886 4.29949
v 12.1929 23.3946 -193.112
vt -166.86 2.894
vn -0.536094 -0.054625 -0.842389
f 1524/6033/1933 817/6034/766 1525/6035/1934

vt -58.9775 -0.338869
vt -65.4815 -1.68256
vt -58.7949 -1.73269
f 817/6036/766 818/6037/767 1525/6038/1934

vt -64.8606 78.5292
vt -58.2238 75.4796
vt -58.174 78.4774
f 818/6039/767 824/6040/773 1525/6041/1934

vt -165.101 48.2379
vt -161.629 51.0918
vt -165.59 51.196
f 824/6042/773 1524/6043/1933 1525/6044/1934

v 10.3752 20.4492 -189.518
vt -164.674 50.2756
vn -0.859318 -0.18845 -0.475457
vt -164.856 53.3655
vt -168.308 50.4867
f 1526/6045/1935 1524/6046/1933 824/6047/773

vt -189.083 35.265
vt -184.124 38.1647
vt -189.49 38.3333
f 1526/6048/1935 1523/6049/1932 1524/6050/1933

v 8.61927 20.2196 -184.947
vt -182.974 34.2395
vn -0.939353 -0.163347 -0.301553
vt -183.121 37.3665
vt -188.09 34.4853
f 1527/6051/1936 1523/6052/1932 1526/6053/1935

vt -190.67 27.4343
v 7.37222 19.7903 -178.851
vt -184.169 26.9759
vn -0.969324 -0.168807 -0.178648
vt -190.923 30.5545
f 1527/6054/1936 1528/6055/1937 1523/6056/1932

v 8.88887 18.1103 -184.894
vt -190.854 22.8129
vn -0.952855 -0.121394 -0.278083
vt -184.349 24.5831
vt -190.85 25.0354
f 1529/6057/1938 1528/6058/1937 1527/6059/1936

v 7.65984 17.6366 -178.811
vt -184.406 22.4028
vn -0.973076 -0.164264 -0.161679
vt -184.385 24.6734
vt -190.89 22.9022
f 1530/6060/1939 1528/6061/1937 1529/6062/1938

v 6.55101 16.9318 -169.648
vt -176.636 19.7136
vn -0.967292 -0.227024 -0.113166
vt -186.282 22.7274
vt -186.279 20.4567
f 1531/6063/1940 1528/6064/1937 1530/6065/1939

v 6.40718 17.5576 -169.566
vt -176.119 22.1013
vn -0.977874 -0.171761 -0.119414
vt -185.861 24.4836
vt -176.227 21.4335
f 1532/6066/1941 1528/6067/1937 1531/6068/1940

vt -185.951 24.0408
vt -176.207 21.6669
v 6.81726 22.9408 -179.159
vt -186.184 27.3908
vn -0.986173 -0.0662609 -0.151898
f 1528/6069/1937 1532/6070/1941 1533/6071/1942

vt -186.801 25.5375
vt -176.793 19.8686
v 5.61291 22.1332 -167.67
vt -174.731 24.6869
vn -0.993127 -0.0654514 -0.0970317
f 1533/6072/1942 1532/6073/1941 1534/6074/1943

v 6.3555 17.3883 -168.723
vt -176.186 19.2141
vn -0.979964 -0.174334 -0.096324
vt -175.022 24.2175
vt -177.068 19.3926
f 1535/6075/1944 1534/6076/1943 1532/6077/1941

v 5.58147 21.806 -166.915
vt -174.118 24.1095
vn -0.993299 -0.0826123 -0.0808288
vt -174.906 24.4544
vt -176.078 19.4527
f 1536/6078/1945 1534/6079/1943 1535/6080/1944

vt -175.189 23.4338
vt -174.399 23.0914
v 5.42756 23.7829 -166.367
vt -173.817 25.1605
vn -0.994182 -0.0858578 -0.06505
f 1534/6081/1943 1536/6082/1945 1537/6083/1946

vt -174.332 23.1756
v 5.35791 23.7504 -165.441
vt -172.779 25.2105
vn -0.996128 -0.043375 -0.076467
vt -173.749 25.2444
f 1536/6084/1945 1538/6085/1947 1537/6086/1946

vt -172.956 22.4986
vn -0.985828 -0.0675816 -0.153544
vt -168.763 24.4391
vn -0.987385 0.0166305 -0.157461
vt -171.398 24.5304
vn -0.985722 0.0341295 -0.164889
f 1536/6087/1948 849/6088/1949 1538/6089/1950

vt -171.829 22.6122
vn -0.984897 -0.0849042 -0.150895
vt -169.421 25.6968
vt -173.612 23.7533
f 846/6090/1951 849/6091/1949 1536/6092/1948

vt -171.097 24.1611
vt -172.877 25.3076
vt -172.902 19.9554
vn -0.96625 -0.19209 -0.171649
f 846/6093/1951 1536/6094/1948 843/6095/1952

vt -173.378 19.5197
vt -173.366 24.872
vt -175.353 20.2267
vn -0.973797 -0.159743 -0.161871
f 843/6096/1952 1536/6097/1948 1535/6098/1953

vt -172.601 22.3114
vt -174.573 23.0294
v 6.48023 16.8658 -168.791
vt -174.666 22.4714
vn -0.955173 -0.23621 -0.178464
f 843/6099/1952 1535/6100/1953 1539/6101/1954

vt -176.16 19.5614
vn -0.963499 -0.248841 -0.0987283
vt -176.076 20.1209
vt -177.059 19.6321
f 1539/6102/1955 1535/6103/1944 1531/6104/1940

vt -176.023 20.2324
vt -176.904 20.4134
vt -177.006 19.7446
f 1535/6105/1944 1532/6106/1941 1531/6107/1940

vt -176.104 20.1784
vt -177.002 20.2503
v 7.43864 13.7238 -169.2
vt -176.633 16.7605
vn -0.95672 -0.277132 -0.0887993
f 1539/6108/1955 1531/6109/1940 1540/6110/1956

vt -177.233 19.0536
v 7.48322 13.8098 -170.059
vt -177.74 15.6598
vn -0.967318 -0.232843 -0.100396
vt -176.841 15.5664
f 1531/6111/1940 1541/6112/1957 1540/6113/1956

vt -186.09 22.682
vt -177.012 18.5329
vt -176.449 21.9179
f 1530/6114/1939 1541/6115/1957 1531/6116/1940

v 8.12091 14.6825 -178.787
vt -186.824 16.4011
vn -0.977394 -0.153716 -0.145161
vt -177.682 15.4782
vt -186.806 19.5251
f 1542/6117/1958 1541/6118/1957 1530/6119/1939

v 8.11982 14.2474 -178.798
vt -186.94 14.8644
vn -0.991897 0.0133235 -0.12634
vt -177.786 14.4071
vn -0.986777 -0.143247 -0.0758334
vt -186.929 15.319
vn -0.991256 0.005775 -0.131824
f 1543/6120/1959 1541/6121/1960 1542/6122/1961

v 7.58313 13.3793 -170.116
vt -177.785 15.1516
vn -0.997652 0.03233 -0.0603827
vt -177.718 15.6121
vt -186.872 16.0804
f 1544/6123/1962 1541/6124/1960 1543/6125/1959

vt -177.778 15.2414
vt -177.845 14.7807
vt -176.879 15.1494
vn -0.970806 -0.214 -0.108351
f 1541/6126/1960 1544/6127/1962 1540/6128/1963

v 7.54078 13.2933 -169.256
vt -176.956 14.6189
vn -0.991697 0.0686924 -0.108712
vt -176.89 15.0803
vt -177.855 14.7111
f 1545/6129/1964 1540/6130/1963 1544/6131/1962

vt -173.167 18.5079
vn -0.986207 0.018144 -0.164517
vt -173.089 18.967
vn -0.962052 -0.202965 -0.182374
vt -175.142 19.174
vt -175.22 18.7144
f 840/6132/1965 844/6133/1966 1540/6134/1963 1545/6135/1964 

vt -172.937 20.501
vn -0.947387 -0.260951 -0.185373
vt -172.315 23.9493
vt -174.991 20.7108
vn -0.947323 -0.263279 -0.182384
f 844/6136/1967 843/6137/1952 1540/6138/1968

vt -175.147 20.5333
vt -172.476 23.7761
vt -174.541 23.9385
f 1540/6139/1968 843/6140/1952 1539/6141/1954

vt -176.163 9.33806
vt -174.081 6.96498
vn -0.960458 0.24757 -0.127395
vt -174.111 9.12969
f 1545/6142/1964 841/6143/1969 840/6144/1965

v 6.92773 11.0577 -169.133
vt -176.306 7.5519
vn -0.964197 0.258047 -0.0611133
vt -174.44 7.58406
vt -176.51 9.96868
f 1546/6145/1970 841/6146/1969 1545/6147/1964

usemtl _CoolGray8_
vt 7.02217 -174.647
vn 0 -0.999859 0.0167705
vt 7.23843 -176.5
vn 0.00936643 -0.999229 -0.0381395
vt 18.0985 -174.647
vn 0.0491397 -0.993378 -0.103857
f 841/6148/1971 1546/6149/1972 837/6150/1973

vt 27.772 174.982
v 6.99132 11.1412 -170.014
vt 27.8885 175.901
vn 0.0211301 -0.994524 -0.102355
vt 16.7599 175.309
f 1546/6151/1972 1547/6152/1974 837/6153/1973

usemtl _Prussian_Blue_
vt -177.786 10.9811
vn -0.965788 0.252743 -0.0580868
vt -176.863 10.891
vt -177.921 13.3985
f 1547/6154/1975 1546/6155/1970 1544/6156/1962

vt -176.835 12.0314
vt -176.977 14.4526
vt -177.876 14.5458
f 1546/6157/1970 1545/6158/1964 1544/6159/1962

vt -177.851 12.26
v 7.90111 12.1567 -178.849
vt -186.976 10.94
vn -0.980405 0.164025 -0.109092
vt -177.7 9.8435
f 1544/6160/1962 1548/6161/1976 1547/6162/1975

vt -187.006 14.6898
vt -187.048 12.4931
vt -177.918 13.7777
f 1543/6163/1959 1548/6164/1976 1544/6165/1962

v 9.28553 14.8579 -184.903
vt -191.858 12.8018
vn -0.964083 0.164116 -0.20883
vt -185.376 9.96322
vt -185.364 12.1602
f 1549/6166/1977 1548/6167/1976 1543/6168/1959

v 8.99311 13.2106 -185.113
vt -192.825 10.1709
vn -0.963971 0.194313 -0.181667
vt -186.185 9.04938
vt -192.65 11.9242
f 1550/6169/1978 1548/6170/1976 1549/6171/1977

usemtl _CoolGray8_
vt 74.4817 171.246
vn 0.0490575 -0.989987 -0.132357
vt 76.3246 177.723
vn 0.101351 -0.981094 -0.164874
vt 60.373 164.674
f 1548/6172/1979 1550/6173/1980 837/6174/1973

vt 105.875 161.238
v 10.0625 14.0387 -188.909
vt 107.298 165.202
vn 0.128104 -0.975874 -0.1768
vt 87.9449 151.078
f 1550/6175/1980 1551/6176/1981 837/6177/1973

usemtl _Prussian_Blue_
vt -190.39 6.52609
vt -190.246 8.28214
vt -194.507 7.40888
vn -0.903212 0.231817 -0.361206
f 1550/6178/1978 1549/6179/1977 1551/6180/1982

vt -193.375 0.320469
vt -189.122 1.22733
v 10.6391 15.3028 -189.352
vt -193.978 1.71982
vn -0.882961 0.193293 -0.427806
f 1551/6181/1982 1549/6182/1977 1552/6183/1983

vt -192.882 12.1672
vt -188.023 11.7007
v 9.30397 15.2346 -184.855
vt -187.98 12.0956
vn -0.965167 0.121715 -0.231597
f 1552/6184/1983 1549/6185/1977 1553/6186/1984

vt -191.769 13.6816
vt -185.275 13.0421
vt -191.723 14.0762
f 1549/6187/1977 1543/6188/1959 1553/6189/1984

vt -185.005 14.6889
vt -184.994 15.1434
vt -191.453 15.7203
f 1543/6190/1959 1542/6191/1961 1553/6192/1984

vt -184.581 19.7348
vt -184.506 22.858
vt -191.039 20.3186
vn -0.959145 -0.145171 -0.242831
f 1542/6193/1958 1530/6194/1939 1553/6195/1985

vt -190.918 20.1487
vt -184.383 22.6843
vt -190.867 23.1844
f 1553/6196/1985 1530/6197/1939 1529/6198/1938

vt -186.025 23.146
vt -185.924 26.1805
v 10.8086 15.6751 -189.482
vt -191.108 23.6109
vn -0.903233 -0.0791647 -0.421785
f 1553/6199/1985 1529/6200/1938 1554/6201/1986

vt -188.678 19.6501
vt -183.483 22.1982
v 10.6224 18.473 -189.42
vt -188.548 22.5778
vn -0.874524 -0.0848125 -0.477508
f 1554/6202/1986 1529/6203/1938 1555/6204/1987

vt -183.141 26.6788
vt -183.09 28.9007
vt -188.205 27.0609
f 1529/6205/1938 1527/6206/1936 1555/6207/1987

vt -188.345 27.372
vt -183.23 29.2133
vt -188.346 29.4554
f 1555/6208/1987 1527/6209/1936 1526/6210/1935

vt -165.74 33.1693
vt -165.669 35.2516
v 12.5873 18.6898 -192.125
vt -169.233 33.3978
vn -0.605461 -0.0805557 -0.791788
f 1555/6211/1987 1526/6212/1935 1556/6213/1988

vt -169.162 33.2797
vt -165.597 35.1332
vt -169.231 35.3383
f 1556/6214/1988 1526/6215/1935 824/6216/773

vt -56.4338 44.3679
vt -63.4063 42.4331
vt -56.5537 42.3116
f 824/6217/773 825/6218/774 1556/6219/1988

vt -63.8693 16.4184
vt -57.1504 13.5042
vt -57.0167 16.2977
f 825/6220/774 831/6221/780 1556/6222/1988

vt -170.144 18.7676
vt -166.52 21.3346
vt -170.013 21.5612
f 831/6223/780 1555/6224/1987 1556/6225/1988

vt -168.399 20.7303
vt -168.234 23.6562
vt -171.857 21.0873
f 1554/6226/1986 1555/6227/1987 831/6228/780

vt -173.16 8.49433
v 12.5609 15.573 -192.054
vt -172.953 8.02938
vn -0.61542 -0.0371849 -0.787321
vt -169.701 8.13644
vn -0.860914 0.194807 -0.469975
f 831/6229/783 1557/6230/1989 1554/6231/1990

vt -57.4839 64.4422
vt -50.554 64.3043
vt -50.727 64.7829
f 832/6232/782 1557/6233/1989 831/6234/783

vt -57.4842 64.429
v 12.1398 14.2519 -191.627
vt -50.0383 62.8658
vn -0.529892 -0.168503 -0.831156
vt -50.5542 64.2912
f 832/6235/782 1558/6236/1991 1557/6237/1989

v 19.0205 14.4477 -192.445
vt -39.5544 125.992
vn -0.0868945 -0.619724 -0.779995
vt -32.3158 125.742
vt -39.6963 127.59
f 1559/6238/1992 1558/6239/1991 832/6240/782

usemtl _CoolGray8_
vt 51.9646 194.335
vn 0.0209929 -0.99784 -0.0622476
vt 45.4252 197.449
vt 53.1139 190.944
f 1558/6241/1993 1559/6242/1993 1551/6243/1993

usemtl _6
vt -21.3515 196.705
vn -0.00733848 -0.991055 -0.133254
vt -30.9002 199.907
vn -0.00043546 -0.991143 -0.132799
vt -27.6866 173.599
f 1551/6244/1994 1559/6245/1995 837/6246/792

vt -10.0346 202.027
vt -17.9754 203.312
vt -9.54099 175.528
f 1559/6247/1995 835/6248/790 837/6249/792

usemtl _Prussian_Blue_
vt -45.6971 151.524
vt -37.6566 151.283
vt -45.7802 153.276
f 835/6250/788 1559/6251/1992 833/6252/784

vt -56.3675 126.05
vt -48.1802 124.337
vt -48.362 125.931
f 833/6253/784 1559/6254/1992 832/6255/782

vt -164.999 -1.02462
vt -167.841 -2.13576
vt -164.268 -2.36121
f 1552/6256/1983 1558/6257/1991 1551/6258/1982

vt -171.768 8.37718
vt -171.151 6.99297
vt -168.304 8.09409
f 1557/6259/1989 1558/6260/1991 1552/6261/1983

vt -169.163 -2.20751
vt -169.375 -1.81248
vt -172.627 -1.92085
f 1552/6262/1983 1554/6263/1990 1557/6264/1989

vt -193.049 0.775005
vt -188.148 0.699743
vt -193.229 1.18582
f 1552/6265/1983 1553/6266/1984 1554/6267/1990

usemtl _CoolGray8_
vt 29.4837 175.51
vt 30.4571 184.799
vt 18.3502 175.019
f 1547/6268/1974 1548/6269/1979 837/6270/1973

usemtl _Prussian_Blue_
vt -168.798 23.4049
v 5.146 25.774 -163.477
vt -169.373 25.614
vn -0.978144 0.114 -0.173892
vt -171.433 23.4963
f 849/6271/1949 1560/6272/1996 1538/6273/1950

vt -165.187 26.2942
vn -0.959012 0.219983 -0.178616
vt -169.331 25.6083
vt -168.756 23.3993
f 852/6274/1997 1560/6275/1996 849/6276/1949

vt -168.57 19.7733
vt -164.429 20.4769
v 5.19829 26.8516 -162.44
vt -167.518 20.93
vn -0.947275 0.262698 -0.183468
f 1560/6277/1996 852/6278/1997 1561/6279/1998

vt -167.803 19.0967
vt -164.716 18.635
vt -165.848 20.7464
vn -0.938756 0.295348 -0.177502
f 1561/6280/1998 852/6281/1997 1431/6282/1999

vt -165.801 20.6886
vt -164.668 18.5778
vt -160.873 20.3328
vn -0.938729 0.294905 -0.178377
f 1431/6283/1999 852/6284/1997 856/6285/2000

vt -170.89 27.6779
vt -169.801 27.5603
vn -0.993582 0.105643 -0.0404282
vt -167.796 29.1496
f 1434/6286/1781 1561/6287/2001 1431/6288/1779

vt -170.885 27.7496
v 5.18578 25.8023 -164.644
vt -172.095 26.5295
vn -0.999209 0.0387219 -0.0090382
vt -169.795 27.6323
f 1434/6289/1781 1562/6290/2002 1561/6291/2001

vt -174.333 28.5026
vt -172.112 26.9109
vt -170.9 28.1288
f 1435/6292/1782 1562/6293/2002 1434/6294/1781

v 5.08468 25.8633 -166.943
vt -173.958 29.1993
vn -0.998278 -0.0226849 -0.0541032
vt -171.554 29.1343
vt -173.757 30.7501
f 1563/6295/2003 1562/6296/2002 1435/6297/1782

vt -173.464 22.6487
vt -171.675 24.7835
vt -174.08 24.848
f 1537/6298/1946 1562/6299/2002 1563/6300/2003

vt -172.111 26.9261
vt -173.919 24.8078
vt -170.892 26.8965
vn -0.99875 -0.0132894 -0.0481887
f 1562/6301/2002 1537/6302/1946 1560/6303/2004

vt -173.756 25.0693
vt -172.786 25.0354
vt -170.723 27.1507
f 1537/6304/1946 1538/6305/1947 1560/6306/2004

vt -172.113 26.8656
vt -170.894 26.836
vt -169.812 27.9655
f 1562/6307/2002 1560/6308/2004 1561/6309/2001

vt -173.207 27.4297
vt -173.76 29.6454
vt -186.472 27.9009
f 1537/6310/1946 1563/6311/2003 1522/6312/1931

vt -186.418 27.7422
vt -173.705 29.4789
v 6.53548 26.3746 -179.039
vt -186.433 30.021
vn -0.981583 0.115702 -0.152012
f 1522/6313/1931 1563/6314/2003 1564/6315/2005

vt -173.955 23.4768
vt -173.804 25.0333
vt -186.683 24.0233
f 1563/6316/2003 1435/6317/1782 1564/6318/2005

vt -186.63 22.9295
vt -173.752 23.9508
v 6.92407 27.8198 -179.07
vt -186.709 24.4915
vn -0.939437 0.315435 -0.134011
f 1564/6319/2005 1435/6320/1782 1565/6321/2006

vt -173.855 24.8399
vt -186.731 23.8042
vt -173.774 23.2579
f 1436/6322/1783 1565/6323/2006 1435/6324/1782

vt -183.745 23.2671
vn -0.954348 0.279262 -0.105986
vt -186.632 21.5355
vt -173.758 22.6003
f 1439/6325/2007 1565/6326/2006 1436/6327/1783

v 7.43267 29.2201 -178.789
vt -186.474 23.6335
vn -0.948015 0.264503 -0.176936
vt -186.705 22.0664
vt -183.815 23.7927
f 1566/6328/2008 1565/6329/2006 1439/6330/2007

vt -184.987 16.39
vt -184.801 17.9631
v 8.16243 27.9075 -185.195
vt -191.516 16.4886
vn -0.880846 0.400941 -0.251706
f 1565/6331/2006 1566/6332/2008 1567/6333/2009

vt -189.979 4.89164
vt -183.297 6.50551
v 9.00288 29.2201 -185.203
vt -190.197 6.50551
vn -0.908478 0.302363 -0.288521
f 1567/6334/2009 1566/6335/2008 1568/6336/2010

vt -183.297 27.8921
vt -190.242 29.7194
vn -0.952678 0.0735099 -0.29496
vt -190.197 27.8921
f 1566/6337/2008 1460/6338/2011 1568/6339/2010

vt -183.546 27.704
vn -0.980006 0.11892 -0.159522
vt -190.809 27.704
vt -183.866 25.8655
f 1440/6340/2012 1460/6341/2011 1566/6342/2008

vt -186.661 29.2018
vt -184.002 29.3513
vt -186.314 31.0354
f 1566/6343/2008 1439/6344/2007 1440/6345/2012

vt -183.596 28.2211
v 10.9008 29.2201 -190.031
vt -188.954 26.3942
vn -0.751994 0.340208 -0.564591
vt -183.534 26.3942
f 1460/6346/2011 1569/6347/2013 1568/6348/2010

vt -189.69 30.6668
vn -0.77079 0.0341204 -0.636175
vt -189.733 28.8432
vt -184.374 30.6668
f 1462/6349/2014 1569/6350/2013 1460/6351/2011

vt -113.889 26.3833
vt -117.95 26.3842
vt -113.892 24.5592
f 1462/6352/2014 1497/6353/1896 1569/6354/2013

vt -113.893 10.9014
vt -117.956 11.1339
vt -117.953 10.9024
vn -0.520345 0.129948 -0.844011
f 1462/6355/1826 1464/6356/1828 1497/6357/2015

vt -125.978 -1.12818
vt -130.019 0.733928
v 14.2342 29.2201 -192.455
vt -130.285 -1.12818
vn -0.368089 0.403761 -0.837549
f 1569/6358/2013 1497/6359/1896 1570/6360/2016

vt -57.5012 -14.8023
vt -63.188 -16.6809
vt -57.5934 -16.6809
f 1497/6361/1896 1498/6362/1895 1570/6363/2016

vt -63.188 -58.6438
v 12.7922 27.9863 -192.766
vt -56.1914 -60.0833
vn -0.383455 0.518295 -0.764417
vt -57.5934 -58.6438
f 1498/6364/1895 1571/6365/2017 1570/6366/2016

vt -63.4408 -64.7493
vt -57.3701 -64.7774
vt -64.3627 -63.3184
f 1516/6367/1925 1571/6368/2017 1498/6369/1895

vt -63.429 -62.5695
vt -56.9158 -64.0989
vt -57.3583 -62.5974
f 1516/6370/1925 1517/6371/1926 1571/6372/2017

vt -150.111 -47.0783
v 9.99161 27.9472 -190.071
vt -146.067 -45.5609
vn -0.73256 0.454187 -0.507021
vt -150.128 -45.513
f 1517/6373/1926 1572/6374/2018 1571/6375/2017

vt -156.671 -14.1872
vt -156.827 -12.742
vt -160.922 -14.1127
f 1518/6376/1927 1572/6377/2018 1517/6378/1926

vt -189.799 5.4816
vt -184.336 6.89089
vt -189.778 6.93506
f 1518/6379/1927 1567/6380/2009 1572/6381/2018

vt -184.964 8.34126
vt -184.917 9.8625
vt -190.385 8.47096
f 1520/6382/1929 1567/6383/2009 1518/6384/1927

vt -191.968 18.2443
vt -185.21 18.0813
vt -191.844 19.7612
f 1520/6385/1929 1564/6386/2005 1567/6387/2009

vt -191.651 32.2898
vt -184.904 29.8533
vt -184.893 32.1321
f 1520/6388/1929 1522/6389/1931 1564/6390/2005

vt -191.46 20.8671
vt -184.82 19.2124
vt -184.932 20.7724
f 1567/6391/2009 1564/6392/2005 1565/6393/2006

vt -189.92 -9.06551
vt -184.478 -9.11568
vt -190.209 -7.4565
f 1572/6394/2018 1567/6395/2009 1569/6396/2013

vt -188.954 -5.40992
vt -183.204 -7.00465
vt -183.534 -5.40992
f 1569/6397/2013 1567/6398/2009 1568/6399/2010

vt -145.943 -36.4691
vt -146.595 -34.9698
vt -150.004 -36.4231
f 1572/6400/2018 1569/6401/2013 1571/6402/2017

vt -129.257 -81.3459
vt -125.978 -79.6189
vt -130.285 -79.6189
f 1571/6403/2017 1569/6404/2013 1570/6405/2016

vt -173.39 29.3706
vt -173.403 29.6135
vt -183.379 29.9916
f 1436/6406/1785 1437/6407/1784 1439/6408/1790

vt -186.567 25.5905
vt -174.677 23.404
vt -173.301 25.1281
f 1522/6409/1931 1534/6410/1943 1537/6411/1946

vt -186.983 22.9942
vt -174.913 22.1477
vt -186.803 24.3406
f 1533/6412/1942 1534/6413/1943 1522/6414/1931

vt -184.786 22.4891
vt -191.52 21.3514
vt -184.956 21.1413
f 1522/6415/1931 1523/6416/1932 1533/6417/1942

vt -191.243 29.6871
vt -184.482 26.1217
vt -184.678 29.474
f 1523/6418/1932 1528/6419/1937 1533/6420/1942

usemtl _3
vt -50.1793 22.096
vt -50.3931 24.8712
vn -0.311071 0.0554219 -0.948769
vt -55.7108 22.096
vn -0.137391 0.0373301 -0.989813
f 1464/6421/1831 1474/6422/2019 1496/6423/2020

vt -119.383 22.5949
vt -123.363 22.6059
vt -123.225 19.8259
f 1465/6424/1830 1474/6425/2019 1464/6426/1831

usemtl _1
vt -119.601 14.81
vt -123.389 12.9865
vt -119.409 12.9754
f 1472/6427/1848 1474/6428/1847 1465/6429/1833

vt -191.722 27.6685
vt -191.726 25.8238
vt -188.093 27.645
f 1472/6430/1848 1465/6431/1833 1467/6432/1835

usemtl _3
vt -52.7801 29.5014
vt -58.2046 29.5067
vn -0.135827 0.0280021 -0.990337
vt -58.0993 26.729
f 1474/6433/2019 1475/6434/2021 1496/6435/2020

vt -36.9635 30.2038
v 21.4212 33.8429 -193.021
vt -38.8919 30.2042
vn -0.0964769 0.0327647 -0.994796
vt -36.8498 27.4265
f 1475/6436/2021 1573/6437/2022 1496/6438/2020

usemtl _1
vt -38.892 29.4191
vn -0.0832144 0.0359648 -0.995882
vt -36.9637 29.4188
vt -38.5772 31.2428
f 1573/6439/2023 1475/6440/1849 1477/6441/1851

vt -31.5468 29.9866
v 21.5487 35.2386 -192.977
vt -31.9904 29.6218
vn -0.0802981 0.0389736 -0.996009
vt -31.8596 28.1626
f 1477/6442/1851 1574/6443/2024 1573/6444/2023

vt -32.6714 30.4577
vt -32.2277 30.8225
vt -32.9302 31.4069
vn -0.0768771 0.0388758 -0.996282
f 1574/6445/2024 1477/6446/1851 1492/6447/2025

usemtl _Orange_3
vt -40.9515 19.7251
vt -43.3204 18.9845
vt -42.6199 18.3978
f 1478/6448/1853 1492/6449/1885 1477/6450/1854

vt -44.9162 24.1687
vt -42.5468 24.9078
vt -42.9417 25.2547
f 1492/6451/1885 1478/6452/1853 1491/6453/1883

usemtl _1
vt -43.4839 28.6021
v 21.7446 34.3226 -193.04
vt -43.4374 26.6944
vn -0.111728 0.0441661 -0.992757
vt -43.2269 27.6524
f 1492/6454/2025 1575/6455/2026 1574/6456/2024

usemtl _3
vt -41.3902 28.6334
vn -0.09272 0.0457868 -0.994639
vt -44.4643 23.4443
vn -0.0999761 0.0394147 -0.994209
vt -41.3428 26.7257
vn -0.0995281 0.0393097 -0.994258
f 1492/6457/2027 1493/6458/2028 1575/6459/2029

vt -44.0485 29.338
vt -47.1717 26.0582
vt -43.7104 28.8365
f 1575/6460/2029 1493/6461/2028 1573/6462/2022

vt -40.5869 24.6929
vt -42.6273 27.4719
vt -46.088 24.6929
f 1496/6463/2020 1573/6464/2022 1493/6465/2028

usemtl _1
vt -46.617 28.437
vt -46.8281 27.4791
vt -46.4903 26.9775
f 1574/6466/2024 1575/6467/2026 1573/6468/2023

usemtl _3
vt -59.4844 20.9801
vt -54.7247 20.9801
vn -0.542881 0.152393 -0.825867
vt -54.7431 22.8367
f 1480/6469/1878 1481/6470/2030 1487/6471/1869

vt -157.491 31.2498
vt -157.583 29.3954
vt -154.602 31.2346
f 1487/6472/1869 1481/6473/2030 1483/6474/1862

vt -139.75 2.95436
vt -140.071 4.8495
vt -143.017 2.95436
f 1482/6475/1861 1483/6476/1862 1481/6477/2030

vt -155.003 -37.0788
vt -155.479 -35.5076
vt -157.893 -37.0604
f 1483/6478/1862 1484/6479/1863 1487/6480/1869

usemtl _Prussian_Blue_
v 5.35421 29.0772 -160.727
vt -167.732 30.117
vn -0.996078 0.0376345 -0.0800793
vt -168.143 33.0122
vt -168.311 29.6723
f 1576/6481/2031 1403/6482/1720 1432/6483/1787

vt -163.189 32.2214
vt -168.386 33.1361
vt -167.977 30.2405
f 1404/6484/1721 1403/6485/1720 1576/6486/2031

vt -167.391 29.4146
vn -0.996073 0.0451729 -0.0761408
vt -163.123 31.9208
vt -167.91 29.9371
f 1430/6487/2032 1404/6488/1721 1576/6489/2031

vt -167.455 29.6574
vt -162.951 31.5001
vn -0.99879 0.0320978 -0.037248
vt -163.186 32.161
f 1430/6490/2032 1429/6491/2033 1404/6492/1721

vt -163.241 32.3236
vt -163.007 31.6625
vt -158.111 33.0002
f 1404/6493/1721 1429/6494/2033 1405/6495/1722

vt -158.098 32.3638
vn -0.999736 0.0204759 -0.0103775
vt -158.098 33.0474
vt -162.994 31.7113
f 1428/6496/2034 1405/6497/1722 1429/6498/2033

vt -152.919 32.384
vt -158.05 33.0598
vt -158.05 32.3763
f 1406/6499/1723 1405/6500/1722 1428/6501/2034

vt -153.155 31.8811
vt -152.919 32.5422
vt -158.051 32.5345
f 1427/6502/1764 1406/6503/1723 1428/6504/2034

vt -168.246 29.5508
vt -167.148 29.4738
vt -167.667 29.9956
f 1432/6505/1787 1430/6506/2032 1576/6507/2031

vt 18.0984 -157.145
vt 18.8 -152.744
vt 4.44789 -152.744
vt 4.50248 -157.145
f 854/6508/804 859/6509/807 861/6510/807 855/6511/804 

vt -146.795 35.6169
vt -151.939 35.3131
vt -147.91 33.5402
vn -0.948598 0.266467 0.170752
f 1426/6512/1767 860/6513/1766 863/6514/2035

vt -145.388 36.3125
vt -140.397 35.2033
vn -0.952005 0.213558 0.219271
vt -144.222 38.3605
f 863/6515/2035 1425/6516/2036 1426/6517/1767

vt -142.353 31.7701
vn -0.95574 0.172434 0.238385
vt -140.8 33.4207
vt -145.794 34.5156
f 865/6518/2037 1425/6519/2036 863/6520/2035

vt -139.666 31.4511
vt -135.145 29.0703
vn -0.953872 0.0940106 0.285114
vt -138.092 33.0812
f 865/6521/2037 1424/6522/2038 1425/6523/2036

vt -137.216 27.5137
vn -0.951958 0.0917248 0.292169
vt -135.331 28.6651
vt -139.853 31.043
f 867/6524/2039 1424/6525/2038 865/6526/2037

vt -132.437 19.4865
vn -0.964233 -0.013879 0.264691
vt -132.272 24.6959
vt -134.165 23.5558
f 869/6527/2040 1424/6528/2038 867/6529/2039

vt -131.988 19.9545
vt -133.907 24.5741
vt -134.065 19.3645
f 1423/6530/1757 1424/6531/2038 869/6532/2040

vt -130.898 14.0634
vt -131.455 18.1216
vt -133.533 17.5321
f 879/6533/822 1423/6534/1757 869/6535/2040

vt -139.122 9.88041
vn -0.905559 -0.320641 0.277763
vt -137.186 10.7833
vt -139.78 14.2821
f 871/6536/2041 879/6537/822 869/6538/2040

vt -125.815 -22.8862
vt -126.112 -22.0474
vt -127.951 -23.1348
f 877/6539/820 879/6540/822 871/6541/2041

vt -130.199 -2.08456
vt -128.138 -6.00309
vt -128.059 -1.87202
f 871/6542/2041 875/6543/818 877/6544/820

vt -132.414 -5.60188
vt -130.251 -5.63563
vt -132.268 -1.69452
f 874/6545/816 875/6546/818 871/6547/2041

vt -111.658 15.8144
vt -138.119 15.3447
vt -111.625 14.7832
vn -0.97818 0.207406 0.0120927
f 1008/6548/1754 880/6549/1753 881/6550/2042

vt -111.824 14.8588
vn -0.999791 0.00176858 -0.020381
vt -112.176 14.8802
vt -111.848 14.5547
f 1009/6551/2043 1362/6552/2043 1008/6553/2043

vt -145.458 31.3795
vt -141.272 32.4454
v 6.81464 38.5245 -139.539
vt -145.616 32.6206
vn -0.609469 0.792597 0.0183683
f 1385/6554/1690 1389/6555/1694 1577/6556/2044

vt -145.404 34.7141
vt -150.203 34.945
vt -145.263 33.4708
f 1577/6557/2044 1381/6558/1682 1385/6559/1690

vt -149.159 30.1255
vt -145.676 30.1952
vt -150.716 31.2785
f 1383/6560/1684 1385/6561/1690 1381/6562/1682

usemtl _6
vt -59.5503 32.4866
vn -0.689087 0.0666474 -0.721607
vt -47.4849 19.0707
vt -47.2909 21.6032
f 997/6563/2045 999/6564/2045 672/6565/2045

vt -61.9261 36.5687
vn -0.756472 0.19624 -0.623891
vt -63.9538 28.0468
vt -51.8667 16.9723
f 671/6566/2046 997/6567/2046 672/6568/2046

vt -14.9633 12.4811
vn 2.07315e-17 0.300049 -0.953924
vt -14.9633 21.2409
vt -36.4592 12.4811
f 997/6569/2047 671/6570/2047 994/6571/2047

vt -42.8879 36.4588
vn -0.0806521 0.104321 -0.991268
vt -42.0609 28.0568
vt -20.4227 36.4588
f 990/6572/2048 994/6573/2048 671/6574/2048

vt -20.4227 -62.7485
vt -32.4974 -51.8451
vt -42.8879 -62.7485
f 671/6575/995 988/6576/997 990/6577/1002

vt -36.4592 65.8321
vn -7.25459e-17 -0.500049 -0.865997
f 994/6578/2049 995/2907/1009 997/2906/1009

vt 71.429 46.5535
vt 69.9177 47.9957
vt 68.0572 43.5698
f 743/6579/646 630/6580/992 986/6581/991

vt 71.2594 46.8315
vt 77.3605 51.2062
vt 69.7427 48.268
f 743/6582/646 744/6583/648 630/6584/992

vt 77.4114 51.099
vt 77.2817 52.6387
vn 0.971706 0.0424985 0.232339
vt 69.7922 48.1642
f 744/6585/648 631/6586/2050 630/6587/992

vt 77.536 51.0062
vt 84.0769 54.9691
vt 77.4083 52.546
f 744/6588/648 745/6589/650 631/6590/2050

vt 84.0567 54.9988
vt 84.8954 56.8324
vn 0.968751 0.0806017 0.234573
vt 77.3891 52.5732
f 745/6591/650 612/6592/2051 631/6593/2050

vt 84.0405 55.0248
v 17.5362 56.9403 -88.5037
vt 94.204 59.5997
vn 0.937835 -0.345545 0.0326344
vt 84.8786 56.8587
f 745/6594/650 1578/6595/2052 612/6596/2051

vt -6.59384 107.844
vt -8.34557 110.062
vt -7.34139 98.9613
f 610/6597/652 1578/6598/2052 745/6599/650

vt 93.2603 61.358
vn 0.961217 0.122526 0.247081
vt 84.8023 56.9355
vt 94.123 59.6922
f 609/6600/2053 612/6601/2051 1578/6602/2052

usemtl _CoolGray8_
vt -8.95786 101.49
vt -8.17623 92.895
vn -0.145761 0.869065 0.472736
vt -8.2587 101.547
f 612/6603/428 631/6604/2054 613/6605/426

usemtl _Prussian_Blue_
vt -80.837 62.6303
vt -72.3713 59.1041
vt -79.3865 64.1313
f 611/6606/424 631/6607/460 612/6608/425

vt -74.8432 58.4549
vt -72.1663 59.3186
vt -80.6178 62.8785
f 632/6609/458 631/6610/460 611/6611/424

vt -76.354 67.9869
v 13.1706 49.4456 -75.3961
vt -71.1918 62.9985
vn -0.750381 0.62535 0.214164
vt -70.9171 63.1542
vn -0.769455 0.607477 0.197255
f 611/6612/655 1579/6613/2055 632/6614/2056

vt -73.5228 60.2337
vt -78.8925 64.998
v 14.4778 52.9324 -81.1358
vt -79.0471 64.771
vn -0.780342 0.599897 0.176606
f 1579/6615/2055 611/6616/655 1580/6617/2057

vt -79.4858 64.0984
vt -85.23 67.6753
vt -79.6379 63.8697
f 611/6618/655 746/6619/654 1580/6620/2057

vt -79.6357 63.8724
vn -0.780301 0.599941 0.176637
vt -85.2276 67.6782
vn -0.81126 0.573702 0.112796
v 13.7127 52.0994 -81.6862
vt -80.3673 62.7806
vn -0.776467 0.605741 0.173716
f 1580/6621/2058 746/6622/2059 1581/6623/2060

vt -82.188 60.2624
vt -87.2209 64.9826
v 14.7429 54.8177 -87.1482
vt -87.6656 63.6962
vn -0.816444 0.568195 0.102825
f 1581/6624/2060 746/6625/2059 1582/6626/2061

vt -89.113 60.8124
vt -88.7081 62.1119
v 15.6306 56.8322 -92.5557
vt -94.6451 63.383
vn -0.825514 0.560534 0.0657901
f 1582/6627/2061 746/6628/2059 1583/6629/2062

vt -94.8155 63.3508
vt -88.8737 62.1021
vt -94.5716 64.4628
vn -0.829652 0.554547 0.0644614
f 1583/6630/2062 746/6631/2059 747/6632/2063

vt -95.2427 62.9509
vt -101.027 64.4679
vn -0.827591 0.559813 0.0412585
vt -95.4696 61.8353
f 747/6633/2063 748/6634/2064 1583/6635/2062

vt -95.4351 61.8782
vt -100.99 64.5156
v 16.0099 57.9334 -98.1245
vt -101.215 63.2656
vn -0.81857 0.573403 0.0339441
f 1583/6636/2062 748/6637/2064 1584/6638/2065

vt -101.972 61.8454
vt -108.124 62.7503
vn -0.809279 0.587232 0.0150491
vt -102.166 60.5901
f 748/6639/2064 749/6640/2066 1584/6641/2065

vt -101.803 60.9041
vt -107.737 63.1279
v 16.278 58.598 -103.995
vt -107.921 61.7698
vn -0.789319 0.613828 0.0137745
f 1584/6642/2065 749/6643/2066 1585/6644/2067

vt -108.563 60.3315
vt -115.125 60.752
vt -108.713 58.9692
f 749/6645/2066 727/6646/617 1585/6647/2067

vt -111.695 59.3684
vt -108.358 58.9886
vt -114.747 60.8511
f 729/6648/619 1585/6649/2067 727/6650/617

usemtl _CoolGray8_
vt -112.061 61.3093
vn -0.85509 0.518471 -0.00307907
vt -112.004 61.0158
vt -108.8 60.7109
vn -0.856716 0.515726 0.00802228
vt -108.72 60.9694
vn -0.858197 0.513193 0.0114158
f 729/6651/2068 730/6652/2068 731/6653/2069 1585/6654/2070 

vt -108.253 62.5219
vt -108.337 62.2645
vt -102.181 61.4545
vn -0.86106 0.507839 0.0259736
f 1585/6655/2070 731/6656/2069 732/6657/2071

vt -102.149 61.7343
vn -0.86245 0.505287 0.0293986
vt -108.275 62.5406
vt -102.202 61.4766
f 1584/6658/2072 1585/6659/2070 732/6660/2071

vt -101.627 63.1507
vt -101.684 62.8937
vt -95.8867 61.5669
vn -0.863832 0.502531 0.0354362
vt -95.8333 61.8196
vn -0.815027 0.574728 0.0736065
f 1584/6661/2072 732/6662/2071 734/6663/2073 1583/6664/2074 

vt -96.0753 61.2411
vt -96.1272 60.9881
vt -90.5323 58.5703
vn -0.75982 0.636057 0.134554
f 1583/6665/2074 734/6666/2073 735/6667/2075

vt -85.8562 64.64
vn -0.769414 0.622093 0.144923
vt -91.1894 67.6014
vt -85.9639 64.3528
f 1582/6668/2076 1583/6669/2074 735/6670/2075

vt -82.1228 70.6948
vt -82.2498 70.4155
vt -77.1151 66.5514
vn -0.853341 0.512217 0.0971748
f 1582/6671/2076 735/6672/2075 736/6673/2077

vt -84.2714 57.3751
vt -84.1863 57.5873
vn -0.887414 0.457007 0.0603391
vt -89.8074 60.7806
f 736/6674/2077 1581/6675/2078 1582/6676/2076

vt -84.2613 57.3959
v 12.4717 48.9768 -76.3123
vt -78.6626 53.94
vn -0.89682 0.438594 0.0578726
vt -84.1761 57.608
f 736/6677/2077 1586/6678/2079 1581/6679/2078

vt -79.0233 53.0729
vn -0.893846 0.442818 0.0703622
vt -79.0379 53.4108
vt -84.6691 56.8136
f 737/6680/2080 1586/6681/2079 736/6682/2077

vt -78.4585 54.1366
v 11.8327 47.217 -73.7528
vt -75.8547 52.4384
vn -0.883819 0.451884 0.1211
vt -78.4686 54.4747
f 737/6683/2080 1587/6684/2081 1586/6685/2079

v 11.7753 47.1734 -74.0585
vt -75.5376 53.2915
vn -0.884532 0.455365 0.101222
vt -75.2135 53.3431
vt -77.792 55.0794
f 1588/6686/2082 1587/6687/2081 737/6688/2080

vt -75.0973 53.6482
vt -75.4215 53.5974
v 11.4626 46.4032 -73.471
vt -74.8499 52.7006
vn -0.875832 0.459546 0.147433
f 1587/6689/2081 1588/6690/2082 1589/6691/2083

usemtl LightSteelBlue
v 11.0802 45.6051 -73.328
vt -74.5805 52.0254
vn -0.898954 0.43139 0.0760535
vt -74.6791 52.9569
vn -0.888289 0.445569 0.111404
vt -75.2474 53.8558
vn -0.894738 0.437743 0.0884653
f 1590/6692/2084 1589/6693/2085 1588/6694/2086

usemtl _CoolGray8_
v 11.0502 45.4948 -73.0166
vt -75.1556 50.3674
vn -0.891696 0.443998 0.0880043
vt -75.5953 51.4251
vt -75.4775 50.4959
vn -0.900717 0.429457 0.0653827
f 1591/6695/2087 1589/6696/2083 1590/6697/2088

v 11.5585 46.4468 -73.1749
vt -71.541 56.779
vn -0.854898 0.475742 0.206927
vt -71.8652 56.7268
vt -71.5038 55.6399
f 1592/6698/2089 1589/6699/2083 1591/6700/2087

vt -71.7234 56.8096
vt -71.399 56.861
vt -71.9175 57.7695
f 1589/6701/2083 1592/6702/2089 1587/6703/2081

usemtl _Prussian_Blue_
vt -74.4901 54.5528
vn -0.854462 0.494153 0.160335
vt -73.9336 53.6671
vn -0.881711 0.451529 0.136772
v 11.7137 45.7102 -69.7431
vt -70.3617 52.8199
vn -0.829108 0.533828 0.166156
f 1587/6704/2090 1592/6705/2091 1593/6706/2092

vt -73.4535 54.2823
vt -73.3771 53.1451
vn -0.862769 0.492367 0.11491
vt -69.8895 53.4024
f 1592/6707/2091 1591/6708/2093 1593/6709/2092

vt -70.0452 52.8432
vt -73.5319 52.574
v 10.2517 42.393 -65.0914
vt -65.485 48.6991
vn -0.838515 0.530759 0.123238
f 1593/6710/2092 1591/6711/2093 1594/6712/2094

vt -65.0505 47.3823
vt -65.9605 48.1446
vt -74.0545 51.9202
f 742/6713/642 1594/6714/2094 1591/6715/2093

vt -61.3617 52.182
vt -65.997 57.4995
vt -62.2018 53.0207
vn -0.789678 0.587773 0.175877
f 742/6716/643 633/6717/644 1594/6718/2095

vt -70.0829 52.7912
vn -0.800878 0.575661 0.16495
vt -65.5191 48.651
vt -69.6473 52.8249
f 1593/6719/2096 1594/6720/2095 633/6721/644

vt -70.0593 52.8973
vt -69.6237 52.9309
vt -75.3973 57.6682
f 1593/6722/2096 633/6723/644 632/6724/2056

vt -65.8423 58.1807
vt -70.745 63.3979
vt -71.0201 63.2431
f 1593/6725/2096 632/6726/2056 1579/6727/2055

vt -72.0556 62.7173
vn -0.753984 0.621546 0.212576
vt -65.753 58.2826
vt -70.9222 63.3538
vn -0.746508 0.631094 0.210823
f 1586/6728/2097 1593/6729/2092 1579/6730/2098

vt -72.1747 57.4803
vt -68.1252 55.5703
vt -74.6248 59.7109
f 1587/6731/2090 1593/6732/2092 1586/6733/2097

vt -72.7093 61.7214
vt -71.5834 62.3713
vt -77.7214 66.0495
f 1586/6734/2097 1579/6735/2098 1581/6736/2060

vt -79.789 63.6884
vt -73.5218 60.235
vt -79.046 64.7724
f 1581/6737/2060 1579/6738/2098 1580/6739/2058

v 9.42081 42.0306 -73.3027
vt -75.6145 46.4345
vn -0.932684 0.353998 0.0691818
vt -66.0625 46.1307
vt -75.1863 50.4227
f 1595/6740/2099 742/6741/642 1591/6742/2093

vt -76.0455 43.9485
vt -66.1353 46.1722
vt -75.6877 46.4599
f 741/6743/640 742/6744/642 1595/6745/2099

usemtl _CoolGray8_
v 8.8501 40.1638 -73.8125
vt -77.295 42.3509
vn -0.954636 0.297143 -0.0194086
vt -77.0646 41.8737
vt -76.7745 44.3937
vn -0.932298 0.361688 -0.00131484
v 9.44894 42.102 -73.5918
vt -77.0771 44.4719
vn -0.924503 0.380681 0.0193798
f 1596/6746/2100 741/6747/2100 1595/6748/2101 1597/6749/2102 

vt -107.848 45.6572
vt -76.662 42.8253
vt -76.8859 43.3057
vn -0.948537 0.315888 0.0221642
f 739/6750/636 741/6751/638 1596/6752/2103

usemtl LightSteelBlue
vt -76.8889 43.3083
vn -0.952769 0.303156 0.0181131
vt -91.5935 49.0629
vt -107.851 45.6572
f 1596/6753/2104 738/6754/633 739/6755/635

vt -91.6947 48.8871
vt -76.976 43.1687
vt -76.7361 45.2873
vn -0.925484 0.376979 0.0369661
f 738/6756/633 1596/6757/2104 1597/6758/2105

vt -76.3067 45.6916
vt -78.9746 53.2567
vt -91.2196 49.4765
f 1597/6759/2105 737/6760/632 738/6761/633

vt -75.8424 49.9219
vt -78.8605 53.4645
vt -76.2137 45.892
f 1590/6762/2084 737/6763/632 1597/6764/2105

vt -76.2842 52.1906
vt -78.5693 53.9391
vt -75.5756 50.3759
f 1588/6765/2086 737/6766/632 1590/6767/2084

usemtl _CoolGray8_
vt -75.3511 50.1281
vt -75.6736 50.255
vt -76.0624 46.2267
f 1591/6768/2087 1590/6769/2088 1597/6770/2102

vt -76.6961 44.626
vt -76.3946 44.5436
vt -76.0642 48.5411
f 1597/6771/2102 1595/6772/2101 1591/6773/2087

vt -9.48889 101.436
vn -0.152662 0.869008 0.470658
vt -9.29691 92.7853
vt -8.59655 92.8322
f 613/6774/2106 631/6775/457 628/6776/454

usemtl _6
vt -10.4033 78.956
vt -13.537 83.4398
vt -13.1134 78.9574
f 635/6777/647 743/6778/646 986/6779/991

usemtl _Prussian_Blue_
vt 23.1318 62.3409
vt 36.2968 55.6352
vt 35.1492 63.0884
vn -0.0193366 0.992022 0.124577
f 977/6780/975 976/6781/974 979/6782/2107

usemtl _CoolGray1_
vt 43.4869 27.5121
vt 43.483 27.8915
vt 43.2173 27.5118
f 930/6783/897 934/6784/904 931/6785/898

usemtl _CoolGray8_
v 20.3217 27.4347 -44.0573
vt -46.0332 28.6651
vn -1 1.8118e-06 -1.33493e-09
v 20.3217 16.4812 -50.8372
vt -53.1173 17.2204
vt -50.261 9.09774
vt -18.8524 8.99238
v 20.3217 16.2988 -15.5756
vt -16.2742 17.0298
v 20.3217 27.7616 -21.9299
vt -22.9134 29.0067
v 20.3217 31.1592 -33.2332
vt -34.7237 32.5567
f 1598/6786/2108 1599/6787/2108 888/6788/2108 890/6789/2108 1600/6790/2108 1601/6791/2108 1602/6792/2108 

usemtl _Prussian_Blue_
v 41.7509 44.7032 -193.761
vt -51.4586 138.874
vn -0.0460094 0.262773 -0.96376
vt -51.4453 138.173
vt -36.3206 138.69
f 1603/6793/2109 785/6794/718 784/6795/717

vt -56.2812 -148.65
vt -41.1454 -148.968
v 41.7509 45.3892 -192.582
vt -56.2037 -147.227
vn -0.0262748 0.917075 -0.397848
f 1603/6796/2109 784/6797/717 1604/6798/2110

vt -38.1834 -137.919
vt -53.3103 -137.504
vt -38.2317 -139.06
f 778/6799/711 1604/6800/2110 784/6801/717

vt -78.8357 -184.478
vt -63.8832 -186.805
vt -77.0949 -174.832
f 1604/6802/2110 778/6803/711 776/6804/709

vt -79.6534 -126.347
vt -72.9173 -126.986
vt -79.4071 -125.232
f 784/6805/717 780/6806/713 778/6807/711

usemtl _CoolGray8_
vt -68.2694 -130.102
vt -60.8587 -131.541
vt -60.7296 -130.378
f 772/6808/706 539/6809/305 540/6810/306

usemtl LightSteelBlue
vt -68.2541 -129.97
vt -60.7143 -130.245
vn -0.127764 0.886213 -0.445313
vt -61.6831 -117.686
f 772/6811/703 540/6812/2111 767/6813/698

vt -79.4297 -110.769
vt -79.7239 -123.362
vt -71.9337 -111.13
f 767/6814/698 540/6815/2111 545/6816/313

vt -90.4218 -115.873
vt -82.6826 -116.416
vn -0.206519 0.877406 -0.433023
vt -81.929 -104.118
f 540/6817/2111 541/6818/2112 545/6819/313

vt -108.131 -101.054
vt -101.255 -100.893
vt -105.579 -88.9992
f 541/6820/2112 542/6821/311 545/6822/313

vt -75.3688 -104.04
vt -80.3296 -116.205
vt -72.8357 -116.606
f 763/6823/692 767/6824/698 545/6825/313

vt -59.5758 -122.54
vt -57.0633 -135.35
vt -51.2072 -122.709
f 768/6826/699 772/6827/703 767/6828/698

usemtl _CoolGray8_
vt -56.8942 -118.712
vn -0.0328582 0.921536 -0.3869
vt -50.18 -118.982
v 41.7509 59.9657 -147.492
vt -56.5078 -113.775
vn -0.0317256 0.920942 -0.388407
f 769/6829/2113 766/6830/696 1605/6831/2114

vt -55.5441 -113.751
vt -49.1856 -118.921
vt -48.9684 -114.039
f 1605/6832/2114 766/6833/696 765/6834/695

usemtl _Prussian_Blue_
v 35.6023 61.5444 -140.756
vt -52.2333 -121.624
vn -0.0272767 0.983577 -0.178415
vt -59.3523 -128.171
vn -0.021754 0.968795 -0.246909
vt -52.7855 -128.617
vn -0.0461757 0.965524 -0.256185
f 1606/6835/2115 1605/6836/2116 765/6837/2117

v 41.7508 61.6051 -140.954
vt -54.0259 -123.754
vn -0.0126484 0.99152 -0.129335
vt -54.5138 -130.78
vt -47.6032 -124.014
f 1607/6838/2118 1605/6839/2116 1606/6840/2115

v 35.7652 62.6565 -125.488
vt -58.5576 -117.975
vn -0.0200847 0.999198 -0.0346511
vt -67.4001 -132.916
vt -61.0302 -133.778
f 1608/6841/2119 1607/6842/2118 1606/6843/2115

v 41.7508 62.7036 -125.522
vt -58.4529 -120.244
vn -0.0080518 0.999391 -0.0339495
vt -60.3119 -136.302
vt -52.2366 -120.932
f 1609/6844/2120 1607/6845/2118 1608/6846/2119

vt -107.754 84.0794
v 41.7508 62.6509 -108.781
vt -89.224 83.3792
vn -0.00825133 0.999659 0.0247661
vt -105.456 89.8962
f 1608/6847/2119 1610/6848/2121 1609/6849/2120

v 35.732 62.6012 -108.814
vt -91.7467 77.4091
vn -0.0203788 0.998709 0.0465239
vt -89.3829 83.2371
vt -107.914 83.9017
f 1611/6850/2122 1610/6851/2121 1608/6852/2119

vt 22.7104 121.688
v 41.7508 61.7765 -95.9151
vt 30.6473 109.081
vn -0.010203 0.99308 0.116999
vt 28.9534 122.448
f 1611/6853/2122 1612/6854/2123 1610/6855/2121

v 35.6608 61.7289 -96.0555
vt 23.2599 108.689
vn -0.0238572 0.986023 0.164894
vt 29.5838 109.411
vt 21.52 121.937
f 1613/6856/2124 1612/6857/2123 1611/6858/2122

vt 31.3195 113.827
vt 38.4381 100.833
vn -0.0121412 0.97676 0.21399
vt 37.6804 114.059
f 1613/6859/2124 623/6860/2125 1612/6861/2123

vt 32.1437 100.777
vn -0.0232435 0.976661 0.213527
vt 38.7809 100.671
vt 31.7109 113.691
f 621/6862/2126 623/6863/2125 1613/6864/2124

vt 20.6249 116.505
vt 15.752 103.639
vt 22.4005 103.706
f 1613/6865/2124 619/6866/436 621/6867/2126

vt 10.9293 116.138
vt 12.7471 103.988
vt 17.2103 117.002
f 618/6868/435 619/6869/436 1613/6870/2124

vt -16.3473 123.154
vt -16.4162 108.67
vt -10.564 111.109
f 1611/6871/2122 618/6872/435 1613/6873/2124

v 29.7384 62.4184 -108.971
vt -20.3197 120.861
vn -0.0453629 0.99865 0.0253227
vt -14.8663 108.902
vt -14.5825 123.384
f 1614/6874/2127 618/6875/435 1611/6876/2122

vt -59.6319 106.124
vt -46.0173 100.381
vt -54.8517 110.113
f 604/6877/416 618/6878/435 1614/6879/2127

vt -111.884 37.6612
vt -111.043 43.83
vt -128.9 39.1162
f 604/6880/416 1614/6881/2127 603/6882/415

vt -129.444 36.855
vt -111.664 41.8512
v 29.8061 62.4817 -125.494
vt -128.889 43.0159
vn -0.042422 0.998473 -0.0353824
f 603/6883/415 1614/6884/2127 1615/6885/2128

vt -126.187 49.237
vt -109.067 47.0026
vt -125.401 55.4163
f 1615/6886/2128 1614/6887/2127 1608/6888/2119

vt -126.414 53.0509
vt -109.921 44.9551
vt -109.094 51.1678
f 1608/6889/2119 1614/6890/2127 1611/6891/2122

vt -82.5408 -102.916
v 29.4905 61.3582 -140.37
vt -82.0956 -119.839
vn -0.0507624 0.986579 -0.155197
vt -76.7438 -105.195
f 1608/6892/2119 1616/6893/2129 1615/6894/2128

vt -97.5117 -110.674
vt -91.5872 -113.099
vt -90.7207 -96.1921
f 1606/6895/2115 1616/6896/2129 1608/6897/2119

vt -62.7907 -117.221
vt -63.8499 -124.155
vt -56.4351 -117.987
f 1606/6898/2115 765/6899/2117 1616/6900/2129

vt -65.569 -111.831
vt -73.3652 -117.51
vt -66.846 -118.53
vn -0.0769876 0.958029 -0.27614
f 1616/6901/2129 765/6902/2117 764/6903/2130

vt -65.0954 -112.069
vt -66.3498 -118.773
v 23.4532 61.0416 -140.015
vt -58.8826 -113.269
vn -0.0917945 0.975305 -0.200884
f 1616/6904/2129 764/6905/2130 1617/6906/2131

vt -69.5169 -104.959
vt -77.381 -109.88
vt -70.9117 -111.163
vn -0.128065 0.943782 -0.304754
f 1617/6907/2131 764/6908/2130 760/6909/2132

vt -77.0459 -100.426
vt -78.7828 -106.543
vt -71.9328 -102.542
vn -0.119075 0.972865 -0.198382
f 1617/6910/2131 760/6911/2132 597/6912/2133

vt -83.8959 -89.1726
vt -91.0775 -92.5428
vt -85.5631 -94.0647
vn -0.170192 0.928412 -0.330282
f 597/6913/2133 760/6914/2132 759/6915/2134

vt -151.607 37.632
vn -0.748091 0.641877 -0.168386
vt -146.526 34.7597
vt -147.034 40.039
f 759/6916/2135 595/6917/405 597/6918/407

vt -153.361 35.6148
vt -146.084 34.1522
vt -151.213 36.9393
f 549/6919/319 595/6920/405 759/6921/2135

vt -153.558 28.117
vt -146.84 30.6449
vt -154.063 32.3557
f 550/6922/321 595/6923/405 549/6924/319

usemtl _6
v 18.1471 60.2058 -140.003
vt 145.516 66.763
vn 0.963622 -0.240572 0.116437
vt 146.131 60.4286
vt 150.315 65.1126
vt 145.495 66.9799
vn 0.972816 -0.228987 -0.0345635
f 1618/6925/2136 757/6926/683 759/6927/684 597/6928/2137 

vt 146.036 49.2429
vt 145.897 55.6055
vt 138.284 53.0823
vn 0.932246 -0.246618 0.264756
f 757/6929/683 1618/6930/2136 758/6931/2138

usemtl _Prussian_Blue_
vt -137.835 -45.3416
vt -134.962 -50.0712
vt -125.237 -37.09
f 1617/6932/2131 597/6933/2133 603/6934/415

vt -96.228 -84.6349
vt -100.017 -100.406
vt -92.1993 -88.0557
f 603/6935/415 597/6936/2133 598/6937/413

vt -99.101 -83.1663
vt -113.038 -91.9473
vt -107.783 -95.4714
f 603/6938/415 1616/6939/2129 1617/6940/2131

vt -102.735 -80.8585
vt -111.673 -93.6336
vt -97.8573 -84.6623
f 1615/6941/2128 1616/6942/2129 603/6943/415

usemtl LightSteelBlue
vt -83.1076 -93.4711
v 18.233 56.642 -149.341
vt -83.1305 -92.1903
vn -0.190871 0.891624 -0.410578
vt -84.3524 -90.9106
f 548/6944/691 1619/6945/2139 761/6946/689

usemtl _CoolGray8_
vt -76.4817 -95.5837
vn -0.175893 0.889833 -0.421021
vt -76.4027 -96.8623
vt -74.5885 -93.1875
f 1619/6947/2140 548/6948/317 549/6949/318

vt -78.9553 -93.5686
vt -77.0238 -91.2031
v 18.7951 56.9495 -148.935
vt -79.3281 -92.8691
vn -0.18427 0.886745 -0.423943
f 1619/6950/2140 549/6951/318 1620/6952/2141

vt -80.7465 -91.3412
vt -78.4267 -89.6968
vt -81.6253 -90.7868
f 1620/6953/2141 549/6954/318 761/6955/687

usemtl LightSteelBlue
vt -82.9788 -92.2188
vt -83.3329 -91.5097
vn -0.19073 0.891513 -0.410885
vt -84.202 -90.9403
f 1619/6956/2139 1620/6957/2142 761/6958/689

vt -131.694 62.8334
vt -132.701 57.2106
vt -122.382 63.7187
f 755/6959/678 720/6960/600 721/6961/602

vt -155.021 46.9326
vt -116.061 45.2363
vt -133.827 50.8902
f 563/6962/347 567/6963/599 562/6964/346

usemtl _CoolGray8_
vt -115.98 45.5072
vt -112.286 44.8104
vt -112.898 50.7727
f 567/6965/353 569/6966/355 714/6967/589

usemtl _Prussian_Blue_
vt -107.675 37.6558
vn -0.965474 0.259899 0.0176653
vt -109.824 38.8823
vt -110.702 37.0901
f 700/6968/2143 701/6969/576 696/6970/555

vt -107.675 37.6565
vt -110.702 37.0908
vt -105.488 37.2697
f 700/6971/2143 696/6972/555 698/6973/557

vt -110.978 25.7061
vt -111.365 24.5055
vt -111.042 24.492
f 685/6974/546 689/6975/538 687/6976/540

vt -148.283 5.5382
vt -155.385 4.34646
vt -153.514 1.54733
f 550/6977/321 547/6978/320 578/6979/374

g Mesh18 half_1_1 Group2 Group_67_1 MERCC1 Model

v 0.950437 40.3038 -69.8961
vt -71.0013 33.9106
vn -0.680008 -0.470228 0.562562
v 0.297827 41.9091 -70.1849
vt -71.4463 35.6914
vn -0.913502 -0.0406088 0.404802
v 0.652611 39.9548 -71.7715
vt -72.981 33.5235
vn -0.699639 -0.70726 0.101431
f 1621/6980/2144 1622/6981/2145 1623/6982/2146

vt -45.4977 35.102
v 3.84331 41.7172 -67.3113
vt -41.448 36.5892
vn -0.4905 0.0556385 0.869663
vt -46.2164 36.7911
f 1621/6983/2144 1624/6984/2147 1622/6985/2145

v 3.89434 39.9378 -67.8608
vt -38.6125 24.9988
vn -0.400081 -0.744076 0.535057
vt -38.3163 26.9228
vt -42.3507 25.3946
f 1625/6986/2148 1624/6987/2147 1621/6988/2144

v 8.87413 39.3615 -65.5258
vt -22.6539 21.4254
vn -0.398196 -0.480981 0.781087
vt -28.1863 23.9872
vt -28.398 22.0521
f 1626/6989/2149 1624/6990/2147 1625/6991/2148

v 9.67332 41.4074 -64.9383
vt -16.5979 35.3066
vn -0.369395 0.113245 0.922346
vt -23.1745 35.6325
vt -17.6041 33.1546
f 1627/6992/2150 1624/6993/2147 1626/6994/2149

vt -14.5395 64.32
vn -0.101182 0.596851 0.795947
vt -21.6212 63.5703
vt -15.0455 63.2267
f 1594/6995/2151 1624/6996/2147 1627/6997/2150

v 7.51632 43.8542 -66.3836
vt -16.5349 57.3902
vn -0.00383687 0.799908 0.600111
vt -20.4716 55.1195
vt -13.3867 55.8376
f 1628/6998/2152 1624/6999/2147 1594/7000/2151

v 3.34871 43.6971 -68.3876
vt -28.6507 65.7979
vn -0.353814 0.756783 0.549632
vt -27.6876 63.588
vt -23.8193 65.9732
f 1629/7001/2153 1624/7002/2147 1628/7003/2152

vt -35.9116 62.3612
v 0.705643 43.4483 -70.0047
vt -39.1481 62.0882
vn -0.679243 0.44226 0.585691
vt -34.8665 60.1889
f 1629/7004/2153 1630/7005/2154 1624/7006/2147

vt -48.9642 67.6046
vt -45.7877 68.2818
v 0.489458 43.9501 -71.8434
vt -50.4308 68.9706
vn -0.717944 0.68647 0.115392
f 1630/7007/2154 1629/7008/2153 1631/7009/2155

vt -53.1024 69.5094
vt -48.4336 69.024
v 3.62682 44.6478 -70.191
vt -49.5716 70.8479
vn -0.175984 0.966627 0.186176
f 1631/7010/2155 1629/7011/2153 1632/7012/2156

vt -27.0767 82.2411
vt -26.5568 80.1551
v 7.33219 44.3686 -67.9279
vt -22.5723 81.6284
vn 0.194693 0.968543 0.154983
f 1632/7013/2156 1629/7014/2153 1633/7015/2157

vt -29.2787 77.9045
vt -33.1123 76.0744
vt -28.2968 76.5026
f 1633/7016/2157 1629/7017/2153 1628/7018/2152

vt 67.9252 43.5726
vt 66.5305 42.5805
v 10.0693 42.7334 -67.8346
vt 69.0029 40.4189
vn 0.483138 0.867301 0.119861
f 1633/7019/2157 1628/7020/2152 1634/7021/2158

vt 71.6052 22.3042
vt 69.6264 24.9252
vt 68.8223 21.5083
f 1634/7022/2158 1628/7023/2152 1594/7024/2151

v 10.0581 42.8408 -69.3907
vt 73.2142 20.7598
vn 0.503375 0.863301 0.0364056
vt 71.3867 23.8672
vt 71.5991 20.5412
f 1635/7025/2159 1633/7026/2157 1634/7027/2158

v 7.52984 44.3086 -70.5931
vt 73.9878 18.3658
vn 0.295343 0.955391 0.000390674
vt 71.1976 18.4922
vt 72.8239 15.2749
f 1636/7028/2160 1633/7029/2157 1635/7030/2159

vt 70.6952 -18.5747
v 4.05814 44.5637 -72.1557
vt 73.0204 -15.3361
vn -0.0449467 0.998231 -0.0389152
vt 68.0081 -17.8128
f 1636/7031/2160 1637/7032/2161 1633/7033/2157

usemtl _AliceBlue_
vt 27.0875 46.413
vn 0.420972 0.000363373 -0.907073
vt 23.1096 46.1464
vn 0.422826 0.0299516 -0.905716
v 4.8777 41.7171 -71.7933
vt 26.1512 43.4387
vn 0.396252 0.0216069 -0.917888
f 1637/7034/2162 1636/7035/2163 1638/7036/2164

vt 25.0563 42.1966
vt 22.0151 44.9049
v 9.37066 41.3856 -69.8604
vt 19.9458 41.8502
vn 0.41915 0.0614034 -0.905838
f 1638/7037/2164 1636/7038/2163 1639/7039/2165

vt 24.1409 39.9444
vn 0.460477 0.068148 -0.885052
vt 25.0045 38.4204
vt 27.0641 41.4816
f 1635/7040/2166 1639/7041/2165 1636/7042/2163

v 8.10895 38.5706 -70.7105
vt 21.8808 33.2643
vn 0.362197 0.0517011 -0.930667
vt 25.4272 36.5672
vt 20.3169 36.2193
f 1640/7043/2167 1638/7044/2164 1639/7045/2165

vt 19.4607 43.0895
vt 15.9001 39.8018
v 4.67826 38.9739 -71.8814
vt 19.6877 40.2233
vn 0.391788 0.00486897 -0.920043
f 1638/7046/2164 1640/7047/2167 1641/7048/2168

usemtl _Prussian_Blue_
vt -66.3149 38.0382
vn -0.0953158 -0.993454 -0.0629679
v 8.2092 38.4247 -68.5611
vt -64.4988 36.7041
vn -0.174625 -0.968403 0.178047
v 4.27947 38.8868 -69.9022
vt -63.4048 40.9301
vn -0.259739 -0.952927 0.156415
vt -65.3598 41.7275
vn -0.190768 -0.979726 -0.0611936
f 1640/7049/2169 1642/7050/2170 1643/7051/2171 1641/7052/2172 

v 8.46837 38.3943 -68.4726
vt -28.9938 -39.0831
vn -0.252058 -0.893896 0.370698
vt -32.7734 -35.6823
vt -33.5187 -37.998
vt -29.2738 -39.016
f 1644/7053/2173 1625/7054/2148 1643/7055/2171 1642/7056/2170 

vt -34.9241 -36.5918
vt -40.5246 -35.1697
vt -37.1568 -38.9786
f 1626/7057/2149 1625/7058/2148 1644/7059/2173

vt -53.6305 -19.1698
vt -52.2366 -17.1761
vt -57.544 -17.1438
f 1643/7060/2171 1625/7061/2148 1623/7062/2146

vt -57.7395 -30.5728
vt -52.4323 -30.6246
vt -56.0232 -29.5129
f 1623/7063/2146 1625/7064/2148 1621/7065/2144

vt -70.3327 35.8015
vt -71.9355 31.7782
vt -69.8546 31.4206
f 1623/7066/2146 1641/7067/2172 1643/7068/2171

v 0.724483 39.9973 -73.7427
vt -76.5532 18.5114
vn -0.677472 -0.734432 -0.0405105
vt -75.1337 14.0419
vt -74.5 18.3261
f 1645/7069/2174 1641/7070/2172 1623/7071/2146

usemtl _AliceBlue_
vt 32.2865 41.1373
vn 0.427894 0.00931891 -0.903781
v 0.104494 41.9029 -74.0166
vt 32.9945 43.1285
vn 0.425601 0.00167751 -0.904909
vt 27.7205 40.068
f 1645/7072/2175 1646/7073/2176 1641/7074/2168

usemtl _Prussian_Blue_
vt -74.9489 40.4417
vt -77.2675 42.5859
vn -0.997833 -0.0436437 -0.0492471
vt -77.0099 40.4884
f 1623/7075/2146 1646/7076/2177 1645/7077/2174

v 5.68434e-14 41.9091 -72.0597
vt -75.1887 42.7132
vn -0.997716 -0.0425004 0.0525034
vt -77.2363 42.7063
vt -74.9236 40.5556
f 1647/7078/2178 1646/7079/2177 1623/7080/2146

vt -74.9833 43.7546
vt -77.2289 41.5522
vt -75.1813 41.5589
f 1631/7081/2155 1646/7082/2177 1647/7083/2178

v 0.569573 43.8959 -73.8112
vt -77.0636 43.9131
vn -0.684437 0.727496 -0.0479076
vt -77.2551 41.7726
vt -75.0059 43.9713
f 1648/7084/2179 1646/7085/2177 1631/7086/2155

usemtl _AliceBlue_
vt 32.6142 46.3702
vn 0.429849 -0.00725176 -0.902872
vt 28.5795 47.0679
vt 33.1452 44.2878
f 1648/7087/2180 1637/7088/2162 1646/7089/2176

usemtl _Prussian_Blue_
vt -73.7331 -5.80729
vt -74.778 -2.15637
vt -75.7662 -6.12985
f 1631/7090/2155 1637/7091/2161 1648/7092/2179

vt -68.2404 -17.6013
vt -70.2942 -18.0562
vt -68.443 -21.3719
f 1632/7093/2156 1637/7094/2161 1631/7095/2155

vt 66.7864 -20.8359
vt 71.9203 -18.6225
vt 70.0461 -17.6674
f 1633/7096/2157 1637/7097/2161 1632/7098/2156

usemtl _AliceBlue_
vt 32.5707 43.3448
vt 28.005 46.1249
vt 27.0689 43.1505
f 1646/7099/2176 1637/7100/2162 1638/7101/2164

vt 27.2773 40.8328
vt 32.5513 43.8932
vt 27.0496 43.699
f 1641/7102/2168 1646/7103/2176 1638/7104/2164

usemtl _Prussian_Blue_
vt -74.3592 45.3044
vt -72.3757 45.3044
vt -74.0558 47.488
f 1647/7105/2178 1622/7106/2145 1631/7107/2155

vt -73.9548 36.2656
vt -72.3757 38.4014
vt -74.3592 38.4014
f 1623/7108/2146 1622/7109/2145 1647/7110/2178

vt -71.8033 47.4
vt -73.7336 47.9391
vt -72.0655 45.7463
f 1630/7111/2154 1631/7112/2155 1622/7113/2145

vt -40.9834 47.7532
vt -45.3019 49.567
vt -45.7518 47.9543
f 1624/7114/2147 1630/7115/2154 1622/7116/2145

g Mesh19 half_1_1 Group2 Group_67_1 MERCC1 Model

usemtl _6
v 16.8929 39.5399 -115.261
vt -17.6506 74.5348
vn 0 -0.014596 -0.999893
v 34.9842 39.5399 -115.261
vt -36.5532 74.5348
vn 0 -0.0852668 -0.996358
v 34.9842 16.791 -108.35
vt -36.5532 49.6931
vn 0 -0.290668 -0.956824
v 16.8929 16.791 -108.35
vt -17.6506 49.6931
f 1649/7117/2181 1650/7118/2182 1651/7119/2183 1652/7120/2183 

vt -36.5532 26.0779
vt -17.6506 26.0779
v 34.9842 43.0285 -114.826
vt -36.5532 29.7512
vn 0.152474 0.850074 -0.504108
f 1650/7121/2182 1649/7122/2181 1653/7123/2184

v 16.8929 43.0285 -114.826
vt -17.6506 29.7512
vn 0 0.905993 -0.423292
f 1654/7124/2185 1653/7123/2184 1649/7122/2181

vt 36.5532 119.976
vt 17.6506 119.976
v 33.6976 43.0285 -110.028
vt 35.2089 114.963
vn 0.148962 0.967908 0.202398
f 1653/7125/2184 1654/7126/2185 1655/7127/2186

v 18.1783 43.0285 -110.028
vt 18.9936 114.963
f 1656/7128/153 1655/7127/2186 1654/7126/2185

vt 18.9936 71.2293
vn 1.77362e-17 0.239942 0.970787
v 18.1783 40.4115 -109.381
vt 18.9936 68.4128
vn 1.6503e-17 0.230629 0.973042
v 33.6976 40.4115 -109.381
vt 35.2089 68.4128
vn -0.182912 0.326876 0.927198
vt 35.2089 71.2293
vn 5.83897e-33 0.239942 0.970787
f 1656/7129/2187 1657/7130/2188 1658/7131/2189 1655/7132/2190 

v 13.8925 40.4115 -109.381
vt 14.5156 68.4128
vn 3.54723e-17 0.239942 0.970787
f 1657/7130/2188 1656/7129/2187 1659/7133/2191

vt -32.2608 104.752
vn -0.299394 0.660504 0.688547
vt -28.4237 108.393
v 14.7495 42.1561 -110.682
vt -31.9817 107.18
f 1659/7134/2192 1656/7135/2192 1660/7136/2192

vt -111.321 58.3699
vn -0.432386 0.691881 -0.578224
vt -107.718 54.962
vn -0.705416 0.707257 0.0466325
vt -106.131 58.3699
vn -0.258344 0.96357 0.0692146
f 1654/7137/2193 1660/7138/2194 1656/7139/2195

v 14.321 42.1561 -113.953
vt -116.112 42.5052
vn -0.758106 0.54395 -0.359713
vt -112.665 42.5052
vt -116.667 45.4337
f 1661/7140/2196 1660/7141/2194 1654/7142/2193

vt -116.112 48.3343
v 13.8925 39.5399 -113.953
vt -116.17 45.5649
vn -0.879112 0.0797606 -0.469895
vt -112.665 48.3343
f 1661/7143/2196 1662/7144/2197 1660/7145/2194

vt -54.3434 38.0631
vt -57.1808 38.9759
vt -53.9221 35.3253
f 1661/7146/2196 1654/7147/2193 1662/7148/2197

vt -60.894 29.2979
vt -64.1322 32.9667
vt -64.3141 29.2979
vn -0.398444 -0.0787469 -0.913806
f 1662/7149/2197 1654/7150/2193 1649/7151/2198

vt -61.4274 42.8468
vn -0.385033 -0.268258 -0.883056
v 13.8925 16.791 -107.042
vt -58.0074 42.8468
vn -0.832176 -0.161179 -0.530571
vt -60.8934 67.5203
vt -64.3134 67.5203
f 1652/7152/2199 1663/7153/2200 1662/7154/2197 1649/7155/2198 

vt -17.6506 113.21
vn 0 -1 -0
vt -36.5532 113.21
v 37.9834 16.791 -107.042
vt -39.687 111.843
v 37.9834 16.791 -91.372
vt -39.687 95.47
v 37.9834 16.791 -87.4452
vt -39.687 91.367
v 34.1261 16.791 -85.0474
vt -35.6566 88.8617
v 17.7499 16.791 -85.0474
vt -18.5459 88.8617
v 13.8925 16.791 -87.4452
vt -14.5156 91.367
v 13.8925 16.791 -91.372
vt -14.5156 95.47
vt -14.5156 111.843
f 1652/7156/2201 1651/7157/2201 1664/7158/2201 1665/7159/2201 1666/7160/2201 1667/7161/2201 1668/7162/2201 1669/7163/2201 1670/7164/2201 1663/7165/2201 

v 37.9834 39.5399 -113.953
vt 11.226 73.3297
vn 0.385159 -0.268242 -0.883005
vt 8.33914 48.6562
vt 11.7581 48.6562
vt 14.645 73.3297
f 1671/7166/2202 1664/7167/2202 1651/7168/2202 1650/7169/2202 

vt 119.064 41.3132
v 37.9834 19.3646 -106.559
vt 111.338 20.2331
vt 111.843 17.544
f 1671/7170/170 1672/7171/170 1664/7172/170

vn 0.9013 0.0575737 0.429353
vn 0.982 0.188018 0.018015
v 37.9834 40.4115 -109.381
vt 114.287 42.2239
vn 0.620789 0.407251 0.669901
f 1672/7171/2203 1671/7170/2204 1673/7173/2205

vt 110.661 19.5472
vt 115.422 18.5564
v 37.1265 42.1561 -110.682
vt 112.089 21.5305
vn 0.648359 0.73462 0.19991
f 1673/7174/2205 1671/7175/2204 1674/7176/2206

vt 119.705 39.72
vt 123.21 36.9507
v 37.555 42.1561 -113.953
vt 123.152 39.72
vn 0.753501 0.649993 0.098713
f 1674/7177/2206 1671/7178/2204 1675/7179/2207

vt 2.93114 34.3092
vn 0.337773 0.0553183 -0.9396
vt 6.18867 37.9598
vt 3.35244 37.047
f 1671/7180/2208 1653/7181/2208 1675/7182/2208

vt 14.6457 26.8361
vn 0.397225 0.113674 -0.910654
vt 14.4638 30.505
vt 11.2268 26.8361
f 1650/7183/2209 1653/7184/2209 1671/7185/2209

vt 123.707 -5.63396
vt 119.705 -8.56126
vt 123.152 -8.56126
f 1653/7186/2184 1674/7187/2206 1675/7188/2207

vt 120.159 7.94892
vt 121.747 4.5414
vt 125.349 7.94892
f 1655/7189/2186 1674/7190/2206 1653/7191/2184

vt 81.6887 92.9038
vt 78.1307 94.1177
vt 81.9678 90.476
f 1674/7192/2206 1655/7193/2186 1673/7194/2205

vt 39.687 68.4128
f 1673/7195/2205 1655/7132/2190 1658/7131/2189

vt 35.2089 115.616
v 35.6263 38.6676 -107.202
vt 37.2241 112.699
vn -0.0210131 0.43568 0.899856
vt 39.687 115.616
f 1658/7196/2189 1676/7197/2210 1673/7198/2205

vt -50.395 54.8738
vt -53.425 56.7139
v 34.9842 20.6291 -104.308
vt -48.7929 35.8408
vn 0.0736091 0.172283 0.982293
f 1676/7199/2210 1658/7200/2189 1677/7201/2211

vt -3.3632 45.5531
vt -6.45662 66.7091
v 32.8407 20.2463 -105.008
vt -5.71774 45.1438
vn -0.337644 0.213173 0.916817
f 1677/7202/2211 1658/7203/2189 1678/7204/2212

vt 18.9936 65.4865
v 19.0364 20.2463 -105.008
vt 19.8902 43.9271
vn 1.40322e-17 0.211938 0.977283
vt 34.3136 43.9271
vt 35.2089 65.4865
f 1657/7205/2188 1679/7206/2213 1678/7207/2213 1658/7208/2189 

vt 56.5827 41.1521
vn 0.337652 0.213191 0.91681
vt 57.3205 62.7175
vn 0.374762 0.415881 0.828611
v 16.8929 20.6291 -104.308
vt 54.2282 41.5614
vn 0.156456 0.183158 0.970554
f 1679/7209/2214 1657/7210/2215 1680/7211/2216

vt 88.007 30.632
vt 92.6382 51.5053
v 16.2497 38.6676 -107.202
vt 89.6082 49.6651
vn 0.0209989 0.435681 0.899856
f 1680/7212/2216 1657/7213/2215 1681/7214/2217

vt 14.5156 115.616
vn -0.359491 0.499293 0.788335
vt 16.9785 112.699
vt 18.9936 115.616
f 1659/7215/2218 1681/7216/2217 1657/7217/2215

vt -58.3426 49.9424
vt -61.6918 51.7739
vt -55.8967 30.9993
f 1681/7218/2217 1659/7219/2218 1680/7220/2216

vt -54.6983 31.3925
vn -0.624536 0.103798 0.774068
vt -60.4668 52.1744
v 13.8925 19.3646 -106.559
vt -58.6152 30.0641
f 1680/7221/2219 1659/7222/2219 1682/7223/2219

vt -114.287 42.2239
vn -0.97879 0.201243 -0.0383687
vt -119.064 41.3132
vt -111.338 20.2331
f 1659/7224/2220 1662/7225/2197 1682/7226/251

vt -116.519 42.8127
vt -119.852 39.8386
vt -115.091 40.8295
f 1660/7227/2194 1662/7228/2197 1659/7229/2220

vt -111.843 17.544
f 1663/7230/2200 1682/7226/251 1662/7225/2197

vt -95.47 17.544
v 13.8925 21.588 -90.9346
vt -95.0129 22.5562
f 1682/7226/251 1663/7230/251 1670/7231/251 1683/7232/251 

vt -111.843 11.4392
vn -0.938254 -0.345947 -0
v 15.1791 13.3017 -105.298
vt -110.021 7.55342
vt -95.47 11.4392
f 1663/7233/2221 1684/7234/2221 1670/7235/2221

v 15.1791 13.3017 -91.372
vt -95.47 7.55342
f 1670/7235/2221 1684/7234/2221 1685/7236/2221

vt -91.367 11.4392
vn -0.938254 -0.345947 -4.59414e-17
f 1669/7237/2222 1670/7235/2222 1685/7236/2222

vt -91.367 17.544
v 13.8925 19.4072 -86.5743
vt -90.457 20.2776
f 1669/7238/251 1686/7239/251 1670/7231/251

vt -35.9214 -6.33235
vn -0.508116 -0.272286 0.817116
vt -31.1758 -6.33256
v 17.7499 19.4072 -84.1747
vt -30.6943 -3.49143
vt -35.4409 -3.49164
f 1669/7240/2223 1668/7241/2223 1687/7242/2223 1686/7243/2223 

vt -31.1619 -52.8386
vn -0.346342 -0.754728 0.557165
vt -35.9075 -52.8386
vt -36.9319 -58.3959
f 1668/7244/2224 1669/7245/2224 1685/7246/2224

vt 15.8599 -76.8784
vn -1.25836e-18 -0.875585 0.483063
v 36.698 13.3017 -91.372
vt 38.3439 -76.8784
vn 0.658012 -0.687175 0.307912
vt 35.6566 -69.3311
vn 0.176302 -0.829792 0.529493
vt 18.5459 -69.3311
f 1685/7247/2225 1688/7248/2226 1667/7249/2227 1668/7250/2225 

vt 82.9667 -36.7948
vt 81.9412 -31.238
vn 0.721372 -0.617845 0.312874
vt 77.1957 -31.238
f 1688/7251/2226 1666/7252/2228 1667/7253/2227

vt 95.47 26.2959
vt 95.47 30.1813
vn 0.938355 -0.345673 1.42916e-17
vt 91.367 30.1813
f 1688/7254/2226 1665/7255/2229 1666/7256/2228

v 36.698 13.3017 -105.298
vt 110.021 26.2959
vn 0.938355 -0.345673 -1.53584e-18
f 1688/7254/2226 1689/7257/2230 1665/7255/2229

vt 111.843 30.1813
vn 0.938355 -0.345673 1.1541e-17
f 1665/7255/2229 1689/7257/2230 1664/7258/2231

vt 95.47 17.544
v 37.9834 21.588 -90.9346
vt 95.0129 22.5562
f 1665/7259/170 1664/7172/170 1672/7171/170 1690/7260/170 

vt -39.687 -107.377
vn 0.197136 0.977562 -0.0742218
v 32.8407 21.588 -90.9346
vt -34.3136 -90.8875
vn 0.061438 0.994903 -0.079953
vt -39.687 -90.8875
vn -0.0256515 0.993272 -0.112931
f 1672/7261/2232 1691/7262/2233 1690/7263/2234

vt 108.568 -26.5383
vn 0.124933 0.990852 -0.0510256
vt 94.6213 -23.9408
vt 110.885 -29.9634
f 1677/7264/2235 1691/7265/2233 1672/7266/2232

vt -98.4162 -18.5412
vt -111.365 -24.336
vt -110.764 -26.6488
vn -0.145188 0.984938 -0.0938973
f 1691/7267/2233 1677/7268/2235 1678/7269/2236

vt -34.3136 -107.215
vn 0 0.995487 -0.0949028
vt -19.8902 -107.215
vt -34.3136 -92.4434
f 1678/7270/2237 1679/7271/2237 1691/7272/2237

v 19.0364 21.588 -90.9346
vt -19.8902 -92.4434
f 1692/7273/2237 1691/7272/2237 1679/7271/2237

vt -34.3136 -93.0867
vn -2.77615e-18 0.997267 -0.0738845
vt -19.8902 -93.0867
vn -1.38808e-18 0.997267 -0.0738845
v 34.1261 22.0242 -85.0474
vt -35.6566 -86.9186
f 1691/7274/2238 1692/7275/2239 1693/7276/2239

v 17.7499 22.0242 -85.0474
vt -18.5459 -86.9186
vn 0 0.997267 -0.0738845
f 1694/7277/2240 1693/7276/2239 1692/7275/2239

vt 35.6566 49.9412
vn 0.263362 0.305051 0.915196
vt 18.5459 49.9412
vn -2.37413e-18 0.316346 0.948644
v 34.1261 19.4072 -84.1747
vt 35.6566 47.0589
vn 0.174852 0.311389 0.934058
f 1693/7278/2241 1694/7279/2242 1695/7280/2243

vt 18.5459 47.0589
vn 0 0.316346 0.948644
f 1687/7281/2244 1695/7280/2243 1694/7279/2242

vt 35.6566 -8.59357
vn 0.263356 -0.305125 0.915173
vt 18.5459 -8.59357
vn 1.4252e-17 -0.316422 0.948618
vt 35.6566 -11.4752
vn 0.174848 -0.311464 0.934033
f 1695/7282/2245 1687/7283/2246 1667/7284/2247

vt 18.5459 -11.4752
f 1668/7285/2246 1667/7284/2247 1687/7283/2246

vt 76.7234 4.3022
vt 77.2049 1.46107
vt 81.9505 1.46128
vn 0.868366 -0.15678 0.47049
v 37.9834 19.4072 -86.5743
vt 81.4699 4.30199
f 1695/7286/2245 1667/7287/2247 1666/7288/2248 1696/7289/2248 

vt 90.457 20.2776
vt 91.367 17.544
f 1665/7259/170 1696/7290/2248 1666/7291/2248

vn 0.945789 0.102651 0.308132
f 1690/7260/170 1696/7290/2249 1665/7259/170

v 37.9834 22.0242 -87.4452
vt 91.367 23.0119
vn 0.868369 0.156741 0.470498
f 1696/7290/2249 1690/7260/170 1697/7292/2250

vt -83.866 -55.82
vt -77.1957 -52.6903
vn -0.0384768 0.994355 -0.0988791
vt -81.9412 -52.6903
vn -0.0768723 0.989342 -0.123665
f 1690/7293/2234 1693/7294/2251 1697/7295/2252

vt -39.687 -93.0867
f 1691/7274/2233 1693/7276/2251 1690/7296/2234

vt 81.9505 37.559
vt 77.2049 37.5592
vt 76.7234 34.7174
vt 81.4699 34.7176
f 1697/7297/2250 1693/7298/2241 1695/7299/2243 1696/7300/2249 

vt -30.6943 42.5091
vn -0.508126 0.272218 0.817132
vt -31.1758 45.3509
v 13.8925 22.0242 -87.4452
vt -35.9214 45.3507
vt -35.4409 42.5093
f 1687/7301/2253 1694/7302/2253 1698/7303/2253 1686/7304/2253 

vt 35.9075 -81.0007
vn 0.0768718 0.989342 -0.123665
vt 31.1619 -81.0007
vn 0.0384766 0.994355 -0.0988791
vt 37.8323 -84.1304
vn 0.0256513 0.993272 -0.112931
f 1698/7305/2254 1694/7306/2255 1683/7307/2256

vt -14.5156 -93.0867
vn -0.0613994 0.994905 -0.0799592
f 1683/7308/2256 1694/7277/2255 1692/7275/2257

vt -14.5156 -90.8875
vt -19.8902 -90.8875
vt -14.5156 -107.377
vn -0.197059 0.977577 -0.0742352
f 1683/7309/2256 1692/7310/2257 1682/7311/2258

vt -111.495 20.0312
vt -95.232 26.056
vt -109.179 23.4575
vn -0.124854 0.990861 -0.0510394
f 1682/7312/2258 1692/7313/2257 1680/7314/2259

vt 81.3288 -71.4772
vn 0.145191 0.984938 -0.0938972
vt 81.9304 -69.1643
vt 68.9811 -63.3696
f 1679/7315/2260 1680/7316/2259 1692/7317/2257

vt -91.367 23.0119
f 1698/7318/251 1683/7232/251 1686/7239/251

f 1670/7231/251 1686/7239/251 1683/7232/251

vt 100.811 26.5284
vt 102.663 48.6387
vt 96.8952 27.8568
f 1672/7319/2203 1673/7320/2205 1677/7321/2211

vt 97.6507 27.5338
vt 103.445 48.3084
vt 100.096 46.477
f 1677/7322/2211 1673/7323/2205 1676/7324/2210

g Mesh20 half_1_1 Group2 Group_67_1 MERCC1 Model

usemtl _Prussian_Blue_
v 5.71719 36.4151 -96.697
vt -86.8751 23.7121
vn -0.947992 0.238867 0.210368
v 5.87659 34.6776 -97.3726
vt -87.4244 21.8359
vn -0.980825 -0.0405089 0.190636
v 6.37508 36.4052 -95.438
vt -85.3908 23.7013
vn -0.920213 0.249648 0.301469
f 1699/7325/2261 1700/7326/2262 1701/7327/2263

vt -100.184 35.9929
v 5.68867 35.5823 -98.2749
vt -101.829 35.116
vn -0.985167 -0.170848 -0.0160086
vt -100.873 34.1636
f 1699/7328/2261 1702/7329/2264 1700/7330/2262

v 5.64876 36.4755 -100.303
vt -104.671 38.0983
vn -0.975307 0.22065 0.00948459
vt -102.551 37.165
vt -100.903 38.0352
f 1703/7331/2265 1702/7332/2264 1699/7333/2261

vt -104.386 39.45
v 5.87053 35.929 -100.273
vt -104.393 38.833
vn -0.926463 -0.376324 -0.00685073
vt -102.302 38.4415
f 1703/7334/2265 1704/7335/2266 1702/7336/2264

vt -102.765 27.1304
vt -102.83 27.7441
v 5.70664 35.8047 -101.725
vt -104.291 26.9908
vn -0.96827 -0.247736 0.032853
f 1704/7337/2266 1703/7338/2265 1705/7339/2267

v 5.6297 36.4208 -103.781
vt -108.391 37.1907
vn -0.986294 -0.0424769 -0.159436
vt -106.243 36.5437
vt -104.757 37.2482
f 1706/7340/2268 1705/7341/2267 1703/7342/2265

vt -106.45 35.7535
vt -108.591 36.4219
v 5.91968 35.1928 -102.625
vt -107.399 35.0897
vn -0.946918 -0.308547 -0.090253
f 1705/7343/2267 1706/7344/2268 1707/7345/2269

vt -108.148 39.1054
v 5.95112 35.3513 -103.246
vt -107.643 37.9141
vn -0.892444 -0.385437 -0.234482
vt -106.997 37.7376
f 1706/7346/2268 1708/7347/2270 1707/7348/2269

vt -102.735 47.5755
vt -103.133 48.8065
v 6.19823 36.4052 -105.215
vt -104.745 48.7885
vn -0.925863 -0.0941502 -0.365942
f 1708/7349/2270 1706/7350/2268 1709/7351/2271

vt -104.498 28.5093
vt -102.886 28.5262
v 6.44643 37.3304 -105.215
vt -104.594 29.5056
vn -0.805029 0.581191 -0.118937
f 1709/7352/2271 1706/7353/2268 1710/7354/2272

vt -104.847 31.8706
vt -109.987 33.0631
vt -108.481 31.7943
f 1703/7355/2265 1710/7356/2272 1706/7357/2268

v 6.50168 37.2146 -100.454
vt -104.605 33.6855
vn -0.652022 0.75777 0.0255502
vt -109.578 33.871
vt -104.483 32.5021
f 1711/7358/2273 1710/7359/2272 1703/7360/2265

vt -100.729 32.2954
v 6.549 37.1236 -96.4816
vt -100.471 33.4299
vn -0.664692 0.722582 0.189895
vt -104.62 33.5755
vt -104.497 32.3922
f 1699/7361/2261 1712/7362/2274 1711/7363/2273 1703/7364/2265 

vt -85.8461 64.4387
vt -86.4523 63.4455
vt -84.968 63.4315
f 1712/7365/2274 1699/7366/2261 1701/7367/2263

vt -99.5815 38.9317
vt -101.612 37.0628
v 6.08432 35.3343 -95.6277
vt -99.7852 37.7732
vn -0.965694 0.259094 0.0174626
f 1701/7368/2263 1700/7369/2262 1713/7370/2275

g Mesh21 half_1_1 Group2 Group_67_1 MERCC1 Model

usemtl _6
v 13.8371 14.9514 -7.4956
vt -15.899 16.1746
vn -0.568878 0.553844 -0.607976
v 13.6285 14.406 -7.4956
vt -15.7402 15.5854
vn -0.605445 0.159519 -0.779737
v 12.5135 15.0064 -6.23216
vt -13.9873 16.234
vn -0.591288 0.460575 -0.662004
f 1714/7371/2276 1715/7372/2277 1716/7373/2278

v 14.5683 13.6407 -7.4956
vt -15.2217 14.2525
vn 0 0 -1
vt -14.2397 15.0521
vt -14.4576 15.622
f 1717/7374/2279 1715/7375/2279 1714/7376/2279

v 13.8221 13.8422 -7.4956
vt -14.442 14.463
f 1715/7375/2279 1717/7374/2279 1718/7377/2279

vt -15.6775 14.6322
vn -0.338669 -0.382063 -0.859844
vt -16.4427 14.3738
vn 0.182532 -0.601088 -0.778058
v 14.5989 12.8041 -6.89506
vt -16.3535 13.301
vn 0.0329491 -0.581086 -0.813175
f 1718/7378/2280 1717/7379/2281 1719/7380/2282

v 15.5027 13.0144 -6.5562
vt -11.0256 18.7607
vn 0.480704 -0.502112 -0.718893
vt -10.0261 18.5027
vt -9.70102 19.5289
f 1720/7381/2283 1719/7382/2282 1717/7383/2281

vt -11.235 19.2204
v 15.0096 13.8354 -7.4956
vt -11.6632 19.4861
vn 0.60364 -0.396252 -0.691812
vt -12.5056 18.3657
f 1717/7384/2281 1721/7385/2284 1720/7386/2283

v 15.1399 14.3166 -7.4956
vt -15.8189 14.9587
vt -15.6827 14.4559
f 1717/7374/2279 1722/7387/2279 1721/7388/2279

v 15.1131 14.6403 -7.4956
vt -15.791 15.2969
f 1722/7387/2279 1717/7374/2279 1723/7389/2279

v 14.9804 14.9434 -7.4956
vt -15.6523 15.6136
f 1717/7374/2279 1724/7390/2279 1723/7389/2279

v 14.7377 15.1243 -7.4956
vt -15.3987 15.8026
f 1724/7390/2279 1717/7374/2279 1725/7391/2279

v 14.3718 15.159 -7.4956
vt -15.0164 15.8388
f 1717/7374/2279 1726/7392/2279 1725/7391/2279

v 13.993 15.078 -7.4956
vt -14.6205 15.7542
f 1726/7392/2279 1717/7374/2279 1727/7393/2279

f 1717/7374/2279 1714/7376/2279 1727/7393/2279

vt -15.9553 14.9136
vn -0.319047 0.848631 -0.421941
vt -15.8382 14.7396
v 12.7786 15.3741 -5.96918
vt -13.9346 15.3209
vn -0.410515 0.774878 -0.480668
f 1727/7394/2285 1714/7395/2276 1728/7396/2286

vt -14.0788 13.7798
vt -14.1014 14.3269
vt -15.9898 13.6979
f 1716/7397/2278 1728/7398/2286 1714/7399/2276

vt -14.6478 7.95155
v 13.8756 15.8175 -5.45805
vt -15.3492 9.10119
vn -0.128632 0.93432 -0.332414
vt -16.5609 7.18388
f 1728/7400/2286 1729/7401/2287 1727/7402/2285

vt -16.9244 6.85615
vn -0.0284726 0.944596 -0.326999
vt -16.5804 6.64271
vt -15.4201 8.59155
f 1726/7403/2288 1727/7404/2285 1729/7405/2287

vt -14.0414 -1.41752
v 15.3587 15.8998 -5.08996
vt -15.6151 -1.13407
vn 0.286873 0.887213 -0.361328
vt -14.4026 -3.68559
f 1729/7406/2287 1730/7407/2289 1726/7408/2288

vt -12.7868 -5.5842
vn 0.331702 0.869521 -0.365934
vt -12.4181 -5.47701
vt -14.0758 -3.18965
f 1725/7409/2290 1726/7410/2288 1730/7411/2289

vt -2.45063 -2.3614
vn 0.616359 0.6516 -0.442175
vt -2.30652 -2.07986
vt -4.74347 -0.872919
f 1724/7412/2291 1725/7413/2290 1730/7414/2289

vt -6.52737 -2.67058
v 16.3186 15.3224 -5.17762
vt -7.11689 -3.68578
vn 0.688222 0.536547 -0.488332
vt -4.3722 -4.35222
f 1730/7415/2289 1731/7416/2292 1724/7417/2291

vt -2.02579 8.32118
vn 0.792674 0.275187 -0.544004
vt -1.95031 8.65852
vt -4.74307 9.08043
f 1723/7418/2293 1724/7419/2291 1731/7420/2292

vt -5.08165 7.70336
v 16.5369 14.4101 -5.57493
vt -4.86582 6.66109
vn 0.801098 0.176898 -0.571794
vt -2.37005 6.92407
f 1731/7421/2292 1732/7422/2294 1723/7423/2293

vt -3.01681 13.7688
vn 0.789889 -0.0273151 -0.612641
vt -3.00032 14.1078
vt -5.4983 13.8668
f 1722/7424/2295 1723/7425/2293 1732/7426/2294

vt -5.48838 14.1301
v 16.2638 13.6857 -6.01279
vt -4.95065 13.3722
vn 0.761973 -0.149867 -0.630029
vt -3.00688 14.0322
f 1732/7427/2294 1733/7428/2296 1722/7429/2295

vt -4.41564 17.5548
vt -4.50519 18.0679
vt -6.44461 17.3952
f 1721/7430/2284 1722/7431/2295 1733/7432/2296

vt -6.58329 18.6608
vt -5.63076 17.9263
vt -4.55465 18.8245
f 1733/7433/2296 1720/7434/2283 1721/7435/2284

vt -16.3248 13.3778
v 13.0963 13.3283 -6.98883
vt -14.8003 14.0486
vn -0.337734 -0.374532 -0.863517
vt -15.6437 14.7063
f 1719/7436/2282 1734/7437/2297 1718/7438/2280

vt -15.5002 13.7059
v 12.5124 14.017 -6.76379
vt -14.8545 14.4329
vn -0.550353 0.0233946 -0.834605
vt -16.4219 14.2484
f 1734/7439/2297 1735/7440/2298 1718/7441/2280

vt -16.2455 14.7555
vt -16.4201 14.1577
vt -14.8528 14.343
f 1715/7442/2277 1718/7443/2280 1735/7444/2298

vt -14.5502 14.6952
vt -14.193 15.8131
vt -15.9346 15.1347
f 1735/7445/2298 1716/7446/2278 1715/7447/2277

g Mesh22 half_1_1 Group2 Group_67_1 MERCC1 Model

v 30.1383 50.532 -150.131
vt 151.171 37.3518
vn 0.955554 0.247436 -0.160288
v 31.6385 45.9597 -148.246
vt 149.008 32.4041
vn 0.967253 0.246259 -0.0614644
v 31.2146 46.5135 -150.251
vt 151.143 33.0035
vn 0.956723 0.260118 -0.13046
f 1736/7448/2299 1737/7449/2300 1738/7450/2301

v 30.3509 51.1949 -148.246
vt 145.713 37.6094
vn 0.85271 0.499245 0.153754
vt 145.45 31.9826
vt 147.688 36.8969
f 1739/7451/2302 1737/7452/2300 1736/7453/2299

vt 158.019 44.1181
vt 157.828 49.7479
v 31.2146 46.5135 -146.239
vt 155.88 44.7137
vn 0.951833 0.251058 0.176022
f 1737/7454/2300 1739/7455/2302 1740/7456/2303

vt 156.226 47.4124
vt 158.07 52.4852
v 30.1383 50.532 -146.489
vt 156.232 51.7668
vn 0.577886 0.738 0.348431
f 1740/7457/2303 1739/7458/2302 1741/7459/2304

vt 31.7121 163.805
v 21.4363 51.1949 -148.246
vt 22.3977 163.805
vn -6.47291e-19 0.935597 0.35307
v 21.6477 50.532 -146.489
vt 22.6186 161.843
vt 31.49 161.843
f 1739/7460/2302 1742/7461/2305 1743/7462/2305 1741/7463/2304 

v 21.6477 50.532 -150.131
vt -22.6186 -130.469
vn 3.6311e-18 0.94338 -0.331715
vt -22.3977 -128.381
vt -31.7121 -128.381
vt -31.49 -130.469
f 1744/7464/2306 1742/7465/2306 1739/7466/2306 1736/7467/2306 

vt -158.265 49.3614
vn -0.955624 0.24732 -0.160051
v 20.1486 45.9597 -148.246
vt -156.028 44.447
vn -0.967284 0.246177 -0.0613042
vt -156.29 50.0739
vn -0.966908 0.249183 0.0547382
f 1744/7468/2307 1745/7469/2308 1742/7470/2309

v 20.5726 46.5135 -150.251
vt -158.454 46.9495
vn -0.95678 0.259866 -0.130542
vt -156.319 46.3502
vt -158.482 51.2975
f 1746/7471/2310 1745/7472/2308 1744/7473/2307

vt -33.0575 162.089
vn 1.96168e-18 -0.963887 -0.26631
vt -21.0523 162.089
vt -21.4952 164.263
vt -32.6145 164.263
f 1737/7474/2311 1745/7475/2311 1746/7476/2311 1738/7477/2311 

v 20.5726 46.5135 -146.239
vt 21.4952 -134.358
vn 1.95856e-18 -0.963949 0.266086
vt 21.0523 -136.533
vt 33.0575 -136.533
vt 32.6145 -134.358
f 1747/7478/2312 1745/7479/2312 1737/7480/2312 1740/7481/2312 

vt -148.2 57.3843
vn -0.95193 0.25093 0.175682
vt -150.147 62.4184
vt -150.338 56.7886
f 1747/7482/2313 1742/7483/2309 1745/7484/2308

vt -144.274 65.7164
vn -0.940433 0.264867 0.213147
vt -146.112 66.4347
vt -144.267 61.3623
f 1743/7485/2314 1742/7486/2309 1747/7487/2313

vt 22.6186 62.1966
vn -1.70972e-18 0.0620681 0.998072
vt 21.4952 57.9898
vt 32.6145 57.9898
vt 31.49 62.1966
f 1743/7488/2315 1747/7489/2315 1740/7490/2315 1741/7491/2315 

vt -32.6145 43.9142
vn 3.9877e-19 0.029709 -0.999559
vt -21.4952 43.9142
vt -22.6186 48.1147
vt -31.49 48.1147
f 1738/7492/2316 1746/7493/2316 1744/7494/2316 1736/7495/2316 

g Mesh23 half_1_1 Group2 Group_67_1 MERCC1 Model

v 21.6477 51.3972 -114.782
vt -22.6186 -95.3527
vn -2.57562e-18 0.94348 -0.331428
v 21.4363 52.0601 -112.895
vt -22.3977 -93.2628
vn -2.16233e-18 0.999932 0.0116902
v 30.3509 52.0601 -112.895
vt -31.7121 -93.2628
vn 0.776153 0.628351 0.0525549
v 30.1383 51.3972 -114.782
vt -31.49 -95.3527
vn 0.807015 0.523674 -0.272931
f 1748/7496/2317 1749/7497/2318 1750/7498/2319 1751/7499/2320 

vt -122.023 53.3747
vn -0.973542 0.159883 -0.163257
v 20.1486 44.1961 -112.895
vt -119.817 45.7533
vn -0.985282 0.161651 -0.0555738
vt -120.042 54.0763
vn -0.984865 0.16289 0.0592312
f 1748/7500/2321 1752/7501/2322 1749/7502/2323

v 20.5726 44.7499 -114.901
vt -121.953 46.4026
vn -0.973755 0.160394 -0.161476
vt -119.813 45.8164
vt -122.014 53.4392
f 1753/7503/2324 1752/7504/2322 1748/7505/2321

v 31.6385 44.1961 -112.895
vt -33.0575 125.992
vn -1.45259e-18 -0.963966 -0.266024
vt -21.0523 125.992
vt -21.4952 128.167
v 31.2146 44.7499 -114.901
vt -32.6145 128.167
f 1754/7506/2325 1752/7507/2325 1753/7508/2325 1755/7509/2325 

v 20.5726 44.7499 -110.888
vt 21.4952 -99.2475
vn -1.45254e-18 -0.963965 0.266029
vt 21.0523 -101.422
vt 33.0575 -101.422
v 31.2146 44.7499 -110.888
vt 32.6145 -99.2475
f 1756/7510/2326 1752/7511/2326 1754/7512/2326 1757/7513/2326 

vt -110.773 52.5672
vn -0.972063 0.161578 0.170253
vt -112.693 60.3043
vt -112.914 51.9811
f 1756/7514/2327 1749/7515/2323 1752/7516/2322

v 21.6477 51.3972 -111.14
vt -110.105 60.0628
vn -0.970187 0.163684 0.178732
vt -111.948 60.7649
vt -110.049 53.0224
f 1758/7517/2328 1749/7518/2323 1756/7519/2327

vt 31.7121 129.569
vt 22.3977 129.569
vt 22.6186 127.609
vn -1.48758e-18 0.935474 0.353395
v 30.1383 51.3972 -111.14
vt 31.49 127.609
vn 0.621848 0.70473 0.341555
f 1750/7520/2319 1749/7521/2318 1758/7522/2329 1759/7523/2330 

vt 22.6186 58.0582
vn 7.76441e-19 0.0378419 0.999284
vt 21.4952 51.1078
vt 32.6145 51.1078
vt 31.49 58.0582
f 1758/7524/2331 1756/7525/2331 1757/7526/2331 1759/7527/2331 

vt 119.861 44.3226
vn 0.97199 0.161662 0.170589
vt 121.758 52.0654
vt 119.915 51.3632
f 1757/7528/2332 1750/7529/2319 1759/7530/2330

vt 121.78 43.4694
vn 0.985263 0.161703 -0.0557503
vt 121.56 51.7926
vt 119.639 44.0555
f 1754/7531/2333 1750/7532/2319 1757/7533/2332

vt 110.967 45.5647
vt 110.741 37.2417
vt 112.948 44.8631
f 1750/7534/2319 1754/7535/2333 1751/7536/2320

vt 113.165 44.8686
vt 110.963 37.2456
vt 113.104 37.8318
vn 0.973737 0.160556 -0.161427
f 1751/7537/2320 1754/7538/2333 1755/7539/2334

vt -32.6145 44.5923
vn -3.96839e-19 0.0179672 -0.999839
vt -21.4952 44.5923
vt -22.6186 51.5389
vt -31.49 51.5389
f 1755/7540/2335 1753/7541/2335 1748/7542/2335 1751/7543/2335 

g Mesh24 half_1_1 Group2 Group_67_1 MERCC1 Model

v 17.7499 16.791 -117.224
vt -48.9134 -74.3688
vn -0.346439 -0.754591 0.55729
v 13.8925 16.791 -119.622
vt -53.659 -74.3688
v 15.1791 13.3017 -123.546
vt -54.6825 -79.9247
f 1760/7544/2336 1761/7545/2336 1762/7546/2336

vt -53.6785 -14.1079
vn -0.50814 -0.272306 0.817094
vt -48.9329 -14.1082
v 17.7499 19.4072 -116.351
vt -48.4513 -11.267
v 13.8925 19.4072 -118.751
vt -53.1979 -11.2672
f 1761/7547/2337 1760/7548/2337 1763/7549/2337 1764/7550/2337 

v 41.7514 19.4072 -116.351
vt 43.6239 -19.2369
vn 0 -4.00244e-05 1
vt 18.5459 -19.2369
vt 18.5459 -22.1186
vn -8.99022e-19 -0.639819 0.768526
v 41.7514 16.791 -117.224
vt 43.6239 -22.1186
f 1765/7551/2338 1763/7552/2338 1760/7553/2339 1766/7554/2339 

v 41.7514 22.0242 -117.224
vt 43.6239 60.5815
vn -8.1849e-19 0.83235 0.554251
v 17.7499 22.0242 -117.224
vt 18.5459 60.5815
vt 18.5459 57.6991
vt 43.6239 57.6991
f 1767/7555/2340 1768/7556/2340 1763/7557/2338 1765/7558/2338 

v 41.7514 21.588 -123.111
vt -43.6239 -126.614
vn -6.477e-19 0.988962 -0.148167
v 19.0364 21.588 -123.111
vt -19.8902 -126.614
vt -18.5459 -120.446
vt -43.6239 -120.446
f 1769/7559/2341 1770/7560/2341 1768/7561/2340 1767/7562/2340 

v 41.7514 19.4072 -132.706
vt -43.6239 -130.716
vn 0 0.975133 -0.221623
v 19.0364 19.4072 -132.706
vt -19.8902 -130.716
vt -19.8902 -120.435
vt -43.6239 -120.435
f 1771/7563/2342 1772/7564/2342 1770/7565/2341 1769/7566/2341 

v 41.7514 42.5215 -144.27
vt 43.6239 107.176
vn -2.45062e-17 0.447405 0.894331
v 18.1783 42.5215 -144.27
vt 18.9936 107.176
vt 19.8902 80.1713
vt 43.6239 80.1713
f 1773/7567/2343 1774/7568/2343 1772/7569/2343 1771/7570/2343 

v 41.7514 45.1385 -144.916
vt 43.6239 82.1141
vn 0 0.239927 0.970791
v 18.1783 45.1385 -144.916
vt 18.9936 82.1141
vn -0.134353 0.747727 0.650272
vt 18.9936 79.2975
vt 43.6239 79.2975
f 1775/7571/2344 1776/7572/2345 1774/7573/2344 1773/7574/2344 

v 41.7514 45.1385 -149.714
vt 43.6239 156.429
v 16.8929 45.1385 -149.714
vt 17.6506 156.429
vn -0.190847 0.980926 0.036907
vt 18.9936 151.416
vt 43.6239 151.416
f 1777/7575/153 1778/7576/2346 1776/7577/2345 1775/7578/153 

v 41.7514 41.6492 -150.151
vt -43.6239 23.6686
vn 0 0.124363 -0.992237
v 16.8929 41.6492 -150.151
vt -17.6506 23.6686
vt -17.6506 27.3429
vt -43.6239 27.3429
f 1779/7579/2347 1780/7580/2347 1778/7581/2347 1777/7582/2347 

v 13.8925 41.6492 -148.841
vt -75.5348 27.6321
vn -0.397549 0.114113 -0.910457
vt -78.7728 31.3018
vt -78.9556 27.6321
f 1781/7583/2348 1778/7584/2348 1780/7585/2348

v 14.321 44.2662 -148.841
vt -66.669 38.3696
vn -0.337628 0.0552819 -0.939655
vt -69.5064 39.2824
vt -66.2477 35.6311
f 1782/7586/2349 1778/7587/2349 1781/7588/2349

vt -152.256 47.6904
vn -0.753469 0.650033 0.0986993
v 14.7495 44.2662 -145.571
vt -148.809 47.6904
vn -0.648349 0.734635 0.199888
vt -152.811 50.6188
f 1782/7589/2350 1783/7590/2351 1778/7591/2346

vt -152.256 51.2682
vt -152.314 48.4981
vn -0.959447 0.280606 0.0268603
vt -148.809 51.2682
f 1782/7592/2350 1781/7593/2352 1783/7594/2351

vt -152.85 43.6631
vt -156.183 40.6882
v 13.8925 42.5215 -144.27
vt -151.422 41.6798
vn -0.510791 0.543933 0.665755
f 1783/7595/2351 1781/7596/2352 1784/7597/2353

vt -150.74 44.4286
vt -155.517 43.5172
v 13.8925 19.4072 -132.706
vt -138.658 20.2776
f 1784/7598/251 1781/7599/251 1785/7600/251

v 13.8925 16.791 -131.834
vt -137.746 17.544
f 1786/7601/251 1785/7600/251 1781/7599/251

v 13.8925 16.791 -123.546
vt -129.087 17.544
v 13.8925 21.588 -123.111
vt -128.632 22.5562
f 1785/7600/251 1786/7601/251 1787/7602/251 1788/7603/251 

vt -137.746 11.4392
vn -0.938254 -0.345947 2.0631e-17
v 15.1791 13.3017 -130.09
vt -135.924 7.55342
vt -129.087 11.4392
f 1786/7604/2354 1789/7605/2354 1787/7606/2354

vn -0.938254 -0.345947 -4.96383e-17
vt -129.087 7.55342
f 1787/7606/2355 1789/7605/2355 1762/7607/2355

vt -124.987 11.4392
f 1761/7608/2221 1787/7606/2221 1762/7607/2221

vt -124.987 17.544
vt -124.077 20.2776
f 1761/7609/251 1764/7610/251 1787/7602/251

f 1787/7602/251 1764/7610/251 1788/7603/251

v 13.8925 22.0242 -119.622
vt -124.987 23.0119
f 1790/7611/251 1788/7603/251 1764/7610/251

vt 53.659 -109.248
vn 0.0768769 0.989342 -0.123666
vt 48.9134 -109.248
vt 55.5839 -112.377
f 1790/7612/2356 1768/7613/2356 1788/7614/2356

vt -48.4513 50.2825
vn -0.50815 0.272239 0.817111
vt -48.9329 53.1244
vt -53.6785 53.1241
vt -53.1979 50.2827
f 1763/7615/2357 1768/7616/2357 1790/7617/2357 1764/7618/2357 

vt -14.5156 -126.614
vn -4.99828e-18 0.997267 -0.0738834
f 1788/7619/2358 1768/7561/2358 1770/7560/2358

vt -14.5156 -120.435
vn 5.88749e-17 0.975133 -0.221623
vt -14.5156 -130.716
f 1788/7620/2359 1770/7565/2359 1785/7621/2359

vt -138.382 23.6657
vn -0.401446 0.915855 0.00705667
vt -128.263 29.3407
v 16.8929 20.7157 -131.834
vt -137.415 27.0707
f 1785/7622/2360 1770/7623/2360 1791/7624/2360

vt 118.977 -54.3713
vn 0.450793 0.870431 -0.197827
vt 119.042 -51.5942
vt 109.797 -49.7428
f 1772/7625/2361 1791/7626/2361 1770/7627/2361

vt 97.7609 57.9809
vn 0.541988 0.392 0.743361
vt 104.154 84.2329
vn 0.364312 0.55415 0.748462
vt 95.414 59.4669
vn 0.0500987 0.455678 0.888734
f 1772/7628/2362 1774/7629/2363 1791/7630/2364

vt 89.7686 62.9558
vt 97.9666 87.9066
v 16.2497 40.7769 -142.09
vt 95.0368 85.9104
vn 0.017934 0.585438 0.810519
f 1791/7631/2364 1774/7632/2363 1792/7633/2365

vt 14.5156 145.443
vn -0.299993 0.550537 0.779046
vt 16.9785 142.526
vt 18.9936 145.443
f 1784/7634/2366 1792/7635/2365 1774/7636/2363

vt -57.6637 93.6487
vt -60.9248 95.6333
vt -51.845 70.8275
f 1792/7637/2365 1784/7638/2366 1791/7639/2364

vt -46.7599 73.0149
vt -55.4485 97.9604
vt -49.9675 71.5181
vn -0.414345 0.407192 0.813949
f 1791/7640/2364 1784/7641/2366 1785/7642/2367

vt 14.5156 79.2975
f 1774/7573/2344 1776/7572/2345 1784/7643/2353

vt -46.7932 128.486
vt -42.956 132.128
vt -46.5141 130.914
f 1784/7644/2353 1776/7645/2345 1783/7646/2351

vt -146.532 68.0491
vt -142.93 64.6412
vt -141.342 68.0491
f 1778/7647/2346 1783/7648/2351 1776/7649/2345

v 16.8929 16.791 -133.142
vt -71.8132 78.8544
vn -0.338817 -0.531293 -0.776486
vt -68.3932 78.8549
vt -75.5002 109.512
vt -78.921 109.513
f 1793/7650/2368 1786/7651/2368 1781/7652/2368 1780/7653/2368 

vt 43.6239 -98.7586
vt 18.5459 -98.7586
vt 15.8599 -106.304
vn -1.67489e-18 -0.875526 0.483171
v 41.7514 13.3017 -123.546
vt 43.6239 -106.304
f 1766/7654/2339 1760/7655/2339 1762/7656/2369 1794/7657/2369 

g Mesh25 st_wh1 Group2 Group_67_1 MERCC1 Model

v 21.614 34.8036 -83.7491
vt 13.1146 15.2845
vn 0.389255 0.817737 0.424012
v 21.614 34.2647 -82.7089
vt 12.6769 14.1414
v 24.1113 33.8154 -82.9418
vt 15.1632 13.1896
vn 4.07519e-05 0.887772 0.460283
v 24.1113 34.355 -83.982
vt 15.6009 14.333
f 1795/7658/2370 1796/7659/2370 1797/7660/2371 1798/7661/2371 

v 20.377 35.5551 -83.3596
vt 18.7715 7.59595
vn 0.564504 0.732761 0.379994
v 20.377 35.0155 -82.3199
vt 17.8704 6.76777
vt 18.9293 5.61456
vt 19.8309 6.44246
f 1799/7662/2372 1800/7663/2372 1796/7664/2370 1795/7665/2370 

vt 18.7201 7.7031
vn 0.558929 0.736159 0.381666
v 19.5751 36.0348 -83.1106
vt 18.0328 8.44361
v 19.4965 36.0817 -83.0875
vt 17.9665 8.51669
v 19.4965 35.5426 -82.0456
vt 17.0675 7.68357
v 19.5751 35.4951 -82.0709
vt 17.1357 7.61104
vt 17.823 6.87053
f 1799/7666/2373 1801/7667/2373 1802/7668/2373 1803/7669/2373 1804/7670/2373 1800/7671/2373 

v 18.6826 35.346 -83.4673
vt -2.35597 -6.79686
vn -0.0001872 0.460081 -0.887877
vt -3.20629 -5.93165
vn -0.000800396 0.459925 -0.887957
vt -3.28841 -5.98628
vn -0.000249798 0.459885 -0.887978
vt -4.1263 -6.55085
vt -5.41895 -7.43504
vn -0.000213315 0.460056 -0.88789
v 21.1728 33.8424 -84.2471
vt -4.95809 -8.56624
f 1805/7672/2374 1802/7673/2375 1801/7674/2376 1799/7675/2376 1795/7676/2377 1806/7677/2377 

vt -3.23056 -5.9315
vt -2.38073 -6.7972
v 18.0822 37.9945 -82.0944
vt -1.75121 -3.6806
vn 6.22484e-05 0.460251 -0.887789
f 1802/7678/2375 1805/7679/2374 1807/7680/2378

v 17.0174 37.5967 -82.302
vt -0.588525 -4.16016
vn 0.00076887 0.460394 -0.887714
vt -1.70132 -3.69186
vt -2.32698 -6.80924
f 1808/7681/2379 1807/7682/2378 1805/7683/2374

v 16.4331 40.2509 -80.9252
vt 0.00972189 -1.03575
vn 0.000239567 0.460427 -0.887697
v 17.5846 40.2509 -80.9252
vt -1.19336 -1.03606
vt -1.71261 -3.69148
vt -0.599945 -4.16009
f 1809/7684/2380 1810/7685/2380 1807/7686/2378 1808/7687/2379 

v 17.0174 42.9051 -79.5488
vt -0.610822 2.0869
vn 8.83191e-06 0.460348 -0.887738
v 18.0822 42.5072 -79.7546
vt -1.72337 1.61881
v 17.8052 41.2508 -80.4071
vt -1.43394 0.139591
vn -1.94132e-05 0.460459 -0.887681
v 17.5977 40.3175 -80.8912
vt -1.21713 -0.958981
vt -1.20346 -1.03707
vt -0.00037858 -1.03709
f 1811/7688/2381 1812/7689/2381 1813/7690/2382 1814/7691/2382 1810/7692/2380 1809/7693/2380 

v 18.6826 45.1556 -78.3817
vt -2.34974 4.7403
vn 1.46479e-05 0.460281 -0.887773
v 19.4965 44.4201 -78.7633
vt -3.20016 3.87458
vt -1.72235 1.62347
vt -0.609812 2.0916
f 1815/7694/2383 1816/7695/2383 1812/7696/2381 1811/7697/2381 

v 30.6381 40.2509 -80.9252
vt -14.8422 -1.03416
vn -7.78121e-06 0.460324 -0.887751
v 30.625 40.3175 -80.8912
vt -14.8285 -0.956066
v 30.4185 41.2508 -80.4071
vt -14.6127 0.142502
v 30.1414 42.5072 -79.7546
vt -14.3233 1.62171
v 28.7271 44.4201 -78.7633
vt -12.8454 3.87285
v 26.6096 45.6981 -78.1
vt -10.633 5.37728
v 24.1113 46.1469 -77.8689
vt -8.02264 5.9047
v 21.614 45.6981 -78.1
vt -5.41338 5.37726
vt -3.20092 3.87281
vt -2.35048 4.7385
v 21.1728 46.6593 -77.602
vt -4.95236 6.50839
v 24.1113 47.187 -77.3294
vt -8.02264 7.12898
v 27.0498 46.6593 -77.602
vt -11.093 6.50841
v 29.541 45.1556 -78.3817
vt -13.6959 4.73855
v 31.2052 42.9051 -79.5488
vt -15.4347 2.08982
v 31.7905 40.2509 -80.9252
vt -16.0463 -1.03415
v 31.2052 37.5967 -82.302
vt -15.4348 -4.15834
vn -0.000523939 0.460358 -0.887733
v 30.1414 37.9945 -82.0944
vt -14.3233 -3.68945
vn 0.000101019 0.460227 -0.887801
f 1817/7698/2384 1818/7699/2384 1819/7700/2384 1820/7701/2384 1821/7702/2384 1822/7703/2384 1823/7704/2384 1824/7705/2384 1816/7706/2383 1815/7707/2383 1825/7708/2384 1826/7709/2384 1827/7710/2384 1828/7711/2384 1829/7712/2384 1830/7713/2384 1831/7714/2385 1832/7715/2386 

vt -18.012 6.50281
vn -0.981409 -0.170388 -0.0883418
vt -18.5351 5.51298
vt -18.5717 5.44268
v 30.6381 39.7113 -79.8855
vt -17.4898 4.87052
v 30.625 39.7778 -79.8497
vt -17.4513 4.9407
v 30.4185 40.7111 -79.3656
vt -16.9282 5.93053
f 1819/7716/2387 1818/7717/2387 1817/7718/2387 1833/7719/2387 1834/7720/2387 1835/7721/2387 

vt -17.7898 2.45157
vn -0.189472 0.418722 -0.888128
vt -18.1064 1.37769
vn -0.112411 0.538753 -0.83493
v 28.3352 41.3543 -79.9138
vt -15.5535 2.57069
vn -0.0538573 0.584351 -0.809712
f 1819/7722/2388 1818/7723/2389 1836/7724/2390

vt -13.1219 -3.31005
vt -15.556 -4.72978
v 28.7684 40.0773 -81.015
vt -13.6235 -5.05864
vn 0.0411797 0.624803 -0.779695
f 1836/7725/2390 1818/7726/2389 1837/7727/2391

vt -8.92766 22.1642
vn 0.14402 -0.878619 -0.455288
vt -9.25585 20.9834
v 28.7684 39.5383 -79.9749
vt -7.36691 20.4594
vt -7.03913 21.6387
f 1818/7728/2392 1834/7729/2392 1838/7730/2392 1837/7731/2392 

vt 14.8232 -0.966046
vn -0.000281805 -0.460727 0.887542
vt 14.6076 0.132555
v 28.3352 40.995 -79.2187
vt 12.4309 0.466871
vt 12.8833 -1.24805
f 1834/7732/2393 1835/7733/2393 1839/7734/2393 1838/7735/2393 

v 31.7905 39.7113 -79.8855
vt 16.0567 -1.02854
vn 0.000248441 -0.460135 0.887849
v 31.2052 42.3662 -78.5086
vt 15.4443 2.09607
vn 0.000245437 -0.46031 0.887758
v 30.1414 41.9676 -78.7149
vt 14.3329 1.62682
vt 14.6228 0.148451
vn 0.000579944 -0.460259 0.887785
vt 14.8389 -0.950054
vt 14.8526 -1.0289
f 1840/7736/2394 1841/7737/2395 1842/7738/2395 1835/7739/2396 1834/7740/2396 1833/7741/2394 

vt 18.681 5.23658
vn 1 -1.56928e-05 -8.92126e-06
vt 17.1938 8.05108
vn 0.926001 0.335156 0.173762
vt 16.1114 7.47957
vt 17.599 4.6644
f 1830/7742/2397 1829/7743/2398 1841/7744/2398 1840/7745/2397 

vt 19.6586 4.2811
vt 17.9884 6.97362
vn 0.712807 0.622626 0.322867
v 29.541 44.6161 -77.3416
vt 16.9481 6.32822
vt 18.6183 3.63617
f 1829/7746/2398 1828/7747/2399 1843/7748/2399 1841/7749/2398 

vt 19.8124 6.49043
vt 17.6783 8.80419
vn 0.387932 0.818303 0.424133
v 27.0498 46.1198 -76.5618
vt 16.7784 7.97411
vt 18.9125 5.66035
f 1828/7750/2399 1827/7751/2400 1844/7752/2400 1843/7753/2399 

vt 15.7259 14.2821
vt 12.8008 15.4027
vn -1.44237e-06 0.887938 0.459964
v 24.1113 46.648 -76.2875
vt 12.3624 14.2581
vt 15.2883 13.1387
f 1827/7754/2400 1826/7755/2401 1845/7756/2401 1844/7757/2400 

vt 2.32444 19.8806
vt 1.88611 21.0252
vt -1.03896 19.9046
vn -0.38802 0.81827 0.424116
v 21.1728 46.1198 -76.5618
vt -0.601367 18.7612
f 1845/7758/2401 1826/7759/2401 1825/7760/2402 1846/7761/2402 

vt -7.78431 17.7263
vt -8.68432 18.5562
vt -10.8175 16.2428
vn -0.712776 0.622654 0.322882
v 18.6826 44.6161 -77.3416
vt -9.91747 15.4129
f 1846/7762/2402 1825/7763/2402 1815/7764/2403 1847/7765/2403 

vt -12.3057 13.8132
vt -13.346 14.4587
vt -15.0168 11.7658
vn -0.926009 0.335137 0.173752
v 17.0174 42.3662 -78.5086
vt -13.9765 11.1208
f 1847/7766/2403 1815/7767/2403 1811/7768/2404 1848/7769/2404 

vt -14.6718 10.204
vt -15.7542 10.7755
vt -17.2412 7.96117
vn -1 -1.5668e-05 -8.90702e-06
v 16.4331 39.7113 -79.8855
vt -16.1592 7.38902
f 1848/7770/2404 1811/7771/2404 1809/7772/2405 1849/7773/2405 

vt -16.1592 7.38907
vt -17.2412 7.96123
vt -18.7287 5.14688
vn -0.925994 -0.335184 -0.173744
v 17.0174 37.057 -81.2606
vt -17.6449 4.57465
f 1849/7774/2405 1809/7775/2405 1808/7776/2406 1850/7777/2406 

vt -17.0823 6.11305
vt -18.1239 6.75887
vt -19.7928 4.06548
vn -0.712745 -0.622739 -0.322786
v 18.6826 34.807 -82.4276
vt -18.753 3.42054
vn -0.49906 -0.764668 0.407703
f 1850/7778/2406 1808/7779/2406 1805/7780/2407 1851/7781/2408 

vt -16.9545 7.77991
vt -17.8543 8.60921
vt -19.9872 6.29567
vn -0.388087 -0.818167 -0.424255
v 21.1728 33.3035 -83.2074
vt -19.0874 5.46637
vn -0.271644 -0.901511 0.336879
f 1851/7782/2408 1805/7783/2407 1806/7784/2409 1852/7785/2410 

vt -12.463 14.2228
vt -12.9004 15.3655
v 24.1113 33.3146 -84.5214
vt -15.8262 14.2464
vn -1.44366e-06 -0.887693 -0.460435
v 24.1113 32.775 -83.4817
vt -15.3888 13.1033
f 1852/7786/2410 1806/7787/2409 1853/7788/2411 1854/7789/2411 

vt -4.95638 -8.57372
vt -5.41729 -7.44255
vt -8.0266 -7.97042
vn -1.33942e-08 0.460227 -0.887801
vt -8.02672 -9.19494
f 1806/7790/2377 1795/7791/2377 1798/7792/2412 1853/7793/2412 

vt -8.01844 -7.97189
v 26.6096 34.8036 -83.7491
vt -10.6288 -7.44402
vn 0.000213339 0.460056 -0.88789
v 27.0498 33.8424 -84.2471
vt -11.0887 -8.57519
vt -8.01832 -9.19641
f 1798/7794/2412 1855/7795/2413 1856/7796/2413 1853/7797/2412 

vt -0.473584 18.8123
v 26.6096 34.2647 -82.7089
vt 2.01386 19.7642
vn -0.389126 0.81785 0.423913
vt 1.57634 20.9074
vn -0.450458 0.792579 0.410982
vt -0.911107 19.9558
f 1797/7798/2371 1857/7799/2414 1855/7800/2415 1798/7801/2371 

vt 8.02243 -9.20178
vn 6.57613e-09 -0.460502 0.887659
v 27.0498 33.3035 -83.2074
vt 11.0928 -8.57967
vn -2.6496e-05 -0.460452 0.887684
vt 10.6328 -7.44833
vt 8.02243 -7.97705
f 1854/7802/2416 1858/7803/2417 1857/7804/2417 1797/7805/2416 

vt 1.13902 19.867
vt -1.78685 20.9861
vn 0.387999 -0.818199 -0.424272
vt -2.22424 19.8433
vt 0.701639 18.7239
f 1853/7806/2411 1856/7807/2418 1858/7808/2418 1854/7809/2411 

vt 10.9917 16.0544
v 29.541 35.346 -83.4673
vt 8.85788 18.3682
vn 0.712776 -0.622711 -0.322771
v 29.541 34.807 -82.4276
vt 7.95825 17.5388
vt 10.092 15.2249
f 1856/7810/2418 1859/7811/2419 1860/7812/2419 1858/7813/2418 

vt -10.6272 -7.43712
v 27.8466 35.5551 -83.3596
vt -11.9198 -6.55292
vn 0.000249872 0.459885 -0.887978
v 28.6485 36.0348 -83.1106
vt -12.7577 -5.98836
v 28.7271 36.0817 -83.0875
vt -12.8398 -5.93372
vn 0.000800404 0.459925 -0.887957
vt -13.6902 -6.79894
vn 0.000186904 0.460081 -0.887877
vt -11.087 -8.56831
f 1855/7814/2413 1861/7815/2420 1862/7816/2420 1863/7817/2421 1859/7818/2422 1856/7819/2413 

vt -9.80972 17.346
vn -0.564695 0.732519 0.380178
vt -10.8691 16.1926
v 27.8466 35.0155 -82.3199
vt -8.90858 16.5178
vn -0.564518 0.732753 0.37999
f 1861/7820/2423 1855/7821/2415 1864/7822/2424

vt -9.97085 15.3718
vt -8.912 16.5251
vt -10.8725 16.1997
f 1857/7823/2414 1864/7824/2424 1855/7825/2415

vt 11.0918 -8.57795
vt 13.6947 -6.8083
vn 1.9446e-05 -0.460375 0.887724
v 28.7271 35.5426 -82.0456
vt 12.8443 -5.94221
v 28.6485 35.4951 -82.0709
vt 12.7622 -5.99843
vn -4.8955e-05 -0.460403 0.88771
vt 11.9243 -6.56308
vt 10.6318 -7.44659
f 1858/7826/2417 1860/7827/2425 1865/7828/2425 1866/7829/2426 1864/7830/2426 1857/7831/2417 

vt 13.6976 -6.80624
v 31.2052 37.057 -81.2606
vt 15.4364 -4.15783
vn 2.39239e-06 -0.46018 0.887826
v 30.1414 37.4556 -81.0543
vt 14.3248 -3.68896
vt 12.8471 -5.94021
f 1860/7832/2425 1867/7833/2427 1868/7834/2427 1865/7835/2425 

vt 15.1526 11.5486
vt 13.4841 14.2416
vn 0.925985 -0.335203 -0.173754
vt 12.4425 13.5959
vt 14.1127 10.9037
f 1859/7836/2419 1831/7837/2428 1867/7838/2428 1860/7839/2419 

vt -13.7192 -6.80059
vt -14.3448 -3.68321
vt -15.4566 -4.15151
f 1859/7840/2422 1832/7841/2386 1831/7842/2385

vt -13.6654 -6.80843
vt -12.8155 -5.94273
vt -14.2949 -3.69183
f 1859/7843/2422 1863/7844/2421 1832/7845/2386

vt -13.9821 11.1193
vn -0.836008 0.487276 0.252293
vt -12.5636 13.4083
vn -0.926076 0.335058 0.173551
vt -13.604 14.0531
vt -15.0243 11.7644
f 1865/7846/2429 1868/7847/2430 1832/7848/2430 1863/7849/2429 

vt -16.092 7.51443
vt -14.8292 9.90624
vn -0.981431 0.170281 0.0883041
vt -15.9111 10.4784
vt -17.1744 8.08592
f 1868/7850/2430 1833/7851/2431 1817/7852/2431 1832/7853/2430 

vt 15.433 -4.15248
vt 16.0446 -1.02912
vt 14.8405 -1.02907
vt 14.3215 -3.68352
f 1867/7854/2427 1840/7855/2394 1833/7856/2394 1868/7857/2427 

vt 17.2883 7.87283
vt 15.8007 10.6873
vt 14.7187 10.1151
vt 16.2046 7.30057
f 1831/7858/2428 1830/7859/2397 1840/7860/2397 1867/7861/2428 

vt -8.81102 18.3598
vn -0.554235 0.739278 0.382481
vt -8.87751 18.287
vn -0.559704 0.735776 0.381267
vt -7.91505 17.5234
f 1863/7862/2432 1862/7863/2433 1865/7864/2433

vt -8.16852 17.3263
vt -9.13772 18.0813
vt -8.23624 17.2534
vn -0.565149 0.732243 0.380035
f 1865/7865/2433 1862/7866/2433 1866/7867/2434

vt 19.6775 0.759665
vn 0.977578 0.186907 0.0969848
vt 20.7586 1.33359
v 28.2567 37.6499 -82.2737
vt 19.848 3.05143
v 28.2567 37.1103 -81.2335
vt 18.7665 2.4775
f 1866/7868/2435 1862/7869/2435 1869/7870/2435 1870/7871/2435 

vt -8.97432 18.1993
vn -0.558875 0.736027 0.381999
vt -9.66193 17.459
vt -8.07747 17.3665
f 1862/7872/2436 1861/7873/2436 1866/7874/2436

vt -12.7529 -5.99578
vn 0.000469694 0.460165 -0.887833
vt -11.9149 -6.56025
vn 0.348335 0.376774 -0.858315
vt -12.3439 -4.09501
vn 0.207168 0.295599 -0.932579
f 1862/7875/2437 1861/7876/2438 1869/7877/2439

vt -17.1641 -4.98181
v 27.3752 36.8665 -82.4595
vt -16.4203 -3.4161
vn -0.100883 0.335644 -0.936571
vt -17.2456 -2.48084
f 1861/7878/2438 1871/7879/2440 1869/7880/2439

vt -21.293 0.494249
vn -0.958197 -0.253988 -0.131712
v 27.3752 36.4171 -81.592
vt -19.3962 1.42542
vt -20.2941 1.91098
vn -0.958178 -0.25409 -0.131657
f 1861/7881/2441 1872/7882/2441 1871/7883/2442

vt -19.3972 1.42797
vt -21.2939 0.496851
vt -20.2177 -0.0860617
vn -0.958217 -0.253886 -0.131767
f 1872/7884/2441 1861/7885/2441 1864/7886/2443

vt 16.5912 6.56225
vn 0.985235 -0.151967 -0.0788548
vt 17.7568 4.34781
vt 18.8397 4.91825
vt 17.6745 7.13269
f 1870/7887/2444 1864/7888/2444 1861/7889/2438 1869/7890/2439 

vt 11.951 -6.55861
vn 0.00121185 -0.46057 0.887623
vt 12.3779 -4.09279
vt 11.4574 -4.90879
f 1864/7891/2445 1870/7892/2445 1872/7893/2445

vt 11.4328 -4.89171
vn 0 -0.459355 0.888253
vt 12.3538 -4.07629
v 24.1113 37.1103 -81.2335
vt 8.02252 -4.07629
v 24.1113 36.4171 -81.592
vt 8.02252 -4.89171
f 1872/7894/2446 1870/7895/2446 1873/7896/2446 1874/7897/2446 

vt 12.3555 -4.09567
vn 8.58305e-05 -0.460352 0.887736
vt 12.8901 -1.23809
v 24.1113 40.2315 -79.6146
vt 8.02406 -0.422125
vt 8.02422 -4.09586
f 1870/7898/2447 1838/7899/2447 1875/7900/2447 1873/7901/2447 

vt 17.5906 7.2974
vn 0.982937 -0.1633 -0.0846659
vt 16.2344 9.86818
vt 15.1516 9.29738
vt 16.5078 6.72592
f 1869/7902/2448 1837/7903/2448 1838/7904/2448 1870/7905/2448 

vt -11.4867 -4.18922
vn 0.0439526 0.456543 -0.888615
v 24.1113 40.8613 -80.8288
vt -7.22886 -0.425146
vn -6.99067e-06 0.550015 -0.835155
vt -12.0809 -1.34404
f 1869/7906/2449 1876/7907/2450 1837/7908/2391

v 24.1113 37.7401 -82.4477
vt -7.00585 -4.2705
vn -5.95728e-06 0.460427 -0.887698
vt -7.09581 -0.597872
vt -11.3407 -4.37663
f 1877/7909/2451 1876/7910/2450 1869/7911/2449

v 19.967 37.6499 -82.2737
vt -4.683 -3.98409
vn -0.043963 0.456542 -0.888615
vt -8.92674 -0.20533
vt -9.01673 -3.87796
f 1878/7912/2452 1876/7913/2450 1877/7914/2451

v 19.4552 40.0773 -81.015
vt -3.9487 -1.01219
vn -0.0411954 0.624804 -0.779694
vt -8.79963 -0.0932945
vt -4.54286 -3.85736
f 1879/7915/2453 1876/7916/2450 1878/7917/2452

vt -5.43054 -6.684
v 24.1113 41.722 -79.9426
vt -10.1046 -4.22862
vn -9.12988e-06 0.691688 -0.722196
vt -10.227 -5.51364
f 1879/7918/2453 1880/7919/2454 1876/7920/2450

v 19.8884 41.3543 -79.9138
vt -4.96432 -3.84775
vn 0.0538558 0.584304 -0.809746
vt -9.36348 -3.33402
vt -4.61005 -5.63203
f 1881/7921/2455 1880/7922/2454 1879/7923/2453

vt 0.978267 18.8833
vn -0.112758 0.882365 0.456857
v 19.8884 40.995 -79.2187
vt 1.09383 18.0739
v 24.1113 41.2725 -79.0752
vt 5.47374 18.6991
vn -1.22806e-06 0.58766 0.809108
vt 5.32954 19.7097
vn -9.12958e-06 0.888049 0.459749
f 1881/7924/2456 1882/7925/2456 1883/7926/2457 1880/7927/2458 

vt -1.71332 18.832
vt -3.94131 18.6054
vn -0.151457 0.877763 0.454525
v 17.8052 40.7111 -79.3656
vt -3.5973 17.429
vt -1.4837 18.0473
f 1881/7928/2456 1813/7929/2459 1884/7930/2459 1882/7931/2456 

vt 2.41458 -0.0205059
vn 0.112418 0.538676 -0.834979
vt 2.097 1.05328
vn 0.189498 0.418552 -0.888203
vt -0.139317 1.17239
f 1814/7932/2460 1813/7933/2461 1881/7934/2455

vt 17.0956 8.23791
vn 0.981257 -0.171076 -0.0886989
vt 16.5723 9.22788
vt 15.8673 10.5601
vn 0.925891 -0.335337 -0.173995
v 18.0822 41.9676 -78.7149
vt 14.7854 9.98788
vt 15.4886 8.65553
v 17.5977 39.7778 -79.8497
vt 16.0119 7.66556
f 1814/7935/2462 1813/7936/2462 1812/7937/2463 1885/7938/2463 1884/7939/2462 1886/7940/2462 

vt 13.4812 14.2409
vn 0.712841 -0.622492 -0.323051
v 19.4965 43.8805 -77.7236
vt 12.4414 13.5954
vt 13.8605 11.3068
vt 14.9004 11.9524
f 1816/7941/2464 1887/7942/2464 1885/7943/2463 1812/7944/2463 

vt 8.85255 18.3707
vn 0.387974 -0.818205 -0.424284
v 21.614 45.1586 -77.0603
vt 7.95312 17.5407
vt 9.76774 15.5745
vt 10.6672 16.4046
f 1824/7945/2465 1888/7946/2465 1887/7947/2464 1816/7948/2464 

vt -1.65967 20.9397
vn 4.07265e-05 -0.887859 -0.460116
v 24.1113 45.6078 -76.8274
vt -2.09778 19.7954
vt 0.388632 18.8438
vt 0.82601 19.9868
f 1823/7949/2466 1889/7950/2466 1888/7951/2465 1824/7952/2465 

v 26.6096 45.1586 -77.0603
vt -15.0756 13.2236
vn -0.387941 -0.818217 -0.42429
vt -12.588 14.1753
vt -13.026 15.3196
vt -15.5128 14.3667
f 1890/7953/2467 1889/7954/2466 1823/7955/2466 1822/7956/2467 

vt 11.0932 6.50381
vn -2.43325e-05 -0.460562 0.887627
vt 8.02285 7.1256
vn -9.7088e-09 -0.460553 0.887632
vt 8.02287 5.90111
vt 10.6332 5.37247
f 1844/7957/2468 1845/7958/2469 1889/7959/2469 1890/7960/2468 

vt 8.02217 5.90092
vt 8.02219 7.12541
vt 4.9519 6.50362
vn 2.42982e-05 -0.460562 0.887627
vt 5.4129 5.37227
f 1889/7961/2469 1845/7962/2469 1846/7963/2470 1888/7964/2470 

vt 5.41433 5.37215
vt 4.95328 6.50348
vt 2.35146 4.73351
vn 8.05511e-05 -0.460466 0.887677
vt 3.20192 3.86751
f 1888/7965/2470 1846/7966/2470 1847/7967/2471 1887/7968/2471 

vt 3.20219 3.87177
vt 2.35171 4.73776
vt 0.611955 2.08943
vn -0.000245581 -0.460309 0.887758
vt 1.72452 1.62056
f 1887/7969/2471 1847/7970/2471 1848/7971/2472 1885/7972/2472 

vt 1.71322 1.62199
vt 0.600814 2.09125
vt -0.0106008 -1.03336
vn -0.000248464 -0.460135 0.887849
v 17.5846 39.7113 -79.8855
vt 1.19249 -1.03372
vt 1.20618 -0.954877
vn -0.000580063 -0.460259 0.887785
vt 1.42332 0.143627
f 1885/7973/2472 1848/7974/2472 1849/7975/2473 1891/7976/2473 1886/7977/2474 1884/7978/2474 

vt 1.20461 -1.02838
vt 0.0015191 -1.02843
vt 0.612128 -4.15179
vn -2.27264e-06 -0.46018 0.887826
v 18.0822 37.4556 -81.0543
vt 1.72465 -3.68283
f 1891/7979/2473 1849/7980/2473 1850/7981/2475 1892/7982/2475 

vt 1.72129 -3.68969
vt 0.60873 -4.15856
vt 2.34849 -6.80697
vt 3.19896 -5.94094
vn -1.9353e-05 -0.460375 0.887724
f 1892/7983/2475 1850/7984/2475 1851/7985/2408 1803/7986/2476 

vt 3.20181 -5.9418
vt 2.35139 -6.8079
vt 4.95333 -8.57754
vt 5.41431 -7.44619
vn 2.65124e-05 -0.460452 0.887684
vt 4.12175 -6.56267
vn 4.89747e-05 -0.460403 0.88771
vt 3.28392 -5.99802
f 1803/7987/2476 1851/7988/2408 1852/7989/2410 1796/7990/2477 1800/7991/2478 1804/7992/2478 

vt 5.41334 -7.4483
vt 4.95233 -8.57964
vt 8.02261 -9.20174
vt 8.02261 -7.97701
f 1796/7993/2477 1852/7994/2410 1854/7995/2416 1797/7996/2416 

v 20.8485 36.4171 -81.592
vt 4.61197 -4.92221
vn -6.79569e-05 -0.460873 0.887466
vt 3.28148 -6.00762
vt 4.11928 -6.57232
f 1893/7997/2479 1804/7998/2479 1800/7999/2479

vt 3.26703 -5.99371
vn -0.000761526 -0.460118 0.887857
vt 4.5979 -4.90879
v 19.967 37.1103 -81.2335
vt 3.6772 -4.093
f 1804/8000/2480 1893/8001/2480 1894/8002/2480

vn 3.09449e-18 -0.459355 0.888253
vt 3.69233 -4.07629
vt 4.61335 -4.89171
f 1874/7897/2481 1873/7896/2481 1894/8003/2481 1893/8004/2481 

vt 8.02098 -0.422839
vn -8.58518e-05 -0.460352 0.887736
v 19.4552 39.5383 -79.9749
vt 3.15606 -1.2388
vt 3.69062 -4.09638
vt 8.02081 -4.09657
f 1875/8005/2482 1895/8006/2482 1894/8007/2482 1873/8008/2482 

vt 8.02224 -0.426158
vn -1.54752e-05 -0.460533 0.887643
vt 8.02225 0.79897
vt 3.60999 0.472551
vt 3.15735 -1.2423
f 1875/8009/2483 1883/8010/2483 1882/8011/2483 1895/8012/2483 

vt 12.4361 0.47268
vn 0.0522668 0.300716 0.95228
vt 8.02279 0.799099
vt 8.0228 -0.426029
vn 1.54702e-05 -0.460533 0.887643
vt 12.8888 -1.24217
f 1839/8013/2484 1883/8014/2457 1875/8015/2485 1838/8016/2485 

vt 10.3664 16.4387
vt 14.7474 15.8134
vt 14.8629 16.6229
vn 0.0738685 0.885623 0.458493
vt 10.5106 17.4493
f 1883/8017/2457 1839/8018/2484 1836/8019/2486 1880/8020/2458 

vt 18.8205 12.9764
vn 0.151457 0.877763 0.454525
vt 19.1645 14.1527
vt 16.9365 14.3794
vt 16.7069 13.5946
f 1835/8021/2487 1819/8022/2487 1836/8023/2487 1839/8024/2487 

vt -16.929 5.92782
vn -0.98137 -0.170585 -0.0884
vt -16.2259 7.26021
vn -0.948679 -0.280708 -0.145643
vt -18.0128 6.50012
vn -0.981379 -0.170516 -0.088431
f 1835/8025/2488 1842/8026/2489 1819/8027/2490

vt -16.2267 7.26241
vt -17.3087 7.83459
vn -0.926017 -0.335044 -0.173889
vt -18.0136 6.50233
f 1842/8028/2489 1820/8029/2491 1819/8030/2490

vt -18.5052 3.82553
v 28.7271 43.8805 -77.7236
vt -17.086 6.11408
vn -0.712839 -0.622493 -0.323051
vt -18.1259 6.75965
vt -19.5451 4.47111
f 1842/8031/2489 1896/8032/2492 1821/8033/2492 1820/8034/2491 

vt 15.4331 2.08869
vt 13.6944 4.73702
vn -8.06602e-05 -0.460466 0.887677
vt 12.8439 3.87103
vt 14.3216 1.61982
f 1841/8035/2395 1843/8036/2493 1896/8037/2493 1842/8038/2395 

vt 13.6947 4.73291
vt 11.0918 6.50288
vt 10.6318 5.37155
vt 12.8442 3.86691
f 1843/8039/2493 1844/8040/2468 1890/8041/2468 1896/8042/2493 

vt -18.7666 5.82342
vt -16.952 7.78958
vt -17.8514 8.61958
vt -19.666 6.6535
f 1896/8043/2492 1890/8044/2467 1822/8045/2467 1821/8046/2492 

vt -11.3796 -6.52764
vt -6.62509 -4.22964
vt -11.0253 -4.74337
f 1837/8047/2391 1880/8048/2454 1836/8049/2390

vt -5.67776 -7.02839
vt -5.80013 -5.74337
vt -10.4753 -8.19876
f 1876/8050/2450 1880/8051/2454 1837/8052/2391

vt 3.61519 0.469217
vn 0.000281776 -0.460727 0.887542
vt 1.43855 0.134901
vt 1.2219 -0.9637
vt 3.16282 -1.24571
f 1882/8053/2494 1884/8054/2494 1886/8055/2494 1895/8056/2494 

vt -7.92977 16.2085
vn -0.143944 -0.878629 -0.455293
vt -6.03976 16.7324
vt -6.36779 17.9133
vt -8.25739 17.3878
f 1895/8057/2495 1886/8058/2495 1814/8059/2495 1879/8060/2495 

vt -2.40823 -5.50372
vt -0.474693 -5.17486
vt -2.90979 -3.75512
f 1879/8061/2453 1814/8062/2460 1881/8063/2455

vt -16.5287 6.68672
vn -0.982937 -0.1633 -0.0846659
vt -17.6115 7.25752
vt -18.9676 4.68674
vt -17.8848 4.11526
f 1895/8064/2496 1879/8065/2496 1878/8066/2496 1894/8067/2496 

vt -18.2638 6.03592
vn -0.977578 0.186907 0.0969848
vt -19.1744 4.31807
vt -18.0934 3.74415
vt -17.1823 5.46198
f 1878/8068/2497 1801/8069/2497 1804/8070/2497 1894/8071/2497 

vt -4.13122 -6.55635
vn 0.127565 0.476042 -0.870121
vt -3.29327 -5.99188
vn -0.000469716 0.460165 -0.887833
vt -3.70223 -4.09111
vn 0.0382195 0.34265 -0.938685
f 1799/8072/2498 1801/8073/2499 1878/8074/2500

v 20.8485 36.8665 -82.4595
vt 1.06162 -5.66442
vn 0.100872 0.335633 -0.936577
vt 1.80551 -7.23012
vt 1.88696 -4.72916
f 1897/8075/2501 1799/8076/2498 1878/8077/2500

vt 18.1086 5.95048
vn 0.958193 -0.254 -0.131718
vt 18.0313 3.95086
vt 19.1075 4.53379
vn 0.958177 -0.254004 -0.131829
f 1897/8078/2502 1800/8079/2502 1799/8080/2503

vt 18.0328 3.94975
vt 18.1103 5.94937
vt 17.2123 5.46383
vn 0.958209 -0.253996 -0.131608
f 1800/8081/2502 1897/8082/2502 1893/8083/2504

vt -4.61746 17.7403
vn -0.00010482 -0.888064 -0.45972
vt -4.61766 18.7611
v 24.1113 36.9561 -82.6339
vt -8.02687 18.9653
vt -8.02663 17.7397
f 1893/8084/2505 1897/8085/2505 1898/8086/2505 1874/8087/2505 

vt -5.70406 1.06873
vt -4.77332 1.89916
vt -9.11806 1.16364
vn -7.38645e-06 0.200275 -0.97974
f 1897/8088/2501 1878/8089/2500 1898/8090/2506

vt -8.91314 -0.0657257
vt -4.57002 0.679341
vt -8.90397 0.776192
vn -5.78018e-06 0.231096 -0.972931
f 1898/8091/2506 1878/8092/2500 1877/8093/2507

vt -7.12349 0.60173
vt -11.4585 0.504879
vt -7.11432 -0.240187
f 1877/8094/2507 1869/8095/2439 1898/8096/2506

vt -11.2461 1.74134
vt -10.3153 0.910912
vt -6.90025 1.00583
f 1869/8097/2439 1871/8098/2440 1898/8099/2506

vt -8.01817 18.9686
vn 0.000104787 -0.888064 -0.45972
vt -11.4285 18.7644
vt -11.4287 17.7436
vt -8.01842 17.7429
f 1898/8100/2508 1871/8101/2508 1872/8102/2508 1874/8103/2508 

vt 18.24 6.56752
vn 0.926006 0.335209 0.173629
vt 17.1996 5.92278
vt 18.6181 3.63381
vn 0.836016 0.487266 0.252288
vt 19.6603 4.27889
f 1807/8104/2509 1892/8105/2509 1803/8106/2510 1802/8107/2510 

vt 17.3489 7.75741
vn 0.981358 0.170612 0.0884759
vt 16.267 7.18523
vt 17.53 4.79327
vt 18.6124 5.3648
f 1810/8108/2511 1891/8109/2511 1892/8110/2509 1807/8111/2509 

vt -8.76507 16.6261
f 1866/7874/2436 1861/7873/2436 1864/8112/2436

g Mesh26 st_wh1 Group2 Group_67_1 MERCC1 Model

v 21.2455 41.6131 -74.5757
vt -2.24056 14.695
vn 0.17705 -0.695967 -0.695905
v 24.6744 42.4854 -74.5757
vt -5.7126 15.9643
v 17.8178 33.763 -67.5969
vt -0.567554 3.27248
f 1899/8113/2512 1900/8114/2512 1901/8115/2512

v 21.2455 40.7408 -65.5
vt 0.660366 7.13015
vn -0.258397 0.962085 0.0873166
vt -6.94403 14.0766
vn -0.00115599 0.995954 0.0898621
vt -8.21029 10.6034
vn -0.245479 0.964955 0.0927488
f 1902/8116/2513 1900/8117/2514 1899/8118/2515

v 24.6744 41.6131 -64.3574
vt 2.48792 10.5224
vn -0.00234327 0.996373 0.0850553
vt -7.73332 13.7389
vt 0.309832 7.30563
f 1903/8119/2516 1900/8120/2514 1902/8121/2513

v 28.1033 40.7408 -65.2964
vt 4.51964 -8.59319
vn 0.256154 0.962771 0.0863578
vt 12.735 -2.06105
vt 2.52945 -5.32704
f 1904/8122/2517 1900/8123/2514 1903/8124/2516

v 28.1033 41.6131 -74.5757
vt 14.2413 -5.04992
vn 0.245525 0.965135 0.09073
vt 12.9994 -1.56798
vt 5.14684 -8.53203
f 1905/8125/2518 1900/8126/2514 1904/8127/2517

vt -14.4667 11.7107
vn -0.177883 -0.699242 -0.6924
v 31.5321 33.763 -67.5289
vt -16.1045 0.237233
vt -10.9967 12.9856
f 1905/8128/2519 1906/8129/2519 1900/8130/2519

vt 4.01717 -5.78455
vn 0.901822 0.43021 0.040443
vt 11.2121 3.3015
vt 1.52638 2.29184
f 1906/8131/2520 1905/8132/2520 1904/8133/2520

vt -1.42997 2.92982
vn 0.0038662 -0.626587 -0.779342
vt -8.55782 14.6237
vt -15.7596 2.92982
f 1901/8134/2521 1900/8135/2521 1906/8136/2521

vt -0.962121 9.69823
vn -0.901649 0.430484 0.041377
vt -10.4349 10.708
vt -3.31491 1.62067
f 1902/8137/2522 1899/8138/2522 1901/8139/2522

g Mesh27 Group5 half_1_2 Group2 Group_67_1 MERCC1 Model

usemtl _Cobalt_
v 66.9708 16.183 -4.63988
vn 0.208815 -0.483383 0.85014
v 64.7826 15.3683 -4.564
vn 0.199105 -0.446087 0.872561
v 67.1833 15.3224 -5.17762
vn 0.211712 -0.464639 0.859819
f 1907/187/2523 1908/186/2524 1909/185/2525

v 66.965 14.4101 -5.57493
vn 0.199563 -0.422179 0.884273
f 1908/190/2524 1910/189/2526 1909/188/2525

v 65.4236 12.5368 -6.09784
vn 0.115291 -0.46436 0.87811
f 1911/202/2527 1910/201/2526 1908/200/2524

v 67.2381 13.6857 -6.01279
vn -0.23546 0.436166 -0.868515
f 1912/199/2528 1911/198/2527 1910/197/2526

v 67.9992 13.0144 -6.5562
vn 0.214586 -0.465033 0.858893
f 1911/220/2527 1912/219/2528 1913/218/2529

vn -0.0975505 0.612385 -0.784518
vn -0.0427939 0.549247 -0.834564
v 69.2441 14.2681 -5.73237
vn -0.257746 0.461419 -0.848916
f 1913/223/2530 1912/222/2531 1914/221/2532

vn 0.0866432 0.886381 0.454776
f 1912/196/2531 1910/195/2533 1914/194/2532

vn -0.495839 -0.82231 -0.279195
f 1909/193/2534 1910/192/2533 1914/191/2532

v 68.1432 15.8998 -5.08996
vn -0.161016 0.265598 -0.950543
f 1909/278/2534 1915/277/2535 1914/276/2532

vn 0.200875 -0.626177 0.75336
f 1907/275/2523 1909/274/2525 1915/273/2536

v 69.6708 16.0053 -5.40222
vn 0.348978 -0.504793 0.789556
f 1907/272/2523 1915/271/2536 1916/270/2537

v 69.6263 15.8175 -5.45805
vn 0.608665 0.197987 0.768328
f 1917/269/2538 1915/268/2536 1916/267/2537

vn -0.275749 0.233125 -0.932532
f 1915/281/2535 1917/280/2539 1914/279/2532

v 70.7233 15.3741 -5.96918
vn -0.358309 0.289136 -0.887702
f 1917/284/2539 1918/283/2540 1914/282/2532

vn 0.574814 0.0748864 0.81485
v 70.8889 15.5022 -6.09784
vn 0.579523 -0.0581595 0.812878
f 1918/263/2541 1919/262/2542 1917/261/2538

v 70.9884 15.0064 -6.23216
vn 0.72717 -0.138882 0.672262
f 1919/260/2542 1918/259/2541 1920/258/2543

vn -0.400718 0.383401 -0.832123
f 1918/257/2540 1920/256/2544 1914/255/2532

v 70.9895 14.017 -6.76379
vn -0.388886 0.493212 -0.778145
f 1920/248/2544 1921/247/2545 1914/246/2532

v 71.1849 15.0843 -6.45109
vn 0.686692 -0.0400753 0.725843
vn -0.662629 0.649932 -0.372172
f 1922/245/2546 1920/244/2543 1921/243/2547

f 1920/287/2543 1922/286/2546 1919/285/2542

v 71.186 13.9602 -7.11705
vn -0.634896 0.443023 -0.632959
f 1921/242/2547 1922/241/2546 1923/240/2548

v 70.4056 13.3283 -6.98883
vn -0.423632 0.499482 -0.755681
f 1924/239/2549 1921/238/2547 1923/237/2548

vn -0.316029 0.596156 -0.738054
f 1921/251/2545 1924/250/2550 1914/249/2532

v 68.903 12.8041 -6.89506
vn -0.202616 0.637517 -0.743316
f 1924/254/2550 1925/253/2551 1914/252/2532

vn -0.583067 -0.767081 -0.267617
v 70.5359 13.1768 -7.10266
vn -0.306568 0.389651 -0.86844
v 68.6962 12.5725 -6.96833
vn 0.235074 -0.438345 0.867522
f 1925/233/2552 1924/232/2549 1926/231/2553 1927/230/2554 

f 1926/236/2553 1924/235/2549 1923/234/2548

f 1927/229/2554 1925/228/2552 1913/227/2529

f 1925/226/2551 1913/225/2530 1914/224/2532

f 1911/290/2527 1927/289/2554 1913/288/2529

f 1919/266/2542 1916/265/2537 1917/264/2538

v 63.232 14.5805 -4.69266
vn 0.125329 -0.497304 0.858476
f 1911/205/2527 1908/204/2524 1928/203/2555

v 63.0149 12.9176 -5.61854
vn 0.076162 -0.492627 0.866901
f 1911/208/2527 1928/207/2555 1929/206/2556

v 62.3703 13.337 -5.33811
vn 0.258707 -0.511994 0.819105
f 1930/211/2557 1929/210/2556 1928/209/2555

v 62.2983 13.8903 -4.94081
vn 0.3561 -0.514013 0.780374
f 1931/214/2558 1930/213/2557 1928/212/2555

v 62.2344 13.6988 -5.01669
vn 0.506654 -0.458388 0.730193
f 1932/217/2559 1930/216/2557 1931/215/2558

g Mesh28 Group6 half_1_2 Group2 Group_67_1 MERCC1 Model

usemtl _PaleTurquoise_1
v 63.3882 28.2546 -7.70581
vn 0.275336 0.635827 0.721051
v 64.3955 30.4626 -10.6662
vn 0.150582 0.767217 0.623461
v 63.1634 30.6278 -10.3801
vn 0.22377 0.738251 0.636328
f 1933/293/2560 1934/292/2561 1935/291/2562

v 65.5412 30.4131 -10.7041
vn 0.256054 0.617328 0.74387
f 1933/296/2560 1936/295/2563 1934/294/2561

v 65.053 27.6935 -8.60291
vn 0.351803 0.488233 0.798663
f 1933/299/2560 1937/298/2564 1936/297/2563

v 62.6206 26.3654 -6.34032
vn 0.281811 0.383879 0.879329
f 1938/407/2565 1937/406/2564 1933/405/2560

v 64.9168 25.3058 -7.10527
vn 0.350218 0.41859 0.837932
f 1938/369/2565 1939/368/2566 1937/367/2564

v 63.1745 24.4225 -6.00974
vn 0.346036 0.252399 0.903634
f 1938/372/2565 1940/371/2567 1939/370/2566

v 61.7227 24.4225 -5.57754
vn 0.17617 0.288126 0.941248
f 1941/375/2568 1940/374/2567 1938/373/2565

v 60.4096 25.1666 -5.74109
vn 0.0339054 0.395892 0.917671
f 1942/378/2569 1941/377/2568 1938/376/2565

v 61.5181 28.149 -7.25617
vn 0.0798917 0.555279 0.827818
v 59.7719 26.3251 -6.33683
vn 0.0392546 0.419604 0.906858
f 1938/382/2565 1943/381/2570 1944/380/2571 1942/379/2569 

f 1933/404/2560 1943/403/2570 1938/402/2565

v 61.5253 30.2965 -9.47995
vn 0.142977 0.724218 0.674586
f 1933/398/2560 1945/397/2572 1943/396/2570

f 1933/401/2560 1935/400/2562 1945/399/2572

v 60.251 29.1382 -8.09527
vn 0.0479052 0.681123 0.7306
f 1943/395/2570 1945/394/2572 1946/393/2573

v 59.6921 27.7315 -6.91818
vn 0.0386723 0.52111 0.852613
f 1946/392/2573 1947/391/2574 1943/390/2570

v 59.7342 26.9941 -6.61159
vn 0.0826495 0.384964 0.919223
f 1947/389/2574 1948/388/2575 1943/387/2570

v 59.7442 26.8113 -6.53875
vn 0.0836496 0.383337 0.919813
f 1943/386/2570 1948/385/2575 1949/384/2576 1944/383/2571 

v 66.3863 25.3159 -7.38875
vn 0.141329 0.516377 0.844619
f 1950/366/2577 1937/365/2564 1939/364/2566

v 66.1267 27.7279 -8.88072
vn 0.13877 0.569544 0.810162
f 1950/363/2577 1951/362/2578 1937/361/2564

v 68.8561 27.2028 -8.81094
vn 0.177589 0.508548 0.842521
f 1952/360/2579 1951/359/2578 1950/358/2577

v 68.6608 30.0174 -10.8084
vn 0.155399 0.659054 0.735866
f 1951/410/2578 1952/409/2579 1953/408/2580

v 71.8099 27.3498 -9.69408
vn 0.453123 0.506533 0.733556
f 1953/413/2580 1952/412/2579 1954/411/2581

v 72.2043 25.3064 -8.95704
vn 0.380502 0.427217 0.820185
f 1952/348/2579 1955/347/2582 1954/346/2581

v 70.045 24.5317 -7.54663
vn 0.239908 0.500507 0.831828
f 1952/351/2579 1956/350/2583 1955/349/2582

v 67.8879 24.6781 -7.25704
vn 0.139006 0.479857 0.866265
f 1952/354/2579 1957/353/2584 1956/352/2583

f 1952/357/2579 1950/356/2577 1957/355/2584

v 73.1539 26.2264 -10.1193
vn 0.549476 0.375268 0.746492
v 73.3156 26.3826 -10.3156
vn 0.569231 0.439367 0.694934
f 1958/345/2585 1959/344/2586 1954/343/2581 1955/342/2582 

v 74.2372 28.0002 -12.4277
vn 0.57581 0.516124 0.634081
f 1954/341/2581 1959/340/2586 1960/339/2587

v 74.307 29.1396 -13.453
vn 0.558293 0.541376 0.628667
f 1954/338/2581 1960/337/2587 1961/336/2588

v 74.2793 30.1029 -14.2742
vn 0.598763 0.501771 0.624266
f 1954/335/2581 1961/334/2588 1962/333/2589

v 71.7023 30.1264 -11.7124
vn 0.381037 0.629701 0.676969
f 1954/332/2581 1962/331/2589 1963/330/2590

v 73.655 31.8386 -14.9807
vn 0.525307 0.583363 0.619468
f 1963/329/2590 1962/328/2589 1964/327/2591

v 71.6631 33.2823 -15.2232
vn 0.300672 0.710946 0.635729
f 1963/326/2590 1964/325/2591 1965/324/2592

v 70.127 33.3406 -14.87
vn 0.179481 0.729921 0.659546
f 1963/323/2590 1965/322/2592 1966/321/2593

f 1963/320/2590 1966/319/2593 1953/318/2580

v 68.4568 32.836 -13.8385
vn 0.183423 0.725909 0.662882
f 1953/317/2580 1966/316/2593 1967/315/2594

v 67.3057 31.9799 -12.5943
vn 0.154329 0.721166 0.675353
f 1953/314/2580 1967/313/2594 1968/312/2595

v 66.4916 30.9605 -11.3762
vn 0.136464 0.637233 0.758493
f 1953/311/2580 1968/310/2595 1969/309/2596

f 1951/308/2578 1953/307/2580 1969/306/2596

f 1969/305/2596 1936/304/2563 1951/303/2578

f 1937/302/2564 1951/301/2578 1936/300/2563

f 1953/416/2580 1954/415/2581 1963/414/2590

g Mesh29 wheel_3_3 half_1_2 Group2 Group_67_1 MERCC1 Model

usemtl TYRES
v 77.0334 27.0395 -32.8351
v 69.6622 27.0395 -32.8351
v 69.6622 26.0104 -27.6606
v 77.0334 26.0104 -27.6606
f 1970/420/153 1971/419/153 1972/418/152 1973/417/152 

v 77.0334 26.0104 -38.0095
v 69.6622 26.0104 -38.0095
f 1974/480/169 1975/479/169 1971/478/153 1970/477/153 

v 77.0334 23.0798 -42.395
v 69.6622 23.0798 -42.395
f 1976/476/168 1977/475/168 1975/474/169 1974/473/169 

v 77.0334 18.6935 -45.3269
v 69.6622 18.6935 -45.3269
f 1978/472/167 1979/471/167 1977/470/168 1976/469/168 

v 77.0334 13.5199 -46.3551
v 69.6622 13.5199 -46.3551
f 1980/468/166 1981/467/166 1979/466/167 1978/465/167 

v 77.0334 8.34599 -45.3269
v 69.6622 8.34599 -45.3269
f 1982/464/165 1983/463/165 1981/462/166 1980/461/166 

v 77.0334 3.95967 -42.395
v 69.6622 3.95967 -42.395
f 1984/460/164 1985/459/164 1983/458/165 1982/457/165 

v 77.0334 1.02903 -38.0095
v 69.6622 1.02903 -38.0095
f 1986/456/163 1987/455/163 1985/454/164 1984/453/164 

v 77.0334 -5.04871e-29 -32.8351
v 69.6622 -5.04871e-29 -32.8351
f 1988/452/162 1989/451/162 1987/450/163 1986/449/163 

v 77.0334 1.02903 -27.6606
vn 0 -0.923878 0.382687
v 69.6622 1.02903 -27.6606
vn -0.649429 -0.70254 0.290999
f 1990/448/2597 1991/447/2598 1989/446/162 1988/445/162 

v 77.0334 3.95967 -23.2751
vn 0 -0.707022 0.707192
v 69.6622 3.95967 -23.2751
vn -0.649427 -0.537645 0.537757
f 1992/444/2599 1993/443/2600 1991/442/2598 1990/441/2597 

v 77.0334 8.34599 -20.3455
vn 0 -0.382704 0.923871
v 69.6622 8.34599 -20.3455
f 1994/440/2601 1995/439/2601 1993/438/2600 1992/437/2599 

v 77.0334 13.5199 -19.315
v 69.6622 13.5199 -19.315
f 1996/436/156 1997/435/156 1995/434/2601 1994/433/2601 

v 77.0334 18.6935 -20.3455
v 69.6622 18.6935 -20.3455
f 1998/432/155 1999/431/155 1997/430/156 1996/429/156 

v 77.0334 23.0798 -23.2751
v 69.6622 23.0798 -23.2751
f 2000/428/154 2001/427/154 1999/426/155 1998/425/155 

f 1973/424/152 1972/423/152 2001/422/154 2000/421/154 

v 69.0619 25.2047 -27.9952
v 69.0619 22.4629 -23.8933
f 1972/516/237 2002/515/237 2003/514/238 2001/513/238 

vn -0.823746 0.566959 6.98286e-18
v 69.0619 26.1672 -32.8351
f 1971/512/2602 2004/511/2602 2002/510/237 1972/509/237 

v 69.0619 25.2047 -37.6749
f 1975/508/236 2005/507/236 2004/506/2602 1971/505/2602 

v 69.0619 22.4629 -41.779
f 1977/504/250 2006/503/250 2005/502/236 1975/501/236 

v 69.0619 18.3597 -44.5203
f 1979/500/249 2007/499/249 2006/498/250 1977/497/250 

v 69.0619 13.5199 -45.482
f 1981/560/248 2008/559/248 2007/558/249 1979/557/249 

v 69.0619 8.6798 -44.5203
f 1983/556/247 2009/555/247 2008/554/248 1981/553/248 

v 69.0619 4.57652 -41.779
f 1985/552/246 2010/551/246 2009/550/247 1983/549/247 

v 69.0619 1.8348 -37.6749
f 1987/548/245 2011/547/245 2010/546/246 1985/545/246 

v 69.0619 0.872241 -32.8351
f 1989/544/244 2012/543/244 2011/542/245 1987/541/245 

v 69.0619 1.8348 -27.9952
f 1991/540/2598 2013/539/243 2012/538/244 1989/537/244 

v 69.0619 4.57652 -23.8933
f 1993/536/2600 2014/535/242 2013/534/243 1991/533/2598 

v 69.0619 8.6798 -21.1499
f 1995/532/241 2015/531/241 2014/530/242 1993/529/2600 

v 69.0619 13.5199 -20.1881
f 1997/528/240 2016/527/240 2015/526/241 1995/525/241 

v 69.0619 18.3597 -21.1499
f 1999/524/239 2017/523/239 2016/522/240 1997/521/240 

f 2001/520/238 2003/519/238 2017/518/239 1999/517/239 

v 69.0619 20.3042 -26.0518
v 69.0619 17.1916 -23.9709
f 2003/573/251 2018/574/251 2019/576/251 2017/575/251 

v 69.0619 22.3841 -29.1631
f 2002/571/251 2020/572/251 2018/574/251 2003/573/251 

v 69.0619 23.1144 -32.8351
f 2004/569/251 2021/570/251 2020/572/251 2002/571/251 

v 69.0619 22.3841 -36.507
f 2005/567/251 2022/568/251 2021/570/251 2004/569/251 

v 69.0619 20.3042 -39.6206
f 2006/565/251 2023/566/251 2022/568/251 2005/567/251 

v 69.0619 17.1916 -41.6992
f 2007/561/251 2024/562/251 2023/566/251 2006/565/251 

v 69.0619 13.5199 -42.4305
f 2008/564/251 2025/563/251 2024/562/251 2007/561/251 

v 69.0619 9.84783 -41.6992
f 2009/591/251 2026/592/251 2025/563/251 2008/564/251 

v 69.0619 6.73523 -39.6206
f 2010/589/251 2027/590/251 2026/592/251 2009/591/251 

v 69.0619 4.65532 -36.507
f 2011/587/251 2028/588/251 2027/590/251 2010/589/251 

v 69.0619 3.92504 -32.8351
f 2012/585/251 2029/586/251 2028/588/251 2011/587/251 

v 69.0619 4.65532 -29.1631
f 2013/583/251 2030/584/251 2029/586/251 2012/585/251 

v 69.0619 6.73523 -26.0518
f 2014/581/251 2031/582/251 2030/584/251 2013/583/251 

v 69.0619 9.84783 -23.9709
f 2015/579/251 2032/580/251 2031/582/251 2014/581/251 

v 69.0619 13.5199 -23.2418
f 2016/577/251 2033/578/251 2032/580/251 2015/579/251 

f 2017/575/251 2019/576/251 2033/578/251 2016/577/251 

v 69.6622 16.8578 -24.7776
v 69.6622 13.5199 -24.1127
f 2019/628/258 2034/627/258 2035/626/259 2033/625/259 

v 69.6622 19.6874 -26.6678
f 2018/624/257 2036/623/257 2034/622/258 2019/621/258 

v 69.6622 21.5784 -29.4977
f 2020/620/256 2037/619/256 2036/618/257 2018/617/257 

vn -0.823741 -0.566966 6.98287e-18
v 69.6622 22.2422 -32.8351
f 2021/616/2603 2038/615/2603 2037/614/256 2020/613/256 

v 69.6622 21.5784 -36.1724
f 2022/612/254 2039/611/254 2038/610/2603 2021/609/2603 

v 69.6622 19.6874 -39.0023
f 2023/608/252 2040/607/252 2039/606/254 2022/605/254 

v 69.6622 16.8578 -40.8948
f 2024/604/253 2041/603/253 2040/602/252 2023/601/252 

v 69.6622 13.5199 -41.5574
f 2025/600/267 2042/599/267 2041/598/253 2024/597/253 

v 69.6622 10.1816 -40.8948
f 2026/596/266 2043/595/266 2042/594/267 2025/593/267 

v 69.6622 7.35203 -39.0023
f 2027/656/265 2044/655/265 2043/654/266 2026/653/266 

v 69.6622 5.4611 -36.1724
f 2028/652/264 2045/651/264 2044/650/265 2027/649/265 

vn -0.823741 0.566966 6.98287e-18
v 69.6622 4.79724 -32.8351
f 2029/648/2604 2046/647/2604 2045/646/264 2028/645/264 

v 69.6622 5.4611 -29.4977
f 2030/644/262 2047/643/262 2046/642/2604 2029/641/2604 

v 69.6622 7.35203 -26.6678
f 2031/640/261 2048/639/261 2047/638/262 2030/637/262 

v 69.6622 10.1816 -24.7776
f 2032/636/260 2049/635/260 2048/634/261 2031/633/261 

f 2033/632/259 2035/631/259 2049/630/260 2032/629/260 

usemtl _Gray3_
vn -1.53405e-05 -0.19526 0.980752
v 77.0334 10.1816 -24.7776
v 77.1886 10.1818 -24.7772
v 77.1886 13.5199 -24.1128
v 77.0334 13.5199 -24.1127
f 2035/698/2605 2049/697/2605 2050/696/2605 2051/695/2605 2052/694/2605 2053/693/2605 

vn -7.51635e-05 -0.555394 0.831587
v 77.0334 7.35203 -26.6678
v 77.1886 7.35194 -26.6668
f 2049/692/2606 2048/691/2606 2054/690/2606 2055/689/2606 2051/688/2606 2050/687/2606 

vn -2.83246e-05 -0.831536 0.555472
v 77.0334 5.4611 -29.4977
v 77.1886 5.46119 -29.498
f 2048/686/2607 2047/685/2607 2056/684/2607 2057/683/2607 2055/682/2607 2054/681/2607 

vn 3.2216e-05 -0.980789 0.195069
v 77.0334 4.79724 -32.8351
v 77.1886 4.79732 -32.8364
f 2047/680/2608 2046/679/2608 2058/678/2608 2059/677/2608 2057/676/2608 2056/675/2608 

vn -7.62382e-06 -0.980778 -0.195127
v 77.0334 5.4611 -36.1724
v 77.1886 5.46119 -36.1726
f 2046/674/2609 2045/673/2609 2060/672/2609 2061/671/2609 2059/670/2609 2058/669/2609 

vn -6.45352e-05 -0.831535 -0.555473
v 77.0334 7.35203 -39.0023
v 77.1886 7.35194 -39.0039
f 2045/668/2610 2044/667/2610 2062/666/2610 2063/665/2610 2061/664/2610 2060/663/2610 

vn -7.69801e-06 -0.555624 -0.831434
v 77.0334 10.1816 -40.8948
v 77.1886 10.1818 -40.8934
f 2044/662/2611 2043/661/2611 2064/660/2611 2065/659/2611 2063/658/2611 2062/657/2611 

vn 6.4223e-05 -0.194939 -0.980815
v 77.0334 13.5199 -41.5574
v 77.1886 13.5199 -41.5578
f 2043/752/2612 2042/751/2612 2066/750/2612 2067/749/2612 2065/748/2612 2064/747/2612 

vn 6.61206e-05 0.194959 -0.980811
v 77.0334 16.8578 -40.8948
v 77.1886 16.8576 -40.8934
f 2042/746/2613 2041/745/2613 2068/744/2613 2069/743/2613 2067/742/2613 2066/741/2613 

vn -7.69801e-06 0.555624 -0.831434
v 77.0334 19.6874 -39.0023
v 77.1886 19.6875 -39.0039
f 2041/740/2614 2040/739/2614 2070/738/2614 2071/737/2614 2069/736/2614 2068/735/2614 

vn -6.45352e-05 0.831535 -0.555473
v 77.0334 21.5784 -36.1724
v 77.1886 21.5783 -36.1726
f 2040/734/2615 2039/733/2615 2072/732/2615 2073/731/2615 2071/730/2615 2070/729/2615 

vn -7.62382e-06 0.980778 -0.195127
v 77.0334 22.2422 -32.8351
v 77.1886 22.2421 -32.8364
f 2039/728/2616 2038/727/2616 2074/726/2616 2075/725/2616 2073/724/2616 2072/723/2616 

vn 3.2216e-05 0.980789 0.195069
v 77.0334 21.5784 -29.4977
v 77.1886 21.5783 -29.498
f 2038/722/2617 2037/721/2617 2076/720/2617 2077/719/2617 2075/718/2617 2074/717/2617 

vn -2.83246e-05 0.831536 0.555472
v 77.0334 19.6874 -26.6678
v 77.1886 19.6875 -26.6668
f 2037/716/2618 2036/715/2618 2078/714/2618 2079/713/2618 2077/712/2618 2076/711/2618 

vn -7.51635e-05 0.555394 0.831587
v 77.0334 16.8578 -24.7776
v 77.1886 16.8576 -24.7772
f 2036/710/2619 2034/709/2619 2080/708/2619 2081/707/2619 2079/706/2619 2078/705/2619 

vn -1.34394e-05 0.195279 0.980748
f 2034/704/2620 2035/703/2620 2053/702/2620 2052/701/2620 2081/700/2620 2080/699/2620 

usemtl RIMS
vn 0.938385 5.80471e-07 -0.345592
v 76.546 13.5196 -25.8575
v 76.546 16.19 -26.3894
vn 0.93837 -0.132232 -0.319337
f 2052/788/2621 2082/787/2621 2083/786/2622 2081/785/2622 

vn 0.938368 0.132232 -0.319342
v 76.546 10.8494 -26.3894
f 2052/784/2621 2051/783/2623 2084/782/2623 2082/781/2621 

vn 0.938362 0.244394 -0.244435
v 76.546 8.58547 -27.9003
f 2051/780/2623 2055/779/2624 2085/778/2624 2084/777/2623 

vn 0.938347 0.319398 -0.13225
v 76.546 7.073 -30.1645
f 2055/776/2624 2057/775/2625 2086/774/2625 2085/773/2624 

vn 0.938357 0.345667 2.25048e-05
v 76.546 6.54194 -32.8364
f 2057/772/2625 2059/771/2626 2087/770/2626 2086/769/2625 

vn 0.938345 0.319394 0.132273
v 76.546 7.073 -35.5062
f 2061/768/2627 2088/767/2627 2087/766/2626 2059/765/2626 

vn 0.938361 0.244395 0.244436
v 76.546 8.58547 -37.7704
f 2063/764/2628 2089/763/2628 2088/762/2627 2061/761/2627 

vn 0.938369 0.132231 0.31934
v 76.546 10.8494 -39.2812
f 2065/760/2629 2090/759/2629 2089/758/2628 2063/757/2628 

vn 0.938386 5.80292e-07 0.345589
v 76.546 13.5196 -39.8131
f 2067/756/2630 2091/755/2630 2090/754/2629 2065/753/2629 

vn 0.938371 -0.13223 0.319336
v 76.546 16.19 -39.2812
f 2067/816/2630 2069/815/2631 2092/814/2631 2091/813/2630 

vn 0.938362 -0.244395 0.244436
v 76.546 18.454 -37.7704
f 2069/812/2631 2071/811/2632 2093/810/2632 2092/809/2631 

vn 0.938341 -0.319404 0.132281
v 76.546 19.9665 -35.5062
f 2071/808/2632 2073/807/2633 2094/806/2633 2093/805/2632 

vn 0.93835 -0.345687 2.25095e-05
v 76.546 20.4978 -32.8364
f 2073/804/2633 2075/803/2634 2095/802/2634 2094/801/2633 

vn 0.938342 -0.319408 -0.132258
v 76.546 19.9665 -30.1645
f 2077/800/2635 2096/799/2635 2095/798/2634 2075/797/2634 

vn 0.938362 -0.244394 -0.244435
v 76.546 18.454 -27.9003
f 2079/796/2636 2097/795/2636 2096/794/2635 2077/793/2635 

f 2081/792/2622 2083/791/2622 2097/790/2636 2079/789/2636 

usemtl _6
f 1981/496/251 1983/495/251 1985/494/251 1987/493/251 1989/492/251 1991/491/2598 1993/490/2600 1995/489/251 1997/488/251 1999/487/251 2001/486/251 1972/485/251 1971/484/251 1975/483/251 1977/482/251 1979/481/251 

usemtl TYRES
v 77.6337 25.2047 -27.9952
v 77.6337 22.4629 -23.8933
f 2098/828/175 1973/827/175 2000/826/176 2099/825/176 

v 77.6337 26.1672 -32.8351
vn 0.823746 0.566959 -2.09486e-17
f 2100/824/2637 1970/823/2637 1973/822/175 2098/821/175 

v 77.6337 25.2047 -37.6749
f 2101/820/173 1974/819/173 1970/818/2637 2100/817/2637 

v 77.6337 22.4629 -41.779
f 2102/880/171 1976/879/171 1974/878/173 2101/877/173 

v 77.6337 18.3597 -44.5203
f 2103/876/172 1978/875/172 1976/874/171 2102/873/171 

v 77.6337 13.5199 -45.482
f 2104/872/186 1980/871/186 1978/870/172 2103/869/172 

v 77.6337 8.6798 -44.5203
f 2105/868/185 1982/867/185 1980/866/186 2104/865/186 

v 77.6337 4.57652 -41.779
f 2106/864/184 1984/863/184 1982/862/185 2105/861/185 

v 77.6337 1.8348 -37.6749
f 2107/860/183 1986/859/183 1984/858/184 2106/857/184 

v 77.6337 0.872241 -32.8351
f 2108/856/182 1988/855/182 1986/854/183 2107/853/183 

v 77.6337 1.8348 -27.9952
f 2109/852/181 1990/851/181 1988/850/182 2108/849/182 

v 77.6337 4.57652 -23.8933
f 2110/848/180 1992/847/180 1990/846/181 2109/845/181 

v 77.6337 8.6798 -21.1499
f 2111/844/179 1994/843/179 1992/842/180 2110/841/180 

v 77.6337 13.5199 -20.1881
f 2112/840/178 1996/839/178 1994/838/179 2111/837/179 

v 77.6337 18.3597 -21.1499
f 2113/836/177 1998/835/177 1996/834/178 2112/833/178 

f 2099/832/176 2000/831/176 1998/830/177 2113/829/177 

v 77.6337 20.3042 -26.0518
v 77.6337 17.1916 -23.9709
f 2114/889/170 2099/890/170 2113/892/170 2115/891/170 

v 77.6337 22.3841 -29.1631
f 2116/887/170 2098/888/170 2099/890/170 2114/889/170 

v 77.6337 23.1144 -32.8351
f 2117/885/170 2100/886/170 2098/888/170 2116/887/170 

v 77.6337 22.3841 -36.507
f 2118/881/170 2101/882/170 2100/886/170 2117/885/170 

v 77.6337 20.3042 -39.6206
f 2119/884/170 2102/883/170 2101/882/170 2118/881/170 

v 77.6337 17.1916 -41.6992
f 2120/911/170 2103/912/170 2102/883/170 2119/884/170 

v 77.6337 13.5199 -42.4305
f 2121/909/170 2104/910/170 2103/912/170 2120/911/170 

v 77.6337 9.84783 -41.6992
f 2122/907/170 2105/908/170 2104/910/170 2121/909/170 

v 77.6337 6.73523 -39.6206
f 2123/905/170 2106/906/170 2105/908/170 2122/907/170 

v 77.6337 4.65532 -36.507
f 2124/903/170 2107/904/170 2106/906/170 2123/905/170 

v 77.6337 3.92504 -32.8351
f 2125/901/170 2108/902/170 2107/904/170 2124/903/170 

v 77.6337 4.65532 -29.1631
f 2126/899/170 2109/900/170 2108/902/170 2125/901/170 

v 77.6337 6.73523 -26.0518
f 2127/897/170 2110/898/170 2109/900/170 2126/899/170 

v 77.6337 9.84783 -23.9709
f 2128/895/170 2111/896/170 2110/898/170 2127/897/170 

v 77.6337 13.5199 -23.2418
f 2129/893/170 2112/894/170 2111/896/170 2128/895/170 

f 2115/891/170 2113/892/170 2112/894/170 2129/893/170 

f 2080/940/195 2115/939/195 2129/938/196 2053/937/196 

f 2078/936/194 2114/935/194 2115/934/195 2080/933/195 

f 2076/932/193 2116/931/193 2114/930/194 2078/929/194 

vn 0.823741 -0.566966 -1.39657e-17
f 2074/928/2638 2117/927/2638 2116/926/193 2076/925/193 

f 2072/924/191 2118/923/191 2117/922/2638 2074/921/2638 

f 2070/920/190 2119/919/190 2118/918/191 2072/917/191 

f 2068/916/189 2120/915/189 2119/914/190 2070/913/190 

f 2066/976/187 2121/975/187 2120/974/189 2068/973/189 

f 2064/972/188 2122/971/188 2121/970/187 2066/969/187 

f 2062/968/202 2123/967/202 2122/966/188 2064/965/188 

f 2060/964/201 2124/963/201 2123/962/202 2062/961/202 

vn 0.823741 0.566966 -0
f 2058/960/2639 2125/959/2639 2124/958/201 2060/957/201 

f 2056/956/199 2126/955/199 2125/954/2639 2058/953/2639 

f 2054/952/198 2127/951/198 2126/950/199 2056/949/199 

f 2050/948/197 2128/947/197 2127/946/198 2054/945/198 

f 2053/944/196 2129/943/196 2128/942/197 2050/941/197 

g Mesh30 wheel_3_3 half_1_2 Group2 Group_67_1 MERCC1 Model

usemtl _CoolGray4_
v 74.8796 24.9979 -32.8351
v 74.8796 19.2588 -22.8947
v 74.8796 19.2588 -42.7754
f 2130/979/170 2131/978/170 2132/977/170

usemtl _CoolGray5_
v 74.8796 7.78065 -22.8947
f 2131/978/170 2133/980/170 2132/977/170

v 74.8796 2.04157 -32.8351
f 2134/981/170 2132/977/170 2133/980/170

usemtl _CoolGray4_
v 74.8796 7.78065 -42.7754
f 2134/981/170 2135/982/170 2132/977/170

g Mesh31 wheel_3_3 half_1_2 Group2 Group_67_1 MERCC1 Model

usemtl RIMS
v 77.1886 14.7569 -27.416
vn 0.998036 0.013944 0.0610672
v 77.1886 18.5285 -30.4232
vn 0.998037 0.0564235 0.0271759
v 76.974 18.451 -28.4011
vn 0.974214 0.140694 0.176388
v 76.974 16.7461 -27.0414
f 2136/986/2640 2137/985/2641 2138/984/2642 2139/983/2642 

v 77.1886 13.5199 -32.8364
f 2140/993/170 2137/992/2641 2136/991/2640

v 77.1886 18.5285 -35.2475
vn 0.998037 0.0564248 -0.0271769
f 2140/993/170 2141/994/2643 2137/992/2641

v 77.1886 14.7569 -38.2546
vn 0.998036 0.0139457 -0.0610681
f 2140/993/170 2142/1003/2644 2141/994/2643

v 77.1886 10.0535 -37.1826
vn 0.998037 -0.0390445 -0.0489745
f 2140/993/170 2143/1012/2645 2142/1003/2644

v 77.1886 7.9602 -32.8364
vn 0.998037 -0.0626336 -9.16774e-06
f 2140/993/170 2144/1021/2646 2143/1012/2645

v 77.1886 10.0535 -28.4881
vn 0.998037 -0.0390381 0.0489654
f 2140/993/170 2145/1030/2647 2144/1021/2646

f 2140/993/170 2136/991/2640 2145/1030/2647

v 76.974 13.127 -26.2156
vn 0.974211 -0.0501137 0.220005
v 76.974 11.0012 -26.6999
f 2145/1042/2647 2136/1041/2640 2146/1040/2648 2147/1039/2648 

v 76.546 12.6233 -24.9883
vn 0.950452 -0.0690254 0.303112
v 76.546 10.9226 -25.3753
f 2147/1046/2648 2146/1045/2648 2148/1044/2649 2149/1043/2649 

v 76.974 8.09889 -29.0137
vn 0.974196 -0.203374 0.097879
v 76.974 7.15259 -30.9799
f 2144/1034/2646 2145/1033/2647 2150/1032/2650 2151/1031/2650 

v 76.546 6.82541 -28.6433
vn 0.950403 -0.280259 0.134867
v 76.546 6.06866 -30.2162
f 2151/1038/2650 2150/1037/2650 2152/1036/2651 2153/1035/2651 

v 76.974 7.15259 -34.6907
vn 0.974203 -0.203329 -0.0979041
v 76.974 8.09889 -36.6569
f 2143/1025/2645 2144/1024/2646 2154/1023/2652 2155/1022/2652 

v 76.546 6.06866 -35.4565
vn 0.950435 -0.280145 -0.134881
v 76.546 6.82541 -37.0274
f 2155/1029/2652 2154/1028/2652 2156/1027/2653 2157/1026/2653 

v 76.974 11.0012 -38.9708
vn 0.974211 -0.0501128 -0.220005
v 76.974 13.127 -39.455
f 2142/1016/2644 2143/1015/2645 2158/1014/2654 2159/1013/2654 

v 76.546 10.9226 -40.2953
vn 0.950452 -0.0690247 -0.303112
v 76.546 12.6233 -40.6824
f 2159/1020/2654 2158/1019/2654 2160/1018/2655 2161/1017/2655 

v 76.974 16.7461 -38.6293
vn 0.974215 0.140699 -0.176379
v 76.974 18.4508 -37.2695
f 2141/1007/2643 2142/1006/2644 2162/1005/2656 2163/1004/2656 

v 76.546 17.7323 -39.5171
vn 0.950461 0.193865 -0.242982
v 76.546 19.0963 -38.4285
f 2163/1011/2656 2162/1010/2656 2164/1009/2657 2165/1008/2657 

v 76.974 20.0615 -33.925
vn 0.974203 0.225673 3.9801e-18
v 76.974 20.0615 -31.7457
f 2137/998/2641 2141/997/2643 2166/996/2658 2167/995/2658 

v 76.546 21.3698 -33.7077
vn 0.950424 0.310957 6.10708e-18
v 76.546 21.3698 -31.963
f 2167/1002/2658 2166/1001/2658 2168/1000/2659 2169/999/2659 

v 76.546 19.0963 -27.2421
vn 0.950456 0.193861 0.243004
v 76.546 17.7323 -26.1535
f 2139/990/2642 2138/989/2642 2170/988/2660 2171/987/2660 

g Mesh32 wheel_3_4 half_1_2 Group2 Group_67_1 MERCC1 Model

usemtl TYRES
v 77.0334 27.0395 -151.024
v 69.6622 27.0395 -151.024
v 69.6622 26.0104 -145.849
v 77.0334 26.0104 -145.849
f 2172/420/153 2173/419/153 2174/418/152 2175/417/152 

v 77.0334 26.0104 -156.198
v 69.6622 26.0104 -156.198
f 2176/480/169 2177/479/169 2173/478/153 2172/477/153 

v 77.0334 23.0798 -160.584
v 69.6622 23.0798 -160.584
f 2178/476/168 2179/475/168 2177/474/169 2176/473/169 

v 77.0334 18.6935 -163.515
v 69.6622 18.6935 -163.515
f 2180/472/167 2181/471/167 2179/470/168 2178/469/168 

v 77.0334 13.5199 -164.544
v 69.6622 13.5199 -164.544
f 2182/468/166 2183/467/166 2181/466/167 2180/465/167 

v 77.0334 8.34599 -163.515
v 69.6622 8.34599 -163.515
f 2184/464/165 2185/463/165 2183/462/166 2182/461/166 

v 77.0334 3.95967 -160.584
v 69.6622 3.95967 -160.584
f 2186/460/164 2187/459/164 2185/458/165 2184/457/165 

v 77.0334 1.02903 -156.198
v 69.6622 1.02903 -156.198
f 2188/456/163 2189/455/163 2187/454/164 2186/453/164 

v 77.0334 -5.04871e-29 -151.024
v 69.6622 -5.04871e-29 -151.024
f 2190/452/162 2191/451/162 2189/450/163 2188/449/163 

v 77.0334 1.02903 -145.849
v 69.6622 1.02903 -145.849
f 2192/448/2597 2193/447/2598 2191/446/162 2190/445/162 

v 77.0334 3.95967 -141.464
v 69.6622 3.95967 -141.464
f 2194/444/2599 2195/443/2600 2193/442/2598 2192/441/2597 

v 77.0334 8.34599 -138.534
v 69.6622 8.34599 -138.534
f 2196/440/2601 2197/439/2601 2195/438/2600 2194/437/2599 

v 77.0334 13.5199 -137.504
v 69.6622 13.5199 -137.504
f 2198/436/156 2199/435/156 2197/434/2601 2196/433/2601 

v 77.0334 18.6935 -138.534
v 69.6622 18.6935 -138.534
f 2200/432/155 2201/431/155 2199/430/156 2198/429/156 

v 77.0334 23.0798 -141.464
v 69.6622 23.0798 -141.464
f 2202/428/154 2203/427/154 2201/426/155 2200/425/155 

f 2175/424/152 2174/423/152 2203/422/154 2202/421/154 

v 69.0619 25.2047 -146.184
v 69.0619 22.4629 -142.082
f 2174/516/237 2204/515/237 2205/514/238 2203/513/238 

v 69.0619 26.1672 -151.024
f 2173/512/2602 2206/511/2602 2204/510/237 2174/509/237 

v 69.0619 25.2047 -155.864
f 2177/508/236 2207/507/236 2206/506/2602 2173/505/2602 

v 69.0619 22.4629 -159.968
f 2179/504/250 2208/503/250 2207/502/236 2177/501/236 

v 69.0619 18.3597 -162.709
f 2181/500/249 2209/499/249 2208/498/250 2179/497/250 

v 69.0619 13.5199 -163.671
f 2183/560/248 2210/559/248 2209/558/249 2181/557/249 

v 69.0619 8.6798 -162.709
f 2185/556/247 2211/555/247 2210/554/248 2183/553/248 

v 69.0619 4.57652 -159.968
f 2187/552/246 2212/551/246 2211/550/247 2185/549/247 

v 69.0619 1.8348 -155.864
f 2189/548/245 2213/547/245 2212/546/246 2187/545/246 

v 69.0619 0.872241 -151.024
f 2191/544/244 2214/543/244 2213/542/245 2189/541/245 

v 69.0619 1.8348 -146.184
f 2193/540/2598 2215/539/243 2214/538/244 2191/537/244 

v 69.0619 4.57652 -142.082
f 2195/536/2600 2216/535/242 2215/534/243 2193/533/2598 

v 69.0619 8.6798 -139.339
f 2197/532/241 2217/531/241 2216/530/242 2195/529/2600 

v 69.0619 13.5199 -138.377
f 2199/528/240 2218/527/240 2217/526/241 2197/525/241 

v 69.0619 18.3597 -139.339
f 2201/524/239 2219/523/239 2218/522/240 2199/521/240 

f 2203/520/238 2205/519/238 2219/518/239 2201/517/239 

v 69.0619 20.3042 -144.24
v 69.0619 17.1916 -142.16
f 2205/573/251 2220/574/251 2221/576/251 2219/575/251 

v 69.0619 22.3841 -147.352
f 2204/571/251 2222/572/251 2220/574/251 2205/573/251 

v 69.0619 23.1144 -151.024
f 2206/569/251 2223/570/251 2222/572/251 2204/571/251 

v 69.0619 22.3841 -154.696
f 2207/567/251 2224/568/251 2223/570/251 2206/569/251 

v 69.0619 20.3042 -157.809
f 2208/565/251 2225/566/251 2224/568/251 2207/567/251 

v 69.0619 17.1916 -159.888
f 2209/561/251 2226/562/251 2225/566/251 2208/565/251 

v 69.0619 13.5199 -160.619
f 2210/564/251 2227/563/251 2226/562/251 2209/561/251 

v 69.0619 9.84783 -159.888
f 2211/591/251 2228/592/251 2227/563/251 2210/564/251 

v 69.0619 6.73523 -157.809
f 2212/589/251 2229/590/251 2228/592/251 2211/591/251 

v 69.0619 4.65532 -154.696
f 2213/587/251 2230/588/251 2229/590/251 2212/589/251 

v 69.0619 3.92504 -151.024
f 2214/585/251 2231/586/251 2230/588/251 2213/587/251 

v 69.0619 4.65532 -147.352
f 2215/583/251 2232/584/251 2231/586/251 2214/585/251 

v 69.0619 6.73523 -144.24
f 2216/581/251 2233/582/251 2232/584/251 2215/583/251 

v 69.0619 9.84783 -142.16
f 2217/579/251 2234/580/251 2233/582/251 2216/581/251 

v 69.0619 13.5199 -141.43
f 2218/577/251 2235/578/251 2234/580/251 2217/579/251 

f 2219/575/251 2221/576/251 2235/578/251 2218/577/251 

v 69.6622 16.8578 -142.966
v 69.6622 13.5199 -142.301
f 2221/628/258 2236/627/258 2237/626/259 2235/625/259 

v 69.6622 19.6874 -144.856
f 2220/624/257 2238/623/257 2236/622/258 2221/621/258 

v 69.6622 21.5784 -147.686
f 2222/620/256 2239/619/256 2238/618/257 2220/617/257 

v 69.6622 22.2422 -151.024
f 2223/616/2603 2240/615/2603 2239/614/256 2222/613/256 

v 69.6622 21.5784 -154.361
f 2224/612/254 2241/611/254 2240/610/2603 2223/609/2603 

v 69.6622 19.6874 -157.191
f 2225/608/252 2242/607/252 2241/606/254 2224/605/254 

v 69.6622 16.8578 -159.083
f 2226/604/253 2243/603/253 2242/602/252 2225/601/252 

v 69.6622 13.5199 -159.746
f 2227/600/267 2244/599/267 2243/598/253 2226/597/253 

v 69.6622 10.1816 -159.083
f 2228/596/266 2245/595/266 2244/594/267 2227/593/267 

v 69.6622 7.35203 -157.191
f 2229/656/265 2246/655/265 2245/654/266 2228/653/266 

v 69.6622 5.4611 -154.361
f 2230/652/264 2247/651/264 2246/650/265 2229/649/265 

v 69.6622 4.79724 -151.024
f 2231/648/2604 2248/647/2604 2247/646/264 2230/645/264 

v 69.6622 5.4611 -147.686
f 2232/644/262 2249/643/262 2248/642/2604 2231/641/2604 

v 69.6622 7.35203 -144.856
f 2233/640/261 2250/639/261 2249/638/262 2232/637/262 

v 69.6622 10.1816 -142.966
f 2234/636/260 2251/635/260 2250/634/261 2233/633/261 

f 2235/632/259 2237/631/259 2251/630/260 2234/629/260 

usemtl _Gray3_
v 77.0334 10.1816 -142.966
v 77.1886 10.1818 -142.966
v 77.1886 13.5199 -142.301
v 77.0334 13.5199 -142.301
f 2237/698/2605 2251/697/2605 2252/696/2605 2253/695/2605 2254/694/2605 2255/693/2605 

v 77.0334 7.35203 -144.856
v 77.1886 7.35194 -144.855
f 2251/692/2606 2250/691/2606 2256/690/2606 2257/689/2606 2253/688/2606 2252/687/2606 

v 77.0334 5.4611 -147.686
v 77.1886 5.46119 -147.687
f 2250/686/2607 2249/685/2607 2258/684/2607 2259/683/2607 2257/682/2607 2256/681/2607 

v 77.0334 4.79724 -151.024
v 77.1886 4.79732 -151.025
f 2249/680/2608 2248/679/2608 2260/678/2608 2261/677/2608 2259/676/2608 2258/675/2608 

v 77.0334 5.4611 -154.361
v 77.1886 5.46119 -154.361
f 2248/674/2609 2247/673/2609 2262/672/2609 2263/671/2609 2261/670/2609 2260/669/2609 

v 77.0334 7.35203 -157.191
v 77.1886 7.35194 -157.192
f 2247/668/2610 2246/667/2610 2264/666/2610 2265/665/2610 2263/664/2610 2262/663/2610 

v 77.0334 10.1816 -159.083
v 77.1886 10.1818 -159.082
f 2246/662/2611 2245/661/2611 2266/660/2611 2267/659/2611 2265/658/2611 2264/657/2611 

v 77.0334 13.5199 -159.746
v 77.1886 13.5199 -159.746
f 2245/752/2612 2244/751/2612 2268/750/2612 2269/749/2612 2267/748/2612 2266/747/2612 

v 77.0334 16.8578 -159.083
v 77.1886 16.8576 -159.082
f 2244/746/2613 2243/745/2613 2270/744/2613 2271/743/2613 2269/742/2613 2268/741/2613 

v 77.0334 19.6874 -157.191
v 77.1886 19.6875 -157.192
f 2243/740/2614 2242/739/2614 2272/738/2614 2273/737/2614 2271/736/2614 2270/735/2614 

v 77.0334 21.5784 -154.361
v 77.1886 21.5783 -154.361
f 2242/734/2615 2241/733/2615 2274/732/2615 2275/731/2615 2273/730/2615 2272/729/2615 

v 77.0334 22.2422 -151.024
v 77.1886 22.2421 -151.025
f 2241/728/2616 2240/727/2616 2276/726/2616 2277/725/2616 2275/724/2616 2274/723/2616 

v 77.0334 21.5784 -147.686
v 77.1886 21.5783 -147.687
f 2240/722/2617 2239/721/2617 2278/720/2617 2279/719/2617 2277/718/2617 2276/717/2617 

v 77.0334 19.6874 -144.856
v 77.1886 19.6875 -144.855
f 2239/716/2618 2238/715/2618 2280/714/2618 2281/713/2618 2279/712/2618 2278/711/2618 

v 77.0334 16.8578 -142.966
v 77.1886 16.8576 -142.966
f 2238/710/2619 2236/709/2619 2282/708/2619 2283/707/2619 2281/706/2619 2280/705/2619 

f 2236/704/2620 2237/703/2620 2255/702/2620 2254/701/2620 2283/700/2620 2282/699/2620 

usemtl RIMS
v 76.546 13.5196 -144.046
v 76.546 16.19 -144.578
f 2254/788/2621 2284/787/2621 2285/786/2622 2283/785/2622 

v 76.546 10.8494 -144.578
f 2254/784/2621 2253/783/2623 2286/782/2623 2284/781/2621 

v 76.546 8.58547 -146.089
f 2253/780/2623 2257/779/2624 2287/778/2624 2286/777/2623 

v 76.546 7.073 -148.353
f 2257/776/2624 2259/775/2625 2288/774/2625 2287/773/2624 

v 76.546 6.54194 -151.025
f 2259/772/2625 2261/771/2626 2289/770/2626 2288/769/2625 

v 76.546 7.073 -153.695
f 2263/768/2627 2290/767/2627 2289/766/2626 2261/765/2626 

v 76.546 8.58547 -155.959
f 2265/764/2628 2291/763/2628 2290/762/2627 2263/761/2627 

v 76.546 10.8494 -157.47
f 2267/760/2629 2292/759/2629 2291/758/2628 2265/757/2628 

v 76.546 13.5196 -158.002
f 2269/756/2630 2293/755/2630 2292/754/2629 2267/753/2629 

v 76.546 16.19 -157.47
f 2269/816/2630 2271/815/2631 2294/814/2631 2293/813/2630 

v 76.546 18.454 -155.959
f 2271/812/2631 2273/811/2632 2295/810/2632 2294/809/2631 

v 76.546 19.9665 -153.695
f 2273/808/2632 2275/807/2633 2296/806/2633 2295/805/2632 

v 76.546 20.4978 -151.025
f 2275/804/2633 2277/803/2634 2297/802/2634 2296/801/2633 

v 76.546 19.9665 -148.353
f 2279/800/2635 2298/799/2635 2297/798/2634 2277/797/2634 

v 76.546 18.454 -146.089
f 2281/796/2636 2299/795/2636 2298/794/2635 2279/793/2635 

f 2283/792/2622 2285/791/2622 2299/790/2636 2281/789/2636 

usemtl _6
f 2183/496/251 2185/495/251 2187/494/251 2189/493/251 2191/492/251 2193/491/2598 2195/490/2600 2197/489/251 2199/488/251 2201/487/251 2203/486/251 2174/485/251 2173/484/251 2177/483/251 2179/482/251 2181/481/251 

usemtl TYRES
v 77.6337 25.2047 -146.184
v 77.6337 22.4629 -142.082
f 2300/828/175 2175/827/175 2202/826/176 2301/825/176 

v 77.6337 26.1672 -151.024
f 2302/824/2637 2172/823/2637 2175/822/175 2300/821/175 

v 77.6337 25.2047 -155.864
f 2303/820/173 2176/819/173 2172/818/2637 2302/817/2637 

v 77.6337 22.4629 -159.968
f 2304/880/171 2178/879/171 2176/878/173 2303/877/173 

v 77.6337 18.3597 -162.709
f 2305/876/172 2180/875/172 2178/874/171 2304/873/171 

v 77.6337 13.5199 -163.671
f 2306/872/186 2182/871/186 2180/870/172 2305/869/172 

v 77.6337 8.6798 -162.709
f 2307/868/185 2184/867/185 2182/866/186 2306/865/186 

v 77.6337 4.57652 -159.968
f 2308/864/184 2186/863/184 2184/862/185 2307/861/185 

v 77.6337 1.8348 -155.864
f 2309/860/183 2188/859/183 2186/858/184 2308/857/184 

v 77.6337 0.872241 -151.024
f 2310/856/182 2190/855/182 2188/854/183 2309/853/183 

v 77.6337 1.8348 -146.184
f 2311/852/181 2192/851/181 2190/850/182 2310/849/182 

v 77.6337 4.57652 -142.082
f 2312/848/180 2194/847/180 2192/846/181 2311/845/181 

v 77.6337 8.6798 -139.339
f 2313/844/179 2196/843/179 2194/842/180 2312/841/180 

v 77.6337 13.5199 -138.377
f 2314/840/178 2198/839/178 2196/838/179 2313/837/179 

v 77.6337 18.3597 -139.339
f 2315/836/177 2200/835/177 2198/834/178 2314/833/178 

f 2301/832/176 2202/831/176 2200/830/177 2315/829/177 

v 77.6337 20.3042 -144.24
v 77.6337 17.1916 -142.16
f 2316/889/170 2301/890/170 2315/892/170 2317/891/170 

v 77.6337 22.3841 -147.352
f 2318/887/170 2300/888/170 2301/890/170 2316/889/170 

v 77.6337 23.1144 -151.024
f 2319/885/170 2302/886/170 2300/888/170 2318/887/170 

v 77.6337 22.3841 -154.696
f 2320/881/170 2303/882/170 2302/886/170 2319/885/170 

v 77.6337 20.3042 -157.809
f 2321/884/170 2304/883/170 2303/882/170 2320/881/170 

v 77.6337 17.1916 -159.888
f 2322/911/170 2305/912/170 2304/883/170 2321/884/170 

v 77.6337 13.5199 -160.619
f 2323/909/170 2306/910/170 2305/912/170 2322/911/170 

v 77.6337 9.84783 -159.888
f 2324/907/170 2307/908/170 2306/910/170 2323/909/170 

v 77.6337 6.73523 -157.809
f 2325/905/170 2308/906/170 2307/908/170 2324/907/170 

v 77.6337 4.65532 -154.696
f 2326/903/170 2309/904/170 2308/906/170 2325/905/170 

v 77.6337 3.92504 -151.024
f 2327/901/170 2310/902/170 2309/904/170 2326/903/170 

v 77.6337 4.65532 -147.352
f 2328/899/170 2311/900/170 2310/902/170 2327/901/170 

v 77.6337 6.73523 -144.24
f 2329/897/170 2312/898/170 2311/900/170 2328/899/170 

v 77.6337 9.84783 -142.16
f 2330/895/170 2313/896/170 2312/898/170 2329/897/170 

v 77.6337 13.5199 -141.43
f 2331/893/170 2314/894/170 2313/896/170 2330/895/170 

f 2317/891/170 2315/892/170 2314/894/170 2331/893/170 

f 2282/940/195 2317/939/195 2331/938/196 2255/937/196 

f 2280/936/194 2316/935/194 2317/934/195 2282/933/195 

f 2278/932/193 2318/931/193 2316/930/194 2280/929/194 

f 2276/928/2638 2319/927/2638 2318/926/193 2278/925/193 

f 2274/924/191 2320/923/191 2319/922/2638 2276/921/2638 

f 2272/920/190 2321/919/190 2320/918/191 2274/917/191 

f 2270/916/189 2322/915/189 2321/914/190 2272/913/190 

f 2268/976/187 2323/975/187 2322/974/189 2270/973/189 

f 2266/972/188 2324/971/188 2323/970/187 2268/969/187 

f 2264/968/202 2325/967/202 2324/966/188 2266/965/188 

f 2262/964/201 2326/963/201 2325/962/202 2264/961/202 

f 2260/960/2639 2327/959/2639 2326/958/201 2262/957/201 

f 2258/956/199 2328/955/199 2327/954/2639 2260/953/2639 

f 2256/952/198 2329/951/198 2328/950/199 2258/949/199 

f 2252/948/197 2330/947/197 2329/946/198 2256/945/198 

f 2255/944/196 2331/943/196 2330/942/197 2252/941/197 

g Mesh33 wheel_3_4 half_1_2 Group2 Group_67_1 MERCC1 Model

usemtl _CoolGray4_
v 74.8796 24.9979 -151.024
v 74.8796 19.2588 -141.083
v 74.8796 19.2588 -160.964
f 2332/979/170 2333/978/170 2334/977/170

usemtl _CoolGray5_
v 74.8796 7.78065 -141.083
f 2333/978/170 2335/980/170 2334/977/170

v 74.8796 2.04157 -151.024
f 2336/981/170 2334/977/170 2335/980/170

usemtl _CoolGray4_
v 74.8796 7.78065 -160.964
f 2336/981/170 2337/982/170 2334/977/170

g Mesh34 wheel_3_4 half_1_2 Group2 Group_67_1 MERCC1 Model

usemtl RIMS
v 77.1886 14.7569 -145.605
v 77.1886 18.5285 -148.612
v 76.974 18.451 -146.59
v 76.974 16.7461 -145.23
f 2338/986/2640 2339/985/2641 2340/984/2642 2341/983/2642 

v 77.1886 13.5199 -151.025
f 2342/993/170 2339/992/2641 2338/991/2640

v 77.1886 18.5285 -153.436
f 2342/993/170 2343/994/2643 2339/992/2641

v 77.1886 14.7569 -156.443
f 2342/993/170 2344/1003/2644 2343/994/2643

v 77.1886 10.0535 -155.371
f 2342/993/170 2345/1012/2645 2344/1003/2644

v 77.1886 7.9602 -151.025
f 2342/993/170 2346/1021/2646 2345/1012/2645

v 77.1886 10.0535 -146.677
f 2342/993/170 2347/1030/2647 2346/1021/2646

f 2342/993/170 2338/991/2640 2347/1030/2647

v 76.974 13.127 -144.404
v 76.974 11.0012 -144.889
f 2347/1042/2647 2338/1041/2640 2348/1040/2648 2349/1039/2648 

v 76.546 12.6233 -143.177
v 76.546 10.9226 -143.564
f 2349/1046/2648 2348/1045/2648 2350/1044/2649 2351/1043/2649 

v 76.974 8.09889 -147.202
v 76.974 7.15259 -149.169
f 2346/1034/2646 2347/1033/2647 2352/1032/2650 2353/1031/2650 

v 76.546 6.82541 -146.832
v 76.546 6.06866 -148.405
f 2353/1038/2650 2352/1037/2650 2354/1036/2651 2355/1035/2651 

v 76.974 7.15259 -152.879
v 76.974 8.09889 -154.846
f 2345/1025/2645 2346/1024/2646 2356/1023/2652 2357/1022/2652 

v 76.546 6.06866 -153.645
v 76.546 6.82541 -155.216
f 2357/1029/2652 2356/1028/2652 2358/1027/2653 2359/1026/2653 

v 76.974 11.0012 -157.159
v 76.974 13.127 -157.644
f 2344/1016/2644 2345/1015/2645 2360/1014/2654 2361/1013/2654 

v 76.546 10.9226 -158.484
v 76.546 12.6233 -158.871
f 2361/1020/2654 2360/1019/2654 2362/1018/2655 2363/1017/2655 

v 76.974 16.7461 -156.818
v 76.974 18.4508 -155.458
f 2343/1007/2643 2344/1006/2644 2364/1005/2656 2365/1004/2656 

v 76.546 17.7323 -157.706
v 76.546 19.0963 -156.617
f 2365/1011/2656 2364/1010/2656 2366/1009/2657 2367/1008/2657 

v 76.974 20.0615 -152.114
v 76.974 20.0615 -149.934
f 2339/998/2641 2343/997/2643 2368/996/2658 2369/995/2658 

v 76.546 21.3698 -151.896
v 76.546 21.3698 -150.152
f 2369/1002/2658 2368/1001/2658 2370/1000/2659 2371/999/2659 

v 76.546 19.0963 -145.431
v 76.546 17.7323 -144.342
f 2341/990/2642 2340/989/2642 2372/988/2660 2373/987/2660 

g Mesh35 half_1_2 Group2 Group_67_1 MERCC1 Model

usemtl _CoolGray8_
v 63.1933 46.7216 -171.42
vn 0.206278 0.878322 -0.431277
v 68.3639 47.0796 -167.663
vn 0.246832 0.87185 -0.423028
v 69.96 46.5249 -167.876
vn 0.244918 0.871533 -0.424788
v 69.6857 46.5332 -168.02
vn 0.246649 0.872097 -0.422623
f 2374/1050/2661 2375/1049/2662 2376/1048/2663 2377/1047/2664 

v 63.1158 47.234 -170.409
vn 0.219901 0.876718 -0.427795
f 2375/1083/2662 2374/1082/2661 2378/1081/2665

v 56.0229 47.4817 -172.591
vn 0.137842 0.885812 -0.4431
f 2378/1080/2665 2374/1079/2661 2379/1078/2666

v 56.0797 46.9719 -173.587
vn 0.1102 0.88565 -0.451087
f 2379/1077/2666 2374/1076/2661 2380/1075/2667

usemtl _Prussian_Blue_
v 63.2683 45.5646 -180.84
vn 0.121743 0.986216 -0.112057
vn 0.0655585 0.992118 -0.106794
vn 0.100739 0.986933 -0.125757
f 2381/1074/2668 2380/1073/2669 2374/1072/2670

v 56.3289 46.1045 -182.075
vn 0.0607934 0.9933 -0.0982851
f 2380/5806/2669 2381/5805/2668 2382/5804/2671

v 62.64 44.6321 -190.973
vn 0.232777 0.92833 -0.289859
f 2383/5803/2672 2382/5802/2671 2381/5801/2668

v 56.2274 45.1655 -192.208
vn 0.0808168 0.946497 -0.312428
f 2382/2164/2671 2383/2163/2672 2384/2162/2673

v 62.582 44.1971 -191.928
vn 0.262263 0.401986 -0.877283
f 2384/2167/2673 2383/2166/2672 2385/2165/2674

v 65.595 43.0645 -191.039
vn 0.397027 0.551562 -0.733587
f 2383/2170/2672 2386/2169/2675 2385/2168/2674

v 66.5411 43.9833 -189.272
vn 0.245986 0.927636 -0.281037
f 2386/5797/2675 2383/5796/2672 2387/5795/2676

f 2381/5800/2668 2387/5799/2676 2383/5798/2672

v 67.8381 45.0399 -180.175
vn 0.120855 0.984161 -0.1297
f 2381/1065/2668 2388/1064/2677 2387/1063/2676

f 2374/1068/2670 2388/1067/2677 2381/1066/2668

vn 0.0999697 0.985614 -0.136277
f 2374/1071/2670 2377/1070/2678 2388/1069/2677

vn 0.144899 0.979022 -0.14325
v 68.1077 44.9958 -180.122
vn 0.158731 0.977003 -0.142374
vn 0.199134 0.969322 -0.144081
f 2377/1056/2679 2389/1055/2680 2388/1054/2681

vn 0.102044 0.9851 -0.138435
f 2389/1053/2680 2377/1052/2679 2376/1051/2682

vn 0.410606 0.895997 -0.169093
vn 0.746925 0.646908 -0.153667
v 69.0448 44.6395 -179.735
vn 0.542614 0.823328 -0.166438
f 2389/5560/2683 2376/5559/2684 2390/5558/2685

v 73.2318 40.6683 -179.275
vn 0.840772 0.520689 -0.148275
f 2390/5551/2685 2376/5550/2684 2391/5549/2686

v 74.2682 41.2838 -166.919
vn 0.844622 0.528261 -0.086915
f 2391/5554/2686 2376/5553/2684 2392/5552/2687

v 75.012 40.9402 -161.105
vn 0.856289 0.510353 -0.0794317
f 2392/5557/2687 2376/5556/2684 2393/5555/2688

v 72.1174 45.2545 -159.898
vn 0.879422 0.459044 -0.126078
f 2393/1196/2688 2376/1195/2684 2394/1194/2689

v 71.1762 49.1761 -156.981
vn 0.893622 0.42732 -0.137246
f 2394/1199/2689 2376/1198/2684 2395/1197/2690

v 68.9028 50.5826 -160.232
vn 0.702079 0.661822 -0.262824
f 2395/1202/2690 2376/1201/2684 2396/1200/2691

usemtl _6
vn -0.982383 -0.182799 -0.0388278
v 68.9031 48.1586 -148.828
vn -0.971903 -0.230244 -0.0489124
vn -0.974749 -0.218429 -0.0464018
f 2376/1205/2692 2397/1204/2693 2396/1203/2694

v 67.5658 54.2385 -153.49
vn -0.9639 -0.26045 -0.0553321
f 2398/1208/2695 2396/1207/2694 2397/1206/2693

usemtl _CoolGray8_
vn 0.230483 0.873656 -0.428488
v 66.494 54.2643 -153.925
vn 0.208713 0.881768 -0.422995
vn 0.187138 0.886618 -0.422951
f 2396/1107/2696 2399/1106/2697 2398/1105/2698

v 67.843 50.6253 -160.746
vn 0.240953 0.872921 -0.424206
f 2396/1104/2696 2400/1103/2699 2399/1102/2697

v 68.7323 47.3086 -166.977
vn 0.244544 0.871098 -0.425896
f 2396/1095/2696 2401/1094/2700 2400/1093/2699

f 2376/1092/2663 2401/1091/2700 2396/1090/2696

f 2401/1089/2700 2376/1088/2663 2375/1087/2662

f 2401/1086/2700 2375/1085/2662 2378/1084/2665

usemtl LightSteelBlue
v 60.1433 52.8395 -160.469
vn 0.185982 0.889977 -0.416355
vn 0.240016 0.872794 -0.424998
vn 0.206519 0.877406 -0.433023
f 2402/6822/2701 2401/6821/2702 2378/6820/2703

vn 0.235964 0.873704 -0.425396
f 2402/1098/2701 2400/1097/2704 2401/1096/2702

vn 0.227233 0.882129 -0.41257
f 2402/1101/2701 2399/1100/2705 2400/1099/2704

v 65.7502 56.0873 -150.323
vn 0.197907 0.892375 -0.405585
f 2402/2111/2701 2403/2110/2706 2399/2109/2705

v 60.9937 57.4663 -149.522
vn 0.168004 0.900617 -0.400829
f 2404/2108/2707 2403/2107/2706 2402/2106/2701

v 63.7477 57.1963 -148.845
vn 0.190218 0.891448 -0.411263
f 2403/2105/2706 2404/2104/2707 2405/2103/2708

usemtl _CoolGray8_
v 60.5684 59.2094 -145.795
vn 0.154373 0.903618 -0.399555
vn 0.182254 0.89288 -0.411764
vn 0.154737 0.901591 -0.403968
f 2406/2102/2709 2405/2101/2710 2404/2100/2711

v 66.1763 57.6817 -146.765
vn 0.17784 0.892804 -0.413851
f 2407/2099/2712 2405/2098/2710 2406/2097/2709

v 64.7068 56.9495 -148.935
vn 0.18427 0.886745 -0.423943
f 2405/6955/2710 2407/6954/2712 2408/6953/2713

v 65.2689 56.642 -149.341
vn 0.175893 0.889833 -0.421021
f 2408/6952/2713 2407/6951/2712 2409/6950/2714

vn 0.17801 0.891137 -0.417357
f 2407/6949/2712 2403/6948/2715 2409/6947/2714

f 2403/1113/2715 2407/1112/2712 2398/1111/2698

usemtl _Prussian_Blue_
v 69.2422 54.9826 -146.846
vn 0.825784 0.554187 -0.10468
vn 0.618688 0.743497 -0.253845
vn 0.685559 0.704751 -0.182579
f 2410/1116/2716 2398/1115/2717 2407/1114/2718

v 70.1099 52.491 -152.564
vn 0.762296 0.616367 -0.197475
f 2411/6979/2719 2398/6978/2717 2410/6977/2716

f 2411/1211/2719 2396/1210/2691 2398/1209/2717

f 2395/1214/2690 2396/1213/2691 2411/1212/2719

f 2410/1217/2716 2395/1216/2690 2411/1215/2719

v 72.4955 47.5402 -149.561
vn 0.914781 0.394919 -0.0849398
f 2412/1220/2720 2395/1219/2690 2410/1218/2716

v 73.4691 44.3288 -151.351
vn 0.882312 0.461645 -0.0917056
f 2413/1223/2721 2395/1222/2690 2412/1221/2720

f 2394/1226/2689 2395/1225/2690 2413/1224/2721

f 2413/1193/2721 2393/1192/2688 2394/1191/2689

v 74.9238 42.3909 -151.719
vn 0.844653 0.530174 -0.0740103
f 2414/1190/2722 2393/1189/2688 2413/1188/2721

v 76.1109 40.142 -150.816
vn 0.924875 0.378193 -0.0397155
f 2415/1187/2723 2393/1186/2688 2414/1185/2722

v 76.9988 36.411 -161.284
vn 0.957343 0.283897 -0.0538178
f 2415/5297/2723 2416/5296/2724 2393/5295/2688

v 77.6587 35.7733 -149.641
vn 0.968929 0.247043 -0.0121287
f 2417/5294/2725 2416/5293/2724 2415/5292/2723

v 78.484 31.619 -151.241
vn 0.993706 0.109737 -0.0225167
f 2418/5327/2726 2416/5326/2724 2417/5325/2725

v 78.3565 30.9723 -156.15
vn 0.993729 0.100391 -0.0492301
f 2419/5324/2727 2416/5323/2724 2418/5322/2726

v 78.0409 31.8473 -161.113
vn 0.990989 0.113009 -0.0719058
f 2420/5321/2728 2416/5320/2724 2419/5319/2727

v 76.4536 36.6212 -167.062
vn 0.939028 0.330825 -0.0937031
f 2420/5318/2728 2421/5317/2729 2416/5316/2724

v 77.5256 32.022 -166.963
vn 0.984359 0.126496 -0.122622
f 2422/5315/2730 2421/5314/2729 2420/5313/2728

v 75.0246 36.4325 -179.168
vn 0.955513 0.2462 -0.16242
f 2423/5312/2731 2421/5311/2729 2422/5310/2730

f 2391/5309/2686 2421/5308/2729 2423/5307/2731

f 2392/5306/2687 2421/5305/2729 2391/5304/2686

f 2393/5303/2688 2421/5302/2729 2392/5301/2687

f 2416/5300/2724 2421/5299/2729 2393/5298/2688

v 74.5231 36.3649 -181.5
vn 0.935311 0.191943 -0.29724
f 2424/5542/2732 2391/5541/2686 2423/5540/2731

v 72.3182 40.1187 -185.255
vn 0.826623 0.475621 -0.300798
f 2425/5545/2733 2391/5544/2686 2424/5543/2732

f 2425/5548/2733 2390/5547/2685 2391/5546/2686

v 67.9475 43.6542 -188.593
vn 0.546419 0.767552 -0.335097
f 2426/5569/2734 2390/5568/2685 2425/5567/2733

v 66.7948 43.9411 -189.161
vn 0.400816 0.864261 -0.303973
f 2427/5566/2735 2390/5565/2685 2426/5564/2734

f 2389/5563/2683 2390/5562/2685 2427/5561/2735

vn 0.267931 0.918309 -0.291413
f 2389/1059/2680 2427/1058/2736 2388/1057/2681

vn 0.285091 0.857139 -0.428994
f 2427/1062/2736 2387/1061/2737 2388/1060/2681

v 65.8281 43.0368 -190.978
vn 0.305651 0.772604 -0.556471
f 2428/5791/2738 2387/5790/2737 2427/5789/2736

vn 0.239206 0.803151 -0.545646
f 2387/5794/2737 2428/5793/2738 2386/5792/2739

vn 0.282098 0.26546 -0.921928
v 67.9216 42.7856 -190.408
vn 0.543745 0.486922 -0.683556
v 65.6922 42.873 -191.065
vn 0.278363 0.335927 -0.899815
f 2428/5779/2740 2429/5778/2741 2430/5777/2742 2386/5776/2740 

vn 0.342246 0.789999 -0.508694
vn 0.501656 0.777528 -0.379198
f 2428/5782/2743 2426/5781/2734 2429/5780/2744

f 2426/5788/2734 2428/5787/2743 2427/5786/2735

v 69.375 41.7095 -189.012
vn 0.742454 0.584517 -0.327264
f 2429/5785/2744 2426/5784/2734 2431/5783/2745

f 2426/5572/2734 2425/5571/2733 2431/5570/2745

v 71.1163 40.2621 -187.542
vn 0.838116 0.349983 -0.418418
f 2431/5575/2745 2425/5574/2733 2432/5573/2746

v 72.6668 37.9935 -185.244
vn 0.900531 0.143648 -0.410376
f 2425/5578/2733 2433/5577/2747 2432/5576/2746

f 2425/5628/2733 2424/5627/2732 2433/5626/2747

v 73.6622 36.3066 -183.532
vn 0.917965 0.0668952 -0.390979
f 2433/5625/2747 2424/5624/2732 2434/5623/2748

v 75.8115 31.197 -178.352
vn 0.969576 0.0839857 -0.22993
f 2424/5622/2732 2435/5621/2749 2434/5620/2748

f 2424/5539/2732 2423/5538/2731 2435/5537/2749

f 2423/5536/2731 2422/5535/2730 2435/5534/2749

v 76.3486 29.5845 -176.059
vn 0.986495 0.0722347 -0.147005
f 2422/5533/2730 2436/5532/2750 2435/5531/2749

v 77.6649 29.0006 -166.805
vn 0.994272 0.0348518 -0.10104
f 2422/5521/2730 2437/5520/2751 2436/5519/2750

f 2420/5518/2728 2437/5517/2751 2422/5516/2730

v 78.1071 28.6518 -161.281
vn 0.995563 0.0278858 -0.0898654
f 2438/5515/2752 2437/5514/2751 2420/5513/2728

vn 0.995556 0.0204186 -0.0919259
v 78.0865 28.4398 -161.558
vn 0.99613 0.0256455 -0.0840617
vn 0.993886 0.00437939 -0.110328
f 2438/5512/2753 2439/5511/2754 2437/5510/2755

v 78.1906 28.3598 -160.515
vn 0.989058 0.0680795 -0.130878
f 2438/5497/2753 2440/5496/2756 2439/5495/2754

v 78.2134 28.5781 -160.234
vn 0.974831 0.159509 -0.15576
f 2441/5494/2757 2440/5493/2756 2438/5492/2753

v 79.1699 28.0344 -155.899
vn 0.956788 0.226199 -0.182731
f 2440/5491/2756 2441/5490/2757 2442/5489/2758

v 79.1927 28.2339 -155.417
vn 0.938314 0.301557 -0.169202
f 2442/5488/2758 2441/5487/2757 2443/5486/2759

v 78.3956 30.3403 -155.927
vn 0.937926 0.326923 -0.115831
vn 0.940082 0.327285 -0.0955567
vn 0.934772 0.313202 -0.16765
f 2444/5485/2760 2443/5484/2761 2441/5483/2762

v 78.4874 30.9649 -151.241
vn 0.942817 0.332061 -0.028851
f 2445/5482/2763 2443/5481/2761 2444/5480/2760

v 79.2449 28.7839 -151.241
vn 0.943741 0.330679 0.00213189
f 2446/5479/2764 2443/5478/2761 2445/5477/2763

vn 5.05371e-07 -0.965925 0.258822
vn -0 -1 3.97441e-05
v 65.5089 28.7839 -151.241
v 66.1803 28.2339 -155.417
f 2443/6511/2765 2446/6510/2766 2447/6509/2766 2448/6508/2765 

v 79.3115 28.2341 -147.065
vn 5.00437e-19 -0.965929 -0.258805
v 66.1803 28.2341 -147.065
f 2446/2422/2766 2449/2421/2767 2450/2420/2767 2447/2419/2766 

vn 0.942962 0.321039 0.0880701
v 78.5448 30.3403 -146.556
vn 0.943367 0.326355 0.0595836
f 2449/5473/2768 2446/5472/2764 2451/5471/2769

f 2451/5476/2769 2446/5475/2764 2445/5474/2763

vn 0.999736 0.0204759 -0.0103775
v 78.5138 30.9723 -146.33
vn 0.995304 0.0966949 0.00456294
vn 0.998792 0.0491326 -0.000538547
f 2445/6504/2770 2452/6503/2771 2451/6502/2772

f 2445/6501/2770 2418/6500/2726 2452/6499/2771

vn 0.99879 0.0320978 -0.037248
f 2444/6498/2773 2418/6497/2726 2445/6496/2770

f 2418/6495/2726 2444/6494/2773 2419/6493/2727

vn 0.996073 0.0451729 -0.0761408
f 2419/6492/2727 2444/6491/2773 2441/6490/2774

v 78.1477 29.0772 -160.727
vn 0.996078 0.0376345 -0.0800793
f 2453/6489/2775 2419/6488/2727 2441/6487/2774

f 2453/6486/2775 2420/6485/2728 2419/6484/2727

f 2438/6483/2752 2420/6482/2728 2453/6481/2775

f 2453/6507/2775 2441/6506/2774 2438/6505/2752

f 2418/5330/2726 2417/5329/2725 2452/5328/2771

v 77.6936 35.6392 -146.686
vn 0.973736 0.227682 0.000342492
f 2454/5333/2776 2452/5332/2771 2417/5331/2725

v 78.3779 31.7297 -142.572
vn 0.993124 0.114953 0.0221335
f 2455/5336/2777 2452/5335/2771 2454/5334/2776

v 78.5792 29.0772 -141.756
vn 0.998131 0.0582383 0.0184994
f 2452/5339/2771 2455/5338/2777 2456/5337/2778

v 78.6396 26.1653 -137.388
vn 0.999359 0.0299872 0.0195462
f 2457/5342/2779 2456/5341/2778 2455/5340/2777

v 78.6423 26.0625 -137.825
vn 0.999955 -0.00939583 -0.00110612
f 2456/5345/2778 2457/5344/2779 2458/5343/2780

v 78.5208 22.1337 -134.811
vn 0.997419 -0.0669664 -0.0258985
f 2458/5348/2780 2457/5347/2779 2459/5346/2781

vn 0.99899 -0.0391333 0.0220962
vn 0.999894 0.0104023 -0.0101498
v 78.6396 26.3643 -137.162
vn 0.999986 -0.00501556 0.00165753
f 2459/5351/2782 2457/5350/2783 2460/5349/2784

usemtl _6
v 41.7505 22.1337 -134.811
vn 2.21454e-18 0.462414 0.886664
vn 3.11846e-19 0.612612 0.790384
v 41.7505 26.1653 -137.388
f 2461/5388/2785 2459/5387/2785 2457/5386/2786 2462/5385/2786 

v 41.7505 17.5577 -132.915
vn 2.93341e-18 0.38276 0.923848
v 78.0956 17.5577 -132.915
f 2463/5392/2787 2464/5391/2787 2459/5390/2785 2461/5389/2785 

usemtl _Prussian_Blue_
v 78.5208 22.2695 -134.542
vn 0.997891 -0.0624891 0.0175479
vn 0.993197 -0.108142 0.0431844
f 2459/5395/2782 2465/5394/2788 2464/5393/2789

f 2459/5428/2782 2460/5427/2784 2465/5426/2788

v 78.5581 23.3761 -134.45
vn 0.999487 -0.0318431 -0.00347056
vn 0.99893 -0.0462301 0.000875523
vn 0.999994 -0.00324335 0.00120547
f 2466/5425/2790 2465/5424/2791 2460/5423/2792

v 78.5444 22.9399 -134.014
vn 0.999431 -0.0336863 -0.00196979
f 2467/5422/2793 2465/5421/2791 2466/5420/2790

v 78.537 22.6783 -133.229
vn 0.997006 -0.076979 0.00728317
f 2468/5419/2794 2465/5418/2791 2467/5417/2793

v 78.0956 17.5685 -132.594
vn 0.994156 -0.107535 0.00946402
f 2469/5416/2795 2465/5415/2791 2468/5414/2794

vn 0.992646 -0.120986 0.00405145
f 2465/5398/2788 2469/5397/2796 2464/5396/2789

v 77.6489 14.7033 -131.989
vn 0.988881 -0.133474 0.0655741
f 2470/5401/2797 2464/5400/2789 2469/5399/2796

v 77.6489 14.3923 -132.269
vn 0.985556 -0.113415 0.12576
f 2464/5404/2789 2470/5403/2797 2471/5402/2798

vn 0.999918 0.0115134 0.00555487
vn 0.999973 -0.00491653 0.00545168
v 77.5118 14.2348 -107.261
f 2471/5407/2799 2470/5406/2800 2472/5405/2799

vn 0.993409 -0.11444 0.00650286
vn 0.988142 -0.153521 0.00257045
f 2469/5410/2795 2472/5409/2801 2470/5408/2802

f 2469/5413/2795 2468/5412/2794 2472/5411/2801

v 78.3345 22.0549 -106.589
vn 0.994453 -0.105062 0.00509881
f 2472/5095/2801 2468/5094/2794 2473/5093/2803

vn 0.993041 -0.117116 -0.0123924
v 78.6759 23.856 -133.229
vn 0.999313 -0.0260938 -0.0262996
vn 0.987173 -0.159644 0.00185553
f 2468/5098/2804 2474/5097/2805 2473/5096/2806

vn 0.993551 -0.104162 -0.0447977
f 2468/5101/2804 2467/5100/2807 2474/5099/2805

vn 0.995563 -0.0601769 -0.072334
f 2467/5104/2807 2466/5103/2808 2474/5102/2805

v 78.5858 24.3356 -134.455
vn 0.997327 0.000663645 -0.0730592
f 2474/5107/2805 2466/5106/2808 2475/5105/2809

vn 0.999575 -0.0290732 -0.00191591
f 2466/5110/2790 2460/5109/2792 2475/5108/2810

v 78.5996 24.7735 -134.014
vn 0.999629 -0.0272229 -0.00104385
f 2475/5113/2810 2460/5112/2792 2476/5111/2811

v 78.6039 24.9461 -133.234
vn 0.999866 -0.0155058 0.00527313
f 2476/5116/2811 2460/5115/2792 2477/5114/2812

v 78.6132 26.3207 -133.311
vn 0.999711 0.0231412 0.0065239
f 2478/5119/2813 2477/5118/2812 2460/5117/2792

v 78.4282 26.0185 -106.367
vn 0.999974 -3.23478e-05 0.00716552
f 2478/5119/2813 2479/5120/2814 2477/5118/2812

v 78.2956 30.3402 -106.206
vn 0.997153 0.0751012 0.00679347
f 2478/5135/2813 2480/5134/2815 2479/5133/2814

v 78.3572 31.5531 -133.47
vn 0.994357 0.105869 0.00681738
f 2481/5363/2816 2480/5362/2815 2478/5361/2813

v 77.6581 34.6823 -106.387
vn 0.981499 0.191315 0.00766256
f 2481/5150/2816 2482/5149/2817 2480/5148/2815

v 77.6818 35.479 -133.554
vn 0.964299 0.264704 0.00769724
f 2483/5153/2818 2482/5152/2817 2481/5151/2816

v 76.4982 39.0449 -106.957
vn 0.933315 0.359017 0.00550412
f 2483/1807/2818 2484/1806/2819 2482/1805/2817

v 76.2827 39.7878 -133.477
vn 0.923363 0.383909 0.00376866
f 2485/1810/2820 2484/1809/2819 2483/1808/2818

v 74.694 42.1508 -107.459
vn 0.857022 0.51525 0.00553627
f 2485/1813/2820 2486/1812/2821 2484/1811/2819

v 74.1345 43.2477 -133.211
vn 0.847071 0.531452 0.00553433
f 2487/5273/2822 2486/5272/2821 2485/5271/2820

usemtl _CoolGray8_
vn 0.963605 0.267239 -0.0070539
vn 0.97271 0.231749 -0.0112687
v 73.7948 43.9134 -148.842
vn 0.959616 0.280391 -0.0227815
v 74.5009 42.79 -110.994
vn 0.962425 0.271472 -0.00645243
f 2486/1172/2823 2487/1171/2824 2488/1170/2825 2489/1169/2826 

usemtl _Prussian_Blue_
v 76.1452 40.2649 -150.506
vn 0.901271 0.433135 0.0101811
vn 0.884742 0.465801 -0.0161654
f 2487/1175/2822 2490/1174/2827 2488/1173/2828

f 2485/5270/2820 2490/5269/2827 2487/5268/2822

v 76.3265 39.7013 -142.861
vn 0.946607 0.322384 0.00162875
f 2491/5267/2829 2490/5266/2827 2485/5265/2820

v 76.6266 38.8495 -144.133
vn 0.943716 0.330716 0.00516143
f 2490/5276/2827 2491/5275/2829 2492/5274/2830

vn 0.940499 0.117816 0.318718
vn 0.942283 -0.306502 0.134757
v 75.1599 37.653 -139.363
vn 0.957797 0.287328 0.00816369
f 2492/5279/2831 2491/5278/2832 2493/5277/2833

v 76.3452 39.6286 -139.606
vn 0.850213 -0.520089 -0.0815142
f 2491/5261/2832 2494/5260/2834 2493/5259/2833

vn 0.94979 0.312884 0.00155861
f 2485/5264/2820 2494/5263/2835 2491/5262/2829

v 76.5402 39.0186 -136.307
vn 0.950265 0.311438 0.00182085
f 2485/5251/2820 2495/5250/2836 2494/5249/2835

v 76.7331 38.4221 -135.379
vn 0.950528 0.310631 0.00206439
v 76.9537 37.7401 -134.318
vn 0.950841 0.309614 0.00636328
f 2496/5248/2837 2495/5247/2836 2485/5246/2820 2497/5245/2838 

vn 0.897273 -0.370802 -0.239596
vn 0.92301 -0.206611 -0.324599
vn 0.939265 0.0735585 -0.335217
f 2495/5258/2839 2496/5257/2840 2497/5256/2841 2493/5255/2833 

vn 0.855084 0.305612 0.418846
v 77.5878 37.7391 -135.612
vn 0.938118 0.296427 0.179072
vn 0.633853 0.764601 0.116684
f 2497/5220/2842 2498/5219/2843 2496/5218/2844

v 77.5767 35.8822 -136.232
vn 0.969323 -0.0831134 0.23131
f 2499/5223/2845 2498/5222/2843 2497/5221/2842

v 77.6027 36.9057 -137.19
vn 0.998095 -0.0606151 -0.0115042
f 2498/5226/2843 2499/5225/2845 2500/5224/2846

v 77.6248 37.7996 -139.367
vn 0.930176 0.366872 -0.0132992
f 2500/5214/2846 2501/5213/2847 2498/5212/2843

v 77.5404 37.2527 -139.207
vn 0.987288 -0.157853 -0.0185583
f 2500/5211/2846 2502/5210/2848 2501/5209/2847

v 77.5544 37.1283 -140.64
vn 0.998407 -0.0438825 -0.0354762
f 2503/5208/2849 2501/5207/2847 2502/5206/2848

v 77.4175 37.7443 -142.695
vn 0.981883 0.146272 -0.120457
f 2501/5205/2847 2503/5204/2849 2504/5203/2850

v 77.4977 36.2679 -141.515
vn 0.998473 0.0108957 -0.0541552
f 2505/5202/2851 2504/5201/2850 2503/5200/2849

v 77.4749 36.3478 -142.014
vn 0.991528 -0.0216839 -0.128072
f 2506/5199/2852 2504/5198/2850 2505/5197/2851

v 77.0871 37.5259 -144.144
vn 0.96221 0.130425 -0.239042
f 2504/5189/2850 2506/5188/2852 2507/5187/2853

vn 0.632031 0.75353 0.180915
vn 0.803101 0.508724 0.310208
f 2506/5175/2854 2507/5174/2855 2493/5173/2833

vn 0.943945 0.329951 0.0100299
v 77.6936 35.8576 -146.467
vn 0.952596 0.304124 0.00835134
vn 0.944341 0.328806 0.0103862
f 2506/5192/2856 2508/5191/2857 2507/5190/2858

vn 0.943654 0.330786 0.00992455
v 77.5654 36.0301 -140.03
vn 0.947316 0.320151 0.00979307
f 2508/5196/2857 2506/5195/2856 2505/5194/2859 2509/5193/2860 

vn 0.570724 0.8184 0.0670504
vn 0.575842 0.810973 0.103579
f 2509/5172/2861 2505/5171/2862 2506/5170/2854 2493/5169/2833 

vn 0.636175 0.76952 -0.0558607
f 2499/5168/2863 2509/5167/2861 2493/5166/2833

vn 0.951051 0.308897 0.00918629
f 2483/5165/2818 2509/5164/2860 2499/5163/2864

f 2509/5162/2860 2483/5161/2818 2508/5160/2857

v 78.3779 31.9488 -142.354
vn 0.991037 0.133408 0.00687335
f 2508/5159/2857 2483/5158/2818 2510/5157/2865

f 2510/5156/2865 2483/5155/2818 2481/5154/2816

f 2481/5357/2816 2460/5356/2792 2510/5355/2865

f 2478/5360/2813 2460/5359/2792 2481/5358/2816

vn 0.998022 0.0449126 -0.0439831
f 2457/5354/2783 2510/5353/2866 2460/5352/2784

vn 0.995815 0.0645957 -0.0646478
f 2455/5366/2867 2510/5365/2866 2457/5364/2783

vn 0.98649 0.11585 -0.115826
f 2455/5369/2867 2508/5368/2868 2510/5367/2866

vn 0.978204 0.146809 -0.146844
f 2454/5372/2869 2508/5371/2868 2455/5370/2867

vn 0.944056 0.257089 -0.20655
f 2454/5285/2869 2490/5284/2870 2508/5283/2868

vn 0.86661 0.443715 0.228263
f 2415/5288/2871 2490/5287/2870 2454/5286/2869

v 74.8357 42.4469 -151.465
vn 0.734911 0.507987 0.449282
f 2415/1181/2871 2511/1180/2872 2490/1179/2870

vn 0.822236 0.544839 0.164557
f 2511/1184/2872 2415/1183/2871 2414/1182/2873

usemtl _CoolGray8_1
v 41.7511 42.1728 -151.726
vn -0.00982167 0.265955 0.963936
f 2415/1259/2871 2511/1258/2872 2512/1257/2874

v 41.7505 46.0112 -174.657
f 2512/1244/391 2511/1243/389 2513/1242/390

vn 0.786089 0.163183 0.596184
vn 0.00631048 -0.351029 0.936343
f 2413/1241/2875 2512/1240/2876 2511/1239/2872

vn 0.0256131 -0.601471 0.798484
f 2413/1276/2875 2397/1275/2877 2512/1274/2876

vn 0.0511246 -0.625084 0.778881
f 2397/1282/2877 2413/1281/2875 2412/1280/2878

usemtl _Prussian_Blue_
vn 0.937044 0.347107 -0.0382781
v 72.5755 47.3361 -149.376
vn 0.942238 0.33146 -0.0481843
f 2412/1229/2879 2514/1228/2880 2413/1227/2875

v 70.9587 51.9467 -144.034
vn 0.931953 0.36247 -0.00890008
f 2412/1291/2879 2515/1290/2881 2514/1289/2880

v 70.8443 52.2354 -143.998
vn 0.91401 0.405366 -0.016226
f 2516/1288/2882 2515/1287/2881 2412/1286/2879

v 70.0171 54.0541 -140.536
vn 0.89768 0.440588 -0.00726962
f 2516/1134/2882 2517/1133/2883 2515/1132/2881

v 69.8811 54.304 -140.543
vn 0.865783 0.499241 -0.0343347
f 2518/1131/2884 2517/1130/2883 2516/1129/2882

v 68.1271 57.7214 -132.953
vn 0.855974 0.517005 -0.00368803
f 2518/2077/2884 2519/2076/2885 2517/2075/2883

v 67.958 57.9874 -132.903
vn 0.811454 0.584416 0.000428442
f 2519/2080/2885 2518/2079/2884 2520/2078/2886

vn 0.879069 0.475884 -0.0277906
v 68.6477 56.5923 -140.194
vn 0.784072 0.613483 -0.0941816
vn 0.782208 0.622658 -0.021177
f 2518/1330/2887 2521/1329/2888 2520/1328/2889

f 2410/1327/2716 2521/1326/2888 2518/1325/2887

f 2407/6924/2718 2521/6923/2888 2410/6922/2716

v 65.8793 58.6682 -144.58
vn 0.748091 0.641877 -0.168386
f 2522/6921/2890 2521/6920/2888 2407/6919/2718

v 65.3066 60.4079 -139.984
vn 0.73749 0.670417 -0.0815412
f 2523/6918/2891 2521/6917/2888 2522/6916/2890

f 2523/1333/2891 2520/1332/2889 2521/1331/2888

v 64.6305 61.7699 -126.078
vn 0.749114 0.662425 -0.00450428
f 2524/1336/2892 2520/1335/2889 2523/1334/2891

v 66.5034 59.5762 -126.319
vn 0.760728 0.64906 0.00379119
f 2520/1339/2889 2524/1338/2892 2525/1337/2893

v 66.0886 60.1179 -117.365
vn 0.750382 0.661004 -0.000243685
f 2525/1342/2893 2524/1341/2892 2526/1340/2894

v 66.0201 60.155 -110.161
vn 0.754903 0.655836 0.000677794
f 2526/1345/2894 2524/1344/2892 2527/1343/2895

v 64.7568 61.6421 -109.874
vn 0.767313 0.64126 -0.00391584
f 2527/1348/2895 2524/1347/2892 2528/1346/2896

v 59.6045 62.1472 -125.651
vn 0.0716967 0.996742 -0.0369481
vn 0.0829712 0.996248 0.024591
vn 0.0711063 0.996522 -0.0434441
f 2529/1351/2897 2528/1350/2898 2524/1349/2899

v 59.702 62.0634 -109.307
vn 0.0730678 0.996281 0.0456626
f 2530/1354/2900 2528/1353/2898 2529/1352/2897

v 65.5946 60.8043 -97.6286
vn 0.0884216 0.989346 0.115659
f 2530/1357/2900 2531/1356/2901 2528/1355/2898

v 59.8788 61.2165 -96.9648
vn 0.0827947 0.983517 0.160747
f 2532/1399/2902 2531/1398/2901 2530/1397/2900

v 66.3604 58.5226 -87.7527
vn 0.108354 0.972101 0.208034
f 2532/1396/2902 2533/1395/2903 2531/1394/2901

v 60.5757 58.9412 -86.2685
vn 0.0926245 0.975123 0.201386
f 2534/1393/2904 2533/1392/2903 2532/1391/2902

usemtl _CoolGray8_
v 60.7641 58.0393 -84.6558
vn 0.147719 0.875329 0.460411
vn 0.159753 0.88042 0.446474
vn 0.150715 0.870219 0.469046
f 2535/1390/2905 2533/1389/2906 2534/1388/2907

v 65.932 57.6503 -85.8481
vn 0.159024 0.883588 0.440436
f 2536/1387/2908 2533/1386/2906 2535/1385/2905

v 67.22 54.3489 -79.6317
vn 0.144924 0.880632 0.451091
f 2537/1384/2909 2533/1383/2906 2536/1382/2908

v 67.8735 54.3218 -79.7834
vn 0.142461 0.87802 0.456931
f 2538/1381/2910 2533/1380/2906 2537/1379/2909

usemtl _Prussian_Blue_
v 68.8642 53.1068 -81.0216
vn 0.827569 0.543734 0.139583
vn 0.830615 0.547684 0.100599
vn 0.831305 0.53882 0.1364
f 2539/1378/2911 2533/1377/2912 2538/1376/2913

v 67.8392 56.0672 -86.7592
vn 0.832849 0.54365 0.103955
f 2540/1375/2914 2533/1374/2912 2539/1373/2911

v 67.1124 57.9421 -92.3297
vn 0.8378 0.54261 0.0605471
f 2541/1372/2915 2533/1371/2912 2540/1370/2914

vn 0.824153 0.565673 0.0280225
f 2531/1369/2916 2533/1368/2912 2541/1367/2915

v 66.6337 59.1837 -97.9095
vn 0.843722 0.53602 0.0285735
f 2542/1366/2917 2531/1365/2916 2541/1364/2915

v 66.2817 59.854 -103.82
vn 0.795525 0.605921 -1.24465e-05
f 2543/1363/2918 2531/1362/2916 2542/1361/2917

f 2528/1360/2896 2531/1359/2916 2543/1358/2918

f 2528/2004/2896 2543/2003/2918 2527/2002/2895

v 66.1801 59.9626 -110.129
vn 0.774297 0.6328 0.00526512
vn 0.766931 0.641715 0.00418627
vn 0.790193 0.612834 0.00539916
f 2544/2001/2919 2527/2000/2920 2543/1999/2921

v 66.1949 59.9495 -110.43
vn 0.765502 0.643395 0.00696013
f 2545/2007/2922 2527/2006/2920 2544/2005/2919

vn 0.763132 0.646242 0.00136914
f 2527/2010/2920 2545/2009/2922 2526/2008/2923

v 66.2795 59.8928 -117.409
vn 0.754536 0.656256 -0.00176036
f 2526/2013/2923 2545/2012/2922 2546/2011/2924

v 66.9559 59.0943 -117.57
vn 0.754637 0.656142 0.000124109
vn 0.762865 0.646558 0.000683998
vn 0.765026 0.643966 0.0064812
v 66.9285 59.0943 -111.99
f 2547/2017/2925 2546/2016/2926 2545/2015/2927 2548/2014/2927 

v 66.709 59.3512 -126.345
vn 0.77294 0.634479 0.0004737
f 2547/2020/2925 2549/2019/2928 2546/2018/2926

v 67.6026 58.3743 -126.462
vn 0.736302 0.676256 -0.023182
f 2550/2041/2929 2549/2040/2928 2547/2039/2925

v 68.8836 56.5356 -133.172
vn 0.828527 0.559641 -0.0185773
f 2551/2038/2930 2549/2037/2928 2550/2036/2929

vn 0.842894 0.538076 -0.00187711
f 2519/2035/2931 2549/2034/2928 2551/2033/2930

vn 0.777554 0.628626 0.0154784
f 2520/2032/2886 2549/2031/2932 2519/2030/2885

vn 0.746257 0.665651 -0.00298374
f 2525/2029/2933 2549/2028/2932 2520/2027/2886

f 2525/2023/2933 2546/2022/2924 2549/2021/2932

f 2526/2026/2923 2546/2025/2924 2525/2024/2933

vn 0.865857 0.498446 -0.0429271
f 2551/2074/2930 2517/2073/2934 2519/2072/2931

v 70.7495 52.7004 -140.51
vn 0.897295 0.440222 -0.0326633
f 2552/2071/2935 2517/2070/2934 2551/2069/2930

vn 0.915999 0.399571 -0.0358995
f 2517/1137/2934 2552/1136/2935 2515/1135/2936

v 71.7505 49.9358 -144.264
vn 0.929487 0.368295 -0.0203168
f 2515/1140/2936 2552/1139/2935 2553/1138/2937

usemtl _CoolGray8_
v 70.8569 52.4483 -140.277
vn 0.920715 0.389897 -0.0162629
vn 0.920307 0.389039 -0.0410357
vn 0.912331 0.409418 -0.0053122
f 2554/1143/2938 2553/1142/2939 2552/1141/2940

v 71.8533 49.7173 -144.045
vn 0.919217 0.391616 -0.0409475
f 2555/1146/2941 2553/1145/2939 2554/1144/2938

v 72.5253 47.9549 -145.806
vn 0.924335 0.378142 -0.0511117
f 2553/1149/2939 2555/1148/2941 2556/1147/2942

usemtl LightSteelBlue
vn 0.937212 0.347838 -0.0253651
vn 0.919767 0.390443 -0.0397723
vn 0.916416 0.400029 -0.012594
f 2556/1152/2943 2555/1151/2944 2554/1150/2945

v 72.8266 47.9885 -127.981
vn 0.938352 0.345584 -0.0082462
f 2554/1155/2945 2557/1154/2946 2556/1153/2943

v 70.3673 53.4121 -127.402
vn 0.892295 0.451384 0.00783207
f 2558/2059/2947 2557/2058/2946 2554/2057/2945

v 73.0291 47.695 -111.277
vn 0.927599 0.373555 -0.00404628
f 2558/1843/2947 2559/1842/2948 2557/1841/2946

v 70.393 53.4234 -111.555
vn 0.873837 0.486219 0.000145422
f 2558/1846/2947 2560/1845/2949 2559/1844/2948

v 67.0942 58.8653 -117.611
vn 0.861677 0.507385 0.00854973
f 2561/1849/2950 2560/1848/2949 2558/1847/2947

v 67.0611 58.8767 -111.972
vn 0.853184 0.521595 0.00395996
f 2560/1852/2949 2561/1851/2950 2562/1850/2951

usemtl _CoolGray8_
vn 0.863257 0.504508 0.0160812
vn 0.85588 0.517085 0.00963488
vn 0.855065 0.518504 0.00408981
f 2561/1855/2952 2547/1854/2953 2562/1853/2954

vn 0.87743 0.478609 0.0323948
f 2561/2044/2952 2550/2043/2955 2547/2042/2953

v 67.7421 58.1235 -126.509
vn 0.875826 0.481798 0.0282892
f 2561/2047/2952 2563/2046/2956 2550/2045/2955

usemtl LightSteelBlue
vn 0.875452 0.482488 0.028113
f 2561/6961/2950 2558/6960/2947 2563/6959/2957

v 69.039 56.2255 -133.26
vn 0.889617 0.456374 0.0174496
f 2558/2053/2947 2564/2052/2958 2563/2051/2957

f 2564/2056/2958 2558/2055/2947 2554/2054/2945

usemtl _CoolGray8_
vn 0.895988 0.443436 0.0238582
f 2554/2062/2938 2552/2061/2940 2564/2060/2959

vn 0.896299 0.442898 0.0221128
f 2552/2065/2940 2551/2064/2960 2564/2063/2959

f 2551/2068/2960 2550/2067/2955 2564/2066/2959

f 2550/2050/2955 2563/2049/2956 2564/2048/2959

vn 0.85384 0.520519 0.00419115
f 2548/1858/2961 2562/1857/2954 2547/1856/2953

vn 0.853652 0.520838 0.00235241
vn 0.85395 0.520353 0.00135539
v 66.9731 59.0167 -110.269
vn 0.853889 0.520453 0.00142945
f 2562/1861/2962 2548/1860/2963 2565/1859/2964

usemtl _Prussian_Blue_
vn 0.767102 0.641461 0.00906658
f 2545/1864/2927 2565/1863/2965 2548/1862/2927

vn 0.76704 0.641519 0.0101338
f 2544/1867/2919 2565/1866/2966 2545/1865/2922

v 66.981 59.0023 -109.962
vn 0.767055 0.641498 0.0103638
f 2565/1870/2966 2544/1869/2919 2566/1868/2967

v 67.0438 58.8763 -107.193
vn 0.76618 0.642507 0.0123378
vn 0.76692 0.641634 0.0117968
vn 0.777653 0.628651 0.00737624
f 2567/1873/2968 2566/1872/2969 2544/1871/2970

usemtl _CoolGray8_
vn 0.854587 0.51929 0.00424023
v 67.1896 58.636 -107.139
vn 0.854095 0.520087 0.00556797
vn 0.854089 0.520108 0.00438315
f 2567/1876/2971 2568/1875/2972 2566/1874/2973

v 67.2239 58.598 -103.995
vn 0.858197 0.513193 0.0114158
v 67.352 58.3865 -104.072
vn 0.856716 0.515726 0.00802228
vn 0.85509 0.518471 -0.00307907
f 2569/6654/2974 2570/6653/2975 2568/6652/2976 2567/6651/2976 

v 67.6183 57.721 -98.1729
vn 0.86106 0.507839 0.0259736
f 2571/6657/2977 2570/6656/2975 2569/6655/2974

usemtl LightSteelBlue
vn 0.871412 0.489537 0.031528
v 70.451 53.2612 -105.938
vn 0.877084 0.479811 0.0224626
vn 0.856988 0.515276 0.00794037
f 2571/1895/2978 2572/1894/2979 2570/1893/2980

v 70.718 51.2337 -88.0837
vn 0.896859 0.440308 0.0420921
f 2572/1898/2979 2571/1897/2978 2573/1896/2981

v 67.9947 56.6228 -92.601
vn 0.885045 0.465022 0.0212114
f 2574/1901/2982 2573/1900/2981 2571/1899/2978

v 68.9696 54.6223 -87.2088
vn 0.892071 0.450205 0.0390371
f 2575/1904/2983 2573/1903/2981 2574/1902/2982

v 69.8873 51.9188 -81.7612
vn 0.889099 0.452669 0.0677729
f 2576/1907/2984 2573/1906/2981 2575/1905/2983

v 71.1681 48.6846 -76.2918
vn 0.903324 0.425304 0.0558862
f 2577/1910/2985 2573/1909/2981 2576/1908/2984

v 73.2554 45.3953 -87.9219
vn 0.934257 0.355197 0.0316089
f 2577/1913/2985 2578/1912/2986 2573/1911/2981

v 74.053 42.102 -73.5918
vn 0.925484 0.376979 0.0369661
f 2578/6761/2986 2577/6760/2985 2579/6759/2987

v 72.4217 45.6051 -73.328
vn 0.898954 0.43139 0.0760535
f 2579/6764/2987 2577/6763/2985 2580/6762/2988

v 71.7266 47.1734 -74.0585
vn 0.894738 0.437743 0.0884653
f 2580/6767/2988 2577/6766/2985 2581/6765/2989

usemtl _CoolGray8_
vn 0.893846 0.442818 0.0703622
v 71.6692 47.217 -73.7528
vn 0.883819 0.451884 0.1211
vn 0.884532 0.455365 0.101222
f 2577/6688/2990 2582/6687/2991 2581/6686/2992

v 71.0302 48.9768 -76.3123
vn 0.89682 0.438594 0.0578726
f 2583/6685/2993 2582/6684/2991 2577/6683/2990

usemtl _Prussian_Blue_
vn 0.753984 0.621546 0.212576
v 71.7882 45.7102 -69.7431
vn 0.829108 0.533828 0.166156
vn 0.854462 0.494153 0.160335
f 2583/6733/2994 2584/6732/2995 2582/6731/2996

v 70.3313 49.4456 -75.3961
vn 0.746508 0.631094 0.210823
f 2585/6730/2997 2584/6729/2995 2583/6728/2994

vn 0.750381 0.62535 0.214164
v 70.1622 49.5598 -75.1732
vn 0.769455 0.607477 0.197255
vn 0.800878 0.575661 0.16495
f 2585/6727/2998 2586/6726/2999 2584/6725/3000

vn 0.778419 0.601104 0.180935
f 2586/6614/2999 2585/6613/2998 2539/6612/3001

v 69.0241 52.9324 -81.1358
vn 0.780342 0.599897 0.176606
f 2587/6617/3002 2539/6616/3001 2585/6615/2998

v 68.0105 55.8361 -86.8324
vn 0.803619 0.580136 0.132808
f 2587/6620/3002 2588/6619/3003 2539/6618/3001

v 69.7892 52.0994 -81.6862
vn 0.776467 0.605741 0.173716
vn 0.81126 0.573702 0.112796
vn 0.780301 0.599941 0.176637
f 2589/6623/3004 2588/6622/3005 2587/6621/3006

v 68.759 54.8177 -87.1482
vn 0.816444 0.568195 0.102825
f 2590/6626/3007 2588/6625/3005 2589/6624/3004

v 67.8713 56.8322 -92.5557
vn 0.825514 0.560534 0.0657901
f 2591/6629/3008 2588/6628/3005 2590/6627/3007

v 67.2645 57.7192 -92.3768
vn 0.829652 0.554547 0.0644614
f 2592/6632/3009 2588/6631/3005 2591/6630/3008

vn 0.824889 0.560703 0.0719047
vn 0.820603 0.562314 0.102049
f 2592/1980/3010 2540/1979/3011 2588/1978/3003

vn 0.829554 0.555085 0.0610015
f 2540/1983/3011 2592/1982/3010 2541/1981/3012

v 66.8109 58.9255 -97.9531
vn 0.827881 0.559411 0.0408955
f 2593/1986/3013 2541/1985/3012 2592/1984/3010

vn 0.818447 0.573795 0.030068
f 2541/1989/3012 2593/1988/3013 2542/1987/3014

v 66.4417 59.6408 -103.849
vn 0.809101 0.587558 0.0114233
f 2594/1992/3015 2542/1991/3014 2593/1990/3013

f 2542/1995/3014 2594/1994/3015 2543/1993/2921

f 2544/1998/2919 2543/1997/2921 2594/1996/3015

vn 0.789319 0.613828 0.0137745
vn 0.809279 0.587232 0.0150491
f 2569/6647/3016 2544/6646/2970 2594/6645/3017

f 2544/6650/2970 2569/6649/3016 2567/6648/2968

v 67.492 57.9334 -98.1245
vn 0.81857 0.573403 0.0339441
f 2569/6644/3016 2594/6643/3017 2595/6642/3018

vn 0.827591 0.559813 0.0412585
f 2595/6641/3018 2594/6640/3017 2593/6639/3019

f 2595/6638/3018 2593/6637/3019 2591/6636/3008

f 2591/6635/3008 2593/6634/3019 2592/6633/3009

usemtl _CoolGray8_
vn 0.815027 0.574728 0.0736065
vn 0.863832 0.502531 0.0354362
vn 0.86245 0.505287 0.0293986
f 2591/6664/3020 2574/6663/3021 2571/6662/2977 2595/6661/3022 

vn 0.75982 0.636057 0.134554
f 2575/6667/3023 2574/6666/3021 2591/6665/3020

vn 0.769414 0.622093 0.144923
f 2575/6670/3023 2591/6669/3020 2590/6668/3024

vn 0.853341 0.512217 0.0971748
f 2576/6673/3025 2575/6672/3023 2590/6671/3024

vn 0.887414 0.457007 0.0603391
f 2590/6676/3024 2589/6675/3026 2576/6674/3025

f 2589/6679/3026 2583/6678/2993 2576/6677/3025

usemtl _Prussian_Blue_
f 2589/6736/3004 2585/6735/2997 2583/6734/2994

f 2587/6739/3006 2585/6738/2997 2589/6737/3004

usemtl _CoolGray8_
f 2576/6682/3025 2583/6681/2993 2577/6680/2990

f 2571/6660/2977 2569/6659/2974 2595/6658/3022

usemtl _Prussian_Blue_
f 2539/1977/3001 2588/1976/3003 2540/1975/3011

usemtl _6
v 67.9551 52.57 -78.9784
vn -0.771768 -0.610496 -0.177958
vn -0.198362 -0.895079 -0.399357
vn -0.384235 -0.836471 -0.390743
f 2596/1974/3027 2540/1973/3028 2539/1972/3029

v 65.9657 56.9403 -88.5037
vn -0.937835 -0.345545 0.0326344
f 2596/6599/3027 2597/6598/3030 2540/6597/3028

vn -0.968751 0.0806017 0.234573
f 2538/6596/3031 2597/6595/3030 2596/6594/3027

vn -0.961217 0.122526 0.247081
f 2597/6602/3030 2538/6601/3031 2533/6600/3032

v 69.2651 50.2524 -72.7314
vn -0.971706 0.0424985 0.232339
f 2598/6593/3033 2538/6592/3031 2596/6591/3027

usemtl _CoolGray8_
vn 0.145761 0.869065 0.472736
f 2537/6605/2909 2598/6604/3034 2538/6603/2910

v 68.6154 50.2747 -72.5617
vn 0.157857 0.861737 0.482174
vn 0.154882 0.863559 0.479872
vn 0.152662 0.869008 0.470658
f 2599/6776/3035 2598/6775/3036 2537/6774/3037

v 70.9456 45.9723 -65.7617
vn 0.160045 0.862044 0.4809
f 2599/1457/3035 2600/1456/3038 2598/1455/3036

v 70.2047 46.0059 -65.5716
vn 0.150281 0.865981 0.476962
f 2601/1454/3039 2600/1453/3038 2599/1452/3035

v 72.6018 41.695 -58.356
vn 0.14778 0.872306 0.466094
f 2601/2863/3039 2602/2862/3040 2600/2861/3038

v 71.6593 42.3496 -59.2967
vn 0.139883 0.872969 0.467287
f 2603/2860/3041 2602/2859/3040 2601/2858/3039

v 64.5791 42.7098 -57.6342
vn 0.139942 0.875141 0.46319
f 2604/3665/3042 2602/3664/3040 2603/3663/3041

v 64.6817 42.2832 -56.8631
vn 0.128007 0.86957 0.476931
f 2605/3662/3043 2602/3661/3040 2604/3660/3042

v 64.903 42.1508 -54.0414
vn 0.0714935 0.991352 0.110045
v 72.355 41.7096 -58.2186
vn 0.0815663 0.995851 0.0403341
vn 0.064638 0.997036 0.0417171
f 2606/3669/3044 2607/3668/3045 2602/3667/3045 2605/3666/3046 

usemtl _Prussian_Blue_
vn 0.124962 0.979688 0.15683
v 67.7884 40.1335 -44.524
vn 0.113606 0.982602 0.146922
f 2607/3675/3047 2606/3674/3044 2608/3673/3048

v 52.7644 41.2637 -43.0992
vn 0.046666 0.989911 0.133785
f 2606/3638/3044 2609/3637/3049 2608/3636/3048

v 53.2253 42.3474 -50.7195
vn 0.0364762 0.989887 0.13709
f 2610/3641/3050 2609/3640/3049 2606/3639/3044

v 41.751 41.5383 -42.4956
vn 0.0309718 0.991203 0.128673
f 2610/2822/3050 2611/2821/3051 2609/2820/3049

v 41.751 42.4376 -49.6567
vn 0.0193366 0.992022 0.124577
f 2612/6782/3052 2611/6781/3051 2610/6780/3050

v 49.2191 42.7791 -54.7628
vn 0.0256884 0.994743 0.0991275
vn 0.0186676 0.995409 0.0938734
f 2611/2828/3051 2613/2827/3053 2612/2826/3054

f 2609/2825/3049 2613/2824/3053 2611/2823/3051

v 56.8191 42.6037 -55.5835
vn 0.0375858 0.995475 0.0872699
f 2609/3647/3049 2614/3646/3055 2613/3645/3053

f 2614/3644/3055 2609/3643/3049 2606/3642/3044

usemtl _CoolGray8_
vn 0.0291586 0.996152 0.0826492
f 2606/2881/3044 2614/2880/3055 2610/2879/3056

f 2605/2878/3046 2614/2877/3055 2606/2876/3044

vn 0.0895513 0.856844 0.507739
v 56.7551 43.0362 -56.314
vn 0.102806 0.865473 0.490293
f 2614/3656/3057 2605/3655/3043 2615/3654/3058

usemtl _6
v 69.1809 41.7604 -65.0133
vn 0.0363651 0.998052 -0.0506901
vn 0.0178327 0.997328 -0.0708488
vn 0.0512498 0.998047 -0.0357261
f 2616/2875/3059 2614/2874/3060 2605/2873/3061

v 47.7508 41.7604 -66.7569
vn 0.00674068 0.996458 -0.0838165
f 2617/6577/3062 2614/6576/3060 2616/6575/3059

vn 0.00683436 0.996319 -0.0854524
f 2614/2887/3060 2617/2886/3062 2613/2885/3063

v 41.7505 42.7791 -54.7628
vn 1.84992e-18 0.996413 -0.0846237
v 41.7505 41.7604 -66.7569
f 2618/2891/3064 2613/2890/3063 2617/2889/3062 2619/2888/3064 

usemtl _CoolGray8_
vn 6.30697e-18 0.997771 0.0667283
f 2612/2834/3054 2613/2833/3053 2618/2832/3065

f 2610/2831/3056 2613/2830/3053 2612/2829/3054

f 2614/2884/3055 2613/2883/3053 2610/2882/3056

vn 0.0379917 0.851 0.52379
v 49.189 43.2137 -55.4667
vn 0.0508544 0.854499 0.516958
f 2613/3650/3066 2614/3649/3057 2620/3648/3067

f 2620/3653/3067 2614/3652/3057 2615/3651/3058

usemtl LightSteelBlue
vn 0.0973848 0.86459 0.49295
v 59.0995 50.5695 -69.9899
vn 0.125838 0.870632 0.475568
vn 0.0566599 0.8645 0.49943
f 2615/2848/3068 2621/2847/3069 2620/2846/3070

vn 0.138001 0.862264 0.487295
f 2604/2851/3071 2621/2850/3069 2615/2849/3068

vn 0.163928 0.865715 0.472933
f 2604/2854/3071 2603/2853/3072 2621/2852/3069

vn 0.164899 0.863222 0.477133
f 2621/2857/3069 2603/2856/3072 2601/2855/3073

vn 0.15628 0.863654 0.479247
f 2621/1451/3069 2601/1450/3073 2599/1449/3074

vn 0.135835 0.87818 0.458638
f 2537/1448/3075 2621/1447/3069 2599/1446/3074

vn 0.144934 0.87872 0.454803
f 2536/1445/3076 2621/1444/3069 2537/1443/3075

vn 0.146669 0.874606 0.462117
f 2535/1442/3077 2621/1441/3069 2536/1440/3076

v 54.4907 58.1902 -83.2973
vn 0.0999952 0.877969 0.468158
f 2622/1439/3078 2621/1438/3069 2535/1437/3077

v 48.142 58.2099 -82.2785
vn 0.05623 0.880123 0.471405
f 2623/1436/3079 2621/1435/3069 2622/1434/3078

v 48.6385 50.7731 -68.3649
vn 0.046096 0.872347 0.486709
f 2624/1433/3080 2621/1432/3069 2623/1431/3079

f 2620/2845/3070 2621/2844/3069 2624/2843/3080

v 41.7505 43.2137 -55.4667
vn -1.48432e-17 0.862745 0.50564
v 41.7505 50.7731 -68.3649
vn -1.24833e-17 0.872504 0.488607
f 2625/2842/3081 2620/2841/3070 2624/2840/3080 2626/2839/3082 

usemtl _CoolGray8_
vn -2.77506e-19 0.850888 0.525347
f 2618/2838/3083 2613/2837/3066 2620/2836/3067 2625/2835/3083 

usemtl LightSteelBlue
v 41.7505 58.2099 -82.2785
vn -1.01186e-17 0.881927 0.471386
f 2626/1430/3082 2624/1429/3080 2623/1428/3079 2627/1427/3084 

usemtl _CoolGray8_
vn 0.0349517 0.87016 0.491528
v 41.751 59.0607 -83.531
vn 0.0145762 0.860105 0.509909
f 2627/1426/442 2623/1425/3085 2628/1424/3086

v 48.0884 59.0825 -83.978
vn 0.0593108 0.886591 0.458736
f 2629/1423/3087 2628/1422/3086 2623/1421/3085

usemtl _Prussian_Blue_
v 47.8411 61.7289 -96.0555
vn 0.0238572 0.986023 0.164894
vn 0.0121412 0.97676 0.21399
vn 0.0232435 0.976661 0.213527
f 2630/6864/3088 2628/6863/3089 2629/6862/3090

v 41.7511 61.7765 -95.9151
vn 0.010203 0.99308 0.116999
f 2631/6861/3091 2628/6860/3089 2630/6859/3088

v 47.7699 62.6012 -108.814
vn 0.0203788 0.998709 0.0465239
f 2632/6858/3092 2631/6857/3091 2630/6856/3088

v 41.7511 62.6509 -108.781
vn 0.00825133 0.999659 0.0247661
f 2633/6855/3093 2631/6854/3091 2632/6853/3092

v 47.7367 62.6565 -125.488
vn 0.0200847 0.999198 -0.0346511
f 2634/6852/3094 2633/6851/3093 2632/6850/3092

v 41.7511 62.7036 -125.522
vn 0.0080518 0.999391 -0.0339495
f 2635/6849/3095 2633/6848/3093 2634/6847/3094

v 41.7511 61.6051 -140.954
vn 0.0126484 0.99152 -0.129335
f 2634/6846/3094 2636/6845/3096 2635/6844/3095

v 47.8996 61.5444 -140.756
vn 0.0272767 0.983577 -0.178415
f 2637/6843/3097 2636/6842/3096 2634/6841/3094

v 41.751 59.9657 -147.492
vn 0.021754 0.968795 -0.246909
f 2637/6840/3097 2638/6839/3098 2636/6838/3096

v 48.045 59.858 -147.252
vn 0.0461757 0.965524 -0.256185
f 2639/6837/3099 2638/6836/3098 2637/6835/3097

usemtl _CoolGray8_
vn 0.0640602 0.917931 -0.391534
v 48.1741 58.0306 -151.556
vn 0.0491228 0.920275 -0.388177
vn 0.0317256 0.920942 -0.388407
f 2639/6834/3100 2640/6833/3101 2638/6832/3102

v 54.5912 57.7982 -150.717
vn 0.0984549 0.912568 -0.396895
f 2639/2126/3100 2641/2125/3103 2640/2124/3101

v 54.3252 59.5884 -146.645
vn 0.0933648 0.913675 -0.395577
f 2642/2123/3104 2641/2122/3103 2639/2121/3100

f 2406/2120/2709 2641/2119/3103 2642/2118/3104

f 2404/2117/2711 2641/2116/3103 2406/2115/2709

usemtl LightSteelBlue
vn 0.108998 0.9129 -0.393361
f 2402/2114/2701 2641/2113/3105 2404/2112/2707

v 53.1877 52.9978 -162.253
vn 0.0870408 0.902837 -0.421081
f 2402/6825/2701 2643/6824/3106 2641/6823/3105

vn 0.127764 0.886213 -0.445313
f 2402/6816/2701 2379/6815/3107 2643/6814/3106

f 2402/6819/2701 2378/6818/2703 2379/6817/3107

v 48.8826 47.6025 -173.661
vn 0.0448878 0.891413 -0.450964
f 2643/6813/3106 2379/6812/3107 2644/6811/3108

usemtl _CoolGray8_
vn 0.0549287 0.887135 -0.45823
f 2379/6810/2666 2380/6809/2667 2644/6808/3109

v 48.9119 47.0818 -174.657
vn 0.0411179 0.885924 -0.462005
f 2644/2149/3109 2380/2148/2667 2645/2147/3110

usemtl _Prussian_Blue_
vn 0.0199099 0.994701 -0.100862
f 2382/2152/2671 2645/2151/3111 2380/2150/2669

v 41.7509 46.3164 -183.247
vn 0.0173205 0.995008 -0.0982777
f 2382/2155/2671 2646/2154/3112 2645/2153/3111

f 2646/2161/3112 2382/2160/2671 2384/2159/2673

v 41.7509 45.3892 -192.582
vn 0.0262748 0.917075 -0.397848
f 2646/6804/3112 2384/6803/2673 2647/6802/3113

v 56.2249 44.5497 -193.112
vn 0.0935088 0.263664 -0.960071
f 2648/6801/3114 2647/6800/3113 2384/6799/2673

v 41.7509 44.7032 -193.761
vn 0.0460094 0.262773 -0.96376
f 2647/6798/3113 2648/6797/3114 2649/6796/3115

v 41.7509 44.1177 -193.432
vn 0.0332966 -0.4558 -0.889459
f 2648/6795/3114 2650/6794/3116 2649/6793/3115

v 56.2453 43.8284 -192.775
vn 0.106153 -0.314676 -0.943245
f 2648/2182/3114 2651/2181/3117 2650/2180/3116

f 2385/2179/2674 2651/2178/3117 2648/2177/3114

v 62.6341 43.4198 -191.847
vn 0.195383 -0.089397 -0.976644
f 2651/2176/3117 2385/2175/2674 2652/2174/3118

f 2652/2173/3118 2385/2172/2674 2386/2171/2675

v 63.9689 40.3408 -192.295
vn 0.164769 0.157618 -0.973657
vn 0.187487 0.199565 -0.961781
vn 0.28296 0.257197 -0.924004
f 2653/2197/3119 2652/2196/3120 2386/2195/3121

v 56.4081 40.6315 -193.217
vn 0.082253 0.109381 -0.990591
f 2654/2194/3122 2652/2193/3120 2653/2192/3119

vn 0.0789799 0.127266 -0.988719
f 2652/2191/3120 2654/2190/3122 2651/2189/3123

v 41.7509 40.7288 -193.771
vn 0.0411552 0.0994307 -0.994193
f 2655/2188/3124 2651/2187/3123 2654/2186/3122

vn 0.0470289 0.0993987 -0.993936
f 2651/2185/3123 2655/2184/3124 2650/2183/3125

v 54.8227 39.9051 -193.321
vn 0.0340996 0.068522 -0.997067
f 2654/2233/3122 2656/2232/3126 2655/2231/3124

v 56.1084 39.687 -193.299
vn 0.0484678 0.0712829 -0.996278
f 2654/2236/3122 2657/2235/3127 2656/2234/3126

v 56.8797 39.1636 -193.282
vn 0.107428 0.0798969 -0.990997
f 2654/2215/3122 2658/2214/3128 2657/2213/3127

f 2653/2212/3119 2658/2211/3128 2654/2210/3122

v 61.4939 36.1479 -192.985
vn 0.114594 0.0649939 -0.991284
f 2658/2209/3128 2653/2208/3119 2659/2207/3129

vn 0.151761 0.0434484 -0.987462
vn 0.218519 0.213719 -0.952142
v 64.1781 40.3364 -192.255
vn 0.165154 0.158455 -0.973456
f 2659/2206/3130 2653/2205/3131 2660/2204/3132

vn 0.229573 0.294331 -0.927721
f 2660/2203/3132 2653/2202/3131 2430/2201/3133

vn 0.271342 0.264755 -0.925353
f 2430/2200/3133 2653/2199/3131 2386/2198/3134

usemtl _3
v 68.6958 40.2341 -191.347
vn 0.448685 0.305167 -0.839974
vn 0.205427 0.171671 -0.963498
vn 0.233792 0.362497 -0.902184
f 2661/5809/3135 2660/5808/3136 2430/5807/3137

v 64.2825 38.4658 -192.417
vn 0.205403 0.097042 -0.973854
f 2662/5812/3138 2660/5811/3136 2661/5810/3135

v 63.3386 38.9175 -192.587
vn 0.221114 0.0967384 -0.970438
f 2660/5815/3136 2662/5814/3138 2663/5813/3139

usemtl _1
vn 0.220362 0.0782685 -0.972273
vn 0.199271 0.0968946 -0.975142
v 63.7621 38.177 -192.551
vn 0.192876 0.0923544 -0.976867
f 2663/5818/3140 2662/5817/3141 2664/5816/3142

v 63.9528 36.8522 -192.662
vn 0.176779 0.106645 -0.978456
f 2665/5821/3143 2664/5820/3142 2662/5819/3141

v 63.5747 37.1835 -192.682
vn 0.185636 0.0937554 -0.978136
f 2665/5824/3143 2666/5823/3144 2664/5822/3142

usemtl _Orange_3
vn 0.110066 0.0686185 -0.991553
vn 0.144259 0.079929 -0.986307
v 61.7043 36.1465 -192.961
vn 0.107401 0.0770576 -0.991225
f 2666/6453/3145 2665/6452/3146 2667/6451/3147

v 62.3767 35.5875 -192.945
vn 0.103808 0.0917257 -0.990359
f 2668/6450/3148 2667/6449/3147 2665/6448/3146

usemtl _1
vn 0.0768771 0.0388758 -0.996282
vn 0.0714313 0.0370234 -0.996758
v 61.9532 35.2386 -192.977
vn 0.0802981 0.0389736 -0.996009
f 2667/6447/3149 2668/6446/3150 2669/6445/3151

v 62.0807 33.8429 -193.021
vn 0.0832144 0.0359648 -0.995882
f 2670/6444/3152 2669/6443/3151 2668/6442/3150

v 61.7573 34.3226 -193.04
vn 0.111728 0.0441661 -0.992757
f 2670/6468/3152 2671/6467/3153 2669/6466/3151

usemtl _3
vn 0.0964769 0.0327647 -0.994796
v 58.7961 31.1854 -193.461
vn 0.0999761 0.0394147 -0.994209
vn 0.0995281 0.0393097 -0.994258
f 2670/6462/3154 2672/6461/3155 2671/6460/3156

v 64.0341 31.1854 -192.929
vn 0.137391 0.0373301 -0.989813
f 2672/6465/3155 2670/6464/3154 2673/6463/3157

v 63.92 33.8426 -192.87
vn 0.135827 0.0280021 -0.990337
f 2673/6438/3157 2670/6437/3154 2674/6436/3158

usemtl _1
vn 0.144912 0.0583275 -0.987724
f 2668/6441/3150 2674/6440/3159 2670/6439/3152

v 63.8072 35.5873 -192.792
vn 0.154268 0.0536497 -0.986571
f 2674/5718/3159 2668/5717/3150 2675/5716/3160

usemtl _Orange_3
vn 0.154002 0.0833575 -0.984548
f 2668/5721/3148 2665/5720/3146 2675/5719/3161

v 68.8657 35.5802 -191.746
vn 0.395592 0.106027 -0.912286
f 2665/5724/3146 2676/5723/3162 2675/5722/3161

v 68.7951 36.8522 -191.669
vn 0.40581 0.077819 -0.910639
f 2676/5727/3162 2665/5726/3146 2677/5725/3163

usemtl _1
vn 0.419406 0.138608 -0.897155
f 2662/5730/3141 2677/5729/3164 2665/5728/3143

v 68.7477 38.4658 -191.515
vn 0.439945 0.097757 -0.892688
f 2662/5733/3141 2678/5732/3165 2677/5731/3164

usemtl _3
vn 0.542881 0.152393 -0.825867
f 2661/6471/3135 2678/6470/3166 2662/6469/3138

v 70.5709 40.2196 -189.315
vn 0.78778 0.376839 -0.487232
f 2679/6474/3167 2678/6473/3166 2661/6472/3135

v 71.1059 38.4658 -189.462
vn 0.79363 0.287217 -0.536338
f 2678/6477/3166 2679/6476/3167 2680/6475/3168

v 71.5755 38.4658 -188.093
vn 0.901763 0.312962 -0.298123
f 2679/5748/3167 2681/5747/3169 2680/5746/3168

v 71.0204 40.2541 -187.855
vn 0.871481 0.401914 -0.281044
f 2679/5751/3167 2682/5750/3170 2681/5749/3169

v 69.6228 41.4474 -189.064
vn 0.707089 0.548278 -0.446561
f 2679/5754/3167 2683/5753/3171 2682/5752/3170

f 2661/6480/3135 2683/6479/3171 2679/6478/3167

v 67.9773 42.6037 -190.475
vn 0.531053 0.429801 -0.730243
f 2683/5769/3171 2661/5768/3135 2684/5767/3172

f 2661/5772/3135 2430/5771/3137 2684/5770/3172

usemtl _Prussian_Blue_
vn 0.531122 0.430961 -0.729508
f 2430/5775/2742 2429/5774/2741 2684/5773/3173

vn 0.733684 0.618879 -0.280528
f 2429/5766/2741 2683/5765/3174 2684/5764/3173

vn 0.699108 0.694924 -0.168311
f 2431/5763/3175 2683/5762/3174 2429/5761/2741

vn 0.796966 0.558448 -0.230174
f 2683/5760/3174 2431/5759/3175 2432/5758/3176

vn 0.834102 0.481902 -0.268412
f 2683/5757/3174 2432/5756/3176 2682/5755/3177

vn 0.911192 0.330756 -0.245619
v 72.7824 37.6767 -185.241
f 2432/5582/3176 2433/5581/3178 2685/5580/3178 2682/5579/3177 

vn 0.928196 0.361228 -0.0892584
v 73.5961 36.2972 -183.844
vn 0.941214 0.269039 -0.20429
f 2434/5613/3179 2686/5612/3180 2685/5611/3178 2433/5610/3178 

v 75.8755 31.1826 -178.659
vn 0.96964 0.213829 -0.118638
f 2686/5616/3180 2434/5615/3179 2687/5614/3181

vn 0.900619 0.415045 0.128927
f 2687/5619/3181 2434/5618/3179 2435/5617/3182

v 75.9144 30.9647 -178.44
vn 0.984255 0.170412 -0.0469305
f 2688/5631/3183 2687/5630/3181 2435/5629/3182

v 74.3705 30.9647 -185.217
vn 0.963478 -0.0201151 -0.26703
f 2689/5634/3184 2687/5633/3181 2688/5632/3183

v 74.3718 31.1826 -185.217
vn 0.945332 0.091077 -0.313134
f 2687/5637/3181 2689/5636/3184 2690/5635/3185

v 72.5697 30.9647 -189.976
vn 0.755309 0.243097 -0.608615
f 2691/5640/3186 2690/5639/3185 2689/5638/3184

v 72.5573 31.1826 -189.833
vn 0.716252 0.410943 -0.564012
f 2690/5643/3185 2691/5642/3186 2692/5641/3187

v 69.2446 31.1854 -191.992
vn 0.50631 0.322459 -0.799794
f 2691/5646/3186 2693/5645/3188 2692/5644/3187

v 69.2617 30.9656 -192.015
vn 0.520345 0.129948 -0.844011
f 2694/6357/3189 2693/6356/3188 2691/6355/3186

vn 0.175936 0.122385 -0.976764
vn 0.176255 0.117306 -0.97733
v 64.0319 30.9656 -192.958
vn 0.15077 0.125352 -0.980589
f 2693/5852/3190 2694/5851/3191 2695/5850/3192

vn 0.378238 0.210093 -0.901552
v 64.0375 29.2201 -193.602
vn 0.138193 0.377828 -0.915505
vn 0.130931 0.343287 -0.93006
f 2694/5855/3193 2696/5854/3194 2695/5853/3195

v 69.2677 29.2201 -192.455
vn 0.368089 0.403761 -0.837549
f 2697/6363/3196 2696/6362/3194 2694/6361/3193

v 70.7097 27.9863 -192.766
vn 0.383455 0.518295 -0.764417
f 2697/6366/3196 2698/6365/3197 2696/6364/3194

v 72.6011 29.2201 -190.031
vn 0.751994 0.340208 -0.564591
f 2697/6405/3196 2699/6404/3198 2698/6403/3197

f 2697/6360/3196 2694/6359/3193 2699/6358/3198

vn 0.77079 0.0341204 -0.636175
f 2699/6354/3198 2694/6353/3193 2691/6352/3199

vn 0.952678 0.0735099 -0.29496
f 2689/6351/3200 2699/6350/3198 2691/6349/3199

v 74.499 29.2201 -185.203
vn 0.908478 0.302363 -0.288521
f 2700/6348/3201 2699/6347/3198 2689/6346/3200

v 75.3395 27.9075 -185.195
vn 0.880846 0.400941 -0.251706
f 2700/6399/3201 2701/6398/3202 2699/6397/3198

v 76.0692 29.2201 -178.789
vn 0.948015 0.264503 -0.176936
f 2700/6336/3201 2702/6335/3203 2701/6334/3202

f 2700/6339/3201 2689/6338/3200 2702/6337/3203

vn 0.980006 0.11892 -0.159522
f 2702/6342/3203 2689/6341/3200 2688/6340/3204

v 76.3053 29.3623 -176.255
vn 0.954348 0.279262 -0.105986
f 2688/6345/3204 2703/6344/3205 2702/6343/3203

vn 0.987081 -0.0171372 -0.159304
vn 0.990085 0.102528 -0.0960213
f 2703/5527/3206 2688/5526/3183 2436/5525/3207

f 2688/5530/3183 2435/5529/3182 2436/5528/3207

f 2703/5524/3206 2436/5523/3207 2437/5522/2755

v 77.6751 28.7683 -166.793
vn 0.993382 0.0378276 -0.108453
f 2703/6408/3206 2437/6407/2755 2704/6406/3208

f 2704/5509/3208 2437/5508/2755 2439/5507/2754

vn 0.944154 0.316479 -0.0917333
vn 0.975661 0.212639 -0.0535757
v 78.1207 27.3195 -166.765
vn 0.976034 0.210553 -0.055
f 2704/5506/3209 2439/5505/3210 2705/5504/3211

v 78.2434 26.9631 -163.481
vn 0.989943 0.134411 -0.0441117
f 2705/5503/3211 2439/5502/3210 2706/5501/3212

vn 0.983533 0.169626 -0.062365
f 2706/5500/3212 2439/5499/3210 2440/5498/3213

v 78.3036 26.8516 -162.44
vn 0.993582 0.105643 -0.0404282
f 2440/6288/3213 2707/6287/3214 2706/6286/3212

vn 0.938756 0.295348 -0.177502
v 78.9785 26.4295 -159.56
vn 0.959012 0.219983 -0.178616
vn 0.947275 0.262698 -0.183468
f 2440/6282/3215 2708/6281/3216 2707/6280/3217

vn 0.938729 0.294905 -0.178377
f 2442/6285/3218 2708/6284/3216 2440/6283/3215

v 78.3559 25.774 -163.477
vn 0.978144 0.114 -0.173892
f 2707/6279/3217 2708/6278/3216 2709/6277/3219

v 78.5631 23.6631 -162.954
vn 0.987385 0.0166305 -0.157461
f 2710/6276/3220 2709/6275/3219 2708/6274/3216

v 78.144 23.7504 -165.441
vn 0.985722 0.0341295 -0.164889
f 2711/6273/3221 2709/6272/3219 2710/6271/3220

vn 0.99875 -0.0132894 -0.0481887
vn 0.996128 -0.043375 -0.076467
v 78.0743 23.7829 -166.367
vn 0.994182 -0.0858578 -0.06505
f 2709/6306/3222 2711/6305/3223 2712/6304/3224

v 77.9204 21.806 -166.915
vn 0.993299 -0.0826123 -0.0808288
f 2712/6086/3224 2711/6085/3223 2713/6084/3225

vn 0.985828 -0.0675816 -0.153544
f 2711/6089/3221 2710/6088/3220 2713/6087/3226

v 78.0869 20.7157 -165.215
vn 0.984897 -0.0849042 -0.150895
f 2713/6092/3226 2710/6091/3220 2714/6090/3227

usemtl _CoolGray8_
v 41.7505 20.7157 -165.215
vn 5.20697e-07 -0.497165 0.867656
vn 1.03204e-06 -0.608749 0.793363
v 78.6263 24.0577 -162.651
vn 2.51897e-07 -0.707086 0.707127
v 41.7505 24.0577 -162.651
f 2715/2400/3228 2714/2399/3228 2710/2398/3229 2716/2397/3230 2717/2396/3230 

v 41.7505 16.7159 -166.842
vn -1.63225e-07 -0.255712 0.966753
v 77.3488 16.7159 -166.842
f 2718/2395/3231 2719/2394/3231 2714/2393/3228 2715/2392/3228 

v 41.7505 13.0996 -167.318
vn -1.62144e-07 -0.0758596 0.997119
v 76.2883 13.0996 -167.318
v 76.3892 13.5299 -167.261
vn -3.23796e-07 -0.130621 0.991432
f 2720/2391/3232 2721/2390/3232 2722/2389/3233 2719/2388/3231 2718/2387/3231 

v 41.7505 11.0875 -167.36
vn -0.0416669 -0.984949 0.167748
v 66.1803 11.0875 -167.36
vn 0.000496043 -0.996764 0.0803784
v 76.7812 11.0875 -167.36
vn -1.58683e-20 -0.0208685 0.999782
f 2723/2386/3234 2724/2385/3235 2725/2384/3236 2721/2383/3232 2720/2382/3232 

usemtl _6
v 41.7511 14.6664 -193.879
vn 0.000804434 -0.990917 -0.134471
f 2724/2381/3235 2723/2380/3234 2726/2379/3237

v 66.1803 9.06734 -135.575
vn -0.0949895 -0.995431 0.00974209
f 2724/2487/3235 2727/2486/3238 2723/2485/3234

usemtl _CoolGray8_
v 66.1803 19.4291 -166.857
vn 1 -2.37425e-06 -1.25569e-07
v 66.1803 28.1961 -158.979
v 66.1803 28.3145 -143.874
v 66.1803 18.3627 -134.041
f 2728/2494/3239 2729/2493/3239 2448/2492/3239 2730/2491/3239 2731/2490/3239 2727/2489/3239 2724/2488/3239 

usemtl _6
v 75.0618 9.79282 -106.761
vn -0.0456916 -0.998776 0.0189274
f 2732/2484/3240 2723/2483/3234 2727/2482/3238

v 63.1803 8.70719 -48.1036
vn -0.000125635 -0.999863 -0.0165436
f 2733/2497/3241 2723/2496/3234 2732/2495/3240

v 41.7511 8.60636 -18.0432
vn -0.0185982 -0.999689 -0.0166113
f 2734/2500/3242 2723/2499/3234 2733/2498/3241

usemtl _CoolGray8_
v 63.1803 8.60636 -18.0432
vn -0.0621804 -0.995387 0.0730598
vn 0.000451922 -0.996432 0.0843987
f 2735/2503/3243 2734/2502/3244 2733/2501/833

v 49.4004 10.1599 -6.04899
vn -0.0003551 -0.991869 0.127262
f 2736/2506/3245 2734/2505/3244 2735/2504/3243

v 41.7511 10.1776 -5.83093
vn 0.00135315 -0.991824 0.127607
f 2734/2509/3244 2736/2508/3245 2737/2507/3246

usemtl _Prussian_Blue_
vn 0.0276656 -0.833843 0.551307
v 41.7511 11.5354 -3.48591
vn 0.0261199 -0.846274 0.532107
vn 0.0122905 -0.865326 0.501059
f 2736/2512/3247 2738/2511/3248 2737/2510/3249

v 57.2004 11.6726 -4.38083
vn 0.0673205 -0.793488 0.604851
f 2736/2515/3247 2739/2514/3250 2738/2513/3248

v 59.9496 10.0444 -6.75769
vn 0.101718 -0.772522 0.626787
f 2740/5080/3251 2739/5079/3250 2736/5078/3247

v 65.3146 11.7447 -5.91118
vn 0.148073 -0.756621 0.636866
f 2740/3223/3251 2741/3222/3252 2739/3221/3250

v 64.8613 10.0572 -7.85889
vn 0.127699 -0.722286 0.679703
f 2742/3220/3253 2741/3219/3252 2740/3218/3251

v 68.7417 11.7752 -6.81133
vn 0.209417 -0.705356 0.677213
f 2741/3217/3252 2742/3216/3253 2743/3215/3254

v 68.4468 10.0642 -8.16592
vn 0.219109 -0.612881 0.759189
f 2743/3214/3254 2742/3213/3253 2744/3212/3255

v 64.725 9.55021 -8.44504
vn 0.0651559 -0.643355 0.762791
vn 0.117644 -0.676335 0.727139
vn 0.0999033 -0.763898 0.637558
f 2745/3211/3256 2744/3210/3257 2742/3209/3258

v 68.3659 9.59469 -8.53706
vn 0.182501 -0.516951 0.836334
f 2744/3196/3257 2745/3195/3256 2746/3194/3259

v 68.4128 8.37635 -9.02159
vn 0.210583 -0.334623 0.918522
f 2746/3199/3259 2745/3198/3256 2747/3197/3260

usemtl _CoolGray8_
vn -0.156448 -0.985504 0.0656143
vn -0.173668 -0.976964 0.124022
f 2735/3202/3243 2747/3201/3261 2745/3200/3262

v 71.5023 8.29619 -10.029
vn -0.0424545 -0.999084 0.00541812
f 2735/3181/3243 2748/3180/3263 2747/3179/3261

v 74.332 8.06635 -13.6331
vn -0.0560949 -0.998233 0.0196155
f 2735/3178/3243 2749/3177/3264 2748/3176/3263

vn 0.00528823 -0.990872 -0.134703
v 74.6112 8.18328 -14.4822
f 2735/3172/3265 2750/3171/3265 2749/3170/3265

vn 0.00257679 -0.992405 -0.12299
v 74.9141 8.30966 -15.4033
vn 0.00515324 -0.99093 -0.134277
f 2735/3175/3266 2751/3174/3266 2750/3173/3267

usemtl _Prussian_Blue_
v 75.797 8.60636 -18.0432
vn -2.00279e-18 0.993743 0.111687
f 2751/3151/3266 2752/3150/3268 2735/3149/3266

vn 0.928764 -0.238411 0.283826
v 75.9776 9.99732 -17.4657
vn 0.869795 -0.11119 0.480722
vn 0.907211 0.0706954 0.414694
f 2752/3157/3269 2753/3156/3270 2751/3155/3271

vn 4.58745e-19 0.259205 -0.965822
v 63.1802 9.99732 -17.4657
vn 3.05534e-19 0.301422 -0.953491
f 2753/3147/3272 2752/3146/1099 2754/3145/3273

f 2752/3146/1099 2735/3148/1099 2754/3145/3273

usemtl _CoolGray8_
vn -2.05881e-18 -0.993743 -0.111687
f 2735/3154/3266 2752/3153/3274 2751/3152/3266

usemtl _Prussian_Blue_
vn 2.00279e-18 -0.993743 -0.111687
f 2751/3152/3266 2735/3154/3266 2752/3153/3275

usemtl _CoolGray8_
v 41.7505 14.1739 -16.9158
vn 2.11244e-19 -1.39976e-16 -1
v 76.7067 14.1739 -16.9158
v 41.7505 9.99732 -17.4657
vn 9.09596e-19 0.130548 -0.991442
f 2755/3144/3276 2756/3143/3276 2753/3142/3272 2754/3141/3273 2757/3140/3277 

v 41.7505 18.3504 -17.4657
vn -1.18603e-19 -0.258821 -0.965925
v 77.2816 18.3504 -17.4657
f 2758/3139/3278 2759/3138/3278 2756/3137/3276 2755/3136/3276 

v 41.7505 22.2421 -19.0777
vn -8.37091e-19 -0.499991 -0.866031
v 77.7744 22.2421 -19.0777
f 2760/3135/3279 2761/3134/3279 2759/3133/3278 2758/3132/3278 

v 41.7505 25.5841 -21.642
vn -2.5387e-06 -0.707101 -0.707113
v 78.0265 25.5841 -21.642
f 2762/3131/3280 2763/3130/3280 2761/3129/3279 2760/3128/3279 

v 41.7505 28.1484 -24.984
vn -2.5387e-06 -0.866018 -0.500013
v 78.2864 28.1484 -24.984
v 78.0911 26.2244 -22.4772
vn -5.03396e-06 -0.793344 -0.608773
v 78.0678 26.0002 -22.185
f 2764/3127/3281 2765/3126/3281 2766/3125/3282 2767/3124/3282 2763/3123/3280 2762/3122/3280 

v 41.7505 29.7606 -28.876
vn -8.51062e-19 -0.965927 -0.258815
v 78.3213 29.7606 -28.876
f 2768/3121/3283 2769/3120/3283 2765/3119/3281 2764/3118/3281 

v 41.7505 30.3104 -33.0527
vn -1.03532e-19 -1 1.35129e-05
v 78.4192 30.3104 -33.0527
f 2770/3117/3284 2771/3116/3284 2769/3115/3283 2768/3114/3283 

v 41.7505 29.7606 -37.2285
vn 5.9442e-20 -0.965924 0.258828
v 78.5069 29.7606 -37.2285
f 2772/3113/3285 2773/3112/3285 2771/3111/3284 2770/3110/3284 

v 41.7505 28.1484 -41.1205
vn 1.95399e-18 -0.866024 0.500002
v 78.5868 28.1484 -41.1205
f 2774/3109/3286 2775/3108/3286 2773/3107/3285 2772/3106/3285 

v 41.7505 25.5841 -44.4625
vn 1.20857e-18 -0.70711 0.707104
v 78.6194 25.5841 -44.4625
f 2776/3105/3287 2777/3104/3287 2775/3103/3286 2774/3102/3286 

v 41.7505 22.2421 -47.0269
vn -2.04846e-18 -0.499991 0.866031
v 78.5204 22.2421 -47.0269
f 2778/3101/3288 2779/3100/3288 2777/3099/3287 2776/3098/3287 

v 41.7505 18.3504 -48.6388
vn -1.10853e-18 -0.258821 0.965925
v 78.2774 18.3504 -48.6388
f 2780/3097/3289 2781/3096/3289 2779/3095/3288 2778/3094/3288 

v 41.7505 14.1739 -49.1887
vn -1.77485e-19 -1.11981e-16 1
v 77.8881 14.1739 -49.1887
f 2782/3093/3290 2783/3092/3290 2781/3091/3289 2780/3090/3289 

v 41.7505 9.99732 -48.6388
vn -7.48859e-20 0.259063 0.96586
v 77.24 9.99732 -48.6388
f 2784/3089/3291 2785/3088/3291 2783/3087/3290 2782/3086/3290 

v 41.7505 8.70719 -48.1036
vn 6.32236e-19 0.383129 0.923695
v 77.0043 8.70719 -48.1036
f 2786/3085/3292 2733/3084/3292 2787/3083/3292 2785/3082/3291 2784/3081/3291 

usemtl _6
v 76.1613 8.71835 -50.2411
vn 1.0788e-06 -0.999986 -0.0052168
f 2733/3074/3241 2788/3073/3293 2787/3072/1077

v 76.1635 8.72311 -51.1534
vn 4.75117e-06 -0.999986 -0.00519921
f 2733/3071/3241 2789/3070/3294 2788/3069/3293

v 76.1646 8.72803 -52.1033
vn -0.00328812 -0.999868 -0.0158858
f 2733/3061/3241 2790/3060/3295 2789/3059/3294

v 75.7345 8.97649 -61.3403
vn -0.0174266 -0.999169 -0.0368564
f 2733/3058/3241 2791/3057/3296 2790/3056/3295

v 74.9368 9.5455 -72.9185
vn 0.0139969 -0.999534 -0.0271356
f 2733/3055/3241 2792/3054/3297 2791/3053/3296

f 2792/3052/3297 2733/3051/3241 2732/3050/3240

usemtl _Prussian_Blue_
vn 0.716858 -0.695899 -0.0428782
vn 0.754601 -0.655985 0.0161557
v 76.915 11.6107 -73.3629
vn 0.771474 -0.635976 -0.0190382
f 2792/3046/3298 2732/3045/3299 2793/3044/3300

v 77.1422 12.302 -106.888
vn 0.803235 -0.595639 0.00522548
f 2793/3049/3300 2732/3048/3299 2794/3047/3301

v 76.4093 9.02272 -132.746
vn 0.8392 -0.543712 0.0109377
f 2732/2478/3299 2795/2477/3302 2794/2476/3301

usemtl _CoolGray8_
vn -0.0123749 -0.999503 0.0289794
f 2727/2481/3303 2795/2480/3303 2732/2479/3303

vn 4.61526e-06 -0.999876 -0.0157766
v 76.4157 9.03641 -133.613
vn 0.695421 -0.702236 0.152496
f 2727/2454/3304 2796/2453/3305 2795/2452/3302

v 77.0733 9.06734 -135.575
vn 0.567264 -0.804204 0.177389
f 2796/2451/3305 2727/2450/3304 2797/2449/3306

v 41.7505 12.6474 -135.104
vn -2.41739e-19 -6.57274e-05 -1
v 78.0558 12.6474 -135.104
vn -3.00782e-19 0.130391 -0.991463
v 41.7505 9.06734 -135.575
f 2798/2448/3307 2799/2447/3307 2797/2446/3308 2727/2445/3308 2800/2444/3308 

v 41.7505 16.8239 -135.654
vn -1.2008e-18 -0.258807 -0.965929
v 78.6871 16.8239 -135.654
f 2801/2443/3309 2802/2442/3309 2799/2441/3307 2798/2440/3307 

v 41.7505 20.7157 -137.266
vn -1.09115e-18 -0.499991 -0.866031
v 79.0843 20.7157 -137.266
f 2803/2439/3310 2804/2438/3310 2802/2437/3309 2801/2436/3309 

v 41.7505 24.0577 -139.831
vn -7.92303e-19 -0.707115 -0.707099
v 79.2713 24.0577 -139.831
f 2805/2435/3311 2806/2434/3311 2804/2433/3310 2803/2432/3310 

v 41.7505 26.6221 -143.173
vn -3.11454e-19 -0.866031 -0.49999
v 79.3597 26.6221 -143.173
f 2807/2431/3312 2808/2430/3312 2806/2429/3311 2805/2428/3311 

v 41.7505 28.2341 -147.065
vn 9.9231e-19 -0.92388 -0.382683
f 2809/2427/3313 2450/2426/2767 2449/2425/2767 2808/2424/3312 2807/2423/3312 

usemtl _Prussian_Blue_
vn -0 -1 2.61064e-05
v 41.7505 28.2339 -155.417
f 2809/2415/3314 2810/2414/3314 2448/2413/3314 2450/2412/3314 

usemtl _CoolGray8_
v 41.7505 26.6221 -159.309
vn 2.36801e-07 -0.866026 0.499999
v 79.0073 26.6221 -159.309
vn 1.0021e-06 -0.923897 0.382642
f 2811/2411/3315 2812/2410/3315 2442/2409/3316 2443/2408/2765 2448/2407/2765 2810/2406/3316 

vn -5.32552e-07 -0.793328 0.608795
f 2717/2405/3230 2716/2404/3230 2708/2403/3317 2812/2402/3315 2811/2401/3315 

usemtl _Prussian_Blue_
vn 0.633572 0.773684 -2.01981e-05
f 2447/2418/3318 2450/2417/3318 2448/2416/3318

vn 0.948598 0.266467 0.170752
v 78.6125 28.5104 -142.191
vn 0.943246 0.298522 0.145502
f 2808/6514/3319 2449/6513/2768 2813/6512/3320

f 2813/5470/3320 2449/5469/2768 2451/5468/2769

vn 0.999303 0.0368178 0.00617239
f 2452/5467/2771 2813/5466/3321 2451/5465/2772

f 2456/5464/2778 2813/5463/3321 2452/5462/2771

f 2456/5461/2778 2458/5460/2780 2813/5459/3321

v 78.6401 25.5994 -138.442
vn 0.999859 -0.015009 0.00758982
f 2814/5458/3322 2813/5457/3321 2458/5456/2780

vn 0.952005 0.213558 0.219271
f 2813/6517/3320 2814/6516/3323 2808/6515/3319

vn 0.95574 0.172434 0.238385
f 2808/6520/3319 2814/6519/3323 2806/6518/3324

v 78.4576 21.806 -135.567
vn 0.953872 0.0940106 0.285114
f 2814/6523/3323 2815/6522/3325 2806/6521/3324

vn 0.997164 -0.0734838 -0.0162408
f 2814/5455/3322 2458/5454/2780 2815/5453/3326

f 2815/5452/3326 2458/5451/2780 2459/5450/2781

vn 0.994017 -0.109048 -0.00618471
f 2464/5449/3327 2815/5448/3326 2459/5447/2781

v 78.0845 17.3881 -133.76
vn 0.993912 -0.109804 0.00901166
f 2816/5446/3328 2815/5445/3326 2464/5444/3327

vn 0.964233 -0.013879 0.264691
vn 0.957389 0.0107182 0.288601
f 2802/6532/3329 2815/6531/3325 2816/6530/3330

vn 0.951958 0.0917248 0.292169
f 2804/6529/3331 2815/6528/3325 2802/6527/3329

f 2806/6526/3324 2815/6525/3325 2804/6524/3331

v 77.9193 13.5041 -133.253
vn 0.921037 -0.347363 0.176155
f 2802/6535/3329 2816/6534/3330 2817/6533/3332

vn 0.962889 -0.00576972 0.269837
f 2816/5440/3330 2471/5439/3333 2817/5438/3332

vn 0.990489 -0.136826 0.0144833
f 2816/5443/3328 2464/5442/3327 2471/5441/3334

vn 0.956801 0.290693 0.00539987
v 77.925 13.4835 -132.27
vn 0.964725 0.263148 0.00763714
vn 0.956814 0.290699 0.000496792
f 2471/5437/3335 2818/5436/3336 2817/5435/3337

v 77.5187 13.9233 -106.948
vn 0.968368 0.249274 0.0112081
f 2819/5434/3338 2818/5433/3336 2471/5432/3335

v 77.723 12.9578 -106.913
vn 0.97818 0.207406 0.0120927
f 2820/6550/3339 2818/6549/3336 2819/6548/3338

vn 0.761467 -0.64817 -0.00670773
v 77.3867 12.8252 -132.27
vn 0.853994 -0.520238 -0.00685218
vn 0.774085 -0.63296 -0.0123821
f 2820/2469/3340 2821/2468/3341 2818/2467/3342

f 2794/2472/3301 2821/2471/3341 2820/2470/3340

f 2794/2475/3301 2795/2474/3302 2821/2473/3341

v 77.389 12.8433 -133.168
vn 0.904409 -0.405214 0.133589
f 2795/2460/3302 2822/2459/3343 2821/2458/3341

f 2822/2457/3343 2795/2456/3302 2796/2455/3305

vn 0.905559 -0.320641 0.277763
f 2822/6544/3343 2796/6543/3305 2799/6542/3344

f 2799/6547/3344 2796/6546/3305 2797/6545/3306

f 2799/6541/3344 2817/6540/3332 2822/6539/3343

f 2802/6538/3329 2817/6537/3332 2799/6536/3344

f 2822/2463/3343 2817/2462/3332 2821/2461/3341

f 2817/2466/3332 2818/2465/3342 2821/2464/3341

v 77.5049 12.2649 -73.4675
vn 0.742546 -0.669736 -0.00888941
vn 0.748451 -0.663131 -0.00885861
f 2823/2946/3345 2794/2945/3301 2820/2944/3346

f 2793/2943/3300 2794/2942/3301 2823/2941/3345

v 76.8324 11.366 -61.5082
vn 0.802865 -0.596084 -0.00961978
f 2793/2940/3300 2823/2939/3345 2824/2938/3347

v 77.428 12.0177 -61.5497
vn 0.737723 -0.674998 -0.0119545
f 2824/2937/3347 2823/2936/3345 2825/2935/3348

vn 0.985418 0.169903 0.00914834
v 77.2729 13.0836 -61.6186
vn 0.98801 0.154146 0.00869584
vn 0.98945 0.144571 0.00938565
f 2823/2925/3349 2826/2924/3350 2825/2923/3351

v 77.3335 13.3063 -73.6311
vn 0.986468 0.163746 0.00826197
f 2827/2922/3352 2826/2921/3350 2823/2920/3349

v 77.2729 13.391 -61.8794
vn 0.999985 0.00196297 0.0051368
vn 0.999977 0.00434319 0.00511959
vn 0.999985 0.000796292 0.00534495
f 2828/2919/3353 2826/2918/3354 2827/2917/3355

v 78.1232 20.9515 -60.1728
vn 0.993557 -0.0994782 -0.0543098
vn 0.990704 -0.0880016 -0.103733
f 2829/2916/3356 2826/2915/3357 2828/2914/3356

v 78.1355 20.7855 -53.1295
vn 0.995687 -0.0923887 -0.00842734
vn 0.993966 -0.10905 -0.0118573
vn 0.994286 -0.106669 -0.00425063
f 2830/3007/3358 2826/3006/3359 2829/3005/3360

v 77.8298 16.8863 -53.0523
vn 0.993613 -0.1119 0.0145791
f 2831/3010/3361 2826/3009/3359 2830/3008/3358

v 77.2191 12.6151 -52.7413
vn 0.989987 -0.140878 0.00892981
f 2826/3013/3359 2831/3012/3361 2832/3011/3362

v 77.4257 14.174 -52.0222
vn 0.991686 -0.124526 0.032436
f 2831/3016/3361 2833/3015/3363 2832/3014/3362

v 77.9778 19.0838 -51.3776
vn 0.994718 -0.0911678 0.0471753
f 2833/5008/3363 2831/5007/3361 2834/5006/3364

f 2834/5005/3364 2831/5004/3361 2830/5003/3358

v 78.1479 20.7593 -52.0235
vn 0.995327 -0.0954881 0.0143902
f 2834/5002/3364 2830/5001/3358 2835/5000/3365

vn 0.980505 -0.196185 -0.0109946
v 78.3707 21.9605 -53.1221
vn 0.999191 -0.0401494 -0.00250608
vn 0.982373 -0.185484 0.0232304
f 2830/4999/3366 2836/4998/3367 2835/4997/3368

vn 0.980739 -0.195214 -0.00648869
f 2830/3004/3366 2829/3003/3369 2836/3002/3367

v 78.3562 22.1244 -60.0472
vn 0.999897 -0.0141775 -0.00241974
f 2836/3001/3367 2829/3000/3369 2837/2999/3370

v 78.3562 22.138 -60.3656
vn 0.997168 -0.0751394 -0.00322173
vn 0.998912 0.0465938 0.00186714
vn 0.98096 -0.194032 -0.00831944
f 2838/2977/3371 2837/2998/3372 2829/2979/3373

v 78.1459 23.3828 -60.2461
vn 0.98612 0.165891 0.00691974
f 2837/2997/3372 2838/2996/3371 2839/2995/3374

vn 0.986067 0.166324 0.00283456
vn 0.999558 -0.0293454 -0.0047137
v 78.1367 23.6713 -73.9577
vn 0.989656 0.1434 0.00417698
f 2839/2994/3375 2838/2993/3376 2840/2992/3377

v 78.2988 22.4532 -73.9512
vn 0.999315 -0.0368368 0.00354556
f 2840/2991/3377 2838/2990/3376 2841/2989/3378

v 78.0336 21.277 -73.9438
vn 0.977426 -0.211209 -0.00538885
f 2838/2985/3376 2842/2984/3379 2841/2983/3378

v 78.1232 20.9651 -60.4912
vn 0.980989 -0.193748 -0.0110214
f 2843/2982/3380 2842/2981/3379 2838/2980/3376

vn 0.993901 -0.109895 -0.00916309
vn 0.994956 -0.100274 -0.00280814
vn 0.995283 -0.0970097 0.000574508
f 2843/2973/3381 2828/2972/3382 2842/2971/3383

vn 0.993843 -0.110698 -0.00474636
f 2829/2976/3356 2828/2975/3356 2843/2974/3384

f 2829/2979/3373 2843/2978/3373 2838/2977/3371

v 77.3335 13.5971 -73.6075
vn 0.995435 -0.0953161 0.00482458
f 2842/2967/3383 2828/2966/3382 2844/2965/3385

vn 0.999986 -0.000433332 0.00535246
f 2827/2970/3355 2844/2969/3386 2828/2968/3353

v 77.5187 14.2143 -106.925
vn 0.999985 -0.000370384 0.00555308
f 2827/2958/3355 2845/2957/3387 2844/2956/3386

vn 0.999985 -0.000291367 0.00555524
f 2845/2955/3387 2827/2954/3355 2819/2953/3388

vn 0.982575 0.185619 0.0095986
f 2827/2952/3352 2823/2951/3349 2819/2950/3389

vn 0.978206 0.207361 0.0106737
f 2819/2949/3389 2823/2948/3349 2820/2947/3390

vn 0.999791 0.00176858 -0.020381
f 2819/6553/3391 2472/6552/3391 2845/6551/3391

vn 0.999594 0.0279403 0.00565656
f 2472/5431/2799 2819/5430/3392 2471/5429/2799

vn 0.994396 -0.102334 -0.0265495
vn 0.994395 -0.102332 -0.0266028
f 2845/5092/3393 2472/5091/3394 2473/5090/3393

v 78.3414 22.0417 -106.279
vn 0.994397 -0.102337 -0.0264962
f 2845/5089/3393 2473/5088/3393 2846/5087/3395

vn 0.979301 -0.200146 -0.0301934
vn 0.979291 -0.200173 -0.0303353
v 78.5767 23.2297 -106.522
vn 0.999546 -0.0193454 -0.0231076
f 2846/1699/3396 2473/1698/3397 2847/1697/3398

vn 0.999778 -0.0208446 0.00322206
f 2473/1702/2806 2474/1701/2805 2847/1700/3399

v 78.3893 24.3765 -106.457
vn 0.993498 0.113541 0.00842607
f 2474/1705/2805 2848/1704/3400 2847/1703/3399

vn 0.997813 0.0658885 -0.00533879
f 2477/5126/3401 2848/5125/3400 2474/5124/2805

vn 0.999681 -0.0240979 0.00749668
f 2477/5123/2812 2479/5122/2814 2848/5121/3402

vn 0.999753 0.0045279 -0.0217496
v 78.3962 24.3636 -106.148
vn 0.999487 -0.0223674 -0.0229298
vn 0.999481 -0.022399 -0.0231695
f 2479/1711/3403 2849/1710/3404 2848/1709/3405

v 78.4351 26.0053 -106.054
vn 0.999757 0.00453612 -0.0215603
f 2850/1714/3406 2849/1713/3404 2479/1712/3403

vn 0.99994 -0.00841572 0.00696861
v 78.3043 24.1184 -94.7615
vn 0.999552 -0.0290759 0.00707681
vn 0.999682 -0.0240679 0.00755696
f 2850/1717/3407 2851/1716/3408 2849/1715/3409

v 78.3592 25.8705 -94.7018
vn 0.999972 0.000665555 0.00747519
f 2852/1720/3410 2851/1719/3408 2850/1718/3407

vn 0.999223 -0.0392125 0.00398324
f 2852/1683/3410 2840/1682/3411 2851/1681/3408

v 78.2209 25.6255 -73.9686
vn 0.999771 0.0203471 0.0066043
f 2853/1680/3412 2840/1679/3411 2852/1678/3410

vn 0.999729 -0.0232189 0.00166383
f 2853/4970/3412 2839/4969/3413 2840/4968/3411

v 78.1516 25.3271 -60.059
vn 0.999312 0.0366312 0.00576128
f 2854/4967/3414 2839/4966/3413 2853/4965/3412

v 78.1459 23.3699 -59.9277
vn 0.999996 -0.00290456 -0.000117774
vn 0.999318 0.0369088 0.00149764
f 2855/1632/3415 2839/4964/3415 2854/1631/3416

vn 0.986126 0.165862 0.00672534
f 2839/4963/3374 2855/4962/3417 2837/4961/3372

vn 0.986349 0.16466 0.00152734
f 2855/4960/3418 2836/4959/3367 2837/4958/3370

v 78.1621 23.223 -53.1068
vn 0.986608 0.163003 0.00596548
f 2856/4957/3419 2836/4956/3367 2855/4955/3418

v 78.3661 21.9359 -52.0832
vn 0.996381 0.0134791 0.0839279
f 2857/4954/3420 2836/4953/3367 2856/4952/3419

f 2835/4951/3368 2836/4950/3367 2857/4949/3420

v 78.1456 21.0814 -51.3257
vn 0.981704 -0.153809 0.112249
f 2835/4948/3368 2857/4947/3420 2858/4946/3421

v 78.145 21.5443 -50.8896
vn 0.984782 -0.0668853 0.160406
f 2858/4945/3421 2857/4944/3420 2859/4943/3422

v 78.1475 22.2421 -50.8896
vn 0.984587 0.0530821 0.166645
f 2860/4942/3423 2859/4941/3422 2857/4940/3420

v 78.1454 23.6599 -49.4827
vn 0.999805 0.000558266 0.0197386
vn 0.994859 -0.0616788 0.0803159
vn 0.999981 -0.00353209 0.00507812
f 2861/4939/3424 2859/4938/3425 2860/4937/3426

f 2834/4936/3364 2859/4935/3425 2861/4934/3424

vn 0.994085 -0.085217 0.0673215
f 2834/5053/3364 2858/5052/3427 2859/5051/3425

f 2834/5050/3364 2835/5049/3365 2858/5048/3427

v 77.9526 18.9148 -50.535
vn 0.99784 -0.0654285 0.00586129
f 2834/4933/3364 2861/4932/3424 2862/4931/3428

v 78.1408 23.3328 -48.7251
vn 0.999957 -0.00901797 0.00215088
f 2862/4930/3428 2861/4929/3424 2863/4928/3429

v 78.0214 27.1262 -45.8498
vn 0.996956 0.077953 -0.00144649
f 2863/4927/3429 2861/4926/3424 2864/4925/3430

v 77.9893 27.5884 -46.4669
vn 0.995451 0.09527 -0.000508721
f 2864/1578/3430 2861/1577/3424 2865/1576/3431

v 77.8469 29.2461 -52.9973
vn 0.994253 0.106863 0.0064811
f 2861/1581/3424 2866/1580/3432 2865/1579/3431

v 78.1683 25.1191 -53.0828
vn 0.99954 0.0289812 0.00895255
f 2867/1584/3433 2866/1583/3432 2861/1582/3424

v 78.1516 25.3142 -59.7406
vn 0.998724 0.0505034 -0.000807907
f 2868/1587/3434 2866/1586/3432 2867/1585/3433

v 77.8295 29.4995 -59.656
vn 0.990997 0.133833 0.00357815
f 2869/1590/3435 2866/1589/3432 2868/1588/3434

v 77.1732 33.2711 -52.7823
vn 0.960958 0.2765 0.0103847
f 2869/1593/3435 2870/1592/3436 2866/1591/3432

v 77.1609 33.6446 -59.8514
vn 0.924301 0.38135 0.0154744
f 2871/1596/3437 2870/1595/3436 2869/1594/3435

v 75.3127 37.0529 -52.3445
vn 0.872696 0.487532 0.0267221
f 2870/1599/3436 2871/1598/3437 2872/1597/3438

v 75.113 37.6173 -59.3486
vn 0.86386 0.503109 0.0250476
f 2872/1602/3438 2871/1601/3437 2873/1600/3439

v 75.1168 37.6755 -60.7424
vn 0.874824 0.480254 0.0635559
f 2874/1605/3440 2873/1604/3439 2871/1603/3437

vn 0.846867 0.522664 0.0981783
f 2874/1475/3440 2602/1474/3441 2873/1473/3439

v 73.4886 41.7596 -63.927
vn 0.849287 0.508732 0.141083
f 2875/1472/3442 2602/1471/3441 2874/1470/3440

v 71.706 45.7373 -69.334
vn 0.822045 0.552389 0.138231
f 2876/1469/3443 2602/1468/3441 2875/1467/3442

vn 0.821454 0.552732 0.14036
f 2600/1466/3444 2602/1465/3441 2876/1464/3443

usemtl _6
vn -0.96287 0.0841814 0.256505
v 70.8947 41.7604 -63.9257
vn -0.964194 -0.253783 -0.0769697
vn -0.946416 0.138595 0.291697
f 2600/2866/3445 2877/2865/3446 2602/2864/3447

v 70.4865 44.5999 -67.1412
vn -0.678903 -0.637855 -0.363638
f 2877/6581/3446 2600/6580/3445 2878/6579/3448

v 69.1865 48.7796 -72.8391
vn -0.849372 -0.50684 -0.147243
f 2600/6584/3445 2879/6583/3449 2878/6582/3448

f 2600/6587/3445 2598/6586/3033 2879/6585/3449

usemtl _Prussian_Blue_
vn 0.825819 0.544973 0.145007
vn 0.823109 0.549381 0.143778
f 2598/1460/3450 2600/1459/3444 2586/1458/3451

f 2586/1463/3451 2600/1462/3444 2876/1461/3443

vn 0.823121 0.550739 0.138413
f 2586/6724/2999 2876/6723/3452 2584/6722/3000

usemtl _6
vn -0.269794 -0.818847 -0.506657
vn -0.392893 -0.817171 -0.421741
f 2876/1965/3453 2879/1964/3449 2586/1963/3454

f 2879/1962/3449 2876/1961/3453 2878/1960/3448

vn -0.101429 -0.790592 -0.603884
f 2875/1959/3455 2878/1958/3448 2876/1957/3453

f 2877/6779/3446 2878/6778/3448 2875/6777/3455

usemtl _Prussian_Blue_
vn 0.903117 0.426333 0.0511883
v 73.5044 41.7668 -64.1782
vn 0.850552 0.511873 0.120612
f 2876/1956/3452 2875/1955/3456 2880/1954/3457

v 75.1168 37.6884 -61.0608
vn 0.908523 0.41642 0.0343518
f 2880/1953/3457 2875/1952/3456 2881/1951/3458

vn 0.902212 0.430924 0.017827
f 2875/1614/3456 2874/1613/3459 2881/1612/3458

usemtl _6
vn 0.204114 -0.550063 -0.809795
f 2616/1617/3460 2875/1616/3460 2874/1615/3460

vn 0.648096 0.164282 -0.743629
f 2871/1620/3461 2616/1619/3461 2874/1618/3461

vn 0.581502 0.0555403 -0.811647
f 2869/1623/3462 2616/1622/3462 2871/1621/3462

vn 0.587156 0.0615002 -0.807134
f 2868/1626/3463 2616/1625/3463 2869/1624/3463

vn 0.603453 0.0746332 -0.793898
f 2616/1629/3464 2868/1628/3464 2855/1627/3464

usemtl _Prussian_Blue_
vn 0.999318 0.036909 0.00149658
f 2855/1632/3415 2854/1631/3416 2868/1630/3465

vn 0.99453 0.10437 0.00423635
f 2854/1635/3416 2869/1634/3466 2868/1633/3465

v 77.8295 29.5124 -59.974
vn 0.991233 0.132012 0.00548114
f 2854/1638/3416 2882/1637/3467 2869/1636/3466

vn 0.99309 0.116835 0.0110082
f 2854/4973/3414 2853/4972/3412 2882/4971/3468

v 77.9736 29.895 -73.8958
vn 0.993236 0.115427 0.012608
f 2882/1671/3468 2853/1670/3412 2883/1669/3469

v 78.1872 30.1757 -94.6817
vn 0.994548 0.103625 0.0116213
f 2883/1674/3469 2853/1673/3412 2884/1672/3470

f 2884/1677/3470 2853/1676/3412 2852/1675/3410

v 78.3025 30.3269 -105.894
vn 0.995599 0.09301 0.0114931
f 2884/1726/3470 2852/1725/3410 2885/1724/3471

f 2885/1723/3471 2852/1722/3410 2850/1721/3407

vn 0.997418 0.0692596 -0.0189595
f 2850/5141/3406 2479/5140/3403 2885/5139/3472

vn 0.994104 0.107055 -0.0172228
f 2885/5138/3472 2479/5137/3403 2480/5136/3473

v 77.6649 34.6686 -106.075
vn 0.983206 0.18199 -0.0136068
f 2885/5144/3472 2480/5143/3473 2886/5142/3474

vn 0.975623 0.219193 -0.0106974
f 2886/5147/3474 2480/5146/3473 2482/5145/3475

v 76.504 39.0316 -106.644
vn 0.940072 0.340955 -0.00386549
f 2886/1801/3474 2482/1800/3475 2887/1799/3476

vn 0.905745 0.423823 0.000182339
f 2887/1804/3476 2482/1803/3475 2484/1802/3477

v 74.7009 42.1376 -107.146
vn 0.864491 0.502634 0.00375818
f 2888/1941/3478 2887/1940/3476 2484/1939/3477

vn 0.853845 0.519611 0.0308769
v 76.3427 38.7025 -94.7393
vn 0.922827 0.384431 0.0245751
vn 0.952813 0.302835 0.0209378
f 2888/1938/3479 2889/1937/3480 2887/1936/3481

v 74.7346 41.2444 -94.7171
vn 0.844679 0.534056 0.0360722
f 2890/1935/3482 2889/1934/3480 2888/1933/3479

v 74.792 39.7276 -73.5949
vn 0.868677 0.492777 0.0506998
f 2891/1932/3483 2889/1931/3480 2890/1930/3482

v 76.0624 38.1326 -74.1025
vn 0.889239 0.454444 0.0522948
f 2892/1944/3484 2889/1943/3480 2891/1942/3483

v 77.2358 34.0997 -73.9041
vn 0.96937 0.244433 0.0239496
f 2892/1656/3484 2893/1655/3485 2889/1654/3480

vn 0.897154 0.43832 0.0546783
f 2881/1653/3486 2893/1652/3485 2892/1651/3484

v 77.1609 33.6583 -60.1698
vn 0.950127 0.311493 0.0151891
f 2894/1650/3487 2893/1649/3485 2881/1648/3486

f 2882/1647/3468 2893/1646/3485 2894/1645/3487

f 2883/1668/3469 2893/1667/3485 2882/1666/3468

f 2884/1665/3470 2893/1664/3485 2883/1663/3469

v 77.5129 34.4681 -94.6996
vn 0.974533 0.223627 0.0166168
f 2895/1662/3488 2893/1661/3485 2884/1660/3470

f 2889/1659/3480 2893/1658/3485 2895/1657/3488

v 77.0074 36.3462 -95.4227
vn 0.963725 0.266249 0.0186122
f 2896/1777/3489 2889/1776/3480 2895/1775/3488

v 76.6767 37.6922 -97.4057
vn 0.96384 0.265725 0.0200766
f 2897/1780/3490 2889/1779/3480 2896/1778/3489

v 76.5356 38.4582 -100.728
vn 0.964556 0.263101 0.0202364
f 2889/1783/3480 2897/1782/3490 2898/1781/3491

vn 0.875872 -0.477346 -0.070636
vn 0.912309 -0.344138 -0.22195
v 75.4731 36.4684 -100.456
vn 0.96834 0.249076 0.0167199
f 2898/1759/3492 2897/1758/3493 2899/1757/3494

vn 0.955469 0.0549648 -0.289926
f 2897/1762/3493 2896/1761/3495 2899/1760/3494

v 77.314 35.249 -95.6203
vn 0.850869 0.48517 -0.201571
f 2896/1765/3495 2900/1764/3496 2899/1763/3494

vn 0.963727 0.266308 0.0176087
f 2896/1774/3489 2895/1773/3488 2900/1772/3497

v 77.4969 34.7032 -97.3573
vn 0.96423 0.264482 0.017615
f 2901/1771/3498 2900/1770/3497 2895/1769/3488

vn 0.695581 0.716983 -0.0458525
f 2900/1768/3496 2901/1767/3499 2899/1766/3494

v 77.5291 34.834 -101.087
vn 0.634177 0.76978 0.0725144
f 2901/1741/3499 2902/1740/3500 2899/1739/3494

vn 0.965088 0.261334 0.0176145
vn 0.970056 0.242249 0.0175266
f 2902/1738/3501 2901/1737/3498 2886/1736/3502

f 2895/1735/3488 2886/1734/3502 2901/1733/3498

f 2886/1732/3502 2895/1731/3488 2885/1730/3471

f 2885/1729/3471 2895/1728/3488 2884/1727/3470

v 77.4712 35.1914 -103.18
vn 0.965474 0.259899 0.0176653
f 2902/6973/3501 2886/6972/3502 2903/6971/3503

v 77.2038 36.3249 -105.242
vn 0.965484 0.259777 0.0188752
f 2886/6970/3502 2904/6969/3504 2903/6968/3503

f 2904/1798/3504 2886/1797/3502 2887/1796/3481

v 76.8403 37.6744 -105.242
vn 0.965429 0.259895 0.0200174
f 2905/1795/3505 2904/1794/3504 2887/1793/3481

vn 0.84575 0.446311 0.292428
vn 0.953336 0.0772961 0.291848
f 2904/1750/3506 2905/1749/3507 2899/1748/3494

v 76.589 38.5108 -103.968
vn 0.947883 -0.289647 0.13275
f 2905/1753/3507 2906/1752/3508 2899/1751/3494

vn 0.965305 0.260356 0.0200221
f 2905/1792/3505 2887/1791/3481 2906/1790/3509

f 2898/1789/3491 2906/1788/3509 2887/1787/3481

f 2906/1756/3508 2898/1755/3492 2899/1754/3494

f 2889/1786/3480 2898/1785/3491 2887/1784/3481

vn 0.693134 0.697617 0.181373
f 2903/1747/3510 2904/1746/3506 2899/1745/3494

f 2902/1744/3500 2903/1743/3510 2899/1742/3494

vn 0.932518 0.360807 0.0151127
vn 0.965257 0.261067 0.0110715
f 2894/1644/3511 2871/1643/3512 2882/1642/3467

f 2871/1608/3512 2894/1607/3511 2874/1606/3459

f 2881/1611/3458 2874/1610/3459 2894/1609/3511

f 2871/1641/3512 2869/1640/3466 2882/1639/3467

f 2891/1947/3483 2881/1946/3486 2892/1945/3484

vn 0.911333 0.405026 0.0736617
f 2891/1950/3483 2880/1949/3513 2881/1948/3486

v 74.0811 42.0306 -73.3027
vn 0.932684 0.353998 0.0691818
f 2907/6745/3514 2880/6744/3513 2891/6743/3483

v 72.4517 45.4948 -73.0166
vn 0.862769 0.492367 0.11491
f 2908/6742/3515 2880/6741/3513 2907/6740/3514

v 73.2502 42.393 -65.0914
vn 0.838515 0.530759 0.123238
f 2908/6715/3515 2909/6714/3516 2880/6713/3513

f 2909/6712/3516 2908/6711/3515 2584/6710/2995

v 71.9434 46.4468 -73.1749
vn 0.881711 0.451529 0.136772
f 2584/6709/2995 2908/6708/3515 2910/6707/3517

usemtl _CoolGray8_
vn 0.891696 0.443998 0.0880043
v 72.0393 46.4032 -73.471
vn 0.875832 0.459546 0.147433
vn 0.854898 0.475742 0.206927
f 2908/6700/3518 2911/6699/3519 2910/6698/3520

vn 0.900717 0.429457 0.0653827
f 2580/6697/3521 2911/6696/3519 2908/6695/3518

usemtl LightSteelBlue
vn 0.888289 0.445569 0.111404
f 2581/6694/2989 2911/6693/3522 2580/6692/2988

usemtl _CoolGray8_
f 2911/6691/3519 2581/6690/2992 2582/6689/2991

f 2582/6703/2991 2910/6702/3520 2911/6701/3519

usemtl _Prussian_Blue_
f 2584/6706/2995 2910/6705/3517 2582/6704/2996

usemtl _CoolGray8_
vn 0.924503 0.380681 0.0193798
f 2579/6770/3523 2580/6769/3521 2908/6768/3518

vn 0.932298 0.361688 -0.00131484
f 2908/6773/3518 2907/6772/3524 2579/6771/3523

vn 0.954636 0.297143 -0.0194086
v 74.6518 40.1638 -73.8125
f 2579/6749/3523 2907/6748/3524 2891/6747/3525 2912/6746/3525 

vn 0.948537 0.315888 0.0221642
vn 0.968614 0.248041 0.0162145
v 74.6333 42.2991 -103.454
vn 0.963821 0.266271 0.0122153
f 2912/6752/3526 2891/6751/3527 2913/6750/3528

vn 0.966124 0.257636 0.0150977
vn 0.983807 0.178943 0.010183
f 2888/1929/3529 2913/1928/3528 2891/1927/3527 2890/1926/3530 

v 73.1003 47.1494 -104.681
vn 0.942431 0.333266 0.0275141
f 2888/1925/3529 2914/1924/3531 2913/1923/3528

v 73.0658 47.62 -108.044
vn 0.927654 0.37242 0.0275749
f 2888/1822/3529 2915/1821/3532 2914/1820/3531

vn 0.940588 0.33954 -0.00279115
vn 0.958653 0.28443 -0.00910527
f 2486/1819/2823 2915/1818/3533 2888/1817/3534

f 2915/6967/3533 2486/6966/2823 2489/6965/2826

vn 0.935446 0.353461 -0.00241118
f 2915/1837/3533 2489/1836/2826 2559/1835/3535

usemtl LightSteelBlue
vn 0.959284 0.282325 -0.00815049
f 2489/1840/3536 2557/1839/2946 2559/1838/2948

v 73.6725 44.3496 -148.275
vn 0.952483 0.304039 -0.0183168
f 2557/6964/2946 2489/6963/3536 2916/6962/3537

usemtl _CoolGray8_
vn 0.952104 0.304442 -0.0285177
f 2489/1168/2826 2488/1167/2825 2916/1166/3538

v 73.1685 45.8415 -148.009
vn 0.943005 0.329844 -0.0440923
v 73.2566 45.6239 -147.749
vn 0.941489 0.333598 -0.0480702
f 2917/1165/3539 2918/1164/3540 2916/1163/3538 2488/1162/2825 

v 72.5024 47.9445 -146.253
vn 0.932135 0.358501 -0.0510096
f 2918/1309/3540 2917/1308/3539 2919/1307/3541

usemtl _Prussian_Blue_
vn 0.942407 0.331183 -0.0467575
vn 0.937681 0.343292 -0.0539001
vn 0.931201 0.362536 -0.0378384
f 2917/1297/3542 2514/1296/3543 2919/1295/3544

f 2488/1300/2828 2514/1299/3543 2917/1298/3542

v 73.5069 44.2807 -151.059
vn 0.886124 0.461842 -0.0385411
f 2920/1303/3545 2514/1302/3543 2488/1301/2828

vn 0.88612 0.461845 -0.0385993
f 2514/1232/2880 2920/1231/3546 2413/1230/2875

f 2511/1235/2872 2413/1234/2875 2920/1233/3546

f 2511/1238/2872 2414/1237/2873 2413/1236/2875

vn 0.829504 0.558239 0.0171027
f 2511/1306/3547 2920/1305/3545 2488/1304/2828

f 2488/1178/2828 2490/1177/2827 2511/1176/3547

f 2515/1294/2936 2919/1293/3544 2514/1292/3543

f 2553/1318/2937 2919/1317/3544 2515/1316/2936

usemtl _CoolGray8_
f 2553/1315/2939 2556/1314/2942 2919/1313/3541

f 2556/1312/2942 2918/1311/3540 2919/1310/3541

usemtl LightSteelBlue
vn 0.946714 0.320807 -0.0285646
f 2556/1161/2943 2916/1160/3537 2918/1159/3548

f 2916/1158/3537 2556/1157/2943 2557/1156/2946

usemtl _CoolGray8_
vn 0.891272 0.453466 0.00145736
f 2560/1834/3549 2915/1833/3533 2559/1832/3535

v 70.4228 53.3541 -108.993
vn 0.873017 0.487685 0.00216195
f 2921/1831/3550 2915/1830/3533 2560/1829/3549

vn 0.893278 0.449062 0.0199308
vn 0.873142 0.487434 0.00562093
f 2572/1828/3551 2915/1827/3532 2921/1826/3552

f 2914/1825/3531 2915/1824/3532 2572/1823/3551

usemtl LightSteelBlue
vn 0.928544 0.370042 0.0295896
f 2573/1919/2981 2914/1918/3553 2572/1917/2979

f 2914/1916/3553 2573/1915/2981 2578/1914/2986

vn 0.95059 0.309625 0.0226059
f 2913/1922/3554 2914/1921/3553 2578/1920/2986

vn 0.952769 0.303156 0.0181131
f 2913/6755/3554 2578/6754/2986 2912/6753/3555

f 2579/6758/2987 2912/6757/3555 2578/6756/2986

usemtl _CoolGray8_
f 2572/1889/3551 2921/1888/3552 2568/1887/2972

f 2568/1879/2972 2921/1878/3552 2566/1877/2973

vn 0.853829 0.520552 0.00150352
f 2565/1883/2964 2566/1882/3556 2921/1881/3550 2562/1880/2962 

f 2562/1886/2962 2921/1885/3550 2560/1884/3549

usemtl LightSteelBlue
vn 0.855225 0.518247 -0.00314804
f 2570/1892/2980 2572/1891/2979 2568/1890/3557

usemtl _Prussian_Blue_
vn 0.864537 0.502564 0.00218689
f 2484/1816/3477 2486/1815/3558 2888/1814/3478

vn 0.789678 0.587773 0.175877
f 2876/6721/3452 2909/6720/3559 2584/6719/3000

f 2909/6718/3559 2876/6717/3452 2880/6716/3457

vn 0.999994 -0.00315513 0.00122621
vn 0.999992 -0.00295824 -0.00251048
f 2867/4977/3433 2856/4976/3560 2855/4975/3561 2868/4974/3434 

v 78.1571 23.2016 -52.1107
vn 0.999982 -0.00335616 0.00498968
f 2867/4980/3433 2922/4979/3562 2856/4978/3560

v 78.1517 22.8091 -51.3257
vn 0.999981 -0.00343104 0.00503201
f 2922/4996/3562 2867/4995/3433 2861/4994/3424 2923/4993/3563 

f 2861/4992/3424 2860/4991/3426 2923/4990/3563

vn 0.983238 0.136937 0.12038
f 2923/4989/3564 2860/4988/3423 2857/4987/3420

vn 0.9853 0.163751 0.0486698
f 2922/4986/3565 2923/4985/3564 2857/4984/3420

f 2856/4983/3419 2922/4982/3565 2857/4981/3420

usemtl _6
vn 0.756472 0.19624 -0.623891
v 69.1809 33.763 -67.5289
f 2855/6568/3566 2924/6567/3566 2616/6566/3566

vn 0.689087 0.0666474 -0.721607
f 2855/6565/3567 2829/6564/3567 2924/6563/3567

vn 0.683799 0.0597323 -0.727222
f 2924/2913/3568 2829/2912/3568 2826/2911/3568

vn -0.542251 -0.420149 -0.727625
v 69.1809 10.72 -54.2233
f 2826/2910/3569 2925/2909/3569 2924/2908/3569

v 48.6077 10.72 -54.2233
vn 3.62729e-17 -0.500049 -0.865997
f 2926/2907/3570 2924/2906/3570 2925/2905/1008

v 48.6077 33.763 -67.5289
vn 7.25459e-17 -0.500049 -0.865997
f 2924/2906/3570 2926/2907/3570 2927/6578/3571

vn 0.998784 -0.0246495 -0.0426886
v 47.7508 11.301 -74.6084
f 2926/2901/3572 2928/2900/3572 2927/2899/3572

vn 3.34364e-18 0.999594 0.0284917
f 2928/2904/3573 2926/2903/3573 2925/2902/3573

vn 0.824529 0.141234 -0.54791
f 2927/2898/3574 2928/2897/3574 2617/2896/3574

v 41.7505 11.301 -74.6084
f 2619/2895/1004 2617/2894/1004 2928/2893/1004 2929/2892/1004 

vn 0.0806521 0.104321 -0.991268
f 2616/6574/3575 2927/6573/3575 2617/6572/3575

vn -2.07315e-17 0.300049 -0.953924
f 2927/6571/3576 2616/6570/3576 2924/6569/3576

f 2596/1968/3027 2586/1967/3454 2879/1966/3449

f 2586/1971/3454 2596/1970/3027 2539/1969/3029

usemtl _Prussian_Blue_
f 2539/6611/2911 2598/6610/3450 2586/6609/3451

f 2538/6608/2913 2598/6607/3450 2539/6606/2911

usemtl _6
f 2598/6590/3033 2596/6589/3027 2879/6588/3449

vn -0.00925886 0.999851 0.0145892
f 2602/2869/3577 2877/2868/3577 2616/2867/3577

vn 0.0692137 0.997269 -0.0257597
f 2602/2872/3578 2616/2871/3059 2605/2870/3061

usemtl _Prussian_Blue_
v 73.0017 40.3918 -51.2045
vn 0.828033 0.558759 0.0463649
f 2602/1478/3441 2930/1477/3579 2873/1476/3439

vn 0.184316 0.971852 0.146738
vn 0.151522 0.9739 0.168994
vn 0.19744 0.966603 0.163389
f 2930/3672/3580 2602/3671/3581 2607/3670/3582

v 72.7218 40.4566 -51.1665
vn 0.241581 0.959773 0.143091
f 2607/1496/3582 2931/1495/3583 2930/1494/3580

v 71.4865 39.7108 -44.7089
vn 0.0378241 0.989982 0.136033
vn 0.174638 0.973767 0.145877
f 2932/1499/3584 2931/1498/3585 2607/1497/3047

v 72.8852 38.731 -38.5735
vn 0.124454 0.982037 0.141826
f 2932/1502/3584 2933/1501/3586 2931/1500/3585

v 70.6389 38.1006 -32.2629
vn 0.0300553 0.986431 0.161402
f 2932/1505/3584 2934/1504/3587 2933/1503/3586

v 69.4521 38.0211 -32.1743
vn 0.0448725 0.986039 0.160352
f 2932/3693/3584 2935/3692/3588 2934/3691/3587

v 71.0902 39.6734 -44.6797
vn 0.0820227 0.985756 0.146827
f 2936/3690/3589 2935/3689/3588 2932/3688/3584

v 67.9898 38.323 -32.0972
vn 0.162113 0.971295 0.174083
f 2935/4597/3588 2936/4596/3589 2937/4595/3590

v 70.4375 39.7887 -44.6317
vn 0.14846 0.977296 0.151168
f 2937/4594/3590 2936/4593/3589 2938/4592/3591

f 2936/3684/3589 2607/3683/3047 2938/3682/3591

f 2932/3687/3584 2607/3686/3047 2936/3685/3589

v 69.9481 39.8414 -44.6051
vn 0.135482 0.979972 0.145947
f 2939/3681/3592 2938/3680/3591 2607/3679/3047

f 2939/4591/3592 2937/4590/3590 2938/4589/3591

v 66.9465 38.4363 -32.0282
vn 0.150266 0.969758 0.192329
f 2940/4588/3593 2937/4587/3590 2939/4586/3592

v 65.4082 36.1377 -19.9181
vn 0.0337502 0.966826 0.253197
f 2940/4663/3593 2941/4662/3594 2937/4661/3590

v 63.7749 36.0393 -19.7706
vn 0.217756 0.930682 0.293962
f 2942/4660/3595 2941/4659/3594 2940/4658/3593

v 62.2062 34.8165 -15.5874
vn 0.294871 0.842273 0.451251
f 2942/4657/3595 2943/4656/3596 2941/4655/3594

v 59.9201 35.3558 -13.7975
vn 0.27823 0.882537 0.3791
f 2942/4570/3595 2944/4569/3597 2943/4568/3596

v 61.6104 36.7714 -19.6943
vn 0.175741 0.955253 0.23792
f 2945/4573/3598 2944/4572/3597 2942/4571/3595

v 50.3509 37.437 -19.0698
vn 0.0463635 0.971652 0.231824
f 2945/3623/3598 2946/3622/3599 2944/3621/3597

v 51.5339 39.8525 -31.3824
vn 0.0530165 0.984952 0.164497
f 2945/3626/3598 2947/3625/3600 2946/3624/3599

v 64.7849 38.8548 -31.9532
vn 0.137256 0.977246 0.16171
f 2948/3629/3601 2947/3628/3600 2945/3627/3598

f 2608/3632/3048 2947/3631/3600 2948/3630/3601

f 2609/3635/3049 2947/3634/3600 2608/3633/3048

v 41.751 40.0268 -31.1669
vn 0.0247494 0.988104 0.151785
f 2609/2816/3049 2949/2815/3602 2947/2814/3600

f 2611/2819/3051 2949/2818/3602 2609/2817/3049

v 41.751 37.5052 -18.894
vn 0.0142338 0.973704 0.227373
f 2949/2813/3602 2950/2812/3603 2947/2811/3600

f 2947/2810/3600 2950/2809/3603 2946/2808/3599

v 49.9158 35.752 -12.675
vn 0.0436381 0.941849 0.333192
f 2946/2807/3599 2950/2806/3603 2951/2805/3604

v 41.751 35.7846 -12.4687
vn 0.011847 0.947667 0.31904
f 2951/2804/3604 2950/2803/3603 2952/2802/3605

v 41.751 33.691 -7.34383
vn 0.0134069 0.910602 0.413066
f 2952/2801/3605 2953/2800/3606 2951/2799/3604

v 49.6393 33.6755 -7.5584
vn 0.0882228 0.847203 0.523892
f 2951/2798/3604 2953/2797/3606 2954/2796/3607

v 41.751 32.5085 -5.19812
vn 0.0415863 0.833434 0.551052
f 2955/2795/3608 2954/2794/3607 2953/2793/3606

v 49.6564 32.3289 -5.8427
vn 0.118763 0.781655 0.612299
f 2956/2792/3609 2954/2791/3607 2955/2790/3608

v 55.8068 31.6606 -6.70186
vn 0.220602 0.722901 0.654789
f 2957/3608/3610 2954/3607/3607 2956/3606/3609

v 57.5285 33.4108 -9.12233
vn 0.417724 0.694466 0.585854
f 2958/3611/3611 2954/3610/3607 2957/3609/3610

f 2958/3614/3611 2951/3613/3604 2954/3612/3607

f 2944/3617/3597 2951/3616/3604 2958/3615/3611

f 2944/3620/3597 2946/3619/3599 2951/3618/3604

f 2944/4567/3597 2958/4566/3611 2943/4565/3596

v 60.1006 33.0818 -11.4721
vn 0.417977 0.669402 0.614163
f 2943/4564/3596 2958/4563/3611 2959/4562/3612

v 58.5366 30.8892 -8.4555
vn 0.621495 0.444801 0.6449
f 2959/4552/3612 2958/4551/3611 2960/4550/3613

v 57.08 31.1506 -6.85014
vn 0.592988 0.508602 0.624251
f 2960/4555/3613 2958/4554/3611 2961/4553/3614

f 2957/4558/3610 2961/4557/3614 2958/4556/3611

vn 0.268247 0.721047 0.638854
v 56.7088 30.8775 -6.27577
vn 0.458946 0.607525 0.648292
vn 0.556205 0.508545 0.657281
f 2957/3596/3615 2962/3595/3616 2961/3594/3617

v 55.3801 31.2699 -6.14145
vn 0.202162 0.705175 0.679602
f 2957/3599/3615 2963/3598/3618 2962/3597/3616

vn 0.121062 0.705878 0.697912
f 2957/3602/3615 2956/3601/3619 2963/3600/3618

v 49.6608 31.7948 -5.32372
vn 0.119135 0.692416 0.711595
f 2963/3605/3618 2956/3604/3619 2964/3603/3620

v 41.7511 32.0548 -4.75982
vn 0.0740223 0.694071 0.716091
f 2964/2786/3620 2956/2785/3619 2965/2784/3621

vn 0.0742228 0.692855 0.717247
f 2965/2789/3621 2956/2788/3619 2955/2787/3622

vn 0.123453 0.43402 0.892404
vn 0.0782511 0.433356 0.897819
v 41.7511 31.837 -4.65471
vn 0.0770183 0.46652 0.881151
f 2964/2783/3623 2965/2782/3624 2966/2781/3625

v 49.663 31.5764 -5.19768
vn 0.12574 0.49689 0.858656
f 2966/2707/3625 2967/2706/3626 2964/2705/3623

usemtl _CoolGray1_
vn 0.0502821 0.369315 0.927943
v 42.0082 30.9648 -4.32152
vn 0.0232884 0.375007 0.926729
vn 0.154772 0.395951 0.905135
f 2966/2710/3627 2968/2709/3628 2967/2708/3629

v 41.7503 30.9645 -4.31454
vn 0.0247711 0.36312 0.931413
f 2968/2780/3628 2966/2779/3627 2969/2778/3630

vn 0.0322516 0.363041 0.931215
vn 0.024762 0.363888 0.931114
v 41.7508 28.7906 -3.46498
vn 0.0276254 0.446654 0.89428
f 2968/2777/3631 2969/2776/3632 2970/2775/3633

v 42.0082 28.7792 -3.47152
vn 0.0670022 0.304928 0.950016
f 2970/2759/3633 2971/2758/3634 2968/2757/3631

v 41.7503 28.435 -3.36292
vn 0.0414432 0.274228 0.960771
f 2971/2762/3634 2972/2761/3635 2970/2760/3633

v 42.0082 28.4304 -3.37208
vn 0.0469989 0.275104 0.960265
f 2971/2765/3634 2972/2764/3635 2973/2763/3636

v 41.7503 26.5162 -2.81167
vn 0.0341351 0.275366 0.960733
f 2973/2768/3636 2972/2767/3635 2974/2766/3637

v 42.0082 26.5163 -2.81995
vn 0.0551984 0.273633 0.960249
f 2974/2650/3637 2975/2649/3638 2973/2648/3636

v 42.0082 26.1669 -2.72096
vn 0.0458564 0.251885 0.96667
f 2976/2647/3639 2975/2646/3638 2974/2645/3637

v 49.7063 26.1669 -3.36031
vn 0.132597 0.271463 0.953271
f 2975/2644/3638 2976/2643/3639 2977/2642/3640

usemtl _Gray8_1
vn 0.17426 0.254388 0.951273
vn 0.0812335 0.186167 0.979154
v 42.0082 24.0737 -2.32365
v 49.6983 24.2244 -2.98961
vn 0.11397 0.18561 0.975992
f 2977/2641/3641 2976/2640/3642 2978/2639/3642 2979/2638/3643 

usemtl _CoolGray1_
v 41.7503 26.1672 -2.71136
vn -0.0112106 0.211 0.977422
vn 0.0243928 0.142688 0.989467
f 2980/2637/3644 2978/2636/3645 2976/2635/3639

v 41.7511 23.3325 -2.22421
vn -0.0116508 0.136926 0.990513
f 2981/2634/3646 2978/2633/3645 2980/2632/3644

v 49.6907 23.4672 -2.905
vn 0.105992 0.107144 0.988578
f 2978/2631/3645 2981/2630/3646 2982/2629/3647

usemtl _Prussian_Blue_
vn 0.0828024 0.119115 0.989422
v 41.7511 23.1141 -2.19805
v 49.6885 23.2487 -2.87839
vn 0.12578 0.131338 0.983326
vn 0.116587 0.118657 0.986067
f 2981/2599/3648 2983/2598/3648 2984/2597/3649 2982/2596/3650 

vn 0.089522 0.403963 0.910385
vn 0.0747209 0.235303 0.969046
v 53.8366 22.6332 -3.01316
vn 0.0949718 0.493796 0.864376
f 2984/2595/3651 2983/2594/3652 2985/2593/3653

v 41.7511 22.6139 -2.11475
vn 0.0728717 0.163837 0.983792
f 2985/2592/3653 2983/2591/3652 2986/2590/3654

vn 0.0016765 0.906369 0.422483
vn 0.0274546 0.906279 0.421787
v 55.0369 21.7188 -1.05628
vn 0.0166664 0.665855 0.745895
f 2985/2589/3655 2986/2588/3656 2987/2587/3657

v 41.7511 21.6902 -0.203232
vn 0.0563542 0.413491 0.908763
f 2987/2586/3657 2986/2585/3656 2988/2584/3658

v 54.0935 21.0059 -0.905386
vn -0.0582694 0.135323 0.989087
f 2987/2583/3657 2988/2582/3658 2989/2581/3659

v 41.7511 21.0279 -0.153078
vn 0.0611729 0.0729678 0.995456
f 2989/2580/3659 2988/2579/3658 2990/2578/3660

v 54.3471 19.2788 -0.803334
vn -0.00663892 -0.0222428 0.999731
f 2989/2571/3659 2990/2570/3660 2991/2569/3661

v 41.7511 19.3549 -0.0257311
vn 0.0618953 0.0755895 0.995216
f 2991/2574/3661 2990/2573/3660 2992/2572/3662

v 41.7511 19.0154 6.39488e-13
vn 0.0640111 -0.017958 0.997788
f 2992/2577/3662 2993/2576/3663 2991/2575/3661

v 55.2082 19.1021 -0.880091
vn 0.0734215 -0.201641 0.976704
f 2993/2550/3663 2994/2549/3664 2991/2548/3661

vn 0.0853925 -0.14561 0.98565
vn 0.0655697 -0.109502 0.991821
v 41.7511 17.0522 -0.216752
vn 0.0680739 -0.126658 0.989608
f 2994/2547/3665 2993/2546/3666 2995/2545/3667

v 57.4985 17.0522 -1.34238
vn 0.129101 -0.121908 0.984109
f 2996/2544/3668 2994/2543/3665 2995/2542/3667

v 57.6438 19.1138 -1.13304
vn 0.16901 -0.156314 0.97314
f 2996/3292/3668 2997/3291/3669 2994/3290/3665

v 65.9276 17.0522 -3.19022
vn 0.238448 -0.110561 0.964841
f 2998/3289/3670 2997/3288/3669 2996/3287/3668

v 66.1024 19.2943 -2.97085
vn 0.237166 -0.190714 0.952565
f 2999/4150/3671 2997/4149/3669 2998/4148/3670

v 57.7849 20.8307 -0.757105
vn 0.175317 -0.223537 0.958799
f 2997/3298/3669 2999/3297/3671 3000/3296/3672

v 66.2083 21.0802 -2.57529
vn 0.233542 -0.223448 0.946324
f 3000/3301/3672 2999/3300/3671 3001/3299/3673

v 70.6103 21.146 -3.75282
vn 0.359942 -0.249472 0.899003
f 2999/3304/3671 3002/3303/3674 3001/3302/3673

v 70.2853 19.3576 -4.12832
vn 0.362526 -0.157232 0.918615
f 3003/4014/3675 3002/4013/3674 2999/4012/3671

v 72.9791 19.4331 -5.5553
vn 0.649356 -0.185299 0.737565
f 3003/4017/3675 3004/4016/3676 3002/4015/3674

v 71.589 16.1095 -5.19289
vn 0.418828 -0.189158 0.888145
f 3003/4126/3675 3005/4125/3677 3004/4124/3676

v 70.0451 16.7744 -4.33896
vn 0.353594 -0.108636 0.929069
f 3005/4123/3677 3003/4122/3675 3006/4121/3678

f 3006/4008/3678 3003/4007/3675 2998/4006/3670

f 2998/4011/3670 3003/4010/3675 2999/4009/3671

v 66.9746 16.7292 -3.51513
vn 0.259865 -0.132733 0.956479
vn 0.321888 -0.203472 0.924655
vn 0.237098 -0.108556 0.965402
f 3007/4005/3679 3006/4004/3680 2998/4003/3681

v 69.9172 16.5359 -4.34463
vn 0.330116 -0.198986 0.922729
f 3006/4132/3680 3007/4131/3679 3008/4130/3682

vn -0.0207969 -0.891639 0.452269
vn 0.221178 -0.862009 0.456092
v 66.9708 16.183 -4.63988
vn 0.199054 -0.881818 0.427522
v 69.6708 16.0053 -5.40222
vn -0.0487236 -0.889655 0.454026
f 3008/3941/3683 3007/3940/3684 3009/3939/3685 3010/3938/3686 

v 64.7826 15.3683 -4.564
vn 0.316528 -0.81761 0.480962
f 3007/3944/3684 3011/3943/3687 3009/3942/3685

v 64.4041 16.0026 -3.35115
vn 0.312288 -0.792046 0.524538
f 3012/3947/3688 3011/3946/3687 3007/3945/3684

v 63.232 14.5805 -4.69266
vn 0.352122 -0.760669 0.545337
f 3013/3950/3689 3011/3949/3687 3012/3948/3688

v 62.2385 15.0869 -3.38735
vn 0.359218 -0.74331 0.564316
f 3014/3953/3690 3013/3952/3689 3012/3951/3688

v 62.2983 13.8903 -4.94081
vn 0.43823 -0.645474 0.625554
f 3014/3956/3690 3015/3955/3691 3013/3954/3689

v 60.7606 14.1783 -3.57488
vn 0.476175 -0.57843 0.662326
f 3016/3959/3692 3015/3958/3691 3014/3957/3690

v 62.2344 13.6988 -5.01669
vn 0.520812 -0.479683 0.706158
f 3016/3962/3692 3017/3961/3693 3015/3960/3691

v 60.5126 13.6143 -3.83001
vn 0.537854 -0.419815 0.731074
f 3016/3247/3692 3018/3246/3694 3017/3245/3693

v 59.846 13.6162 -3.69089
vn 0.1822 -0.488111 0.853552
vn 0.171241 -0.481393 0.859615
vn 0.187624 -0.481797 0.855961
f 3019/3250/3695 3018/3249/3696 3016/3248/3697

v 58.1026 12.6591 -3.90241
vn 0.143405 -0.439536 0.886704
f 3019/3253/3695 3020/3252/3698 3018/3251/3696

v 59.572 14.1917 -4.78032
vn -0.525195 0.679165 0.512743
vn -0.354209 0.759551 0.545544
vn -0.623469 0.620619 0.475519
f 3021/3256/3699 3020/3255/3700 3019/3254/3701

v 57.9473 13.2896 -4.84443
vn -0.247507 0.775006 0.581469
f 3021/3259/3699 3022/3258/3702 3020/3257/3700

usemtl _CoolGray8_
vn 0.211161 -0.393397 0.89479
v 57.4215 16.7247 -3.17626
vn 0.145431 -0.401519 0.90423
vn 0.154327 -0.412394 0.897839
f 3021/3271/3703 3023/3270/3704 3022/3269/3705

v 59.0248 16.7334 -3.54435
vn 0.227141 -0.385743 0.894209
f 3024/3274/3706 3023/3273/3704 3021/3272/3703

usemtl _Prussian_Blue_
v 59.1788 16.7997 -1.73489
vn -0.112221 -0.99254 0.047656
vn 0.00855702 -0.999196 0.0391732
vn -0.231972 -0.971366 0.0513457
f 3025/3277/3707 3023/3276/3708 3024/3275/3709

v 57.4719 16.7994 -1.36026
vn 0.00605532 -0.99914 0.041008
f 3023/3280/3708 3025/3279/3707 3026/3278/3710

vn 0.166317 -0.0875963 0.982174
vn 0.118537 -0.0958386 0.988314
vn 0.213362 -0.0960829 0.972237
f 2996/3283/3711 3026/3282/3712 3025/3281/3713

vn 0.0706353 -0.0977796 0.992698
f 2996/2541/3711 2995/2540/3714 3026/2539/3712

v 41.7511 16.7989 -0.246844
vn 0.0701605 -0.117681 0.99057
f 3026/2538/3712 2995/2537/3714 3027/2536/3715

vn 0.00296125 -0.999149 0.0411433
v 41.7514 16.7232 -2.08117
f 3026/2535/3710 3027/2534/3716 3028/2533/3716 3023/2532/3708 

usemtl _CoolGray8_
vn 0.0581115 -0.402815 0.913435
v 54.4793 12.5514 -4.7306
vn 0.0783567 -0.408393 0.909437
f 3023/2531/3704 3028/2530/3717 3029/2529/3718

v 41.7514 12.4415 -4.05287
vn 0.051909 -0.417713 0.907095
f 3029/2528/3718 3028/2527/3717 3030/2526/3719

usemtl _Prussian_Blue_
v 41.7511 11.7905 -3.21464
vn 0.0256663 0.790293 0.612191
v 54.5226 11.902 -3.89194
vn -0.0966691 0.794851 0.599056
vn -0.0602385 0.787347 0.61356
f 3031/2525/3720 3032/2524/3721 3029/2523/3722 3030/2522/3720 

vn 0.0424073 -0.76302 0.644982
vn 0.0477034 -0.75623 0.652565
vn 0.0426509 -0.727895 0.684361
f 2738/2521/3723 3032/2520/3724 3031/2519/3725

vn 0.0905446 -0.756154 0.648099
f 2739/2518/3726 3032/2517/3724 2738/2516/3723

v 57.2203 11.9259 -4.10084
vn 0.0945783 -0.741585 0.664159
f 2739/5077/3726 3033/5076/3727 3032/5075/3724

v 61.9562 11.9674 -4.99271
vn 0.130501 -0.741744 0.657864
f 2739/3229/3726 3034/3228/3728 3033/3227/3727

vn 0.145889 -0.742244 0.654056
f 3034/3226/3728 2739/3225/3726 2741/3224/3729

v 65.3491 11.9971 -5.63206
vn 0.163752 -0.735997 0.656882
f 2741/3901/3729 3035/3900/3730 3034/3899/3728

vn 0.208925 -0.724288 0.657083
f 3035/3898/3730 2741/3897/3729 2743/3896/3731

v 68.7257 12.0325 -6.52741
vn 0.238258 -0.698017 0.675282
f 2743/3895/3731 3036/3894/3732 3035/3893/3730

v 70.9916 12.4948 -6.94565
vn 0.335162 -0.638059 0.693215
f 2743/3879/3731 3037/3878/3733 3036/3877/3732

vn 0.377564 -0.661938 0.647521
v 72.0878 12.2528 -7.83229
vn 0.54537 -0.546873 0.635218
f 3037/3876/3734 2743/3875/3254 3038/3874/3735

f 2744/3873/3255 3038/3872/3735 2743/3871/3254

v 71.6267 10.0893 -9.29547
vn 0.472443 -0.56062 0.680076
f 3039/3870/3736 3038/3869/3735 2744/3868/3255

v 73.3701 10.1327 -11.2615
vn 0.748673 -0.44001 0.495864
f 3040/3867/3737 3038/3866/3735 3039/3865/3736

v 73.8755 12.2104 -10.3361
vn 0.799307 -0.395642 0.4523
f 3041/3864/3738 3038/3863/3735 3040/3862/3737

v 74.7257 15.8579 -8.77387
vn 0.854143 -0.244616 0.458916
f 3041/4080/3738 3042/4079/3739 3038/4078/3735

v 75.1213 12.1741 -12.9449
vn 0.905325 -0.334787 0.26135
f 3041/4071/3738 3043/4070/3740 3042/4069/3739

v 74.4064 10.1829 -13.5106
vn 0.906162 -0.365914 0.21208
f 3043/4068/3740 3041/4067/3738 3044/4066/3741

f 3044/3861/3741 3041/3860/3738 3040/3859/3737

v 73.2405 9.59469 -11.5018
vn 0.800548 -0.237591 0.550157
vn 0.899802 -0.369513 0.231984
vn 0.72627 -0.445985 0.523096
f 3045/3858/3742 3044/3857/3743 3040/3856/3744

v 74.1947 9.59469 -13.678
vn 0.637493 -0.724372 0.262466
f 3046/3855/3745 3044/3854/3743 3045/3853/3742

v 74.3155 9.63159 -14.7273
vn 0.945783 -0.163675 0.280543
f 3047/3852/3746 3044/3851/3743 3046/3850/3745

v 74.504 10.208 -14.6454
vn 0.918566 -0.322031 0.229198
f 3048/3849/3747 3044/3848/3743 3047/3847/3746

vn 0.925939 -0.329118 0.185252
v 75.8008 14.1739 -14.081
vn 0.957243 -0.253839 0.138751
f 3048/4062/3748 3049/4061/3749 3044/4060/3741

v 74.791 10.227 -15.498
vn 0.921934 -0.316179 0.223759
f 3049/4059/3749 3048/4058/3748 3050/4057/3750

v 74.6392 9.70739 -15.5699
vn 0.905993 -0.0449859 0.420896
vn 0.858274 -0.307719 0.410701
f 3048/3843/3747 3051/3842/3751 3050/3841/3752

f 3051/3846/3751 3048/3845/3747 3047/3844/3746

vn 0.90887 0.235916 0.343946
f 3051/3166/3751 3047/3165/3746 2750/3164/3753

vn -0.977312 0.0565709 -0.204111
f 2749/3169/3754 2750/3168/3753 3047/3167/3746

f 3047/4190/3746 2749/4189/3754 3046/4188/3745

v 73.3812 8.2326 -11.63
vn 0.664468 -0.041581 0.746159
f 3046/4187/3745 2749/4186/3754 3052/4185/3755

f 3052/4184/3755 3046/4183/3745 3045/4182/3742

vn 0.570247 -0.173069 0.803035
f 3045/4181/3742 2748/4180/3756 3052/4179/3755

v 71.5214 9.59469 -9.62997
vn 0.500971 -0.409817 0.762285
f 3045/4178/3742 3053/4177/3757 2748/4176/3756

f 3053/4175/3757 3045/4174/3742 3040/4173/3744

vn 0.401424 -0.586254 0.70368
f 3040/4172/3744 3039/4171/3758 3053/4170/3757

f 3053/3190/3757 3039/3189/3758 2746/3188/3259

f 3039/3193/3758 2744/3192/3257 2746/3191/3259

f 2747/3187/3260 3053/3186/3757 2746/3185/3259

f 2748/3184/3756 3053/3183/3757 2747/3182/3260

f 2751/3163/3271 3051/3162/3751 2750/3161/3753

f 2753/3160/3270 3051/3159/3751 2751/3158/3271

f 3051/3840/3751 2753/3839/3270 3050/3838/3752

vn 0.825542 -0.212933 0.522628
vn 0.887864 -0.20148 0.413646
vn 0.860955 -0.261024 0.436603
f 2753/3837/3759 2756/3836/3760 3050/3835/3761

v 75.9415 14.1739 -14.9533
vn 0.928778 -0.180177 0.323895
f 3050/3834/3761 2756/3833/3760 3054/3832/3762

vn 0.955145 -0.0871556 0.283022
f 2756/3831/3760 2759/3830/3763 3054/3829/3762

v 76.8581 18.9148 -15.5699
vn 0.962278 -0.0341301 0.269919
f 3054/3828/3762 2759/3827/3763 3055/3826/3764

vn 0.957198 0.0891551 0.27536
f 2759/3825/3763 2761/3824/3765 3055/3823/3764

v 77.1053 23.3324 -17.3781
vn 0.947318 0.116016 0.298545
f 3055/3822/3764 2761/3821/3765 3056/3820/3766

v 77.2582 25.9376 -19.3542
vn 0.94913 0.153162 0.275126
f 2761/3798/3765 3057/3797/3767 3056/3796/3766

vn 0.949208 0.153153 0.27486
f 2767/3795/3768 3057/3794/3767 2761/3793/3765

vn 0.941891 0.200389 0.269602
vn 0.927674 0.256869 0.270998
f 2766/3792/3769 3057/3791/3769 2767/3790/3770

v 77.2716 26.1597 -19.5207
vn 0.952912 0.143228 0.267291
f 3058/3789/3771 3057/3788/3769 2766/3787/3769

v 77.0974 26.1377 -18.5246
vn 0.976188 0.108941 0.187588
vn 0.982151 0.0760518 0.172035
vn 0.98231 0.0709601 0.173295
f 3059/3786/3772 3057/3785/3773 3058/3784/3774

v 77.0863 25.9157 -18.3554
vn 0.978082 0.0931212 0.186239
f 3060/3804/3775 3057/3803/3773 3059/3802/3772

vn 0.986005 0.0400508 0.161833
vn 0.982706 0.0717798 0.170693
vn 0.981719 0.0800835 0.172667
f 3056/3801/3776 3057/3800/3777 3060/3799/3778

v 76.9734 23.6595 -16.6227
vn 0.989519 0.0577172 0.132368
f 3061/3813/3779 3056/3812/3776 3060/3811/3778

v 76.9094 22.185 -16.1203
vn 0.995018 0.00558318 0.0995415
f 3062/3816/3780 3056/3815/3776 3061/3814/3779

vn 0.981436 -0.0395685 0.187666
f 3055/3819/3781 3056/3818/3776 3062/3817/3780

v 76.8317 21.1496 -15.798
vn 0.997754 -0.06004 0.0297105
f 3055/4193/3781 3062/4192/3780 3063/4191/3782

v 77.1465 21.3658 -14.2123
vn 0.978253 0.207401 0.00256553
f 3062/3409/3780 3064/3408/3783 3063/3407/3782

v 76.6125 22.6795 -14.0339
vn 0.975666 0.16764 0.141324
f 3064/3412/3783 3062/3411/3780 3065/3410/3784

v 76.9464 22.4916 -15.9703
vn 0.993625 -0.0719854 0.0867569
f 3066/3415/3785 3065/3414/3784 3062/3413/3780

f 3061/3418/3779 3065/3417/3784 3066/3416/3785

v 76.2611 22.5462 -11.5746
vn 0.938049 0.23035 0.258849
f 3061/3421/3779 3067/3420/3786 3065/3419/3784

v 76.2419 23.3041 -11.948
vn 0.917946 0.226724 0.325532
f 3067/3424/3786 3061/3423/3779 3068/3422/3787

v 75.9873 25.7978 -12.9859
vn 0.945209 0.182999 0.270353
f 3061/3427/3779 3069/3426/3788 3068/3425/3787

f 3060/3810/3778 3069/3809/3788 3061/3808/3779

vn 0.941141 0.18469 0.283094
f 3069/3807/3789 3060/3806/3775 3059/3805/3772

v 75.9662 26.0184 -13.0793
vn 0.919646 0.223882 0.322688
f 3069/4199/3789 3059/4198/3772 3070/4197/3790

vn 0.978246 0.0904935 0.18667
v 77.1709 27.5884 -19.6368
vn 0.96553 0.188181 0.179835
vn 0.93784 0.191543 0.289426
f 3059/3777/3791 3071/3776/3792 3070/3775/3793

v 77.3282 27.1262 -20.2539
vn 0.980938 0.116871 0.155247
f 3071/3780/3792 3059/3779/3791 3072/3778/3794

vn 0.982085 0.0739492 0.173321
f 3072/3783/3794 3059/3782/3791 3058/3781/3795

vn 0.946146 0.223838 0.233887
vn 0.95237 0.146917 0.267222
vn 0.927268 0.263079 0.26639
f 3072/4873/3796 3058/4872/3797 2766/4871/3798

v 77.1939 30.0371 -24.0023
vn 0.894735 0.387983 0.221176
f 3072/4876/3796 2766/4875/3798 3073/4874/3799

vn 0.88847 0.380733 0.256249
f 3073/4879/3799 2766/4878/3798 2765/4877/3800

vn 0.869454 0.471729 0.146701
f 2769/4882/3801 3073/4881/3799 2765/4880/3800

v 77.0252 31.8671 -28.3679
vn 0.854017 0.508267 0.110992
f 3074/4885/3802 3073/4884/3799 2769/4883/3801

vn 0.946872 0.314494 0.0672825
v 77.0355 30.6031 -23.5675
vn 0.919238 0.360235 0.158849
vn 0.975262 0.200673 0.0927018
f 3074/4888/3803 3075/4887/3804 3073/4886/3805

v 76.7658 32.499 -28.1424
vn 0.871214 0.479784 0.103894
f 3075/1532/3804 3074/1531/3803 3076/1530/3806

v 77.0504 32.4908 -33.0531
vn 0.943081 0.330285 0.0388509
v 76.7945 33.145 -33.0531
vn 0.86473 0.49917 0.055425
f 3074/1536/3803 3077/1535/3807 3078/1534/3808 3076/1533/3806 

vn 0.85877 0.512313 0.00705708
vn 0.851101 0.523719 0.036682
f 3077/4900/3809 3074/4899/3802 2771/4898/3810

f 2771/4897/3810 3074/4896/3802 2769/4895/3801

vn 0.873402 0.481585 -0.0724194
f 2771/4903/3810 2773/4902/3811 3077/4901/3809

v 77.3752 31.8671 -37.7358
vn 0.897913 0.431816 -0.0853627
f 3077/4906/3809 2773/4905/3811 3079/4904/3812

vn 0.911671 0.37781 -0.161603
f 2775/4909/3813 3079/4908/3812 2773/4907/3811

v 77.7046 30.0371 -42.1013
vn 0.935987 0.31937 -0.148089
f 3080/4912/3814 3079/4911/3812 2775/4910/3813

vn 0.974291 0.225202 0.00638625
vn 0.987809 0.155235 -0.0116427
v 77.6105 30.6031 -42.5392
vn 0.986692 0.162561 -0.00349298
f 3079/1569/3815 3080/1568/3816 3081/1567/3817

f 2864/1572/3430 3081/1571/3817 3080/1570/3816

f 2865/1575/3431 3081/1574/3817 2864/1573/3430

v 77.2478 32.8179 -45.8803
vn 0.956425 0.29167 0.0134241
f 2865/1560/3431 3082/1559/3818 3081/1558/3817

f 2866/1557/3432 3082/1556/3818 2865/1555/3431

f 2870/1554/3436 3082/1553/3818 2866/1552/3432

f 2872/1551/3438 3082/1550/3818 2870/1549/3436

v 75.4676 35.6604 -38.9006
vn 0.836492 0.545424 0.0528521
f 3083/1548/3819 3082/1547/3818 2872/1546/3438

v 77.2111 32.499 -37.9612
vn 0.940248 0.340142 0.01542
f 3084/1545/3820 3082/1544/3818 3083/1543/3819

f 3081/1563/3817 3082/1562/3818 3084/1561/3820

f 3079/1566/3815 3081/1565/3817 3084/1564/3820

f 3077/5056/3807 3079/5055/3815 3084/5054/3820

f 3077/1539/3807 3084/1538/3820 3078/1537/3808

f 3084/1542/3820 3083/1541/3819 3078/1540/3808

v 75.2679 34.0019 -25.9252
vn 0.784544 0.606948 0.1269
f 3083/1523/3819 3085/1522/3821 3078/1521/3808

v 73.1708 38.6983 -38.5474
vn 0.783876 0.614124 0.0916019
f 3083/1520/3819 3086/1519/3822 3085/1518/3821

f 3083/1487/3819 2930/1486/3579 3086/1485/3822

f 2872/1484/3438 2930/1483/3579 3083/1482/3819

f 2873/1481/3439 2930/1480/3579 2872/1479/3438

vn 0.0951889 0.984365 0.148202
vn 0.146879 0.979317 0.139156
f 3086/1490/3823 2930/1489/3580 2933/1488/3824

f 2933/1493/3824 2930/1492/3580 2931/1491/3583

v 72.6281 36.817 -26.4446
vn 0.0884246 0.975414 0.201863
f 3086/1511/3823 2933/1510/3824 3087/1509/3825

vn 0.159963 0.966609 0.200199
f 2934/1508/3587 3087/1507/3826 2933/1506/3586

v 69.7971 35.9037 -20.4902
vn 0.0474228 0.961435 0.270912
f 2934/3747/3587 3088/3746/3827 3087/3745/3826

v 67.6801 35.7169 -20.1845
vn 0.157123 0.949136 0.27286
f 2934/3699/3587 3089/3698/3828 3088/3697/3827

f 2935/3696/3588 3089/3695/3828 2934/3694/3587

f 2937/4600/3590 3089/4599/3828 2935/4598/3588

v 66.3461 36.112 -19.9643
vn 0.22631 0.939592 0.256809
f 3090/4603/3829 3089/4602/3828 2937/4601/3590

v 65.6752 34.9284 -16.5194
vn 0.286628 0.850916 0.440211
f 3090/4606/3829 3091/4605/3830 3089/4604/3828

v 64.1996 34.9431 -16.399
vn 0.0866633 0.906937 0.412256
f 3091/4648/3830 3092/4647/3831 3090/4646/3829

v 63.126 33.3448 -12.9755
vn 0.156472 0.802726 0.575455
f 3092/4642/3831 3093/4641/3832 3091/4640/3830

f 2943/4639/3596 3093/4638/3832 3092/4637/3831

f 2959/4636/3612 3093/4635/3832 2943/4634/3596

v 59.2445 30.8936 -8.87025
vn 0.357577 0.603083 0.713042
f 3093/4633/3832 2959/4632/3612 3094/4631/3833

f 2959/4549/3612 2960/4548/3613 3094/4547/3833

v 57.8003 28.1082 -5.99273
vn 0.374283 0.411712 0.830906
f 3095/4546/3834 3094/4545/3833 2960/4544/3613

v 60.1801 29.3945 -8.23308
vn 0.399916 0.518255 0.755962
f 3096/4543/3835 3094/4542/3833 3095/4541/3834

v 61.5508 30.6154 -9.69103
vn 0.302091 0.626233 0.718731
f 3097/4540/3836 3094/4539/3833 3096/4538/3835

f 3094/4630/3833 3097/4629/3836 3093/4628/3832

v 63.2665 30.9649 -10.6405
vn 0.164059 0.67792 0.716595
f 3098/4627/3837 3093/4626/3832 3097/4625/3836

v 64.8258 33.3705 -13.1216
vn 0.267148 0.754262 0.599768
f 3099/4624/3838 3093/4623/3832 3098/4622/3837

f 3091/4645/3830 3093/4644/3832 3099/4643/3838

v 66.8886 34.5405 -16.8944
vn 0.188367 0.891245 0.412554
f 3091/4612/3830 3099/4611/3838 3100/4610/3839

v 66.2539 33.0718 -13.8712
vn 0.117074 0.812194 0.571519
f 3100/4615/3839 3099/4614/3838 3101/4613/3840

v 64.6373 30.7901 -10.8594
vn 0.239044 0.678451 0.694667
f 3101/4618/3840 3099/4617/3838 3102/4616/3841

f 3102/4621/3841 3099/4620/3838 3098/4619/3837

vn 0.213166 0.689131 0.692574
v 64.5053 30.6299 -10.722
vn 0.128647 0.602599 0.787607
vn 0.10758 0.594549 0.79683
f 3098/4669/3842 3103/4668/3843 3102/4667/3844

v 63.2732 30.7952 -10.4359
vn 0.209197 0.754021 0.622647
f 3103/4516/3843 3098/4515/3842 3104/4514/3845

vn 0.15115 0.749309 0.64474
f 3097/4519/3846 3104/4518/3845 3098/4517/3842

v 61.6351 30.4638 -9.53577
vn 0.107154 0.7427 0.660996
f 3104/4522/3845 3097/4521/3846 3105/4520/3847

vn 0.0351113 0.709619 0.70371
f 3096/4525/3848 3105/4524/3847 3097/4523/3846

v 60.3608 29.3055 -8.15109
vn 0.0278402 0.675756 0.7366
f 3105/4528/3847 3096/4527/3848 3106/4526/3849

v 59.5801 27.9121 -6.97138
vn 0.0254582 0.520127 0.85371
f 3096/4480/3848 3107/4479/3850 3106/4478/3849

vn 0.473813 0.409491 0.779627
f 3095/4477/3834 3107/4476/3851 3096/4475/3835

v 59.6244 27.1366 -6.64691
vn 0.474585 0.346125 0.8093
f 3095/4447/3834 3108/4446/3852 3107/4445/3851

v 58.4655 26.734 -5.82003
vn 0.458963 0.326036 0.826471
f 3095/4450/3834 3109/4449/3853 3108/4448/3852

v 57.7623 26.041 -5.17457
vn 0.268751 0.350192 0.897295
f 3095/4462/3834 3110/4461/3854 3109/4460/3853

v 56.2796 24.5534 -4.46151
vn 0.177882 0.349046 0.920068
f 3095/4465/3834 3111/4464/3855 3110/4463/3854

v 55.8961 25.0264 -4.54219
vn 0.212216 0.33426 0.918278
f 3112/4468/3856 3111/4467/3855 3095/4466/3834

v 54.7546 24.3322 -3.93337
vn 0.257774 0.361836 0.895895
f 3112/4471/3856 3113/4470/3857 3111/4469/3855

vn 0.371293 0.233095 0.898782
v 55.5509 25.208 -4.465
vn 0.333783 0.247956 0.909454
vn 0.333946 0.248336 0.909291
f 3112/4474/3858 3114/4473/3859 3113/4472/3860

v 56.9661 28.7842 -5.9574
vn 0.487173 0.198524 0.850442
f 3112/3566/3858 3115/3565/3861 3114/3564/3859

v 57.3461 28.8884 -6.17503
vn 0.435387 0.229974 0.870374
f 3115/3569/3861 3112/3568/3858 3116/3567/3862

vn 0.557044 0.319546 0.766546
f 3112/3572/3856 3095/3571/3834 3116/3570/3863

f 2960/3575/3613 3116/3574/3863 3095/3573/3834

v 57.4772 30.2074 -6.63121
vn 0.786465 0.267498 0.556703
f 3117/3578/3864 3116/3577/3863 2960/3576/3613

vn 0.578642 0.250111 0.776285
f 3117/3581/3865 3115/3580/3861 3116/3579/3862

v 57.0936 30.0052 -6.21733
vn 0.668653 0.280358 0.688697
f 3117/3584/3865 3118/3583/3866 3115/3582/3861

f 2961/3590/3617 3118/3589/3866 3117/3588/3865

f 2961/3593/3617 2962/3592/3616 3118/3591/3866

vn 0.251588 0.176179 0.951664
vn 0.210754 0.22393 0.951545
v 56.4936 30.7464 -6.19727
vn 0.21763 0.233526 0.947683
f 3118/2692/3867 2962/2691/3868 3119/2690/3869

vn 0.175714 0.292631 0.939942
f 2962/2695/3868 2963/2694/3870 3119/2693/3869

v 55.3801 31.0514 -6.07123
vn 0.176094 0.367086 0.913367
f 3119/2698/3869 2963/2697/3870 3120/2696/3871

f 2964/2701/3623 3120/2700/3871 2963/2699/3870

f 3120/2704/3871 2964/2703/3623 2967/2702/3626

usemtl _CoolGray1_
vn 0.201702 0.323511 0.924477
v 50.9302 30.7799 -5.07252
vn 0.166706 0.367331 0.915028
f 3120/2719/3872 2967/2718/3629 3121/2717/3873

v 49.672 30.8512 -4.91464
vn 0.994214 -0.0280897 -0.103679
f 3122/2716/3874 3121/2715/3873 2967/2714/3629

usemtl _Gray8_1
vn 0.106807 0.357923 0.927622
v 49.6971 28.694 -4.08514
vn 0.144861 0.320133 0.936232
vn 0.162501 0.34204 0.925528
f 3122/2750/3875 3123/2749/3876 3121/2748/3877

vn 0.0777339 0.359978 0.929717
f 3122/2753/3875 2968/2752/3878 3123/2751/3876

usemtl _CoolGray1_
f 2968/2713/3628 2967/2712/3629 3122/2711/3874

usemtl _Gray8_1
vn 0.0781569 0.361351 0.929149
f 3123/2756/3876 2968/2755/3878 2971/2754/3879

usemtl _CoolGray1_
v 49.6996 28.3431 -3.98265
vn 0.132203 0.276813 0.951786
vn 0.158643 0.278266 0.947312
f 3124/2774/3880 3123/2773/3881 2971/2772/3634

v 55.7224 28.2753 -5.49294
vn 0.236823 0.274773 0.931888
v 55.8322 28.6263 -5.62464
f 3123/2677/3881 3124/2676/3880 3125/2675/3882 3126/2674/3882 

usemtl _Gray8_1
v 54.9695 26.5163 -4.79776
vn 0.237248 0.267777 0.933814
vn 0.132401 0.27365 0.952673
v 49.7052 26.5163 -3.45974
vn 0.158958 0.272032 0.949068
f 3127/2673/3883 3125/2672/3883 3124/2671/3884 3128/2670/3885 

usemtl _CoolGray1_
v 55.3369 25.3383 -4.465
vn 0.189655 0.324795 0.926574
vn 0.201044 0.294257 0.934342
vn 0.145036 0.310585 0.939416
f 3129/2669/3886 3125/2668/3887 3127/2667/3888

v 56.7565 28.7856 -5.90507
vn 0.239821 0.248025 0.9386
f 3125/5059/3887 3129/5058/3886 3130/5057/3889

usemtl _Prussian_Blue_
vn 0.209425 0.33954 0.916981
vn 0.213153 0.320426 0.92298
vn 0.231963 0.239096 0.942882
f 3129/3560/3890 3114/3559/3891 3130/3558/3892

vn 0.233344 0.342336 0.910141
f 3114/3557/3891 3129/3556/3890 3113/3555/3893

v 54.3509 24.2484 -3.80166
vn 0.19208 0.336344 0.921942
v 54.5043 24.4176 -3.90589
vn 0.222354 0.351868 0.909256
f 3131/3530/3894 3113/3529/3893 3129/3528/3890 3132/3527/3895 

v 54.4796 24.0301 -3.74889
vn 0.194656 0.333542 0.92242
f 3133/3526/3896 3113/3525/3893 3131/3524/3894

vn 0.139303 0.438372 0.887933
f 3113/3523/3893 3133/3522/3896 3111/3521/3897

v 56.3661 24.3787 -4.36818
vn 0.0842442 0.451949 0.888057
f 3134/3520/3898 3111/3519/3897 3133/3518/3896

vn 0.179825 0.387438 0.904187
f 3111/3517/3897 3134/3516/3898 3110/3515/3899

v 57.7579 25.7556 -5.06379
vn 0.284325 0.343965 0.894901
f 3110/3514/3899 3134/3513/3898 3135/3512/3900

vn 0.0903367 0.466982 0.87964
v 57.7656 22.6453 -3.37208
vn 0.13386 0.675718 0.724905
vn 0.276506 0.423079 0.862872
f 3134/3331/3901 3136/3330/3902 3135/3329/3903

f 2985/3328/3653 3136/3327/3902 3134/3326/3901

v 57.754 22.0907 -1.66424
vn 0.13931 0.796112 0.588896
f 2985/3322/3653 3137/3321/3904 3136/3320/3902

vn 0.0418947 0.662892 0.747542
f 2985/3325/3655 2987/3324/3657 3137/3323/3905

v 55.2019 20.5116 -0.520292
vn -0.0305239 0.162063 0.986308
f 2987/2562/3657 3138/2561/3906 3137/2560/3905

f 2987/2565/3657 2989/2564/3659 3138/2563/3906

f 2989/2568/3659 2991/2567/3661 3138/2566/3906

f 2991/2553/3661 2994/2552/3664 3138/2551/3906

vn 0.0666984 0.187415 0.980014
f 2994/2556/3664 3000/2555/3907 3138/2554/3906

f 2997/3295/3669 3000/3294/3672 2994/3293/3665

f 3000/2559/3907 3137/2558/3905 3138/2557/3906

vn 0.164535 0.714839 0.679657
v 66.1721 22.1105 -4.13355
vn 0.171554 0.69659 0.696657
f 3137/3313/3904 3000/3312/3908 3139/3311/3909

vn 0.113438 0.829994 0.546115
f 3139/3310/3909 3000/3309/3908 3001/3308/3910

vn 0.194439 0.791605 0.579272
f 3002/3307/3911 3139/3306/3909 3001/3305/3910

v 70.3785 22.1962 -5.15887
vn 0.234344 0.583072 0.777888
f 3140/4144/3912 3139/4143/3909 3002/4142/3911

v 66.1758 22.7378 -4.54089
vn 0.148461 0.709355 0.689039
f 3140/4147/3912 3141/4146/3913 3139/4145/3909

v 70.3277 22.8422 -5.49206
vn 0.208428 0.629361 0.74864
f 3141/3364/3913 3140/3363/3912 3142/3362/3914

v 72.8924 22.9468 -6.48031
vn 0.456623 0.544103 0.70388
f 3142/3367/3914 3140/3366/3912 3143/3365/3915

v 72.9555 22.2858 -6.24176
vn 0.49436 0.58554 0.642457
f 3144/3370/3916 3143/3369/3915 3140/3368/3912

v 74.8586 22.4188 -8.53008
vn 0.782934 0.389959 0.484712
f 3143/3373/3915 3144/3372/3916 3145/3371/3917

v 75.2986 21.2897 -7.93696
vn 0.685355 0.567771 0.455987
f 3144/3376/3916 3146/3375/3918 3145/3374/3917

v 73.3164 21.2216 -5.18285
vn 0.463646 0.698995 0.544461
f 3147/4135/3919 3146/4134/3918 3144/4133/3916

vn 0.636701 -0.270472 0.72212
vn 0.846034 -0.267507 0.461158
f 3147/4023/3920 3004/4022/3676 3146/4021/3921

f 3002/4020/3674 3004/4019/3676 3147/4018/3920

f 3144/4138/3916 3002/4137/3911 3147/4136/3919

f 3140/4141/3912 3002/4140/3911 3144/4139/3916

v 74.9831 19.5447 -8.30199
vn 0.864305 -0.186226 0.467223
f 3146/4026/3921 3004/4025/3676 3148/4024/3922

f 3004/4029/3676 3042/4028/3739 3148/4027/3922

v 72.837 15.7795 -5.827
vn 0.565222 -0.355817 0.744257
f 3149/4086/3923 3042/4085/3739 3004/4084/3676

f 3038/4083/3735 3042/4082/3739 3149/4081/3923

v 72.1166 13.694 -6.78909
vn 0.446737 -0.506915 0.7372
f 3038/4111/3735 3149/4110/3923 3150/4109/3924

v 72.1166 15.3731 -5.78034
vn 0.317389 -0.467956 0.824792
f 3149/4095/3923 3151/4094/3925 3150/4093/3924

f 3151/4092/3925 3149/4091/3923 3005/4090/3677

f 3004/4089/3676 3005/4088/3677 3149/4087/3923

vn 0.37263 -0.440714 0.816651
vn 0.387963 -0.357278 0.84961
v 71.8165 15.2925 -5.68657
vn 0.391018 -0.420011 0.81896
f 3151/4114/3926 3005/4113/3927 3152/4112/3928

v 71.3668 15.9305 -5.15974
vn 0.398191 -0.301511 0.866334
f 3005/4117/3927 3153/4116/3929 3152/4115/3928

f 3153/4120/3929 3005/4119/3927 3006/4118/3680

f 3006/4129/3680 3008/4128/3682 3153/4127/3929

vn -0.208233 -0.843689 0.494802
f 3008/3937/3683 3010/3936/3686 3153/3935/3930

v 70.8889 15.5022 -6.09784
vn -0.309549 -0.796915 0.518755
f 3153/3934/3930 3010/3933/3686 3154/3932/3931

vn -0.500026 -0.635478 0.588337
f 3153/3931/3930 3154/3930/3931 3152/3929/3932

v 71.1849 15.0843 -6.45109
vn -0.583222 -0.517335 0.626272
f 3152/3928/3932 3154/3927/3931 3155/3926/3933

v 71.8165 13.7956 -6.58716
vn -0.659689 -0.131683 0.739912
f 3152/3925/3932 3155/3924/3933 3156/3923/3934

v 71.186 13.9602 -7.11705
vn -0.596214 0.157633 0.787198
f 3156/3922/3934 3155/3921/3933 3157/3920/3935

v 70.8406 12.7224 -6.67439
vn -0.735343 0.173803 0.655029
f 3156/3919/3934 3157/3918/3935 3158/3917/3936

v 70.5359 13.1768 -7.10266
vn -0.157935 -0.728703 -0.66637
f 3158/3916/3936 3157/3915/3935 3159/3914/3937

vn 0.442168 -0.555684 -0.704061
f 3158/3885/3936 3036/3884/3938 3159/3883/3937

vn 0.380979 -0.54573 0.746346
f 3037/3882/3733 3158/3881/3939 3036/3880/3732

vn 0.415284 -0.480696 0.772315
f 3037/4105/3733 3150/4104/3940 3158/4103/3939

f 3037/4108/3734 3038/4107/3735 3150/4106/3924

vn 0.387382 -0.453649 0.802582
f 3150/4102/3940 3156/4101/3941 3158/4100/3939

f 3152/4099/3928 3156/4098/3941 3150/4097/3940 3151/4096/3926 

v 68.6962 12.5725 -6.96833
vn 0.998939 0.0158701 -0.0432283
f 3160/3888/3942 3159/3887/3937 3036/3886/3938

vn 0.165751 0.631416 0.757523
v 65.4236 12.5368 -6.09784
vn 0.191224 0.54065 0.819226
f 3035/3892/3943 3036/3891/3938 3160/3890/3942 3161/3889/3944 

vn 0.301582 0.349291 0.887155
f 3035/3904/3943 3161/3903/3944 3034/3902/3945

v 63.0149 12.9176 -5.61854
vn 0.407489 0.175852 0.896119
f 3034/3907/3945 3161/3906/3944 3162/3905/3946

v 60.7962 12.728 -4.36033
vn 0.526442 -0.0311329 0.849641
f 3034/3910/3945 3162/3909/3946 3163/3908/3947

v 62.3703 13.337 -5.33811
vn 0.546264 -0.195545 0.814468
f 3163/3913/3947 3162/3912/3946 3164/3911/3948

f 3163/3241/3947 3164/3240/3948 3018/3239/3694

f 3018/3244/3694 3164/3243/3948 3017/3242/3693

vn 0.163051 -0.456613 0.874597
f 3020/3238/3698 3163/3237/3949 3018/3236/3696

vn 0.135328 -0.416103 0.899191
f 3033/3235/3950 3163/3234/3949 3020/3233/3698

vn 0.167648 -0.466429 0.868526
f 3163/3232/3949 3033/3231/3950 3034/3230/3951

vn 0.0755196 -0.344157 0.93587
f 3032/5074/3952 3033/5073/3950 3020/5072/3698

f 3020/3262/3700 3022/3261/3702 3032/3260/3721

f 3022/3265/3702 3029/3264/3722 3032/3263/3721

usemtl _CoolGray8_
f 3023/3268/3704 3029/3267/3718 3022/3266/3705

usemtl _Prussian_Blue_
v 76.202 19.8112 -11.333
vn 0.946524 -0.206172 0.248165
f 3042/4032/3739 3165/4031/3953 3148/4030/3922

v 75.8174 15.9129 -11.5149
vn 0.954718 -0.185626 0.232503
f 3166/4041/3954 3165/4040/3953 3042/4039/3739

v 76.7273 19.084 -14.7273
vn 0.984519 -0.0833832 0.154176
f 3166/4044/3954 3167/4043/3955 3165/4042/3953

f 3049/4047/3749 3167/4046/3955 3166/4045/3954

f 3049/4050/3749 3055/4049/3781 3167/4048/3955

vn 0.960215 -0.232312 0.154979
f 3054/4053/3956 3055/4052/3781 3049/4051/3749

f 3054/4056/3956 3049/4055/3749 3050/4054/3750

v 76.8081 20.5819 -15.3479
vn 0.991275 -0.120723 0.0529187
f 3167/3400/3955 3055/3399/3781 3168/3398/3957

f 3055/3403/3781 3063/3402/3782 3168/3401/3957

vn 0.94788 -0.318575 0.00584339
f 3063/3406/3782 3064/3405/3958 3168/3404/3957

f 3064/3394/3958 3165/3393/3953 3168/3392/3957

v 76.7092 21.3515 -11.2833
vn 0.916231 -0.309939 0.253888
f 3169/3391/3959 3165/3390/3953 3064/3389/3958

f 3169/4038/3959 3146/4037/3921 3165/4036/3953

vn 0.87291 0.412427 0.260637
f 3146/3379/3918 3169/3378/3960 3145/3377/3917

f 3145/3382/3917 3169/3381/3960 3067/3380/3786

f 3067/3385/3786 3169/3384/3960 3065/3383/3784

f 3065/3388/3784 3169/3387/3960 3064/3386/3783

f 3068/3437/3787 3145/3436/3917 3067/3435/3786

v 74.7068 23.1211 -8.80876
vn 0.692336 0.445132 0.567916
f 3145/3434/3917 3068/3433/3787 3170/3432/3961

v 75.7433 25.7876 -12.4983
vn 0.824641 0.322502 0.464715
f 3069/3431/3788 3171/3430/3962 3170/3429/3961 3068/3428/3787 

v 75.8309 26.0118 -12.8075
vn 0.801998 0.370223 0.468758
vn 0.825654 0.31926 0.465154
f 3070/4203/3790 3172/4202/3963 3171/4201/3964 3069/4200/3789 

v 75.9382 26.2882 -13.1918
vn 0.843102 0.343226 0.413974
vn 0.819514 0.331551 0.467408
f 3173/4870/3965 3172/4869/3966 3070/4868/3793

v 74.55 26.1793 -10.944
vn 0.693021 0.466671 0.549491
f 3173/4212/3965 3174/4211/3967 3172/4210/3966

v 74.5377 28.1297 -12.6414
vn 0.681247 0.471108 0.560322
f 3173/4215/3965 3175/4214/3968 3174/4213/3967

v 74.6076 29.3113 -13.6405
vn 0.683686 0.435961 0.585245
f 3173/4768/3965 3176/4767/3969 3175/4766/3968

v 75.3931 29.4472 -14.5799
vn 0.755777 0.437631 0.487115
f 3176/4765/3969 3173/4764/3965 3177/4763/3970

f 3177/3768/3970 3173/3767/3965 3075/3766/3804

f 3075/3771/3804 3173/3770/3965 3071/3769/3792

f 3070/3774/3793 3071/3773/3792 3173/3772/3965

f 3073/4891/3805 3075/4890/3804 3071/4889/3792

f 3073/4894/3805 3071/4893/3792 3072/4892/3794

v 74.5403 32.3029 -16.1085
vn 0.683278 0.646025 0.340269
f 3177/3765/3970 3075/3764/3804 3178/3763/3971

f 3178/3762/3971 3075/3761/3804 3085/3760/3821

f 3085/1529/3821 3075/1528/3804 3076/1527/3806

f 3078/1526/3808 3085/1525/3821 3076/1524/3806

v 72.9332 36.7843 -26.4067
vn 0.694281 0.697159 0.178728
f 3085/3759/3821 3179/3758/3972 3178/3757/3971

f 3085/1517/3821 3086/1516/3822 3179/1515/3972

vn 0.0797297 0.976226 0.201559
f 3179/1514/3973 3086/1513/3823 3087/1512/3825

v 72.1082 34.6794 -17.8879
vn 0.0970283 0.947389 0.305025
f 3179/3753/3973 3087/3752/3825 3180/3751/3974

v 71.8122 34.6961 -17.8382
vn 0.115379 0.924748 0.362668
f 3180/3750/3974 3087/3749/3825 3181/3748/3975

vn 0.155759 0.928005 0.338447
f 3087/3744/3826 3088/3743/3827 3181/3742/3976

v 69.3866 34.8347 -17.4191
vn 0.047175 0.912504 0.406339
f 3182/3741/3977 3181/3740/3976 3088/3739/3827

v 71.5585 33.6193 -15.4456
vn 0.126508 0.900741 0.415526
f 3182/3732/3977 3183/3731/3978 3181/3730/3976

v 70.2524 33.6688 -15.1447
vn 0.0704444 0.898312 0.433674
f 3183/3735/3978 3182/3734/3977 3184/3733/3979

v 68.4946 33.1454 -14.0701
vn 0.0157044 0.867846 0.496584
f 3182/3738/3977 3185/3737/3980 3184/3736/3979

f 3182/3711/3977 3101/3710/3840 3185/3709/3980

f 3100/3708/3839 3101/3707/3840 3182/3706/3977

f 3088/3705/3827 3100/3704/3839 3182/3703/3977

f 3089/3702/3828 3100/3701/3839 3088/3700/3827

f 3089/4609/3828 3091/4608/3830 3100/4607/3839

v 67.2946 32.2731 -12.7962
vn -0.000900209 0.802286 0.596939
f 3101/3714/3840 3186/3713/3981 3185/3712/3980

v 66.5227 31.3136 -11.5925
vn -0.00945771 0.791142 0.611559
f 3101/4687/3840 3187/4686/3982 3186/4685/3981

v 65.5911 30.7376 -10.8332
vn 0.0171875 0.791036 0.611528
f 3101/4681/3840 3188/4680/3983 3187/4679/3982

f 3101/4684/3840 3102/4683/3841 3188/4682/3983

vn 0.136415 0.535858 0.833215
f 3102/4672/3844 3103/4671/3843 3188/4670/3984

v 65.651 30.5805 -10.76
vn 0.172709 0.547079 0.81907
f 3103/4675/3843 3189/4674/3985 3188/4673/3984

v 65.2041 29.2936 -10.4019
vn 0.111504 0.450287 0.885894
vn 0.265559 0.275986 0.923748
vn 0.222607 0.368249 0.902684
f 3190/4822/3986 3189/4821/3987 3103/4820/3988

v 66.412 29.4491 -10.4852
vn 0.142935 0.457837 0.877471
f 3191/4819/3989 3189/4818/3987 3190/4817/3986

v 67.0063 30.952 -11.6754
vn 0.537564 0.333559 0.774444
f 3192/4816/3990 3189/4815/3987 3191/4814/3989

v 66.6014 31.1279 -11.432
vn 0.57387 0.235825 0.784257
f 3192/4696/3990 3193/4695/3991 3189/4694/3987

v 67.4155 32.1472 -12.6501
vn 0.573724 0.375051 0.728133
f 3192/4699/3990 3194/4698/3992 3193/4697/3991

v 67.6748 31.7717 -12.6584
vn 0.556304 0.37193 0.743097
f 3194/4813/3992 3192/4812/3990 3195/4811/3993

usemtl _CoolGray1_
vn 0.843104 -0.113127 0.525717
v 69.1889 29.6919 -15.3458
vn 0.747797 -0.279808 0.602086
vn 0.749934 -0.235478 0.618182
f 3192/4275/3994 3196/4274/3995 3195/4273/3996

v 69.0225 29.2635 -15.3458
vn 0.854197 -0.107575 0.5087
f 3192/4278/3994 3197/4277/3997 3196/4276/3995

vn 0.883114 0.0873155 0.460961
f 3191/4281/3998 3197/4280/3997 3192/4279/3994

v 68.9997 28.8156 -15.3458
vn 0.878038 0.17526 0.445347
f 3198/4284/3999 3197/4283/3997 3191/4282/3998

usemtl _White_
v 69.3761 29.9254 -15.3458
v 69.1893 28.2446 -15.3458
v 69.5236 28.1031 -15.3458
v 70.001 28.0692 -15.3458
v 70.6453 28.2869 -15.3458
v 70.8761 28.5093 -15.3458
v 71.0825 28.8542 -15.3458
v 71.1257 29.4987 -15.3458
v 70.9818 29.897 -15.3458
v 70.5258 30.2259 -15.3458
v 70.0927 30.2737 -15.3458
v 69.6371 30.1214 -15.3458
f 3199/4257/1438 3196/4256/1438 3197/4255/1438 3198/4254/1438 3200/4253/1438 3201/4252/1438 3202/4251/1438 3203/4250/1438 3204/4249/1438 3205/4248/1438 3206/4247/1438 3207/4246/1438 3208/4245/1438 3209/4244/1438 3210/4243/1438 

usemtl _CoolGray1_
vn 0.579377 -0.370194 0.72614
f 3195/4272/3996 3196/4271/3995 3199/4270/4000

v 68.6069 32.4589 -13.658
vn 0.581253 -0.311476 0.75175
f 3195/4269/3996 3199/4268/4000 3211/4267/4001

vn 0.342835 -0.334206 0.877935
f 3199/4266/4000 3210/4265/4002 3211/4264/4001

v 70.2341 32.9937 -14.7034
vn 0.268388 -0.260975 0.927286
f 3211/4263/4001 3210/4262/4002 3212/4261/4003

vn 0.0601613 -0.205739 0.976756
f 3212/4260/4003 3210/4259/4002 3209/4258/4004

v 71.781 32.826 -14.9341
vn -0.0175836 -0.155975 0.987604
f 3212/4804/4003 3209/4803/4004 3213/4802/4005

vn -0.0954019 -0.129965 0.986918
f 3213/4801/4005 3209/4800/4004 3208/4799/4006

v 73.4095 31.6716 -14.774
vn -0.219012 -0.00636599 0.975701
f 3213/4798/4005 3208/4797/4006 3214/4796/4007

vn -0.283147 -0.020722 0.958853
f 3214/4795/4007 3208/4794/4006 3207/4793/4008

v 73.9233 30.2745 -14.2167
vn -0.406543 0.253036 0.877893
f 3214/4792/4007 3207/4791/4008 3215/4790/4009

vn -0.553444 0.197099 0.809229
f 3215/4789/4009 3207/4788/4008 3206/4787/4010

v 73.769 28.0128 -12.1813
vn -0.540089 0.540036 0.645496
f 3215/4783/4009 3206/4782/4010 3216/4781/4011

vn -0.652465 0.477923 0.588115
f 3216/4786/4011 3206/4785/4010 3205/4784/4012

v 73.032 26.8026 -10.5585
vn -0.463908 0.73903 0.488491
f 3216/4239/4011 3205/4238/4012 3217/4237/4013

vn -0.572527 0.673966 0.466887
f 3217/4242/4013 3205/4241/4012 3204/4240/4014

v 72.2079 26.0223 -9.56063
vn -0.343061 0.836403 0.42748
f 3217/4317/4013 3204/4316/4014 3218/4315/4015

vn -0.348539 0.848653 0.39788
f 3218/4314/4015 3204/4313/4014 3203/4312/4016

v 69.9065 25.2583 -8.21694
vn -0.0910333 0.924445 0.370289
f 3218/4311/4015 3203/4310/4016 3219/4309/4017

vn -0.040947 0.93098 0.362766
f 3219/4308/4017 3203/4307/4016 3202/4306/4018

v 68.2017 25.3775 -7.98973
vn 0.170566 0.913214 0.370065
f 3219/4305/4017 3202/4304/4018 3220/4303/4019

vn 0.253836 0.890484 0.377631
f 3220/4302/4019 3202/4301/4018 3201/4300/4020

v 67.0074 25.8739 -8.08698
vn 0.505033 0.764369 0.400851
f 3220/4299/4019 3201/4298/4020 3221/4297/4021

vn 0.700927 0.574118 0.42319
f 3221/4296/4021 3201/4295/4020 3200/4294/4022

v 66.3304 27.8772 -9.28282
vn 0.836891 0.355821 0.415939
f 3221/4293/4021 3200/4292/4022 3222/4291/4023

f 3222/4290/4023 3200/4289/4022 3198/4288/3999

f 3222/4287/4023 3198/4286/3999 3191/4285/3998

usemtl _Prussian_Blue_
vn 0.131221 0.608506 0.782625
f 3222/4840/4024 3191/4839/3989 3190/4838/3986

v 65.3722 27.8676 -9.06171
vn 0.16848 0.630884 0.757364
f 3222/4837/4024 3190/4836/3986 3223/4835/4025

usemtl _CoolGray1_
vn -0.630394 0.397447 0.666813
vn -0.285355 0.106058 0.952536
v 63.61 28.2485 -10.7665
vn -0.494724 0.120936 0.860595
f 3223/4834/4026 3190/4833/4027 3224/4832/4028

v 63.2888 28.5454 -10.7665
vn -0.0998118 -0.151484 0.983407
f 3190/4831/4027 3225/4830/4029 3224/4829/4028

v 64.2864 30.1498 -10.4268
vn -0.00543468 -0.217538 0.976037
f 3226/4828/4030 3225/4827/4029 3190/4826/4027

v 62.9507 28.595 -10.7665
vn 0.0693478 -0.283624 0.956425
f 3227/4846/4031 3225/4845/4029 3226/4844/4030

usemtl _White_
v 62.8877 26.7918 -10.7665
v 63.3586 27.0101 -10.7665
v 63.6688 27.754 -10.7665
v 62.3602 28.4424 -10.7665
v 62.0439 28.1527 -10.7665
v 61.9036 27.8066 -10.7665
v 61.9016 27.4369 -10.7665
v 62.5113 26.7918 -10.7665
f 3228/4390/1438 3229/4389/1438 3230/4388/1438 3224/4387/1438 3225/4386/1438 3227/4385/1438 3231/4384/1438 3232/4383/1438 3233/4382/1438 3234/4381/1438 3235/4380/1438 

usemtl _CoolGray1_
v 63.1405 25.0932 -6.4995
vn -0.157438 0.911056 0.381039
vn -0.507159 0.753709 0.417987
vn -0.097239 0.925759 0.365398
f 3236/4406/4032 3229/4405/4033 3228/4404/4034

v 64.486 25.7227 -7.32988
vn -0.563854 0.678321 0.471115
f 3237/4409/4035 3229/4408/4033 3236/4407/4032

vn -0.747386 0.325263 0.579326
f 3237/4379/4035 3230/4378/4036 3229/4377/4033

f 3223/4376/4026 3230/4375/4036 3237/4374/4035

f 3223/4843/4026 3224/4842/4028 3230/4841/4036

usemtl _Prussian_Blue_
vn 0.154977 0.651555 0.742602
f 3222/4373/4024 3223/4372/4025 3237/4371/4037

vn 0.194087 0.718836 0.667537
f 3221/4370/4038 3222/4369/4024 3237/4368/4037

v 65.0266 25.4731 -7.1611
vn 0.117139 0.754411 0.645866
f 3238/4367/4039 3221/4366/4038 3237/4365/4037

v 66.4961 25.4833 -7.44458
vn 0.179396 0.770695 0.611429
f 3221/4364/4038 3238/4363/4039 3239/4362/4040

vn 0.259848 0.3996 0.87909
v 66.3952 25.2946 -7.31897
vn 0.146267 0.466753 0.872209
vn 0.149306 0.49146 0.858006
f 3238/3470/4041 3240/3469/4042 3239/3468/4043

v 65.1098 25.2946 -7.09393
vn 0.218663 0.431363 0.875278
f 3241/3473/4044 3240/3472/4042 3238/3471/4041

vn 0.0870808 0.72185 0.686549
vn 0.178914 0.716853 0.673878
f 3241/3352/4045 3141/3351/3913 3240/3350/4046

v 63.3519 24.4225 -6.05379
vn 0.112421 0.761593 0.63823
f 3242/3349/4047 3141/3348/3913 3241/3347/4045

v 61.7227 24.4225 -5.57754
vn 0.159461 0.683728 0.712101
f 3243/3346/4048 3141/3345/3913 3242/3344/4047

f 3136/3343/3902 3141/3342/3913 3243/3341/4048

f 3136/3319/3902 3137/3318/3904 3141/3317/3913

f 3141/3316/3913 3137/3315/3904 3139/3314/3909

v 60.3508 25.208 -5.74109
vn 0.216322 0.536091 0.815973
f 3244/3340/4049 3136/3339/3902 3243/3338/4048

v 59.6655 26.4289 -6.35166
vn 0.380339 0.417747 0.825124
f 3245/3337/4050 3136/3336/3902 3244/3335/4049

f 3135/3334/3903 3136/3333/3902 3245/3332/4050

v 58.552 26.56 -5.79953
vn 0.449422 0.342539 0.825037
f 3245/5065/4050 3246/5064/4051 3135/5063/3903

v 59.6344 26.954 -6.57103
vn 0.447548 0.367155 0.815413
f 3245/3504/4050 3247/3503/4052 3246/3502/4051

v 59.8817 26.4924 -6.39265
vn 0.0437852 0.428837 0.90232
v 59.854 26.9786 -6.59458
vn 0.0578438 0.37952 0.923374
vn 0.0527321 0.381461 0.922879
vn 0.0202053 0.431124 0.902067
f 3248/3501/4053 3249/3500/4054 3247/3499/4055 3245/3498/4056 

vn 0.49059 0.462132 0.738753
v 60.3229 26.9534 -6.97313
vn 0.554986 0.380343 0.739818
vn 0.60383 0.329066 0.72602
f 3248/4432/4057 3250/4431/4058 3249/4430/4059

v 61.0515 25.6227 -6.2906
vn 0.305158 0.629965 0.714159
v 60.5194 25.3339 -5.79691
vn 0.326258 0.618645 0.714727
f 3251/4429/4060 3250/4428/4058 3248/4427/4057 3252/4426/4061 

usemtl _CoolGray1_
vn 0.530646 0.766518 0.361753
v 62.1566 26.9754 -10.7665
vn 0.672741 0.635846 0.378312
vn 0.828195 0.403717 0.388722
f 3251/4864/4062 3253/4863/4063 3250/4862/4064

vn 0.283268 0.889125 0.359467
f 3251/4394/4062 3235/4393/4065 3253/4392/4063

v 62.0651 25.0932 -6.17983
vn 0.172841 0.917032 0.359415
f 3254/4397/4066 3235/4396/4065 3251/4395/4062

f 3254/4400/4066 3228/4399/4034 3235/4398/4065

f 3236/4403/4032 3228/4402/4034 3254/4401/4066

usemtl _Prussian_Blue_
vn 0.174579 0.671151 0.720471
vn 0.236903 0.662162 0.710928
v 61.8326 24.5899 -5.63337
vn 0.253695 0.661411 0.705815
v 63.2843 24.5899 -6.06556
vn 0.148919 0.679093 0.718788
f 3236/4419/4067 3254/4418/4068 3255/4417/4069 3256/4416/4070 

f 3255/4422/4069 3254/4421/4068 3251/4420/4060

f 3251/4425/4060 3252/4424/4061 3255/4423/4069

vn 0.0299377 0.380612 0.92425
vn 0.170531 0.232402 0.957553
vn 0.165602 0.212579 0.963009
f 3252/3488/4071 3243/3487/4072 3255/3486/4073

vn 0.0225509 0.37971 0.924831
f 3243/3491/4072 3252/3490/4071 3244/3489/4074

f 3252/3494/4071 3245/3493/4056 3244/3492/4074

f 3248/3497/4053 3245/3496/4056 3252/3495/4071

vn 0.330749 0.182163 0.925971
f 3256/3485/4075 3255/3484/4073 3243/3483/4072

vn 0.331567 0.290467 0.897604
f 3256/3482/4075 3243/3481/4072 3242/3480/4076

f 3238/3479/4041 3256/3478/4075 3242/3477/4076

f 3237/4415/4037 3256/4414/4070 3238/4413/4039

f 3256/4412/4070 3237/4411/4037 3236/4410/4067

f 3238/3476/4041 3242/3475/4076 3241/3474/4044

usemtl _White_
f 3253/4391/1438 3235/4380/1438 3234/4381/1438

usemtl _CoolGray1_
vn 0.887744 0.20423 0.412553
f 3250/4861/4064 3253/4860/4063 3234/4859/4077

v 60.3289 28.0195 -7.42059
vn 0.907222 0.0502107 0.417644
f 3250/4858/4064 3234/4857/4077 3257/4856/4078

vn 0.878223 -0.111909 0.464974
f 3257/4855/4078 3234/4854/4077 3233/4853/4079

v 60.7295 29.0175 -8.25663
vn 0.845879 -0.199126 0.494811
f 3257/4852/4078 3233/4851/4079 3258/4850/4080

vn 0.708503 -0.375999 0.597201
f 3258/4849/4080 3233/4848/4079 3232/4847/4081

v 61.6333 29.8526 -9.25186
vn 0.618587 -0.430683 0.657162
f 3258/4495/4080 3232/4494/4081 3259/4493/4082

vn 0.37287 -0.454386 0.809013
f 3259/4498/4082 3232/4497/4081 3231/4496/4083

v 63.3204 30.2926 -10.2183
vn 0.261296 -0.39005 0.882941
f 3259/4501/4082 3231/4500/4083 3260/4499/4084

f 3260/4504/4084 3231/4503/4083 3227/4502/4031

f 3226/4507/4030 3260/4506/4084 3227/4505/4031

usemtl _Prussian_Blue_
vn 0.317384 0.403972 0.857948
vn 0.29112 0.401334 0.868435
f 3103/4510/3988 3260/4509/4085 3226/4508/4086

vn 0.319071 0.401686 0.858395
f 3260/4513/4085 3103/4512/3988 3104/4511/4087

vn 0.426398 0.382887 0.819501
f 3260/4537/4085 3104/4536/4087 3105/4535/4088

vn 0.470639 0.373834 0.799217
f 3105/4534/4088 3259/4533/4089 3260/4532/4085

vn 0.523884 0.386556 0.759026
f 3259/4531/4089 3105/4530/4088 3106/4529/4090

vn 0.521616 0.389594 0.759035
f 3106/4492/4090 3258/4491/4091 3259/4490/4089

vn 0.54609 0.377391 0.747905
f 3258/4489/4091 3106/4488/4090 3257/4487/4092

v 59.8019 27.8989 -6.974
vn 0.571091 0.352853 0.741181
f 3257/4486/4092 3106/4485/4090 3261/4484/4093

vn 0.0406754 0.512966 0.857445
f 3107/4483/3850 3261/4482/4094 3106/4481/3849

v 59.844 27.1614 -6.66741
vn 0.0440194 0.382655 0.922842
f 3261/4441/4094 3107/4440/3850 3262/4439/4095

vn 0.0423228 0.386507 0.921315
f 3262/4444/4095 3107/4443/3850 3108/4442/4096

f 3262/4456/4095 3108/4455/4096 3247/4454/4055

vn 0.454393 0.362854 0.81355
vn 0.457076 0.336755 0.823212
vn 0.46028 0.345716 0.817693
f 3108/4453/4097 3109/4452/4098 3247/4451/4099

vn 0.458283 0.323606 0.827801
f 3247/3507/4099 3109/3506/4098 3246/3505/4100

f 3246/3511/4100 3109/3510/4098 3110/3509/3899 3135/3508/3900 

f 3262/4459/4095 3247/4458/4055 3249/4457/4054

vn 0.605514 0.328821 0.724727
f 3249/4435/4059 3250/4434/4058 3262/4433/4101

f 3250/4438/4058 3261/4437/4093 3262/4436/4101

f 3250/4867/4058 3257/4866/4092 3261/4865/4093

f 3103/4825/3988 3226/4824/4086 3190/4823/3986

v 67.8957 24.6845 -7.21081
vn 0.196784 0.727547 0.657231
f 3240/3355/4046 3141/3354/3913 3263/3353/4102

v 70.167 24.5098 -7.5523
vn 0.159282 0.756518 0.634279
f 3263/3358/4102 3141/3357/3913 3264/3356/4103

f 3264/3361/4103 3141/3360/3913 3142/3359/3914

f 3143/5071/3915 3264/5070/4103 3142/5069/3914

v 72.4384 25.3362 -8.99847
vn 0.400741 0.641572 0.654058
f 3265/5068/4104 3264/5067/4103 3143/5066/3915

vn 0.413092 0.455645 0.788507
v 72.3141 25.4737 -9.01286
vn 0.44543 0.405686 0.79813
vn 0.33704 0.317294 0.886413
f 3265/3452/4105 3266/3451/4106 3264/3450/4107

v 73.4797 26.3292 -10.275
vn 0.475486 0.461194 0.749142
f 3267/3449/4108 3266/3448/4106 3265/3447/4105

v 73.2637 26.3938 -10.1751
vn 0.483741 0.449091 0.751207
v 73.4254 26.5499 -10.3714
vn 0.521125 0.491724 0.697593
f 3268/4327/4109 3266/4326/4106 3267/4325/4108 3269/4324/4110 

vn 0.142338 0.716527 0.682883
vn 0.150061 0.725972 0.671153
vn 0.167322 0.712704 0.681217
f 3268/4345/4111 3218/4344/4112 3266/4343/4113

vn 0.152135 0.728741 0.667677
f 3268/4320/4111 3217/4319/4114 3218/4318/4112

vn 0.148036 0.742134 0.653699
f 3217/4323/4114 3268/4322/4111 3269/4321/4115

vn 0.189409 0.689916 0.69867
f 3269/4236/4115 3216/4235/4116 3217/4234/4114

v 74.347 28.1675 -12.4835
vn 0.171027 0.705251 0.688019
f 3216/4233/4116 3269/4232/4115 3270/4231/4117

vn 0.544585 0.534047 0.646699
vn 0.61093 0.492064 0.620192
f 3269/4224/4110 3175/4223/4118 3270/4222/4119

v 73.6417 26.4844 -10.4739
vn 0.489372 0.519828 0.70021
f 3271/4221/4120 3175/4220/4118 3269/4219/4110

vn 0.521182 0.562131 0.642167
f 3174/4218/3967 3175/4217/3968 3271/4216/4121

vn 0.521003 0.436005 0.733795
v 74.6509 25.9419 -10.8681
vn 0.654847 0.435072 0.617971
vn 0.645181 0.467476 0.604324
f 3271/4336/4122 3272/4335/4123 3174/4334/4124

vn 0.516674 0.418335 0.747023
f 3272/4333/4123 3271/4332/4122 3267/4331/4125

f 3267/4330/4108 3271/4329/4120 3269/4328/4110

vn 0.475056 0.509587 0.717387
vn 0.662376 0.450273 0.598759
f 3267/4339/4126 3170/4338/3961 3272/4337/4127

f 3267/3446/4126 3265/3445/4104 3170/3444/3961

f 3143/3443/3915 3170/3442/3961 3265/3441/4104

f 3145/3440/3917 3170/3439/3961 3143/3438/3915

f 3272/4342/4127 3170/4341/3961 3171/4340/3962

f 3171/4206/3964 3172/4205/3963 3272/4204/4123

f 3272/4209/4123 3172/4208/3963 3174/4207/4124

v 74.4169 29.307 -13.5088
vn 0.508671 0.553196 0.659719
f 3273/4227/4128 3270/4226/4119 3175/4225/4118

vn 0.225521 0.64032 0.734255
f 3216/4230/4116 3270/4229/4117 3273/4228/4129

v 74.3892 30.2703 -14.33
vn 0.21582 0.576839 0.787831
f 3216/4777/4116 3273/4776/4129 3274/4775/4130

vn 0.429352 0.580196 0.692119
vn 0.421347 0.552417 0.719238
f 3273/4774/4128 3176/4773/4131 3274/4772/4132

f 3273/4771/4128 3175/4770/4118 3176/4769/4131

v 74.581 30.3104 -14.4639
vn 0.486641 0.528741 0.695423
f 3274/4759/4132 3176/4758/4131 3275/4757/4133

vn 0.622832 0.505696 0.596952
f 3177/4762/3970 3275/4761/4134 3176/4760/3969

v 73.889 32.1313 -15.279
vn 0.575857 0.581535 0.574635
f 3177/4750/3970 3276/4749/4135 3275/4748/4134

f 3177/4747/3970 3178/4746/3971 3276/4745/4135

v 71.8693 33.6077 -15.5159
vn 0.470105 0.753682 0.459308
f 3178/4738/3971 3277/4737/4136 3276/4736/4135

vn 0.527547 0.784304 0.326436
f 3178/4741/3971 3180/4740/4137 3277/4739/4136

f 3178/3756/3971 3179/3755/3972 3180/3754/4137

vn 0.124537 0.899616 0.418548
f 3277/4744/4138 3180/4743/3974 3181/4742/3975

vn 0.128054 0.899243 0.418287
f 3181/3729/3975 3183/3728/4139 3277/3727/4138

vn 0.145744 0.792387 0.592353
v 70.2369 33.508 -14.9258
v 71.7729 33.4496 -15.279
vn 0.340986 0.723022 0.600805
vn 0.294145 0.735934 0.60982
vn 0.165933 0.788812 0.591812
f 3184/3726/4140 3278/3725/4140 3279/3724/4141 3277/3723/4142 3183/3722/4143 

vn 0.0988497 0.793117 0.600994
v 68.5666 33.0034 -13.8944
vn 0.0918777 0.790863 0.605058
f 3185/3721/4144 3280/3720/4145 3278/3719/4140 3184/3718/4140 

vn 0.0959032 0.760308 0.642444
f 3186/3717/4146 3280/3716/4145 3185/3715/4144

vn 0.045354 0.774987 0.630348
f 3186/4705/4146 3194/4704/4147 3280/4703/4145

vn 0.118521 0.713507 0.690551
f 3194/4702/4147 3186/4701/4146 3193/4700/4148

vn 0.228899 0.628217 0.743605
f 3186/4690/4146 3187/4689/4149 3193/4688/4148

f 3193/4693/4148 3187/4692/4149 3189/4691/3985

f 3187/4678/4149 3188/4677/3984 3189/4676/3985

vn 0.476487 0.371078 0.797033
f 3195/4708/3993 3280/4707/4150 3194/4706/3992

vn 0.473298 0.380054 0.7947
f 3280/4711/4150 3195/4710/3993 3211/4709/4151

vn 0.305422 0.406208 0.861228
f 3212/4714/4152 3280/4713/4150 3211/4712/4151

vn 0.316303 0.375183 0.871315
f 3280/4717/4150 3212/4716/4152 3278/4715/4153

vn 0.217888 0.446265 0.86797
f 3212/4720/4152 3279/4719/4154 3278/4718/4153

vn 0.215549 0.474773 0.853305
f 3213/4723/4155 3279/4722/4154 3212/4721/4152

vn 0.23502 0.450927 0.861064
f 3214/4726/4156 3279/4725/4154 3213/4724/4155

v 73.7648 32.006 -15.0366
vn 0.223654 0.438472 0.870472
f 3214/4729/4156 3281/4728/4157 3279/4727/4154

vn 0.213953 0.509751 0.833293
f 3215/4807/4158 3281/4806/4157 3214/4805/4156

f 3215/4810/4158 3274/4809/4130 3281/4808/4157

f 3274/4780/4130 3215/4779/4158 3216/4778/4116

vn 0.507946 0.562519 0.652352
f 3274/4756/4132 3275/4755/4133 3281/4754/4159

vn 0.4987 0.626919 0.598557
f 3281/4753/4159 3275/4752/4133 3276/4751/4160

f 3281/4732/4159 3276/4731/4160 3279/4730/4141

f 3276/4735/4160 3277/4734/4142 3279/4733/4141

v 70.1548 24.6991 -7.60245
vn 0.148883 0.743601 0.651837
f 3218/4348/4112 3282/4347/4161 3266/4346/4113

vn 0.129837 0.758516 0.638589
f 3219/4351/4162 3282/4350/4161 3218/4349/4112

vn 0.193198 0.742603 0.641261
v 67.9977 24.8455 -7.31287
vn 0.212801 0.737024 0.641491
f 3219/4355/4162 3220/4354/4163 3283/4353/4164 3282/4352/4161 

f 3221/4358/4038 3283/4357/4164 3220/4356/4163

f 3221/4361/4038 3239/4360/4040 3283/4359/4164

vn 0.137947 0.476655 0.868199
f 3283/3467/4165 3239/3466/4043 3240/3465/4042

vn 0.147711 0.400381 0.904365
f 3240/3464/4042 3263/3463/4166 3283/3462/4165

vn 0.262563 0.331306 0.906254
f 3283/3461/4165 3263/3460/4166 3282/3459/4167

f 3263/3458/4166 3264/3457/4107 3282/3456/4167

f 3282/3455/4167 3264/3454/4107 3266/3453/4106

f 3165/4035/3953 3146/4034/3921 3148/4033/3922

f 3165/3397/3953 3167/3396/3955 3168/3395/3957

f 3049/4077/3749 3166/4076/3954 3043/4075/3740

f 3042/4074/3739 3043/4073/3740 3166/4072/3954

f 3049/4065/3749 3043/4064/3740 3044/4063/3741

vn 0.14018 0.410135 0.901187
f 2985/5062/3653 3134/5061/3901 3133/5060/4168

v 52.765 23.4636 -3.36641
vn 0.0768308 0.472605 0.877919
f 3133/2611/4168 3284/2610/4169 2985/2609/3653

vn 0.154873 0.156328 0.975488
v 52.765 23.6813 -3.4013
vn 0.147753 0.18426 0.971708
f 3284/2614/4170 3133/2613/3896 3285/2612/4171

f 3131/2617/3894 3285/2616/4171 3133/2615/3896

usemtl _CoolGray1_
v 53.2269 24.5047 -3.63506
vn 0.200896 0.265725 0.942884
v 51.6409 24.2797 -3.29315
vn 0.167418 0.139417 0.975979
vn 0.208407 0.296613 0.93198
f 3286/2621/4172 3287/2620/4173 3285/2619/4173 3131/2618/4174 

usemtl _Gray8_1
vn 0.204509 0.278019 0.938553
vn 0.161603 0.200056 0.966365
f 3286/3545/4175 2977/3544/3641 3287/3543/4176

v 54.3364 25.3333 -4.22513
vn 0.231462 0.339948 0.911516
f 3288/3542/4177 2977/3541/3641 3286/3540/4175

v 54.8117 26.1669 -4.65733
vn 0.231517 0.34047 0.911307
f 3288/3551/4177 3289/3550/4178 2977/3549/3641

usemtl _CoolGray1_
vn 0.182009 0.330328 0.926151
vn 0.217953 0.35505 0.909085
f 3129/3554/3886 3289/3553/4179 3288/3552/4180

f 3289/2666/4179 3129/2665/3886 3127/2664/3888

vn 0.159012 0.271056 0.949339
vn 0.23732 0.267338 0.933922
f 3128/2663/4181 2977/2662/3640 3289/2661/4182 3127/2660/4182 

f 2977/2659/3640 3128/2658/4181 2975/2657/3638

usemtl _Gray8_1
vn 0.0794127 0.275419 0.958039
f 3124/2656/3884 2975/2655/4183 3128/2654/3885

vn 0.0791723 0.276285 0.957809
f 2973/2653/4184 2975/2652/4183 3124/2651/3884

usemtl _CoolGray1_
f 2971/2771/3634 2973/2770/3636 3124/2769/3880

vn 0.219397 0.356805 0.90805
f 3288/3533/4180 3132/3532/4185 3129/3531/3886

f 3131/3536/4174 3132/3535/4185 3288/3534/4180

f 3131/3539/4174 3288/3538/4180 3286/3537/4172

usemtl _Gray8_1
f 3287/3548/4176 2977/3547/3641 2979/3546/3643

usemtl _CoolGray1_
vn 0.117365 0.108648 0.987128
f 3287/2625/4173 2979/2624/4186 2982/2623/3647 3285/2622/4173 

f 2978/2628/3645 2982/2627/3647 2979/2626/4186

usemtl _Prussian_Blue_
f 2982/2602/3650 2984/2601/3649 3285/2600/4171

f 3285/2605/4171 2984/2604/3649 3284/2603/4170

f 2985/2608/3653 3284/2607/4169 2984/2606/3651

vn 0.236896 0.236693 0.942261
f 3130/3563/3892 3114/3562/3891 3115/3561/4187

f 3115/3587/4187 3118/3586/3867 3130/3585/3892

v 56.8795 29.9615 -6.15017
vn 0.261489 0.177503 0.948745
f 3118/2686/3867 3290/2685/4188 3130/2684/3892

f 3290/2689/4188 3118/2688/3867 3119/2687/3869

usemtl _CoolGray1_
vn 0.243901 0.179792 0.952989
vn 0.206723 0.205922 0.956484
v 56.0652 30.2666 -6.00145
vn 0.227652 0.242789 0.942989
v 56.1509 29.6565 -5.91074
vn 0.236363 0.184141 0.954057
f 3290/2738/4189 3119/2737/4190 3291/2736/4191 3292/2735/4192 

f 3291/2747/4191 3119/2746/4190 3120/2745/3872

v 55.3796 30.5287 -5.89024
vn 0.228592 0.318354 0.919998
f 3120/2744/3872 3293/2743/4193 3291/2742/4191

f 3120/2722/3872 3121/2721/3873 3293/2720/4193

usemtl _Gray8_1
vn 0.223462 0.220717 0.949394
f 3121/2725/3877 3123/2724/3876 3293/2723/4194

vn 0.240561 0.190109 0.951834
f 3126/2728/4195 3293/2727/4194 3123/2726/3876

vn 0.231167 0.181958 0.955748
f 3293/2731/4194 3126/2730/4195 3292/2729/4196

usemtl _CoolGray1_
vn 0.242468 0.213597 0.946354
f 3290/2734/4189 3292/2733/4192 3126/2732/4197

f 3126/2683/4197 3130/2682/3889 3290/2681/4189

f 3125/2680/3887 3130/2679/3889 3126/2678/4197

usemtl _Gray8_1
vn 0.222093 0.173849 0.959402
f 3291/2741/4198 3293/2740/4194 3292/2739/4196

usemtl _Prussian_Blue_
f 2960/4561/3613 2961/4560/3614 3117/4559/3864

f 2941/4654/3594 2943/4653/3596 3092/4652/3831

f 2941/4651/3594 3092/4650/3831 3090/4649/3829

f 2937/4666/3590 2941/4665/3594 3090/4664/3829

vn 0.968843 0.183851 -0.165957
vn 0.949409 0.243726 -0.198038
f 2864/4918/4199 3080/4917/3814 2777/4916/4200

f 2777/4915/4200 3080/4914/3814 2775/4913/3813

vn 0.975609 0.10419 -0.193211
f 2779/4921/4201 2864/4920/4199 2777/4919/4200

vn 0.984131 0.0601852 -0.166925
f 2863/4924/4202 2864/4923/4199 2779/4922/4201

vn 0.979633 -0.0247059 -0.199272
f 2781/5047/4203 2863/5046/4202 2779/5045/4201

vn 0.991829 -0.0601364 -0.112515
f 2862/5044/4204 2863/5043/4202 2781/5042/4203

v 77.4085 14.174 -51.1517
vn 0.992119 -0.070233 -0.103768
f 2862/5017/4204 2781/5016/4203 3294/5015/4205

vn 0.976072 -0.0992484 -0.193477
f 3294/5020/4205 2781/5019/4203 2783/5018/4206

v 77.3086 11.7961 -50.8407
vn 0.968858 -0.212687 -0.126802
f 2783/5023/4206 3295/5022/4207 3294/5021/4205

vn 0.925863 -0.288306 -0.244246
f 2785/5041/4208 3295/5040/4207 2783/5039/4206

v 76.3549 9.43307 -50.535
vn 0.923463 -0.349462 -0.158405
f 2785/5038/4208 3296/5037/4209 3295/5036/4207

vn 0.879535 -0.337302 -0.335627
f 3296/3080/4209 2785/3079/4208 2787/3078/4210

vn 0.930229 -0.323335 -0.173576
f 3296/3077/4209 2787/3076/4210 2788/3075/4211

v 76.3101 9.26416 -51.3776
vn 0.950117 -0.308816 -0.0437076
vn 0.965238 -0.261373 0.000355403
f 3297/3068/4212 3296/3067/4209 2788/3066/4211 2789/3065/4213 

v 77.3178 11.8142 -51.7138
vn 0.888656 -0.457329 -0.0337632
f 3296/5035/4209 3297/5034/4212 3298/5033/4214

v 76.83 11.1806 -52.5072
vn 0.887508 -0.459077 -0.0397134
f 3297/3028/4212 3299/3027/4215 3298/3026/4214

vn 0.964249 -0.264423 -0.0174544
f 2790/3031/4216 3299/3030/4215 3297/3029/4212

vn 0.887716 -0.458892 -0.0371393
f 2790/3034/4216 2791/3033/4217 3299/3032/4215

f 3299/3037/4215 2791/3036/4217 2824/3035/3347

f 2791/3040/4217 2793/3039/3300 2824/3038/3347

f 2792/3043/3298 2793/3042/3300 2791/3041/4217

v 77.4361 11.8323 -52.6144
vn 0.735885 -0.676861 0.0182447
f 3299/5086/4215 2824/5085/3347 3300/5084/4218

f 3300/2934/4218 2824/2933/3347 2825/2932/3348

vn 0.980409 0.134102 -0.144275
vn 0.978359 0.206712 0.00917971
vn 0.964319 0.19207 -0.182205
f 3300/2931/4219 2825/2930/4220 2832/2929/4221

vn 0.989362 0.144833 0.0136371
f 2832/2928/4221 2825/2927/4220 2826/2926/4222

vn 0.995126 -0.0122336 -0.0978468
f 2832/3019/4221 2833/3018/4223 3300/3017/4219

vn 0.997888 -0.0374493 0.0530814
f 2833/3022/4223 3298/3021/4224 3300/3020/4219

f 3294/5029/4205 3298/5028/4224 2833/5027/4223

f 3298/5026/4224 3294/5025/4205 3295/5024/4207

f 3296/5032/4209 3298/5031/4214 3295/5030/4207

f 2833/5014/4223 2862/5013/4204 3294/5012/4205

f 2834/5011/3364 2862/5010/3428 2833/5009/3363

f 3300/3025/4218 3298/3024/4214 3299/3023/4215

f 3297/3064/4212 2789/3063/4213 2790/3062/4216

f 3061/4196/3779 3066/4195/3785 3062/4194/3780

f 2998/3286/3681 2996/3285/3711 3025/3284/3713

v 65.8788 16.8012 -3.20636
vn 0.238077 -0.108304 0.965189
f 2998/3996/3681 3025/3995/3713 3301/3994/4225

vn 0.193069 -0.508669 0.839035
vn 0.189207 -0.487736 0.852241
vn 0.19232 -0.495073 0.847299
f 3301/3993/4226 3025/3992/4227 3012/3991/4228

v 60.4534 16.2761 -2.31275
vn 0.191521 -0.481352 0.855348
f 3012/3990/4228 3025/3989/4227 3302/3988/4229

vn -0.59469 -0.794848 0.120665
f 3024/3987/3709 3302/3986/4230 3025/3985/3707

v 60.0487 16.3323 -3.98876
vn -0.806686 -0.561327 0.184849
f 3302/3984/4230 3024/3983/3709 3303/3982/4231

vn 0.239947 -0.382241 0.892366
v 60.0334 14.6723 -4.69571
vn 0.238526 -0.382658 0.892568
f 3303/3981/4232 3024/3980/3706 3304/3979/4233

f 3021/3978/3703 3304/3977/4233 3024/3976/3706

vn -0.775641 0.456004 0.436397
f 3019/3975/3701 3304/3974/4234 3021/3973/3699

v 60.419 14.1993 -3.48547
vn -0.857055 0.331225 0.394648
f 3304/3972/4234 3019/3971/3701 3305/3970/4235

vn 0.191897 -0.487754 0.851629
f 3305/3969/4236 3019/3968/3695 3016/3967/3697

v 60.7072 14.9218 -3.13832
vn 0.191021 -0.485623 0.853042
f 3306/3966/4237 3305/3965/4236 3016/3964/3697 3014/3963/4237 

v 60.2553 15.2365 -4.51428
vn -0.94251 0.0487335 0.330606
vn -0.952028 -0.135486 0.274382
f 3307/4169/4238 3305/4168/4235 3306/4167/4239

f 3305/4166/4235 3307/4165/4238 3304/4164/4234

vn 0.242165 -0.382042 0.891852
f 3307/4163/4240 3303/4162/4232 3304/4161/4233

f 3306/4160/4239 3303/4159/4231 3307/4158/4238

f 3303/4157/4231 3306/4156/4239 3302/4155/4230

f 3012/4154/4228 3302/4153/4229 3306/4152/4237 3014/4151/4237 

vn 0.199905 -0.519761 0.830594
f 3301/4002/4226 3012/4001/4228 3007/4000/4241

f 2998/3999/3681 3301/3998/4225 3007/3997/3679

usemtl _CoolGray1_
f 2976/6785/3639 2974/6784/3637 2980/6783/3644

usemtl _Prussian_Blue_
f 2608/4585/3048 2948/4584/3601 2939/4583/3592

f 2939/4582/3592 2948/4581/3601 2940/4580/3593

f 2948/4579/3601 2945/4578/3598 2940/4577/3593

f 2940/4576/3593 2945/4575/3598 2942/4574/3595

f 2939/3678/3592 2607/3677/3047 2608/3676/3048

vn 0.991199 0.131934 0.0108294
vn 0.989174 0.146279 0.0116745
f 2851/1687/4242 2840/1686/3377 2841/1685/3378 2849/1684/4243 

v 78.5836 23.217 -106.212
vn 0.999743 -0.0210873 0.00832885
f 2849/1690/4243 2841/1689/3378 3308/1688/4244

vn 0.977483 -0.210979 0.00397507
f 2841/1693/3378 2846/1692/4245 3308/1691/4244

f 2842/2988/3379 2846/2987/4245 2841/2986/3378

vn 0.995206 -0.097653 0.00546326
f 2842/2964/3383 2844/2963/3385 2846/2962/4246

vn 0.994484 -0.104826 0.0035869
f 2846/2961/4246 2844/2960/3385 2845/2959/4247

vn 0.999548 -0.0193297 -0.0230411
f 3308/1696/4248 2846/1695/3396 2847/1694/3398

vn 0.986657 0.162097 -0.0152558
f 3308/6976/4248 2847/6975/3398 2849/6974/4249

vn 0.986658 0.162093 -0.0152446
f 2847/1708/3398 2848/1707/4250 2849/1706/4249

vn 0.998009 0.0481269 -0.0407752
f 2477/5129/3401 2474/5128/2805 2476/5127/4251

f 2476/5132/4251 2474/5131/2805 2475/5130/2809

usemtl _CoolGray8_
vn -0.0334911 -0.99258 0.116893
f 2735/3205/3243 2745/3204/3262 2740/3203/4252

usemtl _Prussian_Blue_
vn 0.142859 -0.764743 0.628298
f 2740/3208/4253 2745/3207/3256 2742/3206/3258

usemtl _CoolGray8_
f 2736/5083/3245 2735/5082/3243 2740/5081/4252

v 63.1802 31.1592 -33.2332
vn 1 1.8118e-06 -1.33493e-09
v 63.1802 27.7616 -21.9299
v 63.1802 16.2988 -15.5756
v 63.1802 16.4812 -50.8372
v 63.1802 27.4347 -44.0573
f 3309/6792/4254 3310/6791/4254 3311/6790/4254 2735/6789/4254 2733/6788/4254 3312/6787/4254 3313/6786/4254 

usemtl _6
v 56.831 14.6106 -193.291
vn -0.00242938 -0.99101 -0.133769
f 2724/2378/3235 2726/2377/3237 3314/2376/4255

usemtl _Prussian_Blue_
v 41.7511 15.8623 -195.164
vn 0.0368078 -0.454342 -0.890066
vn 0.0384099 -0.71661 -0.696416
vn 0.0238648 -0.73173 -0.681176
f 3315/2375/4256 3314/2374/4257 2726/2373/4258

v 56.8572 15.7941 -194.481
vn 0.0798395 -0.287737 -0.954376
f 3316/2372/4259 3314/2371/4257 3315/2370/4256

v 64.4814 14.4477 -192.445
vn 0.0868945 -0.619724 -0.779995
f 3316/6252/4259 3317/6251/4260 3314/6250/4257

v 64.4325 15.7008 -193.331
vn 0.143513 -0.469931 -0.870959
f 3318/6255/4261 3317/6254/4260 3316/6253/4259

v 71.3621 14.2519 -191.627
vn 0.529892 -0.168503 -0.831156
f 3318/6240/4261 3319/6239/4262 3317/6238/4260

v 70.941 15.573 -192.054
vn 0.61542 -0.0371849 -0.787321
f 3320/6237/4263 3319/6236/4262 3318/6235/4261

v 72.8628 15.3028 -189.352
vn 0.882961 0.193293 -0.427806
f 3321/6261/4264 3319/6260/4262 3320/6259/4263

v 73.4394 14.0387 -188.909
vn 0.903212 0.231817 -0.361206
f 3322/6258/4265 3319/6257/4262 3321/6256/4264

usemtl _CoolGray8_
vn -0.0209929 -0.99784 -0.0622476
f 3322/6243/4266 3317/6242/4266 3319/6241/4266

usemtl _6
vn 0.00043546 -0.991143 -0.132799
vn 0.00733848 -0.991055 -0.133254
f 2724/6246/3235 3317/6245/4267 3322/6244/4268

f 2724/6249/3235 3314/6248/4255 3317/6247/4267

usemtl _CoolGray8_
vn -0.0491397 -0.993378 -0.103857
vn -0.128104 -0.975874 -0.1768
v 74.5088 13.2106 -185.113
vn -0.101351 -0.981094 -0.164874
f 2724/6177/4269 3322/6176/4270 3323/6175/4271

usemtl _Prussian_Blue_
v 74.2164 14.8579 -184.903
vn 0.964083 0.164116 -0.20883
vn 0.963971 0.194313 -0.181667
f 3322/6180/4265 3324/6179/4272 3323/6178/4273

f 3321/6183/4264 3324/6182/4272 3322/6181/4265

v 74.1979 15.2346 -184.855
vn 0.965167 0.121715 -0.231597
f 3325/6186/4274 3324/6185/4272 3321/6184/4264

v 75.3821 14.2474 -178.798
vn 0.991897 0.0133235 -0.12634
f 3325/6189/4274 3326/6188/4275 3324/6187/4272

v 75.381 14.6825 -178.787
vn 0.991256 0.005775 -0.131824
f 3325/6192/4274 3327/6191/4276 3326/6190/4275

vn 0.959145 -0.145171 -0.242831
v 75.8421 17.6366 -178.811
vn 0.973076 -0.164264 -0.161679
vn 0.977394 -0.153716 -0.145161
f 3325/6195/4277 3328/6194/4278 3327/6193/4279

v 74.613 18.1103 -184.894
vn 0.952855 -0.121394 -0.278083
f 3329/6198/4280 3328/6197/4278 3325/6196/4277

v 76.1297 19.7903 -178.851
vn 0.969324 -0.168807 -0.178648
f 3329/6062/4280 3330/6061/4281 3328/6060/4278

v 74.8826 20.2196 -184.947
vn 0.939353 -0.163347 -0.301553
f 3331/6059/4282 3330/6058/4281 3329/6057/4280

v 75.4342 23.1412 -185.317
vn 0.958835 -0.0612767 -0.277273
f 3332/6056/4283 3330/6055/4281 3331/6054/4282

v 76.6846 22.9408 -179.159
vn 0.986173 -0.0662609 -0.151898
f 3333/6420/4284 3330/6419/4281 3332/6418/4283

v 77.0947 17.5576 -169.566
vn 0.977874 -0.171761 -0.119414
f 3333/6071/4284 3334/6070/4285 3330/6069/4281

v 77.889 22.1332 -167.67
vn 0.993127 -0.0654514 -0.0970317
f 3335/6074/4286 3334/6073/4285 3333/6072/4284

v 77.1464 17.3883 -168.723
vn 0.979964 -0.174334 -0.096324
f 3334/6077/4285 3335/6076/4286 3336/6075/4287

f 3336/6080/4287 3335/6079/4286 2713/6078/3225

f 2712/6083/3224 2713/6082/3225 3335/6081/4286

v 76.6004 24.2254 -178.977
vn 0.985675 -0.0634508 -0.156265
f 2712/6411/3224 3335/6410/4286 3337/6409/4288

f 3337/6414/4288 3335/6413/4286 3333/6412/4284

f 3333/6417/4284 3332/6416/4283 3337/6415/4288

v 75.3612 24.4411 -185.13
vn 0.960063 -0.0589192 -0.273509
f 3337/6023/4288 3332/6022/4283 3338/6021/4289

v 73.5795 24.6111 -189.973
vn 0.891827 -0.056856 -0.44879
f 3332/6026/4283 3339/6025/4290 3338/6024/4289

v 73.657 23.2977 -190.135
vn 0.843843 -0.0589992 -0.533336
f 3340/6029/4291 3339/6028/4290 3332/6027/4283

v 71.0978 24.7166 -192.978
vn 0.528297 -0.0316744 -0.848468
f 3340/6032/4291 3341/6031/4292 3339/6030/4290

v 71.309 23.3946 -193.112
vn 0.536094 -0.054625 -0.842389
f 3342/6035/4293 3341/6034/4292 3340/6033/4291

v 65.0794 23.4422 -194.577
vn 0.182135 -0.0995369 -0.978223
f 3342/6038/4293 3343/6037/4294 3341/6036/4292

v 71.0775 20.6439 -192.328
vn 0.48156 -0.221757 -0.847894
f 3342/6041/4293 3344/6040/4295 3343/6039/4294

f 3342/6044/4293 3340/6043/4291 3344/6042/4295

v 73.1267 20.4492 -189.518
vn 0.859318 -0.18845 -0.475457
f 3344/6047/4295 3340/6046/4291 3345/6045/4296

f 3340/6050/4291 3332/6049/4283 3345/6048/4296

f 3345/6053/4296 3332/6052/4283 3331/6051/4282

v 72.8795 18.473 -189.42
vn 0.874524 -0.0848125 -0.477508
f 3345/6210/4296 3331/6209/4282 3346/6208/4297

f 3346/6207/4297 3331/6206/4282 3329/6205/4280

v 72.6933 15.6751 -189.482
vn 0.903233 -0.0791647 -0.421785
f 3346/6204/4297 3329/6203/4280 3347/6202/4298

f 3347/6201/4298 3329/6200/4280 3325/6199/4277

vn 0.860914 0.194807 -0.469975
f 3347/6267/4299 3325/6266/4274 3321/6265/4264

f 3320/6264/4263 3347/6263/4299 3321/6262/4264

v 70.7997 16.0166 -192.197
vn 0.434814 -0.271671 -0.858564
f 3347/6231/4299 3320/6230/4263 3348/6229/4300

f 3348/6234/4300 3320/6233/4263 3318/6232/4261

v 64.4107 16.2493 -193.719
vn 0.134263 -0.316557 -0.939023
f 3348/2357/4300 3318/2356/4261 3349/2355/4301

f 3318/2360/4261 3316/2359/4259 3349/2358/4301

v 56.8702 16.3882 -194.315
vn 0.0633581 0.267115 -0.96158
f 3349/2363/4301 3316/2362/4259 3350/2361/4302

v 41.7511 16.4375 -195.023
vn 0.0454138 0.253047 -0.966387
f 3350/2366/4302 3316/2365/4259 3351/2364/4303

f 3351/2369/4303 3316/2368/4259 3315/2367/4256

vn 0.045912 -0.11169 -0.992682
v 56.9367 18.8878 -194.596
vn 0.0805419 -0.113514 -0.990266
vn 0.0863872 -0.0570985 -0.994624
f 3351/2345/4304 3352/2344/4305 3350/2343/4306

v 41.7511 18.9444 -195.302
vn 0.0462429 -0.116216 -0.992147
f 3353/2342/4307 3352/2341/4305 3351/2340/4304

v 57.0468 20.8743 -194.817
vn 0.0965449 -0.204006 -0.974197
f 3353/2336/4307 3354/2335/4308 3352/2334/4305

v 41.7511 20.9107 -195.55
vn 0.0464139 -0.261572 -0.964067
f 3355/2339/4309 3354/2338/4308 3353/2337/4307

v 57.4209 23.4782 -195.684
vn 0.080111 -0.112059 -0.990467
f 3355/2315/4309 3356/2314/4310 3354/2313/4308

v 41.7511 23.5039 -196.471
vn 0.0496216 -0.119114 -0.99164
f 3357/2312/4311 3356/2311/4310 3355/2310/4309

v 41.7511 24.8344 -196.335
vn 0.0497565 -0.0172253 -0.998613
f 3357/2309/4311 3358/2308/4312 3356/2307/4310

v 57.285 24.8066 -195.543
vn 0.109457 -0.0296629 -0.993549
f 3356/2306/4310 3358/2305/4312 3359/2304/4313

v 57.3864 26.7634 -195.845
vn 0.0741436 0.319177 -0.94479
f 3358/2285/4312 3360/2284/4314 3359/2283/4313

v 41.7511 26.7794 -196.583
vn 0.0452246 0.303825 -0.951654
f 3361/2282/4315 3360/2281/4314 3358/2280/4312

v 41.7511 28.0493 -195.412
vn 0.0292992 0.604257 -0.796251
f 3362/2279/4316 3360/2278/4314 3361/2277/4315

v 56.6332 28.0346 -194.842
vn 0.055024 0.517308 -0.854029
f 3363/2276/4317 3360/2275/4314 3362/2274/4316

v 65.0394 28.01 -194.033
vn 0.146234 0.510844 -0.847144
f 3363/5996/4317 3364/5995/4318 3360/5994/4314

f 3364/5993/4318 3363/5992/4317 2696/5991/3194

v 55.9559 29.0891 -194.341
vn 0.0586366 0.280429 -0.958082
f 2696/5864/3194 3363/5863/4317 3365/5862/4319

v 49.2081 28.8039 -194.684
vn 0.0289337 0.353407 -0.935022
f 3363/5867/4317 3366/5866/4320 3365/5865/4319

f 3366/2273/4320 3363/2272/4317 3362/2271/4316

v 41.75 28.7651 -194.876
vn 0.0211116 0.422837 -0.90596
f 3367/2270/4321 3366/2269/4320 3362/2268/4316

v 41.7508 29.8742 -194.616
vn 0.0238131 0.227437 -0.973501
f 3368/2267/4322 3366/2266/4320 3367/2265/4321

v 49.2173 29.8742 -194.434
vn 0.0288087 0.227034 -0.973461
f 3366/2264/4320 3368/2263/4322 3369/2262/4323

vn 0.0287726 0.227508 -0.973351
vn 0.0237362 0.227684 -0.973446
v 41.7508 30.7136 -194.42
v 49.2242 30.7136 -194.238
vn 0.0303169 0.226726 -0.973487
f 3369/2261/4324 3368/2260/4325 3370/2259/4325 3371/2258/4326 

v 41.7507 32.3485 -193.497
vn 0.0140634 0.35206 -0.935872
vn 0.0143716 0.462711 -0.886393
vn 0.021211 0.491157 -0.870813
f 3372/2257/4327 3371/2256/4328 3370/2255/4329

v 49.316 32.3491 -193.416
vn 0.0357611 0.287507 -0.957111
f 3373/2254/4330 3371/2253/4328 3372/2252/4327

v 51.8249 30.9111 -194.103
vn -0.00889524 0.489404 -0.872012
f 3373/5942/4330 3374/5941/4331 3371/5940/4328

v 51.6615 32.3578 -193.281
vn 0.0986834 0.318867 -0.942648
f 3374/5939/4331 3373/5938/4330 3375/5937/4332

v 52.2274 32.8944 -193.123
vn -0.0571773 0.153094 -0.986556
f 3373/5933/4330 3376/5932/4333 3375/5931/4332

v 50.4779 37.205 -192.708
vn 0.0426804 -0.154478 -0.987074
f 3376/5936/4333 3373/5935/4330 3377/5934/4334

v 41.7507 37.293 -193.007
vn 0.0247531 -0.0887233 -0.995749
f 3373/2248/4330 3378/2247/4335 3377/2246/4334

f 3373/2251/4330 3372/2250/4327 3378/2249/4335

v 41.7508 38.8052 -193.856
vn 0.0214294 -0.502963 -0.864042
f 3377/2245/4334 3378/2244/4335 3379/2243/4336

v 53.0503 38.6776 -193.543
vn -0.138397 -0.394987 -0.908202
f 3377/2242/4334 3379/2241/4336 3380/2240/4337

vn 0.0281398 0.0439685 -0.998637
v 41.7508 40.1216 -193.798
vn 0.0345051 0.0707289 -0.996899
vn 0.0349028 0.106142 -0.993738
f 3379/2239/4338 3381/2238/4339 3380/2237/4340

vn 0.0377956 0.0974543 -0.994522
f 3380/2227/4340 3381/2226/4339 2656/2225/4341

vn 0.0371144 0.0442325 -0.998332
f 2655/2230/4342 2656/2229/4341 3381/2228/4339

vn 0.0522357 0.115563 -0.991926
f 2657/2224/4343 3380/2223/4340 2656/2222/4341

v 55.1031 38.5491 -193.487
vn 0.06438 0.112692 -0.991542
f 3382/2221/4344 3380/2220/4340 2657/2219/4343

v 52.238 36.5914 -192.667
vn -0.141743 -0.0662421 -0.987685
vn -0.0619381 -0.148652 -0.986948
f 3383/5903/4345 3380/5902/4337 3382/5901/4346

v 52.1053 36.9025 -192.651
vn -0.221833 -0.154088 -0.962833
f 3380/5906/4337 3383/5905/4345 3384/5904/4347

v 51.741 37.119 -192.655
vn -0.00239573 -0.122407 -0.992477
f 3383/5909/4345 3385/5908/4348 3384/5907/4347

v 52.2502 35.8335 -192.742
vn -0.131083 0.121348 -0.983917
f 3383/5978/4345 3386/5977/4349 3385/5976/4348

v 55.815 37.3438 -193.523
vn -0.181919 0.0585839 -0.981567
f 3387/5975/4350 3386/5974/4349 3383/5973/4345

v 53.6001 31.9832 -193.925
vn -0.347391 0.23602 -0.907532
f 3386/5972/4349 3387/5971/4350 3388/5970/4351

vn -0.0134673 0.117821 -0.992944
vn 0.0708853 0.0611686 -0.995607
v 54.6202 31.983 -193.931
vn 0.0332517 0.0903379 -0.995356
f 3388/5882/4352 3387/5881/4353 3389/5880/4354

v 56.9656 38.1605 -193.354
vn 0.108183 0.0619769 -0.992197
f 3389/5885/4354 3387/5884/4353 3390/5883/4355

v 55.7351 38.1358 -193.488
vn 0.0961797 0.0835638 -0.99185
f 3391/5888/4356 3390/5887/4355 3387/5886/4353

vn 0.0881991 0.0951115 -0.991552
f 3390/5891/4355 3391/5890/4356 2658/5889/4357

f 3382/5894/4344 2658/5893/4357 3391/5892/4356

f 2658/2218/4357 3382/2217/4344 2657/2216/4343

vn 0.0301883 0.0478507 -0.998398
f 3382/5897/4346 3391/5896/4358 3387/5895/4350

f 3387/5900/4350 3383/5899/4345 3382/5898/4346

vn 0.110441 0.0668263 -0.991634
f 2659/5981/3129 3390/5980/4359 2658/5979/3128

vn 0.0943829 0.110164 -0.989422
f 2659/5984/3129 3389/5983/4360 3390/5982/4359

v 58.4511 30.9656 -193.525
vn 0.113273 0.225329 -0.967676
f 3392/5987/4361 3389/5986/4360 2659/5985/3129

f 3365/5990/4319 3389/5989/4360 3392/5988/4361

v 53.9655 31.0082 -194.068
vn 0.0131377 0.154458 -0.987912
f 3365/5876/4319 3393/5875/4362 3389/5874/4360

v 52.1226 30.1795 -194.262
vn 0.0339797 0.20332 -0.978523
f 3394/5873/4363 3393/5872/4362 3365/5871/4319

vn 0.0197642 0.219066 -0.97551
v 53.0986 31.4232 -193.986
vn -0.00585296 0.185949 -0.982542
vn -0.00883712 0.162204 -0.986718
f 3394/5951/4364 3395/5950/4365 3393/5949/4366

vn 0.0184408 0.219443 -0.975451
f 3395/5948/4365 3394/5947/4364 3374/5946/4367

f 3371/5945/4326 3374/5944/4367 3394/5943/4364

f 3371/5966/4326 3394/5965/4364 3369/5964/4324

f 3366/5969/4320 3369/5968/4323 3394/5967/4363

f 3394/5870/4363 3365/5869/4319 3366/5868/4320

v 52.0723 32.5234 -193.172
vn -0.104376 0.346412 -0.932258
vn -0.217045 0.441863 -0.87043
f 3396/5960/4368 3395/5959/4369 3374/5958/4331

f 3396/5957/4368 3388/5956/4351 3395/5955/4369

f 3388/5927/4351 3396/5926/4368 3376/5925/4333

f 3375/5930/4332 3376/5929/4333 3396/5928/4368

f 3374/5963/4331 3375/5962/4332 3396/5961/4368

f 3388/5924/4351 3376/5923/4333 3386/5922/4349

f 3377/5921/4334 3386/5920/4349 3376/5919/4333

f 3386/5918/4349 3377/5917/4334 3385/5916/4348

f 3380/5915/4337 3385/5914/4348 3377/5913/4334

f 3380/5912/4337 3384/5911/4347 3385/5910/4348

f 3388/5954/4352 3393/5953/4366 3395/5952/4365

f 3393/5879/4366 3388/5878/4352 3389/5877/4354

f 3392/5861/4361 2696/5860/3194 3365/5859/4319

f 2695/5858/3195 2696/5857/3194 3392/5856/4361

vn 0.145234 0.0613285 -0.987495
vn 0.134351 0.0522045 -0.989558
vn 0.137978 0.129345 -0.981953
f 3392/5846/4370 2672/5845/4371 2673/5844/4372 2695/5843/3192 

f 2659/5842/3130 2672/5841/4371 3392/5840/4370

vn 0.112606 0.0671666 -0.991367
f 2672/5839/4371 2659/5838/3130 2667/5837/4373

f 2659/5836/3130 2660/5835/3132 2667/5834/4373

vn -0.862161 0.506394 0.015578
f 2663/5833/4374 2667/5832/4374 2660/5831/4374

usemtl _Orange_3
vn 0.10988 0.0689536 -0.99155
f 2667/5830/3147 2663/5829/4375 2666/5828/3145

usemtl _1
f 2666/5827/3144 2663/5826/3140 2664/5825/3142

usemtl _3
vn 0.09272 0.0457868 -0.994639
f 2671/6459/3156 2672/6458/3155 2667/6457/4376

usemtl _1
f 2669/6456/3151 2671/6455/3153 2667/6454/3149

usemtl _Prussian_Blue_
f 2693/5849/3190 2695/5848/3192 2673/5847/4372

usemtl _3
v 69.0179 33.8376 -191.888
vn 0.311071 0.0554219 -0.948769
vn 0.431541 0.0757604 -0.898907
f 2673/6423/3157 3397/6422/4377 2693/6421/4378

f 2673/6435/3157 2674/6434/3158 3397/6433/4377

usemtl _1
vn 0.438974 0.118894 -0.890599
vn 0.321985 0.0909468 -0.942366
f 3397/5712/4379 2674/5711/3159 2676/5710/4380

f 2676/5715/4380 2674/5714/3159 2675/5713/3160

v 71.906 35.5659 -189.683
vn 0.712672 0.149352 -0.685414
f 3398/5709/4381 3397/5708/4379 2676/5707/4380

v 72.194 33.8271 -189.784
vn 0.833242 0.194335 -0.517631
f 3399/6429/4382 3397/6428/4379 3398/6427/4381

usemtl _3
vn 0.703794 0.105632 -0.702506
f 2693/6426/4378 3397/6425/4377 3399/6424/4383

vn 0.832056 0.131555 -0.538865
f 2693/5649/4378 3399/5648/4383 2692/5647/4384

v 73.9277 33.805 -185.228
vn 0.940328 0.150672 -0.305092
f 2692/5652/4384 3399/5651/4383 3400/5650/4385

usemtl _1
v 73.0161 35.5438 -186.392
vn 0.916416 0.219025 -0.334979
vn 0.931068 0.244435 -0.270859
f 3401/5655/4386 3400/5654/4387 3399/5653/4382

v 73.339 36.2627 -185.046
vn 0.92385 0.235833 -0.301469
f 3401/5658/4386 3402/5657/4388 3400/5656/4387

v 73.0083 35.8492 -186.218
vn 0.923087 0.19733 -0.330108
f 3402/5691/4388 3401/5690/4386 3403/5689/4389

usemtl _Orange_3
vn 0.929441 0.199253 -0.310543
v 72.6065 36.5033 -187.003
vn 0.919792 0.235671 -0.313754
vn 0.929728 0.200391 -0.308947
f 3401/5694/4390 3404/5693/4391 3403/5692/4392

vn 0.835419 0.217524 -0.504736
f 3401/5700/4390 3398/5699/4393 3404/5698/4391

usemtl _1
f 3401/6432/4386 3399/6431/4382 3398/6430/4381

usemtl _Orange_3
v 71.5982 36.8522 -189.598
vn 0.778327 0.213025 -0.590617
f 3404/5703/4391 3398/5702/4393 3405/5701/4394

f 3405/5706/4394 3398/5705/4393 2676/5704/3162

f 3405/5742/4394 2676/5741/3162 2677/5740/3163

usemtl _1
vn 0.824389 0.292367 -0.48467
vn 0.738507 0.21934 -0.637571
f 3405/5739/4395 2677/5738/3164 2680/5737/4396

f 2680/5736/4396 2677/5735/3164 2678/5734/3165

vn 0.90183 0.301313 -0.309698
f 3405/5745/4395 2680/5744/4396 2681/5743/4397

v 72.1898 36.8522 -187.875
vn 0.901714 0.301369 -0.309982
f 2681/5594/4397 3406/5593/4398 3405/5592/4395

v 72.4962 37.5063 -186.349
vn 0.903025 0.29984 -0.307639
f 3406/5591/4398 2681/5590/4397 3407/5589/4399

usemtl _3
vn 0.90187 0.321711 -0.288328
f 2682/5588/3170 3407/5587/4400 2681/5586/3169

vn 0.909318 0.326818 -0.257547
f 3407/5585/4400 2682/5584/3170 2685/5583/4401

vn 0.926988 0.293658 -0.233365
f 3407/5606/4400 2685/5605/4401 3402/5604/4402

f 3402/5609/4402 2685/5608/4401 2686/5607/3180

v 74.0906 34.5408 -183.514
vn 0.952282 0.236355 -0.19312
f 2686/5688/3180 3408/5687/4403 3402/5686/4402

f 3408/5685/4403 2686/5684/3180 2687/5683/3181

v 74.223 33.9717 -183.554
vn 0.962073 0.19934 -0.186224
f 2687/5679/3181 3409/5678/4404 3408/5677/4403

vn 0.958624 0.161381 -0.234512
f 3409/5676/4404 2687/5675/3181 2690/5674/4405

v 74.1651 33.7992 -184.081
vn 0.972171 0.153592 -0.176901
f 3409/5673/4404 2690/5672/4405 3410/5671/4406

f 2690/5667/4405 3400/5666/4385 3410/5665/4406

f 2692/5670/4384 3400/5669/4385 2690/5668/4405

usemtl _1
vn 0.952331 0.239841 -0.188527
f 3408/5664/4403 3410/5663/4407 3400/5662/4387

f 3408/5682/4403 3409/5681/4404 3410/5680/4407

f 3408/5661/4403 3400/5660/4387 3402/5659/4388

vn 0.913452 0.259775 -0.313245
f 3404/5603/4408 3407/5602/4399 3402/5601/4388

f 3407/5600/4399 3404/5599/4408 3406/5598/4398

usemtl _Orange_3
vn 0.90137 0.302962 -0.30943
f 3405/5597/4394 3406/5596/4409 3404/5595/4391

usemtl _1
f 3402/5697/4388 3403/5696/4389 3404/5695/4408

usemtl _Prussian_Blue_
f 2696/6369/3194 2698/6368/3197 3364/6367/4318

v 71.2676 26.7086 -193.315
vn 0.491765 0.273911 -0.826522
f 2698/6372/3197 3411/6371/4410 3364/6370/4318

v 73.5103 27.9472 -190.071
vn 0.73256 0.454187 -0.507021
f 2698/6375/3197 3412/6374/4411 3411/6373/4410

f 2698/6402/3197 2699/6401/3198 3412/6400/4411

f 2699/6396/3198 2701/6395/3202 3412/6394/4411

v 73.9523 26.6413 -190.257
vn 0.859044 0.0650811 -0.507749
f 3412/6381/4411 2701/6380/3202 3413/6379/4412

v 75.7485 26.5233 -185.391
vn 0.962117 -0.0328784 -0.270647
f 3413/6384/4412 2701/6383/3202 3414/6382/4413

v 76.9664 26.3746 -179.039
vn 0.981583 0.115702 -0.152012
f 2701/6387/3202 3415/6386/4414 3414/6385/4413

v 76.5778 27.8198 -179.07
vn 0.939437 0.315435 -0.134011
f 3416/6393/4415 3415/6392/4414 2701/6391/3202

f 3416/6321/4415 2705/6320/3211 3415/6319/4414

f 2705/6324/3211 3416/6323/4415 2704/6322/3209

f 2704/6327/3209 3416/6326/4415 2703/6325/3205

f 2703/6330/3205 3416/6329/4415 2702/6328/3203

f 2701/6333/3202 2702/6332/3203 3416/6331/4415

v 78.4172 25.8633 -166.943
vn 0.998278 -0.0226849 -0.0541032
f 3415/6318/4414 2705/6317/3211 3417/6316/4416

v 78.3161 25.8023 -164.644
vn 0.999209 0.0387219 -0.0090382
f 2705/6297/3211 3418/6296/4417 3417/6295/4416

f 2706/6294/3212 3418/6293/4417 2705/6292/3211

f 2707/6291/3214 3418/6290/4417 2706/6289/3212

f 2707/6309/3214 2709/6308/3222 3418/6307/4417

f 2709/6303/3222 2712/6302/3224 3418/6301/4417

f 3417/6300/4416 3418/6299/4417 2712/6298/3224

f 3337/6312/4288 3417/6311/4416 2712/6310/3224

f 3415/6315/4414 3417/6314/4416 3337/6313/4288

f 3415/6390/4414 3337/6389/4288 3414/6388/4413

f 3414/6020/4413 3337/6019/4288 3338/6018/4289

f 3339/6017/4290 3414/6016/4413 3338/6015/4289

f 3413/6014/4412 3414/6013/4413 3339/6012/4290

f 3341/6011/4292 3413/6010/4412 3339/6009/4290

f 3411/6008/4410 3413/6007/4412 3341/6006/4292

f 3411/6378/4410 3412/6377/4411 3413/6376/4412

v 65.3166 26.7409 -194.808
vn 0.186591 0.057406 -0.980759
f 3411/6005/4410 3341/6004/4292 3419/6003/4418

v 64.9559 24.7682 -194.448
vn 0.186707 -0.0487795 -0.981204
f 3419/2294/4418 3341/2293/4292 3420/2292/4419

f 3341/2297/4292 3343/2296/4294 3420/2295/4419

f 3343/2300/4294 3359/2299/4313 3420/2298/4419

f 3356/2303/4310 3359/2302/4313 3343/2301/4294

f 3356/2318/4310 3343/2317/4294 3354/2316/4308

v 64.6829 20.7789 -193.734
vn 0.170271 -0.210091 -0.962741
f 3354/2321/4308 3343/2320/4294 3421/2319/4420

f 3343/2324/4294 3344/2323/4295 3421/2322/4420

v 64.5166 18.8052 -193.567
vn 0.171233 -0.0531983 -0.983793
f 3344/2327/4295 3422/2326/4421 3421/2325/4420

v 70.9146 18.6898 -192.125
vn 0.605461 -0.0805557 -0.791788
f 3423/6219/4422 3422/6218/4421 3344/6217/4295

vn 0.555638 0.00117659 -0.831424
f 3423/6222/4422 3348/6221/4423 3422/6220/4421

f 3423/6225/4422 3346/6224/4297 3348/6223/4423

f 3423/6213/4422 3345/6212/4296 3346/6211/4297

f 3344/6216/4295 3345/6215/4296 3423/6214/4422

f 3348/6228/4423 3346/6227/4297 3347/6226/4298

vn 0.156917 0.0523625 -0.986223
f 3422/2354/4421 3348/2353/4423 3349/2352/4424

f 3350/2351/4306 3422/2350/4421 3349/2349/4424

f 3352/2348/4305 3422/2347/4421 3350/2346/4306

f 3352/2333/4305 3354/2332/4308 3422/2331/4421

f 3422/2330/4421 3354/2329/4308 3421/2328/4420

f 3359/2291/4313 3419/2290/4418 3420/2289/4419

f 3360/2288/4314 3419/2287/4418 3359/2286/4313

f 3360/5999/4314 3364/5998/4318 3419/5997/4418

f 3364/6002/4318 3411/6001/4410 3419/6000/4418

vn 0.973797 -0.159743 -0.161871
vn 0.96625 -0.19209 -0.171649
f 3336/6098/4425 2713/6097/3226 2719/6096/4426

f 2719/6095/4426 2713/6094/3226 2714/6093/3227

v 77.0217 16.8658 -168.791
vn 0.955173 -0.23621 -0.178464
f 3424/6101/4427 3336/6100/4425 2719/6099/4426

v 76.9509 16.9318 -169.648
vn 0.967292 -0.227024 -0.113166
vn 0.963499 -0.248841 -0.0987283
f 3425/6104/4428 3336/6103/4287 3424/6102/4429

f 3425/6107/4428 3334/6106/4285 3336/6105/4287

f 3425/6068/4428 3330/6067/4281 3334/6066/4285

f 3328/6065/4278 3330/6064/4281 3425/6063/4428

v 76.0187 13.8098 -170.059
vn 0.967318 -0.232843 -0.100396
f 3425/6116/4428 3426/6115/4430 3328/6114/4278

v 76.0633 13.7238 -169.2
vn 0.95672 -0.277132 -0.0887993
f 3427/6113/4431 3426/6112/4430 3425/6111/4428

vn 0.970806 -0.214 -0.108351
v 75.9188 13.3793 -170.116
vn 0.997652 0.03233 -0.0603827
vn 0.986777 -0.143247 -0.0758334
f 3427/6128/4432 3428/6127/4433 3426/6126/4434

v 75.9611 13.2933 -169.256
vn 0.991697 0.0686924 -0.108712
f 3428/6131/4433 3427/6130/4432 3429/6129/4435

vn 0.962052 -0.202965 -0.182374
vn 0.986207 0.018144 -0.164517
f 3429/6135/4435 3427/6134/4432 2722/6133/4436 2721/6132/4437 

vn 0.947323 -0.263279 -0.182384
vn 0.947387 -0.260951 -0.185373
f 3427/6138/4438 2719/6137/4426 2722/6136/4439

f 3424/6141/4427 2719/6140/4426 3427/6139/4438

f 3427/6110/4431 3425/6109/4428 3424/6108/4429

vn 0.960458 0.24757 -0.127395
f 2721/6144/4437 2725/6143/4440 3429/6142/4435

v 76.5742 11.0577 -169.133
vn 0.964197 0.258047 -0.0611133
f 3429/6147/4435 2725/6146/4440 3430/6145/4441

usemtl _CoolGray8_
vn -0.00936643 -0.999229 -0.0381395
vn -0 -0.999859 0.0167705
f 2724/6150/4269 3430/6149/4442 2725/6148/4443

v 76.5106 11.1412 -170.014
vn -0.0211301 -0.994524 -0.102355
f 2724/6153/4269 3431/6152/4444 3430/6151/4442

v 75.6008 12.1567 -178.849
vn -0.0490575 -0.989987 -0.132357
f 2724/6270/4269 3432/6269/4445 3431/6268/4444

f 2724/6174/4269 3323/6173/4271 3432/6172/4445

usemtl _Prussian_Blue_
vn 0.980405 0.164025 -0.109092
f 3324/6171/4272 3432/6170/4446 3323/6169/4273

f 3326/6168/4275 3432/6167/4446 3324/6166/4272

f 3428/6165/4433 3432/6164/4446 3326/6163/4275

vn 0.965788 0.252743 -0.0580868
f 3431/6162/4447 3432/6161/4446 3428/6160/4433

f 3428/6156/4433 3430/6155/4441 3431/6154/4447

f 3428/6159/4433 3429/6158/4435 3430/6157/4441

f 3326/6125/4275 3426/6124/4434 3428/6123/4433

f 3327/6122/4276 3426/6121/4434 3326/6120/4275

f 3328/6119/4278 3426/6118/4430 3327/6117/4279

f 2384/6807/2673 2385/6806/2674 2648/6805/3114

v 41.7511 47.1027 -174.917
vn 0.00632755 0.995554 -0.0939822
f 2645/2158/3111 2646/2157/3112 3433/2156/4448

usemtl _CoolGray8_
v 41.7505 47.6025 -173.661
vn 4.58021e-18 0.886178 -0.463346
v 41.7505 47.0818 -174.657
f 3434/2146/4449 2644/2145/3109 2645/2144/3110 3435/2143/4449 

usemtl LightSteelBlue
v 41.7505 53.0697 -163.043
vn 1.13891e-16 0.900323 -0.435222
v 45.216 53.0697 -163.043
vn 0.0268127 0.904865 -0.424854
vn 4.91903e-17 0.88907 -0.457771
f 3436/2142/4450 3437/2141/4451 2644/2140/3108 3434/2139/4452 

v 41.751 58.1309 -151.862
vn 0.0167722 0.912819 -0.40802
f 3438/2138/4453 3437/2137/4451 3436/2136/4450

vn 0.0554783 0.91456 -0.400627
f 2640/2135/4454 3437/2134/4451 3438/2133/4453

f 2643/2132/3106 3437/2131/4451 2640/2130/4454

f 2643/6828/3106 2644/6827/3108 3437/6826/4451

f 2643/2129/3106 2640/2128/4454 2641/2127/3105

usemtl _CoolGray8_
vn 0.0328582 0.921536 -0.3869
f 2638/6831/3102 2640/6830/3101 3438/6829/4455

usemtl _Prussian_Blue_
vn 0.128065 0.943782 -0.304754
vn 0.0769876 0.958029 -0.27614
v 60.0487 61.0416 -140.015
vn 0.0917945 0.975305 -0.200884
f 2406/6909/4456 2642/6908/4457 3439/6907/4458

v 54.0114 61.3582 -140.37
vn 0.0507624 0.986579 -0.155197
f 3439/6906/4458 2642/6905/4457 3440/6904/4459

f 2642/6903/4457 2639/6902/3099 3440/6901/4459

f 3440/6900/4459 2639/6899/3099 2637/6898/3097

f 2634/6897/3094 3440/6896/4459 2637/6895/3097

v 53.6958 62.4817 -125.494
vn 0.042422 0.998473 -0.0353824
f 3441/6894/4460 3440/6893/4459 2634/6892/3094

f 2529/6943/2897 3440/6942/4459 3441/6941/4460

f 3439/6940/4458 3440/6939/4459 2529/6938/2897

vn 0.119075 0.972865 -0.198382
f 2529/6934/2897 2523/6933/4461 3439/6932/4458

f 2524/6937/2899 2523/6936/4461 2529/6935/2897

f 2523/6912/4461 2406/6911/4456 3439/6910/4458

vn 0.170192 0.928412 -0.330282
f 2522/6915/4462 2406/6914/4456 2523/6913/4461

usemtl _CoolGray8_
vn 0.180212 0.90545 -0.384297
f 2522/2096/4463 2407/2095/2712 2406/2094/2709

usemtl _6
vn -0.973296 -0.227232 -0.0325619
vn -0.964966 -0.25777 -0.0489449
v 66.763 54.3044 -140.541
vn -0.968619 -0.245968 0.0357233
f 2522/2093/4464 2407/2092/4465 3442/2091/4466

v 67.566 52.2245 -144.012
vn -0.961994 -0.267116 -0.0567124
f 2407/2090/4465 3443/2089/4467 3442/2088/4466

f 2407/1119/4465 2398/1118/2695 3443/1117/4467

f 2398/1122/2695 2397/1121/2693 3443/1120/4467

usemtl _CoolGray8_1
vn 6.2551e-05 -0.797721 0.603027
vn 0.000143969 -0.829007 0.559239
f 2397/1125/2877 2516/1124/4468 3443/1123/4469

f 2397/1285/2877 2412/1284/2878 2516/1283/4468

usemtl _Prussian_Blue_
vn 0.89021 0.450742 -0.0660182
f 2412/1321/2720 2410/1320/2716 2516/1319/4470

f 2518/1324/2887 2516/1323/4470 2410/1322/2716

usemtl _CoolGray8_1
vn 0.000274359 -0.872944 0.487821
f 3443/1128/4469 2516/1127/4468 2518/1126/4471

vn 0.000115891 -0.880173 0.474653
f 3443/2087/4469 2518/2086/4471 3442/2085/4472

vn 9.26982e-05 -0.900763 0.434311
v 67.9184 57.8655 -133.156
f 2520/2084/4473 3444/2083/4473 3442/2082/4472 2518/2081/4471 

usemtl _6
vn -0.932246 -0.246618 0.264756
v 65.3548 60.2058 -140.003
vn -0.963622 -0.240572 0.116437
f 3444/6931/4474 3445/6930/4475 3442/6929/4466

vn -0.972816 -0.228987 -0.0345635
f 2523/6928/4476 2522/6927/4464 3442/6926/4466 3445/6925/4475 

usemtl _Prussian_Blue_
v 53.7635 62.4184 -108.971
vn 0.0453629 0.99865 0.0253227
f 3441/6885/4460 3446/6884/4477 2529/6883/2897

f 2634/6888/3094 3446/6887/4477 3441/6886/4460

f 2632/6891/3092 3446/6890/4477 2634/6889/3094

v 53.8955 61.5523 -96.4219
vn 0.05105 0.992032 0.115181
f 2632/6876/3092 3447/6875/4478 3446/6874/4477

f 2630/6873/3088 3447/6872/4478 2632/6871/3092

v 54.3787 59.0686 -84.9397
vn 0.0533327 0.976542 0.208618
f 2630/6870/3088 3448/6869/4479 3447/6868/4478

f 2629/6867/3090 3448/6866/4479 2630/6865/3088

usemtl _CoolGray8_
vn 0.10467 0.877794 0.467464
vn 0.0899931 0.882991 0.460683
f 3448/1417/4480 2629/1416/3087 2622/1415/4481

f 2622/1420/4481 2629/1419/3087 2623/1418/3085

f 2535/1414/2905 3448/1413/4480 2622/1412/4481

f 2534/1411/2907 3448/1410/4480 2535/1409/2905

usemtl _Prussian_Blue_
f 2532/1408/2902 3448/1407/4479 2534/1406/2904

f 3447/1405/4478 3448/1404/4479 2532/1403/2902

f 2530/1402/2900 3447/1401/4478 2532/1400/2902

f 3446/6879/4477 3447/6878/4478 2530/6877/2900

f 2529/6882/2897 3446/6881/4477 2530/6880/2900

usemtl _CoolGray8_
f 2615/3659/3058 2605/3658/3043 2604/3657/3042

usemtl _CoolGray8_1
v 40.6206 48.1586 -148.828
vn -0 -0.435724 0.90008
f 2397/1279/2877 3449/1278/4482 2512/1277/2876

v 48.9119 46.0112 -174.657
f 2513/1247/390 2511/1246/389 3450/1245/392

v 56.0797 45.4357 -173.587
f 2511/1250/389 3451/1249/393 3450/1248/392

v 63.1933 45.3121 -171.42
f 3451/1253/393 3452/1252/394 2511/1251/389

v 69.6857 45.3121 -168.02
f 3453/1256/395 2511/1255/389 3452/1254/394

v 8.66624 42.4469 -151.465
f 2512/1262/383 2513/1261/381 3454/1260/382

v 34.5901 46.0112 -174.657
f 2513/1247/381 3455/1264/384 3454/1263/382

v 27.4222 45.4357 -173.587
f 3454/1267/382 3455/1266/384 3456/1265/385

v 20.3087 45.3121 -171.42
f 3456/1270/385 3454/1269/382 3457/1268/386

v 13.8163 45.3121 -168.02
f 3458/1273/387 3457/1272/386 3454/1271/382

usemtl _Prussian_Blue_
f 2454/5291/2776 2417/5290/2725 2415/5289/2723

usemtl _6
v 41.7505 35.6392 -146.686
vn 6.908e-20 0.700809 0.713349
vn -3.60368e-19 0.675942 0.736955
v 41.7505 40.142 -150.816
f 3459/5380/4483 2454/5379/4483 2415/5378/4484 3460/5377/4484 

v 41.7505 31.7297 -142.572
vn -1.79571e-19 0.703597 0.710599
f 3461/5376/4485 2455/5375/4485 2454/5374/4483 3459/5373/4483 

f 2462/5384/2786 2457/5383/2786 2455/5382/4485 3461/5381/4485 

usemtl _Prussian_Blue_
f 2490/5282/2827 2492/5281/2830 2508/5280/2857

v 76.6929 38.6591 -144.135
vn 0.944446 0.328495 0.0106372
f 2508/5183/2857 2492/5182/2830 3462/5181/4486 2507/5180/2858 

vn 0.885941 0.305458 0.349005
f 2492/5179/2831 2493/5178/2833 2507/5177/2855 3462/5176/4487 

vn 0.81044 0.577027 -0.101129
f 2504/5186/2850 2507/5185/2853 3462/5184/4488

f 3462/6562/4488 2501/6561/2847 2504/6560/2850

v 76.6873 38.5245 -139.539
vn 0.609469 0.792597 0.0183683
f 2501/6559/2847 3462/6558/4488 3463/6557/4489

f 3463/6556/4489 2496/6555/2844 2501/6554/2847

f 2501/5217/2847 2496/5216/2844 2498/5215/2843

v 77.3924 36.4004 -134.567
vn 0.950954 0.309185 0.00949458
f 2483/5232/2818 2499/5231/2864 3464/5230/4490

vn 0.95081 0.309647 0.00891496
f 3464/5229/4491 2499/5228/4491 2497/5227/4491

vn 0.809107 0.538171 -0.236046
f 3464/5235/4492 2499/5234/2863 2493/5233/2833

f 2497/5238/2841 3464/5237/4492 2493/5236/2833

f 2483/5241/2818 3464/5240/4490 2497/5239/2838

f 2497/5244/2838 2485/5243/2820 2483/5242/2818

f 2494/5254/2834 2495/5253/2839 2493/5252/2833

usemtl _CoolGray8_
f 2403/1110/2715 2398/1109/2698 2399/1108/2697

usemtl LightSteelBlue
vn 0.190871 0.891624 -0.410578
f 2405/6946/2708 2409/6945/4493 2403/6944/2706

vn 0.19073 0.891513 -0.410885
f 2405/6958/2708 2408/6957/4494 2409/6956/4493

g Mesh36 half_1_2 Group2 Group_67_1 MERCC1 Model

usemtl _Prussian_Blue_
v 82.8493 39.9548 -71.7715
vn 0.699639 -0.70726 0.101431
v 83.2041 41.9091 -70.1849
vn 0.913502 -0.0406088 0.404802
v 82.5515 40.3038 -69.8961
vn 0.680008 -0.470228 0.562562
f 3465/6982/4495 3466/6981/4496 3467/6980/4497

v 83.5019 41.9091 -72.0597
vn 0.997716 -0.0425004 0.0525034
f 3468/7110/4498 3466/7109/4496 3465/7108/4495

v 83.0124 43.9501 -71.8434
vn 0.717944 0.68647 0.115392
f 3469/7107/4499 3466/7106/4496 3468/7105/4498

v 82.7963 43.4483 -70.0047
vn 0.679243 0.44226 0.585691
f 3466/7113/4496 3469/7112/4499 3470/7111/4500

v 80.1532 43.6971 -68.3876
vn 0.353814 0.756783 0.549632
f 3469/7009/4499 3471/7008/4501 3470/7007/4500

v 79.8751 44.6478 -70.191
vn 0.175984 0.966627 0.186176
f 3472/7012/4502 3471/7011/4501 3469/7010/4499

v 76.1697 44.3686 -67.9279
vn -0.194693 0.968543 0.154983
f 3473/7015/4503 3471/7014/4501 3472/7013/4502

v 75.9856 43.8542 -66.3836
vn 0.00383687 0.799908 0.600111
f 3474/7018/4504 3471/7017/4501 3473/7016/4503

v 79.6586 41.7172 -67.3113
vn 0.4905 0.0556385 0.869663
f 3474/7003/4504 3475/7002/4505 3471/7001/4501

vn 0.101182 0.596851 0.795947
f 2909/7000/4506 3475/6999/4505 3474/6998/4504

v 73.8286 41.4074 -64.9383
vn 0.369395 0.113245 0.922346
f 3476/6997/4507 3475/6996/4505 2909/6995/4506

v 74.6278 39.3615 -65.5258
vn 0.398196 -0.480981 0.781087
f 3477/6994/4508 3475/6993/4505 3476/6992/4507

v 79.6076 39.9378 -67.8608
vn 0.400081 -0.744076 0.535057
f 3478/6991/4509 3475/6990/4505 3477/6989/4508

f 3467/6988/4497 3475/6987/4505 3478/6986/4509

f 3466/6985/4496 3475/6984/4505 3467/6983/4497

f 3466/7116/4496 3470/7115/4500 3475/7114/4505

f 3475/7006/4505 3470/7005/4500 3471/7004/4501

f 3467/7065/4497 3478/7064/4509 3465/7063/4495

v 79.2224 38.8868 -69.9022
vn 0.259739 -0.952927 0.156415
f 3465/7062/4495 3478/7061/4509 3479/7060/4510

v 75.2927 38.4247 -68.5611
vn 0.174625 -0.968403 0.178047
v 75.0335 38.3943 -68.4726
vn 0.252058 -0.893896 0.370698
f 3480/7056/4511 3479/7055/4510 3478/7054/4509 3481/7053/4512 

v 78.8236 38.9739 -71.8814
vn 0.190768 -0.979726 -0.0611936
v 75.3929 38.5706 -70.7105
vn 0.0953158 -0.993454 -0.0629679
f 3482/7052/4513 3479/7051/4510 3480/7050/4511 3483/7049/4514 

f 3479/7068/4510 3482/7067/4513 3465/7066/4495

v 82.7774 39.9973 -73.7427
vn 0.677472 -0.734432 -0.0405105
f 3465/7071/4495 3482/7070/4513 3484/7069/4515

usemtl _AliceBlue_
vn -0.391788 0.00486897 -0.920043
v 83.3974 41.9029 -74.0166
vn -0.425601 0.00167751 -0.904909
vn -0.427894 0.00931891 -0.903781
f 3482/7074/4516 3485/7073/4517 3484/7072/4518

v 78.6242 41.7171 -71.7933
vn -0.396252 0.0216069 -0.917888
f 3486/7104/4519 3485/7103/4517 3482/7102/4516

v 79.4438 44.5637 -72.1557
vn -0.420972 0.000363373 -0.907073
f 3486/7101/4519 3487/7100/4520 3485/7099/4517

v 75.9721 44.3086 -70.5931
vn -0.422826 0.0299516 -0.905716
f 3486/7036/4519 3488/7035/4521 3487/7034/4520

v 74.1312 41.3856 -69.8604
vn -0.41915 0.0614034 -0.905838
f 3489/7039/4522 3488/7038/4521 3486/7037/4519

v 73.4438 42.8408 -69.3907
vn -0.460477 0.068148 -0.885052
f 3488/7042/4521 3489/7041/4522 3490/7040/4523

usemtl _Prussian_Blue_
vn -0.503375 0.863301 0.0364056
vn -0.295343 0.955391 0.000390674
f 3490/7030/4524 3473/7029/4503 3488/7028/4525

v 73.4326 42.7334 -67.8346
vn -0.483138 0.867301 0.119861
f 3491/7027/4526 3473/7026/4503 3490/7025/4524

f 3491/7021/4526 3474/7020/4504 3473/7019/4503

f 2909/7024/4506 3474/7023/4504 3491/7022/4526

vn 0.0449467 0.998231 -0.0389152
f 3473/7033/4503 3487/7032/4527 3488/7031/4525

f 3472/7098/4502 3487/7097/4527 3473/7096/4503

f 3469/7095/4499 3487/7094/4527 3472/7093/4502

v 82.9323 43.8959 -73.8112
vn 0.684437 0.727496 -0.0479076
f 3492/7092/4528 3487/7091/4527 3469/7090/4499

usemtl _AliceBlue_
vn -0.429849 -0.00725176 -0.902872
f 3485/7089/4517 3487/7088/4520 3492/7087/4529

usemtl _Prussian_Blue_
vn 0.997833 -0.0436437 -0.0492471
f 3469/7086/4499 3485/7085/4530 3492/7084/4528

f 3468/7083/4498 3485/7082/4530 3469/7081/4499

f 3465/7080/4495 3485/7079/4530 3468/7078/4498

f 3484/7077/4515 3485/7076/4530 3465/7075/4495

usemtl _AliceBlue_
vn -0.362197 0.0517011 -0.930667
f 3489/7045/4522 3486/7044/4519 3483/7043/4531

f 3482/7048/4516 3483/7047/4531 3486/7046/4519

usemtl _Prussian_Blue_
f 3481/7059/4512 3478/7058/4509 3477/7057/4508

g Mesh37 half_1_2 Group2 Group_67_1 MERCC1 Model

usemtl _6
v 66.6089 16.791 -108.35
v 48.5177 16.791 -108.35
v 48.5177 39.5399 -115.261
v 66.6089 39.5399 -115.261
f 3493/7120/2183 3494/7119/2183 3495/7118/2182 3496/7117/2181 

v 69.6094 16.791 -107.042
v 69.6094 16.791 -91.372
v 69.6094 16.791 -87.4452
v 65.752 16.791 -85.0474
v 49.3758 16.791 -85.0474
v 45.5185 16.791 -87.4452
v 45.5185 16.791 -91.372
v 45.5185 16.791 -107.042
f 3497/7165/2201 3498/7164/2201 3499/7163/2201 3500/7162/2201 3501/7161/2201 3502/7160/2201 3503/7159/2201 3504/7158/2201 3494/7157/2201 3493/7156/2201 

v 69.6094 21.588 -90.9346
v 69.6094 19.3646 -106.559
f 3505/7232/170 3498/7231/170 3497/7230/170 3506/7226/170 

v 69.6094 19.4072 -86.5743
f 3505/7232/170 3507/7239/170 3498/7231/170

v 69.6094 22.0242 -87.4452
f 3507/7239/170 3505/7232/170 3508/7318/170

vn -0.0256513 0.993272 -0.112931
v 65.752 22.0242 -85.0474
vn -0.0384766 0.994355 -0.0988791
vn -0.0768718 0.989342 -0.123665
f 3505/7307/4532 3509/7306/4533 3508/7305/4534

v 64.4655 21.588 -90.9346
vn 0.0613994 0.994905 -0.0799592
f 3510/7275/4535 3509/7277/4533 3505/7308/4532

vn 1.38808e-18 0.997267 -0.0738845
v 49.3758 22.0242 -85.0474
f 3510/7275/4536 3511/7276/4536 3509/7277/2240

v 50.6612 21.588 -90.9346
vn 2.77615e-18 0.997267 -0.0738845
f 3511/7276/4536 3510/7275/4536 3512/7274/4537

v 64.4655 20.2463 -105.008
f 3513/7271/2237 3512/7272/2237 3510/7273/2237

v 50.6612 20.2463 -105.008
f 3512/7272/2237 3513/7271/2237 3514/7270/2237

v 49.8043 40.4115 -109.381
vn 0.182912 0.326876 0.927198
vn -1.40322e-17 0.211938 0.977283
v 65.3236 40.4115 -109.381
vn -1.6503e-17 0.230629 0.973042
f 3515/7208/4538 3514/7207/4539 3513/7206/4539 3516/7205/4540 

vn 0.337644 0.213173 0.916817
v 48.5177 20.6291 -104.308
vn -0.0736091 0.172283 0.982293
f 3514/7204/4541 3515/7203/4538 3517/7202/4542

v 47.8756 38.6676 -107.202
vn 0.0210131 0.43568 0.899856
f 3517/7201/4542 3515/7200/4538 3518/7199/4543

v 45.5185 40.4115 -109.381
vn -0.620789 0.407251 0.669901
f 3519/7198/4544 3518/7197/4543 3515/7196/4538

f 3518/7324/4543 3519/7323/4544 3517/7322/4542

v 45.5185 19.3646 -106.559
vn -0.9013 0.0575737 0.429353
f 3517/7321/4542 3519/7320/4544 3520/7319/4545

v 45.5185 39.5399 -113.953
vn -0.982 0.188018 0.018015
f 3519/7173/4544 3521/7170/4546 3520/7171/4545

v 46.3754 42.1561 -110.682
vn -0.648359 0.73462 0.19991
f 3522/7176/4547 3521/7175/4546 3519/7174/4544

v 45.9469 42.1561 -113.953
vn -0.753501 0.649993 0.098713
f 3523/7179/4548 3521/7178/4546 3522/7177/4547

vn -0.337773 0.0553183 -0.9396
v 48.5177 43.0285 -114.826
f 3523/7182/4549 3524/7181/4549 3521/7180/4549

vn -0.152474 0.850074 -0.504108
f 3523/7188/4548 3522/7187/4547 3524/7186/4550

v 49.8043 43.0285 -110.028
vn -0.148962 0.967908 0.202398
f 3524/7191/4550 3522/7190/4547 3525/7189/4551

f 3519/7194/4544 3525/7193/4551 3522/7192/4547

vn -5.83897e-33 0.239942 0.970787
f 3515/7131/4538 3525/7132/4552 3519/7195/4544

v 65.3236 43.0285 -110.028
vn -1.77362e-17 0.239942 0.970787
f 3525/7132/4552 3515/7131/4538 3516/7130/4540 3526/7129/4553 

v 69.6094 40.4115 -109.381
vn -3.54723e-17 0.239942 0.970787
f 3527/7133/4554 3526/7129/4553 3516/7130/4540

v 68.7524 42.1561 -110.682
vn 0.299394 0.660504 0.688547
f 3528/7136/4555 3526/7135/4555 3527/7134/4555

vn 0.258344 0.96357 0.0692146
vn 0.705416 0.707257 0.0466325
v 66.6089 43.0285 -114.826
vn 0.432386 0.691881 -0.578224
f 3526/7139/4556 3528/7138/4557 3529/7137/4558

v 69.1809 42.1561 -113.953
vn 0.758106 0.54395 -0.359713
f 3529/7142/4558 3528/7141/4557 3530/7140/4559

v 69.6094 39.5399 -113.953
vn 0.879112 0.0797606 -0.469895
f 3528/7145/4557 3531/7144/4560 3530/7143/4559

vn 0.97879 0.201243 -0.0383687
f 3527/7229/4561 3531/7228/4560 3528/7227/4557

f 3506/7226/170 3531/7225/4560 3527/7224/4561

vn 0.832176 -0.161179 -0.530571
f 3531/7225/4560 3506/7226/170 3497/7230/4562

vn 0.398444 -0.0787469 -0.913806
vn 0.385033 -0.268258 -0.883056
f 3496/7155/4563 3531/7154/4560 3497/7153/4562 3493/7152/4564 

f 3496/7151/4563 3529/7150/4558 3531/7149/4560

f 3496/7122/2181 3524/7123/4550 3529/7124/2185

f 3524/7123/4550 3496/7122/2181 3495/7121/2182

vn -0.397225 0.113674 -0.910654
f 3521/7185/4565 3524/7184/4565 3495/7183/4565

vn -0.385159 -0.268242 -0.883005
f 3495/7169/4566 3494/7168/4566 3504/7167/4566 3521/7166/4566 

f 3504/7172/251 3520/7171/251 3521/7170/251

v 45.5185 21.588 -90.9346
f 3532/7260/251 3520/7171/251 3504/7172/251 3503/7259/251 

vn 0.0256515 0.993272 -0.112931
vn -0.061438 0.994903 -0.079953
vn -0.197136 0.977562 -0.0742218
f 3532/7263/4567 3512/7262/4568 3520/7261/4569

vn 0.0384768 0.994355 -0.0988791
f 3532/7296/4567 3511/7276/4570 3512/7274/4568

v 45.5185 22.0242 -87.4452
vn 0.0768723 0.989342 -0.123665
f 3533/7295/4571 3511/7294/4570 3532/7293/4567

v 45.5185 19.4072 -86.5743
vn -0.945789 0.102651 0.308132
v 49.3758 19.4072 -84.1747
vn -0.174852 0.311389 0.934058
vn -0.263362 0.305051 0.915196
vn -0.868369 0.156741 0.470498
f 3534/7300/4572 3535/7299/4573 3511/7298/4574 3533/7297/4575 

vn -0.868366 -0.15678 0.47049
vn -0.174848 -0.311464 0.934033
vn -0.263356 -0.305125 0.915173
f 3534/7289/4576 3502/7288/4576 3501/7287/4577 3535/7286/4578 

f 3502/7291/4576 3534/7290/4576 3503/7259/251

f 3503/7259/251 3534/7290/4572 3532/7260/251

f 3533/7292/4575 3532/7260/251 3534/7290/4572

vn -0.721372 -0.617845 0.312874
vn -0.938355 -0.345673 1.42916e-17
v 46.8038 13.3017 -91.372
vn -0.658012 -0.687175 0.307912
f 3502/7256/4579 3503/7255/4580 3536/7254/4581

v 46.8038 13.3017 -105.298
vn -0.938355 -0.345673 -1.53584e-18
f 3503/7255/4580 3537/7257/4582 3536/7254/4581

vn -0.938355 -0.345673 1.1541e-17
f 3504/7258/4583 3537/7257/4582 3503/7255/4580

vn -0.176302 -0.829792 0.529493
f 3501/7253/4584 3502/7252/4579 3536/7251/4581

vn 1.25836e-18 -0.875585 0.483063
v 68.3228 13.3017 -91.372
f 3500/7250/4585 3501/7249/4584 3536/7248/4581 3538/7247/4585 

v 65.752 19.4072 -84.1747
vn -1.4252e-17 -0.316422 0.948618
f 3539/7283/4586 3501/7284/4577 3500/7285/4586

f 3501/7284/4577 3539/7283/4586 3535/7282/4578

vn 2.37413e-18 0.316346 0.948644
f 3509/7279/4587 3535/7280/4573 3539/7281/2244

f 3535/7280/4573 3509/7279/4587 3511/7278/4574

vn 0.508126 0.272218 0.817132
f 3507/7304/4588 3508/7303/4588 3509/7302/4588 3539/7301/4588 

vn 0.508116 -0.272286 0.817116
f 3507/7243/4589 3539/7242/4589 3500/7241/4589 3499/7240/4589 

vn 0.346342 -0.754728 0.557165
f 3538/7246/4590 3499/7245/4590 3500/7244/4590

vn 0.938254 -0.345947 -4.59414e-17
f 3538/7236/4591 3498/7235/4591 3499/7237/4591

vn 0.938254 -0.345947 -0
v 68.3228 13.3017 -105.298
f 3538/7236/4592 3540/7234/4592 3498/7235/4592

f 3498/7235/4592 3540/7234/4592 3497/7233/4592

f 3498/7231/170 3507/7239/170 3499/7238/170

vn -0.124933 0.990852 -0.0510256
f 3520/7266/4569 3512/7265/4568 3517/7264/4593

vn 0.145188 0.984938 -0.0938973
f 3514/7269/4594 3517/7268/4593 3512/7267/4568

f 3525/7127/4551 3529/7126/2185 3524/7125/4550

f 3529/7126/2185 3525/7127/4551 3526/7128/153

f 3531/7148/4560 3529/7147/4558 3530/7146/4559

vn 0.624536 0.103798 0.774068
v 66.6089 20.6291 -104.308
f 3506/7223/4595 3527/7222/4595 3541/7221/4595

vn -0.156456 0.183158 0.970554
vn 0.359491 0.499293 0.788335
v 67.2522 38.6676 -107.202
vn -0.0209989 0.435681 0.899856
f 3541/7220/4596 3527/7219/4597 3542/7218/4598

vn -0.374762 0.415881 0.828611
f 3516/7217/4599 3542/7216/4598 3527/7215/4597

f 3542/7214/4598 3516/7213/4599 3541/7212/4596

vn -0.337652 0.213191 0.91681
f 3541/7211/4596 3516/7210/4599 3513/7209/4600

vn 0.124854 0.990861 -0.0510394
vn -0.145191 0.984938 -0.0938972
f 3510/7317/4535 3541/7316/4601 3513/7315/4602

vn 0.197059 0.977577 -0.0742352
f 3541/7314/4601 3510/7313/4535 3506/7312/4603

f 3506/7311/4603 3510/7310/4535 3505/7309/4532

g Mesh38 half_1_2 Group2 Group_67_1 MERCC1 Model

usemtl _Prussian_Blue_
v 77.1268 36.4052 -95.438
vn 0.920213 0.249648 0.301469
v 77.6253 34.6776 -97.3726
vn 0.980825 -0.0405089 0.190636
v 77.7847 36.4151 -96.697
vn 0.947992 0.238867 0.210368
f 3543/7327/4604 3544/7326/4605 3545/7325/4606

v 77.4176 35.3343 -95.6277
vn 0.965694 0.259094 0.0174626
f 3546/7370/4607 3544/7369/4605 3543/7368/4604

v 77.8132 35.5823 -98.2749
vn 0.985167 -0.170848 -0.0160086
f 3544/7330/4605 3547/7329/4608 3545/7328/4606

v 77.8531 36.4755 -100.303
vn 0.975307 0.22065 0.00948459
f 3545/7333/4606 3547/7332/4608 3548/7331/4609

v 77.6314 35.929 -100.273
vn 0.926463 -0.376324 -0.00685073
f 3547/7336/4608 3549/7335/4610 3548/7334/4609

v 77.7953 35.8047 -101.725
vn 0.96827 -0.247736 0.032853
f 3550/7339/4611 3548/7338/4609 3549/7337/4610

v 77.8722 36.4208 -103.781
vn 0.986294 -0.0424769 -0.159436
f 3548/7342/4609 3550/7341/4611 3551/7340/4612

v 77.5822 35.1928 -102.625
vn 0.946918 -0.308547 -0.090253
f 3552/7345/4613 3551/7344/4612 3550/7343/4611

v 77.5508 35.3513 -103.246
vn 0.892444 -0.385437 -0.234482
f 3552/7348/4613 3553/7347/4614 3551/7346/4612

v 77.3037 36.4052 -105.215
vn 0.925863 -0.0941502 -0.365942
f 3554/7351/4615 3551/7350/4612 3553/7349/4614

v 77.0555 37.3304 -105.215
vn 0.805029 0.581191 -0.118937
f 3555/7354/4616 3551/7353/4612 3554/7352/4615

f 3551/7357/4612 3555/7356/4616 3548/7355/4609

v 77.0002 37.2146 -100.454
vn 0.652022 0.75777 0.0255502
f 3548/7360/4609 3555/7359/4616 3556/7358/4617

v 76.9529 37.1236 -96.4816
vn 0.664692 0.722582 0.189895
f 3548/7364/4609 3556/7363/4617 3557/7362/4618 3545/7361/4606 

f 3543/7367/4604 3545/7366/4606 3557/7365/4618

g Mesh39 half_1_2 Group2 Group_67_1 MERCC1 Model

usemtl _6
v 70.9884 15.0064 -6.23216
vn 0.591288 0.460575 -0.662004
v 69.8734 14.406 -7.4956
vn 0.605445 0.159519 -0.779737
v 69.6648 14.9514 -7.4956
vn 0.568878 0.553844 -0.607976
f 3558/7373/4619 3559/7372/4620 3560/7371/4621

v 70.9895 14.017 -6.76379
vn 0.550353 0.0233946 -0.834605
f 3559/7447/4620 3558/7446/4619 3561/7445/4622

v 69.6798 13.8422 -7.4956
vn 0.338669 -0.382063 -0.859844
f 3561/7444/4622 3562/7443/4623 3559/7442/4620

v 70.4056 13.3283 -6.98883
vn 0.337734 -0.374532 -0.863517
f 3562/7441/4623 3561/7440/4622 3563/7439/4624

v 68.903 12.8041 -6.89506
vn -0.0329491 -0.581086 -0.813175
f 3562/7438/4623 3563/7437/4624 3564/7436/4625

v 68.9336 13.6407 -7.4956
vn -0.182532 -0.601088 -0.778058
f 3564/7380/4625 3565/7379/4626 3562/7378/4623

v 67.9992 13.0144 -6.5562
vn -0.480704 -0.502112 -0.718893
f 3565/7383/4626 3564/7382/4625 3566/7381/4627

v 68.4923 13.8354 -7.4956
vn -0.60364 -0.396252 -0.691812
f 3566/7386/4627 3567/7385/4628 3565/7384/4626

v 67.2381 13.6857 -6.01279
vn -0.761973 -0.149867 -0.630029
f 3567/7435/4628 3566/7434/4627 3568/7433/4629

v 68.362 14.3166 -7.4956
vn -0.789889 -0.0273151 -0.612641
f 3568/7432/4629 3569/7431/4630 3567/7430/4628

v 66.965 14.4101 -5.57493
vn -0.801098 0.176898 -0.571794
f 3569/7429/4630 3568/7428/4629 3570/7427/4631

v 68.3888 14.6403 -7.4956
vn -0.792674 0.275187 -0.544004
f 3570/7426/4631 3571/7425/4632 3569/7424/4630

v 67.1833 15.3224 -5.17762
vn -0.688222 0.536547 -0.488332
f 3571/7423/4632 3570/7422/4631 3572/7421/4633

v 68.5215 14.9434 -7.4956
vn -0.616359 0.6516 -0.442175
f 3572/7420/4633 3573/7419/4634 3571/7418/4632

v 68.1432 15.8998 -5.08996
vn -0.286873 0.887213 -0.361328
f 3573/7417/4634 3572/7416/4633 3574/7415/4635

v 68.7642 15.1243 -7.4956
vn -0.331702 0.869521 -0.365934
f 3574/7414/4635 3575/7413/4636 3573/7412/4634

v 69.1301 15.159 -7.4956
vn 0.0284726 0.944596 -0.326999
f 3574/7411/4635 3576/7410/4637 3575/7409/4636

v 69.6263 15.8175 -5.45805
vn 0.128632 0.93432 -0.332414
f 3576/7408/4637 3574/7407/4635 3577/7406/4638

v 69.5089 15.078 -7.4956
vn 0.319047 0.848631 -0.421941
f 3577/7405/4638 3578/7404/4639 3576/7403/4637

v 70.7233 15.3741 -5.96918
vn 0.410515 0.774878 -0.480668
f 3578/7402/4639 3577/7401/4638 3579/7400/4640

f 3579/7396/4640 3560/7395/4621 3578/7394/4639

f 3560/7399/4621 3579/7398/4640 3558/7397/4619

f 3578/7393/2279 3560/7376/2279 3565/7374/2279

f 3560/7376/2279 3559/7375/2279 3565/7374/2279

f 3562/7377/2279 3565/7374/2279 3559/7375/2279

f 3578/7393/2279 3565/7374/2279 3576/7392/2279

f 3575/7391/2279 3576/7392/2279 3565/7374/2279

f 3575/7391/2279 3565/7374/2279 3573/7390/2279

f 3571/7389/2279 3573/7390/2279 3565/7374/2279

f 3571/7389/2279 3565/7374/2279 3569/7387/2279

f 3567/7388/2279 3569/7387/2279 3565/7374/2279

g Mesh40 half_1_2 Group2 Group_67_1 MERCC1 Model

v 52.2873 46.5135 -150.251
vn -0.956723 0.260118 -0.13046
v 51.8634 45.9597 -148.246
vn -0.967253 0.246259 -0.0614644
v 53.3636 50.532 -150.131
vn -0.955554 0.247436 -0.160288
f 3580/7450/4641 3581/7449/4642 3582/7448/4643

vn -1.96168e-18 -0.963887 -0.26631
v 62.9293 46.5135 -150.251
v 63.3533 45.9597 -148.246
f 3580/7477/4644 3583/7476/4644 3584/7475/4644 3581/7474/4644 

vn -3.9877e-19 0.029709 -0.999559
v 61.8542 50.532 -150.131
f 3582/7495/4645 3585/7494/4645 3583/7493/4645 3580/7492/4645 

vn -3.6311e-18 0.94338 -0.331715
v 53.151 51.1949 -148.246
v 62.0656 51.1949 -148.246
f 3582/7467/4646 3586/7466/4646 3587/7465/4646 3585/7464/4646 

vn -0.85271 0.499245 0.153754
f 3582/7453/4643 3581/7452/4642 3586/7451/4647

v 52.2873 46.5135 -146.239
vn -0.951833 0.251058 0.176022
f 3588/7456/4648 3586/7455/4647 3581/7454/4642

v 53.3636 50.532 -146.489
vn -0.577886 0.738 0.348431
f 3589/7459/4649 3586/7458/4647 3588/7457/4648

v 61.8542 50.532 -146.489
vn 6.47291e-19 0.935597 0.35307
f 3589/7463/4649 3590/7462/4650 3587/7461/4650 3586/7460/4647 

vn 1.70972e-18 0.0620681 0.998072
v 62.9293 46.5135 -146.239
f 3589/7491/4651 3588/7490/4651 3591/7489/4651 3590/7488/4651 

vn -1.95856e-18 -0.963949 0.266086
f 3588/7481/4652 3581/7480/4652 3584/7479/4652 3591/7478/4652 

vn 0.967284 0.246177 -0.0613042
vn 0.966908 0.249183 0.0547382
vn 0.95193 0.25093 0.175682
f 3584/7484/4653 3587/7483/4654 3591/7482/4655

vn 0.955624 0.24732 -0.160051
f 3587/7470/4654 3584/7469/4653 3585/7468/4656

vn 0.95678 0.259866 -0.130542
f 3585/7473/4656 3584/7472/4653 3583/7471/4657

vn 0.940433 0.264867 0.213147
f 3591/7487/4655 3587/7486/4654 3590/7485/4658

g Mesh41 half_1_2 Group2 Group_67_1 MERCC1 Model

v 53.3636 51.3972 -114.782
vn -0.807015 0.523674 -0.272931
v 53.151 52.0601 -112.895
vn -0.776153 0.628351 0.0525549
v 62.0656 52.0601 -112.895
vn 2.16233e-18 0.999932 0.0116902
v 61.8542 51.3972 -114.782
vn 2.57562e-18 0.94348 -0.331428
f 3592/7499/4659 3593/7498/4660 3594/7497/4661 3595/7496/4662 

v 51.8634 44.1961 -112.895
vn -0.985263 0.161703 -0.0557503
f 3592/7536/4659 3596/7535/4663 3593/7534/4660

v 52.2873 44.7499 -114.901
vn -0.973737 0.160556 -0.161427
f 3597/7539/4664 3596/7538/4663 3592/7537/4659

vn 1.45259e-18 -0.963966 -0.266024
v 62.9293 44.7499 -114.901
v 63.3533 44.1961 -112.895
f 3597/7509/4665 3598/7508/4665 3599/7507/4665 3596/7506/4665 

vn 3.96839e-19 0.0179672 -0.999839
f 3592/7543/4666 3595/7542/4666 3598/7541/4666 3597/7540/4666 

vn 0.973542 0.159883 -0.163257
vn 0.985282 0.161651 -0.0555738
vn 0.973755 0.160394 -0.161476
f 3595/7505/4667 3599/7504/4668 3598/7503/4669

vn 0.984865 0.16289 0.0592312
f 3594/7502/4670 3599/7501/4668 3595/7500/4667

v 62.9293 44.7499 -110.888
vn 0.972063 0.161578 0.170253
f 3599/7516/4668 3594/7515/4670 3600/7514/4671

v 61.8542 51.3972 -111.14
vn 0.970187 0.163684 0.178732
f 3600/7519/4671 3594/7518/4670 3601/7517/4672

v 53.3636 51.3972 -111.14
vn -0.621848 0.70473 0.341555
vn 1.48758e-18 0.935474 0.353395
f 3602/7523/4673 3601/7522/4674 3594/7521/4661 3593/7520/4660 

vn -7.76441e-19 0.0378419 0.999284
v 52.2873 44.7499 -110.888
f 3602/7527/4675 3603/7526/4675 3600/7525/4675 3601/7524/4675 

vn -0.97199 0.161662 0.170589
f 3602/7530/4673 3593/7529/4660 3603/7528/4676

f 3603/7533/4676 3593/7532/4660 3596/7531/4663

vn 1.45254e-18 -0.963965 0.266029
f 3603/7513/4677 3596/7512/4677 3599/7511/4677 3600/7510/4677 

g Mesh42 half_1_2 Group2 Group_67_1 MERCC1 Model

v 68.3228 13.3017 -123.546
vn 0.346439 -0.754591 0.55729
v 69.6094 16.791 -119.622
v 65.752 16.791 -117.224
f 3604/7546/4678 3605/7545/4678 3606/7544/4678

v 69.6094 16.791 -123.546
f 3604/7607/4592 3607/7606/4592 3605/7608/4592

vn 0.938254 -0.345947 -4.96383e-17
v 68.3228 13.3017 -130.09
f 3604/7607/4679 3608/7605/4679 3607/7606/4679

vn 0.938254 -0.345947 2.0631e-17
v 69.6094 16.791 -131.834
f 3607/7606/4680 3608/7605/4680 3609/7604/4680

v 69.6094 21.588 -123.111
v 69.6094 19.4072 -132.706
f 3610/7603/170 3607/7602/170 3609/7601/170 3611/7600/170 

v 69.6094 19.4072 -118.751
f 3610/7603/170 3612/7610/170 3607/7602/170

v 69.6094 22.0242 -119.622
f 3612/7610/170 3610/7603/170 3613/7611/170

vn -0.0768769 0.989342 -0.123666
v 65.752 22.0242 -117.224
f 3610/7614/4681 3614/7613/4681 3613/7612/4681

v 64.4655 21.588 -123.111
vn 4.99828e-18 0.997267 -0.0738834
f 3615/7560/4682 3614/7561/4682 3610/7619/4682

v 41.7505 22.0242 -117.224
vn 8.1849e-19 0.83235 0.554251
vn 6.477e-19 0.988962 -0.148167
v 41.7505 21.588 -123.111
f 3616/7562/4683 3614/7561/4683 3615/7560/4684 3617/7559/4684 

v 41.7505 19.4072 -116.351
vn -0 -4.00244e-05 1
v 65.752 19.4072 -116.351
f 3618/7558/4685 3619/7557/4685 3614/7556/4683 3616/7555/4683 

v 41.7505 16.791 -117.224
vn 8.99022e-19 -0.639819 0.768526
f 3620/7554/4686 3606/7553/4686 3619/7552/4685 3618/7551/4685 

v 41.7505 13.3017 -123.546
vn 1.67489e-18 -0.875526 0.483171
f 3621/7657/4687 3604/7656/4687 3606/7655/4686 3620/7654/4686 

vn 0.50814 -0.272306 0.817094
f 3612/7550/4688 3619/7549/4688 3606/7548/4688 3605/7547/4688 

vn 0.50815 0.272239 0.817111
f 3612/7618/4689 3613/7617/4689 3614/7616/4689 3619/7615/4689 

f 3607/7602/170 3612/7610/170 3605/7609/170

v 64.4655 19.4072 -132.706
v 41.7505 19.4072 -132.706
f 3617/7566/4684 3615/7565/4684 3622/7564/2342 3623/7563/2342 

vn -0.450793 0.870431 -0.197827
v 66.6089 20.7157 -131.834
f 3615/7627/4690 3624/7626/4690 3622/7625/4690

vn 0.401446 0.915855 0.00705667
f 3624/7624/4691 3615/7623/4691 3611/7622/4691

vn -5.88749e-17 0.975133 -0.221623
f 3611/7621/4692 3615/7565/4692 3610/7620/4692

vn 0.414345 0.407192 0.813949
v 69.6094 42.5215 -144.27
vn 0.299993 0.550537 0.779046
vn -0.0500987 0.455678 0.888734
f 3611/7642/4693 3625/7641/4694 3624/7640/4695

v 69.6094 41.6492 -148.841
f 3611/7600/170 3626/7599/170 3625/7598/170

f 3626/7599/170 3611/7600/170 3609/7601/170

v 66.6089 41.6492 -150.151
vn 0.338817 -0.531293 -0.776486
v 66.6089 16.791 -133.142
f 3627/7653/4696 3626/7652/4696 3609/7651/4696 3628/7650/4696 

vn 0.397549 0.114113 -0.910457
v 66.6089 45.1385 -149.714
f 3627/7585/4697 3629/7584/4697 3626/7583/4697

v 41.7505 45.1385 -149.714
v 41.7505 41.6492 -150.151
f 3630/7582/2347 3629/7581/2347 3627/7580/2347 3631/7579/2347 

v 41.7505 45.1385 -144.916
v 65.3236 45.1385 -144.916
vn 0.134353 0.747727 0.650272
vn 0.190847 0.980926 0.036907
f 3632/7578/153 3633/7577/4698 3629/7576/4699 3630/7575/153 

v 41.7505 42.5215 -144.27
v 65.3236 42.5215 -144.27
f 3634/7574/2344 3635/7573/2344 3633/7572/4698 3632/7571/2344 

vn 2.45062e-17 0.447405 0.894331
f 3623/7570/4700 3622/7569/4700 3635/7568/4700 3634/7567/4700 

vn -0.364312 0.55415 0.748462
vn -0.541988 0.392 0.743361
f 3624/7630/4695 3635/7629/4701 3622/7628/4702

v 67.2522 40.7769 -142.09
vn -0.017934 0.585438 0.810519
f 3636/7633/4703 3635/7632/4701 3624/7631/4695

f 3635/7636/4701 3636/7635/4703 3625/7634/4694

f 3624/7639/4695 3625/7638/4694 3636/7637/4703

vn 0.510791 0.543933 0.665755
f 3625/7643/4704 3633/7572/4698 3635/7573/2344

v 68.7524 44.2662 -145.571
vn 0.648349 0.734635 0.199888
f 3637/7646/4705 3633/7645/4698 3625/7644/4704

f 3633/7649/4698 3637/7648/4705 3629/7647/4699

v 69.1809 44.2662 -148.841
vn 0.753469 0.650033 0.0986993
f 3629/7591/4699 3637/7590/4705 3638/7589/4706

vn 0.959447 0.280606 0.0268603
f 3637/7594/4705 3626/7593/4707 3638/7592/4706

f 3625/7597/4704 3626/7596/4707 3637/7595/4705

vn 0.337628 0.0552819 -0.939655
f 3626/7588/4708 3629/7587/4708 3638/7586/4708

g Mesh43 Group7 Group_67_1 MERCC1 Model

usemtl _White_
v 51.6859 32.6321 -193.594
vt -21.1448 20.3804
v 41.7507 32.6321 -193.594
vt -10.7641 20.3804
v 31.8156 32.6321 -193.594
vt -0.383362 20.3804
v 31.8156 36.1909 -193.594
vt -0.383362 24.0987
v 41.7507 36.1909 -193.594
vt -10.7641 24.0987
v 51.6859 36.1909 -193.594
vt -21.1448 24.0987
f 3639/8140/2279 3640/8141/2279 3641/8142/2279 3642/8143/2279 3643/8144/2279 3644/8145/2279 

f 3639/8140/2279 3641/8142/2279 3640/8141/2279

v 52.0528 32.2652 -193.594
vt -21.5282 19.997
f 3639/8140/2279 3645/8146/2279 3641/8142/2279

v 52.0528 36.5578 -193.594
vt -21.5282 24.4821
f 3645/8146/2279 3639/8140/2279 3646/8147/2279

f 3646/8147/2279 3639/8140/2279 3644/8145/2279

v 31.4487 36.5578 -193.594
vt 0 24.4821
f 3646/8147/2279 3644/8145/2279 3647/8148/2279

f 3643/8144/2279 3647/8148/2279 3644/8145/2279

f 3642/8143/2279 3647/8148/2279 3643/8144/2279

f 3641/8142/2279 3647/8148/2279 3642/8143/2279

v 31.4487 32.2652 -193.594
vt 0 19.997
f 3641/8142/2279 3648/8149/2279 3647/8148/2279

v 41.7507 32.2652 -193.594
vt -10.7641 19.997
f 3648/8149/2279 3641/8142/2279 3649/8150/2279

f 3649/8150/2279 3641/8142/2279 3645/8146/2279

v 41.7507 36.5578 -193.594
vt -10.7641 24.4821
f 3646/8147/2279 3647/8148/2279 3650/8151/2279

g Mesh44 Group7 Group_67_1 MERCC1 Model

v 51.686 13.4935 -0.103711
vt -21.1449 0.383362
v 41.7508 13.4935 -0.103711
vt -10.7642 0.383362
v 31.8157 13.4935 -0.103711
vt -0.383449 0.383362
v 31.8157 17.0522 -0.103711
vt -0.383449 4.10168
v 41.7508 17.0522 -0.103711
vt -10.7642 4.10168
v 51.686 17.0522 -0.103711
vt -21.1449 4.10168
f 3651/8152/2279 3652/8153/2279 3653/8154/2279 3654/8155/2279 3655/8156/2279 3656/8157/2279 

f 3651/8152/2279 3653/8154/2279 3652/8153/2279

v 52.0529 13.1266 -0.103711
vt -21.5283 0
f 3651/8152/2279 3657/8158/2279 3653/8154/2279

v 52.0529 17.4191 -0.103711
vt -21.5283 4.48504
f 3657/8158/2279 3651/8152/2279 3658/8159/2279

f 3658/8159/2279 3651/8152/2279 3656/8157/2279

v 31.4488 17.4191 -0.103711
vt -8.71534e-05 4.48504
f 3658/8159/2279 3656/8157/2279 3659/8160/2279

f 3655/8156/2279 3659/8160/2279 3656/8157/2279

f 3654/8155/2279 3659/8160/2279 3655/8156/2279

f 3653/8154/2279 3659/8160/2279 3654/8155/2279

v 31.4488 13.1266 -0.103711
vt -8.71534e-05 0
f 3653/8154/2279 3660/8161/2279 3659/8160/2279

v 41.7508 13.1266 -0.103711
vt -10.7642 0
f 3660/8161/2279 3653/8154/2279 3661/8162/2279

f 3661/8162/2279 3653/8154/2279 3657/8158/2279

v 41.7508 17.4191 -0.103711
vt -10.7642 4.48504
f 3658/8159/2279 3659/8160/2279 3662/8163/2279

